A,B,dr,dg,overlap,n_env,agree
ens_all,ens_linear,0.0553150835657852,0.057676754042257576,0.6577191415125783,169,True
ens_all,ens_tree,0.011464670976340026,0.021323667756802514,0.7568064088010813,169,True
ens_all,env_plus_geno,0.062486649175742544,0.04672103541382857,0.6720045949545504,169,True
ens_all,gblup,0.12003730536266341,0.07738373788042154,0.2501711437427374,169,True
ens_all,gblup_gxe,0.13850189803862314,0.15699290487455664,0.2704899848606368,169,True
ens_all,gbm_deep,0.009969088240008044,0.03181204253402393,0.7023724380545792,169,True
ens_all,gbm_deep__biased,0.009969088240008006,0.03181204253402393,0.7023724380545792,169,True
ens_all,gbm_deep__inflated,0.009969088240008049,0.03181204253402393,0.7023724380545792,169,True
ens_all,gbm_deep__noise0.5,0.10390165654841703,0.21106796936724695,0.30568650645225337,169,True
ens_all,gbm_deep__noise1.5,0.17519442120068762,0.30351652018519615,0.1777469101460888,169,True
ens_all,gbm_deep__shrunk,0.009969088240008042,0.03181204253402393,0.7023724380545792,169,True
ens_all,gbm_deep__shuffled,0.15620455518053164,0.26286184069257285,0.25909643216264155,169,True
ens_all,gbm_shallow,0.033407403584486836,0.07955333733768685,0.6730751937795991,169,True
ens_all,geno_mean,0.062486649175742544,0.04672103541382857,0.6720045949545504,169,True
ens_all,gxe_ridge,0.07095454665101765,0.11972949134083793,0.6104749414257251,169,True
ens_all,knn10,0.03588794648494305,0.12712591788068145,0.5605670402362144,169,True
ens_all,knn10__biased,0.035887946484943034,0.12880645805785207,0.5605670402362144,169,True
ens_all,knn10__inflated,0.03588794648494305,0.12712591788068145,0.5605670402362144,169,True
ens_all,knn10__noise0.5,0.07751344751888191,0.19934713335324122,0.3591248291839629,169,True
ens_all,knn10__noise1.5,0.15978199629466563,0.2667860841953699,0.19632607187288006,169,True
ens_all,knn10__shrunk,0.03588794648494302,0.1289199616626944,0.5605670402362144,169,True
ens_all,knn10__shuffled,0.1309364072449404,0.2409781985118083,0.2581073497327335,169,True
ens_all,knn50,0.01192928143970345,0.07825324844191389,0.35179984358145067,169,True
ens_all,markeronly_pc100,0.08054895357950857,-0.004059259340063375,0.25220405579573923,169,False
ens_all,markeronly_pc100__biased,0.08054895357950856,-0.004059259340063375,0.25220405579573923,169,False
ens_all,markeronly_pc100__inflated,0.08054895357950857,-0.004059259340063375,0.25220405579573923,169,False
ens_all,markeronly_pc100__noise0.5,0.025565820487998783,-0.08371897400330934,0.20033020922369338,169,False
ens_all,markeronly_pc100__noise1.5,0.09498364631519508,0.21925159303749522,0.1490750248455427,169,True
ens_all,markeronly_pc100__shrunk,0.08054895357950857,-0.004059259340063375,0.25220405579573923,169,False
ens_all,markeronly_pc25,0.06462320326018756,-0.06954164823876997,0.20478146942429046,169,False
ens_all,mlp,0.01396486143869893,-0.07074343568902963,0.41208988107860073,169,False
ens_all,mlp__biased,0.01396486143869893,-0.07074343568902963,0.41208988107860073,169,False
ens_all,mlp__inflated,0.013964861438698939,-0.07074343568902963,0.41208988107860073,169,False
ens_all,mlp__shrunk,0.013964861438698923,-0.07074343568902963,0.41208988107860073,169,False
ens_all,reaction_norm,0.07120595045723022,0.11937034958187875,0.6097352964553109,169,True
ens_all,reaction_norm__biased,0.07120595045723023,0.11937034958187875,0.6097352964553109,169,True
ens_all,reaction_norm__inflated,0.07120595045723019,0.11937034958187875,0.6097352964553109,169,True
ens_all,reaction_norm__noise0.5,0.15024852942023495,0.2212894858301762,0.27404160965810415,169,True
ens_all,reaction_norm__noise1.5,0.20758650831522032,0.34044311203619415,0.14879086798346813,169,True
ens_all,reaction_norm__shrunk,0.07120595045723019,0.11937034958187875,0.6097352964553109,169,True
ens_all,rf_large,0.04442523213954067,0.033771124886980884,0.5938501982362384,169,True
ens_all,rf_large__biased,0.044425232139540645,0.033771124886980884,0.5938501982362384,169,True
ens_all,rf_large__inflated,0.04442523213954065,0.033771124886980884,0.5938501982362384,169,True
ens_all,rf_large__noise0.5,0.10402779982716587,0.20229734164774008,0.3599524190568146,169,True
ens_all,rf_large__noise1.5,0.18655794548216378,0.3732482066957767,0.19971770584194726,169,True
ens_all,rf_large__shrunk,0.04442523213954058,0.033771124886980884,0.5938501982362384,169,True
ens_all,rf_large__shuffled,0.15756260111719061,0.2636009623421763,0.27179486194788877,169,True
ens_all,rf_small,0.025573040537699505,0.019785729788888755,0.6537360534332529,169,True
ens_all,ridge_pc100_hi,0.05975783798383702,0.0858444458810911,0.6177932489780343,169,True
ens_all,ridge_pc100_lo,0.06021820201450059,0.08161763959146899,0.618976680930697,169,True
ens_all,ridge_pc10_hi,0.07047407705643596,0.12099771731912562,0.6160308160224776,169,True
ens_all,ridge_pc10_lo,0.07076173074986931,0.12239264356264774,0.614665317615559,169,True
ens_all,ridge_pc25_hi,0.0636820877333472,0.11065918010838999,0.6059231442790052,169,True
ens_all,ridge_pc25_lo,0.06397365819550603,0.10995579330913643,0.6063457985478133,169,True
ens_all,ridge_pc50_hi,0.05228079554604623,0.07824493492285194,0.6436998219077538,169,True
ens_all,ridge_pc50_lo,0.05262190872492933,0.07691403220946769,0.642319151296314,169,True
ens_all,ridge_pc50_lo__biased,0.05262190872492932,0.07691403220946769,0.642319151296314,169,True
ens_all,ridge_pc50_lo__inflated,0.05262190872492932,0.07691403220946769,0.642319151296314,169,True
ens_all,ridge_pc50_lo__noise0.5,0.15271236355611514,0.2627220134852784,0.2854387288466847,169,True
ens_all,ridge_pc50_lo__noise1.5,0.18008123257846995,0.3630191988242696,0.14854425861988607,169,True
ens_all,ridge_pc50_lo__shrunk,0.052621908724929306,0.07691403220946769,0.642319151296314,169,True
ens_all,ridge_pc50_lo__shuffled,0.16956539738083368,0.268132406433057,0.23893532141167517,169,True
ens_all__biased,ens_linear,0.05531508356578518,0.057676754042257576,0.6577191415125783,169,True
ens_all__biased,ens_tree,0.01146467097634,0.021323667756802514,0.7568064088010813,169,True
ens_all__biased,env_plus_geno,0.06248664917574252,0.04672103541382857,0.6720045949545504,169,True
ens_all__biased,gblup,0.12003730536266345,0.07738373788042154,0.2501711437427374,169,True
ens_all__biased,gblup_gxe,0.13850189803862314,0.15699290487455664,0.2704899848606368,169,True
ens_all__biased,gbm_deep,0.009969088240008021,0.03181204253402393,0.7023724380545792,169,True
ens_all__biased,gbm_deep__biased,0.00996908824000798,0.03181204253402393,0.7023724380545792,169,True
ens_all__biased,gbm_deep__inflated,0.009969088240008025,0.03181204253402393,0.7023724380545792,169,True
ens_all__biased,gbm_deep__noise0.5,0.103901656548417,0.21106796936724695,0.30568650645225337,169,True
ens_all__biased,gbm_deep__noise1.5,0.17519442120068762,0.30351652018519615,0.1777469101460888,169,True
ens_all__biased,gbm_deep__shrunk,0.009969088240008016,0.03181204253402393,0.7023724380545792,169,True
ens_all__biased,gbm_deep__shuffled,0.15620455518053158,0.26286184069257285,0.25909643216264155,169,True
ens_all__biased,gbm_shallow,0.033407403584486815,0.07955333733768685,0.6730751937795991,169,True
ens_all__biased,geno_mean,0.062486649175742516,0.04672103541382857,0.6720045949545504,169,True
ens_all__biased,gxe_ridge,0.07095454665101764,0.11972949134083793,0.6104749414257251,169,True
ens_all__biased,knn10,0.03588794648494303,0.12712591788068145,0.5605670402362144,169,True
ens_all__biased,knn10__biased,0.03588794648494301,0.12880645805785207,0.5605670402362144,169,True
ens_all__biased,knn10__inflated,0.03588794648494303,0.12712591788068145,0.5605670402362144,169,True
ens_all__biased,knn10__noise0.5,0.07751344751888188,0.19934713335324122,0.3591248291839629,169,True
ens_all__biased,knn10__noise1.5,0.1597819962946656,0.2667860841953699,0.19632607187288006,169,True
ens_all__biased,knn10__shrunk,0.035887946484943,0.1289199616626944,0.5605670402362144,169,True
ens_all__biased,knn10__shuffled,0.13093640724494035,0.2409781985118083,0.2581073497327335,169,True
ens_all__biased,knn50,0.01192928143970343,0.07825324844191389,0.35179984358145067,169,True
ens_all__biased,markeronly_pc100,0.0805489535795086,-0.004059259340063375,0.25220405579573923,169,False
ens_all__biased,markeronly_pc100__biased,0.0805489535795086,-0.004059259340063375,0.25220405579573923,169,False
ens_all__biased,markeronly_pc100__inflated,0.0805489535795086,-0.004059259340063375,0.25220405579573923,169,False
ens_all__biased,markeronly_pc100__noise0.5,0.025565820487998804,-0.08371897400330934,0.20033020922369338,169,False
ens_all__biased,markeronly_pc100__noise1.5,0.09498364631519506,0.21925159303749522,0.1490750248455427,169,True
ens_all__biased,markeronly_pc100__shrunk,0.0805489535795086,-0.004059259340063375,0.25220405579573923,169,False
ens_all__biased,markeronly_pc25,0.06462320326018758,-0.06954164823876997,0.20478146942429046,169,False
ens_all__biased,mlp,0.013964861438698952,-0.07074343568902963,0.41208988107860073,169,False
ens_all__biased,mlp__biased,0.013964861438698963,-0.07074343568902963,0.41208988107860073,169,False
ens_all__biased,mlp__inflated,0.013964861438698963,-0.07074343568902963,0.41208988107860073,169,False
ens_all__biased,mlp__shrunk,0.013964861438698946,-0.07074343568902963,0.41208988107860073,169,False
ens_all__biased,reaction_norm,0.07120595045723019,0.11937034958187875,0.6097352964553109,169,True
ens_all__biased,reaction_norm__biased,0.07120595045723022,0.11937034958187875,0.6097352964553109,169,True
ens_all__biased,reaction_norm__inflated,0.07120595045723019,0.11937034958187875,0.6097352964553109,169,True
ens_all__biased,reaction_norm__noise0.5,0.15024852942023492,0.2212894858301762,0.27404160965810415,169,True
ens_all__biased,reaction_norm__noise1.5,0.20758650831522024,0.34044311203619415,0.14879086798346813,169,True
ens_all__biased,reaction_norm__shrunk,0.07120595045723017,0.11937034958187875,0.6097352964553109,169,True
ens_all__biased,rf_large,0.04442523213954063,0.033771124886980884,0.5938501982362384,169,True
ens_all__biased,rf_large__biased,0.04442523213954061,0.033771124886980884,0.5938501982362384,169,True
ens_all__biased,rf_large__inflated,0.04442523213954063,0.033771124886980884,0.5938501982362384,169,True
ens_all__biased,rf_large__noise0.5,0.10402779982716583,0.20229734164774008,0.3599524190568146,169,True
ens_all__biased,rf_large__noise1.5,0.18655794548216376,0.3732482066957767,0.19971770584194726,169,True
ens_all__biased,rf_large__shrunk,0.044425232139540555,0.033771124886980884,0.5938501982362384,169,True
ens_all__biased,rf_large__shuffled,0.15756260111719061,0.2636009623421763,0.27179486194788877,169,True
ens_all__biased,rf_small,0.02557304053769948,0.019785729788888755,0.6537360534332529,169,True
ens_all__biased,ridge_pc100_hi,0.05975783798383699,0.0858444458810911,0.6177932489780343,169,True
ens_all__biased,ridge_pc100_lo,0.060218202014500566,0.08161763959146899,0.618976680930697,169,True
ens_all__biased,ridge_pc10_hi,0.07047407705643595,0.12099771731912562,0.6160308160224776,169,True
ens_all__biased,ridge_pc10_lo,0.0707617307498693,0.12239264356264774,0.614665317615559,169,True
ens_all__biased,ridge_pc25_hi,0.06368208773334719,0.11065918010838999,0.6059231442790052,169,True
ens_all__biased,ridge_pc25_lo,0.063973658195506,0.10995579330913643,0.6063457985478133,169,True
ens_all__biased,ridge_pc50_hi,0.052280795546046206,0.07824493492285194,0.6436998219077538,169,True
ens_all__biased,ridge_pc50_lo,0.0526219087249293,0.07691403220946769,0.642319151296314,169,True
ens_all__biased,ridge_pc50_lo__biased,0.0526219087249293,0.07691403220946769,0.642319151296314,169,True
ens_all__biased,ridge_pc50_lo__inflated,0.0526219087249293,0.07691403220946769,0.642319151296314,169,True
ens_all__biased,ridge_pc50_lo__noise0.5,0.15271236355611512,0.2627220134852784,0.2854387288466847,169,True
ens_all__biased,ridge_pc50_lo__noise1.5,0.18008123257846995,0.3630191988242696,0.14854425861988607,169,True
ens_all__biased,ridge_pc50_lo__shrunk,0.05262190872492928,0.07691403220946769,0.642319151296314,169,True
ens_all__biased,ridge_pc50_lo__shuffled,0.16956539738083365,0.268132406433057,0.23893532141167517,169,True
ens_all__inflated,ens_linear,0.0553150835657852,0.057676754042257576,0.6577191415125783,169,True
ens_all__inflated,ens_tree,0.011464670976340036,0.021323667756802514,0.7568064088010813,169,True
ens_all__inflated,env_plus_geno,0.06248664917574256,0.04672103541382857,0.6720045949545504,169,True
ens_all__inflated,gblup,0.12003730536266341,0.07738373788042154,0.2501711437427374,169,True
ens_all__inflated,gblup_gxe,0.13850189803862312,0.15699290487455664,0.2704899848606368,169,True
ens_all__inflated,gbm_deep,0.009969088240008053,0.03181204253402393,0.7023724380545792,169,True
ens_all__inflated,gbm_deep__biased,0.009969088240008014,0.03181204253402393,0.7023724380545792,169,True
ens_all__inflated,gbm_deep__inflated,0.009969088240008058,0.03181204253402393,0.7023724380545792,169,True
ens_all__inflated,gbm_deep__noise0.5,0.10390165654841703,0.21106796936724695,0.30568650645225337,169,True
ens_all__inflated,gbm_deep__noise1.5,0.17519442120068762,0.30351652018519615,0.1777469101460888,169,True
ens_all__inflated,gbm_deep__shrunk,0.009969088240008053,0.03181204253402393,0.7023724380545792,169,True
ens_all__inflated,gbm_deep__shuffled,0.15620455518053164,0.26286184069257285,0.25909643216264155,169,True
ens_all__inflated,gbm_shallow,0.03340740358448685,0.07955333733768685,0.6730751937795991,169,True
ens_all__inflated,geno_mean,0.06248664917574256,0.04672103541382857,0.6720045949545504,169,True
ens_all__inflated,gxe_ridge,0.07095454665101765,0.11972949134083793,0.6104749414257251,169,True
ens_all__inflated,knn10,0.035887946484943055,0.12712591788068145,0.5605670402362144,169,True
ens_all__inflated,knn10__biased,0.03588794648494305,0.12880645805785207,0.5605670402362144,169,True
ens_all__inflated,knn10__inflated,0.03588794648494307,0.12712591788068145,0.5605670402362144,169,True
ens_all__inflated,knn10__noise0.5,0.07751344751888192,0.19934713335324122,0.3591248291839629,169,True
ens_all__inflated,knn10__noise1.5,0.15978199629466563,0.2667860841953699,0.19632607187288006,169,True
ens_all__inflated,knn10__shrunk,0.035887946484943034,0.1289199616626944,0.5605670402362144,169,True
ens_all__inflated,knn10__shuffled,0.1309364072449404,0.2409781985118083,0.2581073497327335,169,True
ens_all__inflated,knn50,0.011929281439703465,0.07825324844191389,0.35179984358145067,169,True
ens_all__inflated,markeronly_pc100,0.08054895357950857,-0.004059259340063375,0.25220405579573923,169,False
ens_all__inflated,markeronly_pc100__biased,0.08054895357950856,-0.004059259340063375,0.25220405579573923,169,False
ens_all__inflated,markeronly_pc100__inflated,0.08054895357950856,-0.004059259340063375,0.25220405579573923,169,False
ens_all__inflated,markeronly_pc100__noise0.5,0.025565820487998773,-0.08371897400330934,0.20033020922369338,169,False
ens_all__inflated,markeronly_pc100__noise1.5,0.0949836463151951,0.21925159303749522,0.1490750248455427,169,True
ens_all__inflated,markeronly_pc100__shrunk,0.08054895357950856,-0.004059259340063375,0.25220405579573923,169,False
ens_all__inflated,markeronly_pc25,0.06462320326018754,-0.06954164823876997,0.20478146942429046,169,False
ens_all__inflated,mlp,0.01396486143869892,-0.07074343568902963,0.41208988107860073,169,False
ens_all__inflated,mlp__biased,0.013964861438698925,-0.07074343568902963,0.41208988107860073,169,False
ens_all__inflated,mlp__inflated,0.013964861438698925,-0.07074343568902963,0.41208988107860073,169,False
ens_all__inflated,mlp__shrunk,0.013964861438698914,-0.07074343568902963,0.41208988107860073,169,False
ens_all__inflated,reaction_norm,0.07120595045723023,0.11937034958187875,0.6097352964553109,169,True
ens_all__inflated,reaction_norm__biased,0.07120595045723024,0.11937034958187875,0.6097352964553109,169,True
ens_all__inflated,reaction_norm__inflated,0.07120595045723022,0.11937034958187875,0.6097352964553109,169,True
ens_all__inflated,reaction_norm__noise0.5,0.15024852942023495,0.2212894858301762,0.27404160965810415,169,True
ens_all__inflated,reaction_norm__noise1.5,0.20758650831522024,0.34044311203619415,0.14879086798346813,169,True
ens_all__inflated,reaction_norm__shrunk,0.07120595045723022,0.11937034958187875,0.6097352964553109,169,True
ens_all__inflated,rf_large,0.04442523213954067,0.033771124886980884,0.5938501982362384,169,True
ens_all__inflated,rf_large__biased,0.04442523213954065,0.033771124886980884,0.5938501982362384,169,True
ens_all__inflated,rf_large__inflated,0.044425232139540666,0.033771124886980884,0.5938501982362384,169,True
ens_all__inflated,rf_large__noise0.5,0.10402779982716587,0.20229734164774008,0.3599524190568146,169,True
ens_all__inflated,rf_large__noise1.5,0.1865579454821638,0.3732482066957767,0.19971770584194726,169,True
ens_all__inflated,rf_large__shrunk,0.04442523213954059,0.033771124886980884,0.5938501982362384,169,True
ens_all__inflated,rf_large__shuffled,0.15756260111719067,0.2636009623421763,0.27179486194788877,169,True
ens_all__inflated,rf_small,0.025573040537699515,0.019785729788888755,0.6537360534332529,169,True
ens_all__inflated,ridge_pc100_hi,0.05975783798383702,0.0858444458810911,0.6177932489780343,169,True
ens_all__inflated,ridge_pc100_lo,0.060218202014500594,0.08161763959146899,0.618976680930697,169,True
ens_all__inflated,ridge_pc10_hi,0.07047407705643598,0.12099771731912562,0.6160308160224776,169,True
ens_all__inflated,ridge_pc10_lo,0.07076173074986934,0.12239264356264774,0.614665317615559,169,True
ens_all__inflated,ridge_pc25_hi,0.06368208773334721,0.11065918010838999,0.6059231442790052,169,True
ens_all__inflated,ridge_pc25_lo,0.06397365819550603,0.10995579330913643,0.6063457985478133,169,True
ens_all__inflated,ridge_pc50_hi,0.052280795546046234,0.07824493492285194,0.6436998219077538,169,True
ens_all__inflated,ridge_pc50_lo,0.05262190872492934,0.07691403220946769,0.642319151296314,169,True
ens_all__inflated,ridge_pc50_lo__biased,0.05262190872492934,0.07691403220946769,0.642319151296314,169,True
ens_all__inflated,ridge_pc50_lo__inflated,0.05262190872492933,0.07691403220946769,0.642319151296314,169,True
ens_all__inflated,ridge_pc50_lo__noise0.5,0.15271236355611514,0.2627220134852784,0.2854387288466847,169,True
ens_all__inflated,ridge_pc50_lo__noise1.5,0.18008123257846997,0.3630191988242696,0.14854425861988607,169,True
ens_all__inflated,ridge_pc50_lo__shrunk,0.05262190872492932,0.07691403220946769,0.642319151296314,169,True
ens_all__inflated,ridge_pc50_lo__shuffled,0.16956539738083368,0.268132406433057,0.23893532141167517,169,True
ens_all__shrunk,ens_linear,0.05531508356578524,0.057676754042257576,0.6577191415125783,169,True
ens_all__shrunk,ens_tree,0.011464670976340078,0.021323667756802514,0.7568064088010813,169,True
ens_all__shrunk,env_plus_geno,0.0624866491757426,0.04672103541382857,0.6720045949545504,169,True
ens_all__shrunk,gblup,0.12003730536266337,0.07738373788042154,0.2501711437427374,169,True
ens_all__shrunk,gblup_gxe,0.1385018980386231,0.15699290487455664,0.2704899848606368,169,True
ens_all__shrunk,gbm_deep,0.009969088240008098,0.03181204253402393,0.7023724380545792,169,True
ens_all__shrunk,gbm_deep__biased,0.009969088240008058,0.03181204253402393,0.7023724380545792,169,True
ens_all__shrunk,gbm_deep__inflated,0.0099690882400081,0.03181204253402393,0.7023724380545792,169,True
ens_all__shrunk,gbm_deep__noise0.5,0.10390165654841708,0.21106796936724695,0.30568650645225337,169,True
ens_all__shrunk,gbm_deep__noise1.5,0.1751944212006877,0.30351652018519615,0.1777469101460888,169,True
ens_all__shrunk,gbm_deep__shrunk,0.009969088240008094,0.03181204253402393,0.7023724380545792,169,True
ens_all__shrunk,gbm_deep__shuffled,0.15620455518053167,0.26286184069257285,0.25909643216264155,169,True
ens_all__shrunk,gbm_shallow,0.0334074035844869,0.07955333733768685,0.6730751937795991,169,True
ens_all__shrunk,geno_mean,0.062486649175742606,0.04672103541382857,0.6720045949545504,169,True
ens_all__shrunk,gxe_ridge,0.0709545466510177,0.11972949134083793,0.6104749414257251,169,True
ens_all__shrunk,knn10,0.035887946484943097,0.12712591788068145,0.5605670402362144,169,True
ens_all__shrunk,knn10__biased,0.03588794648494309,0.12880645805785207,0.5605670402362144,169,True
ens_all__shrunk,knn10__inflated,0.03588794648494311,0.12712591788068145,0.5605670402362144,169,True
ens_all__shrunk,knn10__noise0.5,0.07751344751888196,0.19934713335324122,0.3591248291839629,169,True
ens_all__shrunk,knn10__noise1.5,0.1597819962946657,0.2667860841953699,0.19632607187288006,169,True
ens_all__shrunk,knn10__shrunk,0.03588794648494307,0.1289199616626944,0.5605670402362144,169,True
ens_all__shrunk,knn10__shuffled,0.13093640724494046,0.2409781985118083,0.2581073497327335,169,True
ens_all__shrunk,knn50,0.011929281439703506,0.07825324844191389,0.35179984358145067,169,True
ens_all__shrunk,markeronly_pc100,0.08054895357950852,-0.004059259340063375,0.25220405579573923,169,False
ens_all__shrunk,markeronly_pc100__biased,0.0805489535795085,-0.004059259340063375,0.25220405579573923,169,False
ens_all__shrunk,markeronly_pc100__inflated,0.0805489535795085,-0.004059259340063375,0.25220405579573923,169,False
ens_all__shrunk,markeronly_pc100__noise0.5,0.02556582048799873,-0.08371897400330934,0.20033020922369338,169,False
ens_all__shrunk,markeronly_pc100__noise1.5,0.09498364631519512,0.21925159303749522,0.1490750248455427,169,True
ens_all__shrunk,markeronly_pc100__shrunk,0.08054895357950852,-0.004059259340063375,0.25220405579573923,169,False
ens_all__shrunk,markeronly_pc25,0.0646232032601875,-0.06954164823876997,0.20478146942429046,169,False
ens_all__shrunk,mlp,0.013964861438698878,-0.07074343568902963,0.41208988107860073,169,False
ens_all__shrunk,mlp__biased,0.013964861438698878,-0.07074343568902963,0.41208988107860073,169,False
ens_all__shrunk,mlp__inflated,0.013964861438698883,-0.07074343568902963,0.41208988107860073,169,False
ens_all__shrunk,mlp__shrunk,0.013964861438698862,-0.07074343568902963,0.41208988107860073,169,False
ens_all__shrunk,reaction_norm,0.07120595045723026,0.11937034958187875,0.6097352964553109,169,True
ens_all__shrunk,reaction_norm__biased,0.07120595045723029,0.11937034958187875,0.6097352964553109,169,True
ens_all__shrunk,reaction_norm__inflated,0.07120595045723026,0.11937034958187875,0.6097352964553109,169,True
ens_all__shrunk,reaction_norm__noise0.5,0.150248529420235,0.2212894858301762,0.27404160965810415,169,True
ens_all__shrunk,reaction_norm__noise1.5,0.20758650831522032,0.34044311203619415,0.14879086798346813,169,True
ens_all__shrunk,reaction_norm__shrunk,0.07120595045723026,0.11937034958187875,0.6097352964553109,169,True
ens_all__shrunk,rf_large,0.04442523213954072,0.033771124886980884,0.5938501982362384,169,True
ens_all__shrunk,rf_large__biased,0.04442523213954069,0.033771124886980884,0.5938501982362384,169,True
ens_all__shrunk,rf_large__inflated,0.04442523213954071,0.033771124886980884,0.5938501982362384,169,True
ens_all__shrunk,rf_large__noise0.5,0.10402779982716591,0.20229734164774008,0.3599524190568146,169,True
ens_all__shrunk,rf_large__noise1.5,0.18655794548216384,0.3732482066957767,0.19971770584194726,169,True
ens_all__shrunk,rf_large__shrunk,0.04442523213954063,0.033771124886980884,0.5938501982362384,169,True
ens_all__shrunk,rf_large__shuffled,0.1575626011171907,0.2636009623421763,0.27179486194788877,169,True
ens_all__shrunk,rf_small,0.025573040537699564,0.019785729788888755,0.6537360534332529,169,True
ens_all__shrunk,ridge_pc100_hi,0.05975783798383706,0.0858444458810911,0.6177932489780343,169,True
ens_all__shrunk,ridge_pc100_lo,0.060218202014500635,0.08161763959146899,0.618976680930697,169,True
ens_all__shrunk,ridge_pc10_hi,0.07047407705643603,0.12099771731912562,0.6160308160224776,169,True
ens_all__shrunk,ridge_pc10_lo,0.07076173074986938,0.12239264356264774,0.614665317615559,169,True
ens_all__shrunk,ridge_pc25_hi,0.06368208773334726,0.11065918010838999,0.6059231442790052,169,True
ens_all__shrunk,ridge_pc25_lo,0.06397365819550607,0.10995579330913643,0.6063457985478133,169,True
ens_all__shrunk,ridge_pc50_hi,0.052280795546046276,0.07824493492285194,0.6436998219077538,169,True
ens_all__shrunk,ridge_pc50_lo,0.05262190872492938,0.07691403220946769,0.642319151296314,169,True
ens_all__shrunk,ridge_pc50_lo__biased,0.05262190872492938,0.07691403220946769,0.642319151296314,169,True
ens_all__shrunk,ridge_pc50_lo__inflated,0.05262190872492938,0.07691403220946769,0.642319151296314,169,True
ens_all__shrunk,ridge_pc50_lo__noise0.5,0.1527123635561152,0.2627220134852784,0.2854387288466847,169,True
ens_all__shrunk,ridge_pc50_lo__noise1.5,0.18008123257847003,0.3630191988242696,0.14854425861988607,169,True
ens_all__shrunk,ridge_pc50_lo__shrunk,0.05262190872492937,0.07691403220946769,0.642319151296314,169,True
ens_all__shrunk,ridge_pc50_lo__shuffled,0.1695653973808337,0.268132406433057,0.23893532141167517,169,True
ens_linear,ens_tree,0.043850412589445165,0.036353086285455076,0.5871678803981683,169,True
ens_linear,env_plus_geno,0.007171565609957355,-0.010955718628429005,0.8333451738293047,169,False
ens_linear,gblup,0.17535238892844862,0.1350604919226791,0.24511972220845524,169,True
ens_linear,gblup_gxe,0.19381698160440836,0.2146696589168142,0.22057267631957797,169,True
ens_linear,gbm_deep,0.045345995325777155,0.025864711508233645,0.6456789995763008,169,True
ens_linear,gbm_deep__biased,0.04534599532577719,0.025864711508233645,0.6456789995763008,169,True
ens_linear,gbm_deep__inflated,0.04534599532577715,0.025864711508233645,0.6456789995763008,169,True
ens_linear,gbm_deep__noise0.5,0.04858657298263184,0.15339121532498937,0.30207995825906464,169,True
ens_linear,gbm_deep__noise1.5,0.11987933763490244,0.2458397661429385,0.16165499068486894,169,True
ens_linear,gbm_deep__shrunk,0.045345995325777155,0.025864711508233645,0.6456789995763008,169,True
ens_linear,gbm_deep__shuffled,0.10088947161474641,0.2051850866503153,0.23857081368354421,169,True
ens_linear,gbm_shallow,0.021907679981298358,-0.021876583295429276,0.7451980337356844,169,False
ens_linear,geno_mean,0.007171565609957346,-0.010955718628429005,0.8333451738293047,169,False
ens_linear,gxe_ridge,0.01563946308523246,0.06205273729858034,0.7325582418153751,169,True
ens_linear,knn10,0.01942713708084215,-0.0694491638384239,0.40372505720598584,169,False
ens_linear,knn10__biased,0.019427137080842156,-0.07112970401559449,0.40372505720598584,169,False
ens_linear,knn10__inflated,0.019427137080842143,-0.0694491638384239,0.40372505720598584,169,False
ens_linear,knn10__noise0.5,0.02219836395309672,0.14167037931098364,0.25487006414415553,169,True
ens_linear,knn10__noise1.5,0.10446691272888042,0.2091093301531123,0.16668713626462028,169,True
ens_linear,knn10__shrunk,0.019427137080842177,-0.07124320762043683,0.40372505720598584,169,False
ens_linear,knn10__shuffled,0.07562132367915521,0.1833014444695507,0.20477104789830028,169,True
ens_linear,knn50,0.04338580212608174,-0.02057649439965631,0.3435240547967605,169,False
ens_linear,markeronly_pc100,0.13586403714529377,0.0536174947021942,0.26303308576192014,169,True
ens_linear,markeronly_pc100__biased,0.13586403714529377,0.0536174947021942,0.26303308576192014,169,True
ens_linear,markeronly_pc100__inflated,0.13586403714529377,0.0536174947021942,0.26303308576192014,169,True
ens_linear,markeronly_pc100__noise0.5,0.08088090405378397,-0.02604221996105177,0.20163622165234585,169,False
ens_linear,markeronly_pc100__noise1.5,0.039668562749409886,0.16157483899523764,0.1363200198934029,169,True
ens_linear,markeronly_pc100__shrunk,0.13586403714529377,0.0536174947021942,0.26303308576192014,169,True
ens_linear,markeronly_pc25,0.11993828682597274,-0.011864894196512392,0.21956069536246356,169,False
ens_linear,mlp,0.06927994500448413,-0.013066681646772039,0.42630540185516175,169,False
ens_linear,mlp__biased,0.06927994500448413,-0.013066681646772039,0.42630540185516175,169,False
ens_linear,mlp__inflated,0.06927994500448413,-0.013066681646772039,0.42630540185516175,169,False
ens_linear,mlp__shrunk,0.0692799450044841,-0.013066681646772039,0.42630540185516175,169,False
ens_linear,reaction_norm,0.015890866891445015,0.061693595539621185,0.7325582418153751,169,True
ens_linear,reaction_norm__biased,0.015890866891445036,0.061693595539621185,0.7325582418153751,169,True
ens_linear,reaction_norm__inflated,0.015890866891445005,0.061693595539621185,0.7325582418153751,169,True
ens_linear,reaction_norm__noise0.5,0.09493344585444975,0.16361273178791866,0.29409078827349916,169,True
ens_linear,reaction_norm__noise1.5,0.15227142474943509,0.2827663579939366,0.14427879376534575,169,True
ens_linear,reaction_norm__shrunk,0.015890866891445008,0.061693595539621185,0.7325582418153751,169,True
ens_linear,rf_large,0.010889851426244528,0.023905629155276692,0.413716940165602,169,True
ens_linear,rf_large__biased,0.010889851426244554,0.023905629155276692,0.413716940165602,169,True
ens_linear,rf_large__inflated,0.01088985142624453,0.023905629155276692,0.413716940165602,169,True
ens_linear,rf_large__noise0.5,0.04871271626138065,0.1446205876054825,0.26722058511836994,169,True
ens_linear,rf_large__noise1.5,0.13124286191637857,0.31557145265351916,0.17572659581994252,169,True
ens_linear,rf_large__shrunk,0.01088985142624461,0.023905629155276692,0.413716940165602,169,True
ens_linear,rf_large__shuffled,0.10224751755140545,0.2059242082999187,0.20443174329514893,169,True
ens_linear,rf_small,0.02974204302808569,0.03789102425336882,0.5584632271327269,169,True
ens_linear,ridge_pc100_hi,0.004442754418051819,0.02816769183883354,0.848949622147019,169,True
ens_linear,ridge_pc100_lo,0.004903118448715389,0.023940885549211435,0.8461275921060539,169,True
ens_linear,ridge_pc10_hi,0.015158993490650773,0.06332096327686804,0.854390656279288,169,True
ens_linear,ridge_pc10_lo,0.015446647184084134,0.06471588952039016,0.851659659465451,169,True
ens_linear,ridge_pc25_hi,0.008367004167562005,0.05298242606613239,0.8246390878851856,169,True
ens_linear,ridge_pc25_lo,0.008658574629720828,0.05227903926687884,0.8250617421539937,169,True
ens_linear,ridge_pc50_hi,0.003034288019738971,-0.020568180880594353,0.8896388076380171,169,False
ens_linear,ridge_pc50_lo,0.0026931748408558736,-0.01923727816721011,0.8893382534913091,169,False
ens_linear,ridge_pc50_lo__biased,0.002693174840855869,-0.01923727816721011,0.8893382534913091,169,False
ens_linear,ridge_pc50_lo__inflated,0.002693174840855872,-0.01923727816721011,0.8893382534913091,169,False
ens_linear,ridge_pc50_lo__noise0.5,0.09739727999032993,0.2050452594430208,0.3189426880321817,169,True
ens_linear,ridge_pc50_lo__noise1.5,0.12476614901268476,0.305342444782012,0.1668929868954458,169,True
ens_linear,ridge_pc50_lo__shrunk,0.002693174840855886,-0.01923727816721011,0.8893382534913091,169,False
ens_linear,ridge_pc50_lo__shuffled,0.11425031381504847,0.2104556523907995,0.2853852411141266,169,True
ens_tree,env_plus_geno,0.051021978199402525,0.025397367657026052,0.5925074925831264,169,True
ens_tree,gblup,0.13150197633900346,0.09870740563722406,0.23313812107789675,169,True
ens_tree,gblup_gxe,0.14996656901496316,0.17831657263135917,0.271504814643065,169,True
ens_tree,gbm_deep,0.0014955827363319811,-0.010488374777221412,0.7399193942900683,169,False
ens_tree,gbm_deep__biased,0.0014955827363320206,-0.010488374777221412,0.7399193942900683,169,False
ens_tree,gbm_deep__inflated,0.0014955827363319762,-0.010488374777221412,0.7399193942900683,169,False
ens_tree,gbm_deep__noise0.5,0.092436985572077,0.1897443016104444,0.3153122906436566,169,True
ens_tree,gbm_deep__noise1.5,0.1637297502243476,0.2821928524283936,0.1669498149606035,169,True
ens_tree,gbm_deep__shrunk,0.0014955827363319848,-0.010488374777221412,0.7399193942900683,169,False
ens_tree,gbm_deep__shuffled,0.1447398842041916,0.24153817293577032,0.26746152279266616,169,True
ens_tree,gbm_shallow,0.021942732608146814,0.058229669580884325,0.6580327279372982,169,True
ens_tree,geno_mean,0.051021978199402525,0.025397367657026052,0.5925074925831264,169,True
ens_tree,gxe_ridge,0.05948987567467763,0.0984058235840354,0.5418493960960716,169,True
ens_tree,knn10,0.024423275508603022,0.10580225012387898,0.3910965952477778,169,True
ens_tree,knn10__biased,0.02442327550860301,0.10748279030104957,0.3910965952477778,169,True
ens_tree,knn10__inflated,0.024423275508603032,0.10580225012387898,0.3910965952477778,169,True
ens_tree,knn10__noise0.5,0.06604877654254189,0.17802346559643872,0.28330270718513023,169,True
ens_tree,knn10__noise1.5,0.14831732531832564,0.2454624164385674,0.16481450983196852,169,True
ens_tree,knn10__shrunk,0.024423275508602994,0.10759629390589191,0.3910965952477778,169,True
ens_tree,knn10__shuffled,0.11947173626860039,0.21965453075500582,0.21699610088989932,169,True
ens_tree,knn50,0.00046461046336342593,0.05692958068511138,0.3379805803748791,169,True
ens_tree,markeronly_pc100,0.09201362455584859,0.017264408416739145,0.23176949421624485,169,True
ens_tree,markeronly_pc100__biased,0.09201362455584859,0.017264408416739145,0.23176949421624485,169,True
ens_tree,markeronly_pc100__inflated,0.09201362455584859,0.017264408416739145,0.23176949421624485,169,True
ens_tree,markeronly_pc100__noise0.5,0.03703049146433881,-0.062395306246506806,0.19970787406963006,169,False
ens_tree,markeronly_pc100__noise1.5,0.08351897533885505,0.19792792528069267,0.1480917144305279,169,True
ens_tree,markeronly_pc100__shrunk,0.0920136245558486,0.017264408416739145,0.23176949421624485,169,True
ens_tree,markeronly_pc25,0.07608787423652758,-0.04821798048196747,0.20311242117240194,169,False
ens_tree,mlp,0.025429532415038956,-0.049419767932227104,0.3757219821674334,169,False
ens_tree,mlp__biased,0.02542953241503896,-0.049419767932227104,0.3757219821674334,169,False
ens_tree,mlp__inflated,0.025429532415038966,-0.049419767932227104,0.3757219821674334,169,False
ens_tree,mlp__shrunk,0.025429532415038945,-0.049419767932227104,0.3757219821674334,169,False
ens_tree,reaction_norm,0.05974127948089018,0.09804668182507625,0.5411097511256574,169,True
ens_tree,reaction_norm__biased,0.059741279480890204,0.09804668182507625,0.5411097511256574,169,True
ens_tree,reaction_norm__inflated,0.05974127948089018,0.09804668182507625,0.5411097511256574,169,True
ens_tree,reaction_norm__noise0.5,0.13878385844389493,0.1999658180733737,0.25297845448655953,169,True
ens_tree,reaction_norm__noise1.5,0.19612183733888022,0.3191194442793917,0.15196775432951565,169,True
ens_tree,reaction_norm__shrunk,0.05974127948089018,0.09804668182507625,0.5411097511256574,169,True
ens_tree,rf_large,0.03296056116320064,0.012447457130178367,0.6936292737298724,169,True
ens_tree,rf_large__biased,0.03296056116320061,0.012447457130178367,0.6936292737298724,169,True
ens_tree,rf_large__inflated,0.03296056116320063,0.012447457130178367,0.6936292737298724,169,True
ens_tree,rf_large__noise0.5,0.09256312885082583,0.18097367389093755,0.3958618909296853,169,True
ens_tree,rf_large__noise1.5,0.17509327450582374,0.3519245389389742,0.2163532827386953,169,True
ens_tree,rf_large__shrunk,0.03296056116320056,0.012447457130178367,0.6936292737298724,169,True
ens_tree,rf_large__shuffled,0.1460979301408506,0.24227729458537375,0.2987438640464402,169,True
ens_tree,rf_small,0.014108369561359479,-0.0015379379679137564,0.6856886936462739,169,False
ens_tree,ridge_pc100_hi,0.04829316700749699,0.06452077812428858,0.5576539634531148,169,True
ens_tree,ridge_pc100_lo,0.04875353103816056,0.060293971834666484,0.5576539634531148,169,True
ens_tree,ridge_pc10_hi,0.05900940608009593,0.09967404956232309,0.5429511056418419,169,True
ens_tree,ridge_pc10_lo,0.05929705977352931,0.10106897580584522,0.5402201088280049,169,True
ens_tree,ridge_pc25_hi,0.052217416757007175,0.08933551235158746,0.5317373899276042,169,True
ens_tree,ridge_pc25_lo,0.05250898721916599,0.0886321255523339,0.5321600441964123,169,True
ens_tree,ridge_pc50_hi,0.0408161245697062,0.056921267166049415,0.5665833920517128,169,True
ens_tree,ridge_pc50_lo,0.041157237748589294,0.05559036445266516,0.5675977622968523,169,True
ens_tree,ridge_pc50_lo__biased,0.041157237748589294,0.05559036445266516,0.5675977622968523,169,True
ens_tree,ridge_pc50_lo__inflated,0.0411572377485893,0.05559036445266516,0.5675977622968523,169,True
ens_tree,ridge_pc50_lo__noise0.5,0.14124769257977512,0.24139834572847588,0.27364673660826655,169,True
ens_tree,ridge_pc50_lo__noise1.5,0.16861656160212993,0.3416955310674671,0.14645768970520884,169,True
ens_tree,ridge_pc50_lo__shrunk,0.04115723774858929,0.05559036445266516,0.5675977622968523,169,True
ens_tree,ridge_pc50_lo__shuffled,0.15810072640449363,0.24680873867625447,0.22620020325725487,169,True
env_plus_geno,gblup,0.18252395453840597,0.1241047732942501,0.24165129933684934,169,True
env_plus_geno,gblup_gxe,0.20098854721436568,0.20371394028838521,0.22336759551523172,169,True
env_plus_geno,gbm_deep,0.05251756093573451,0.014908992879804643,0.6523550305159275,169,True
env_plus_geno,gbm_deep__biased,0.05251756093573454,0.014908992879804643,0.6523550305159275,169,True
env_plus_geno,gbm_deep__inflated,0.0525175609357345,0.014908992879804643,0.6523550305159275,169,True
env_plus_geno,gbm_deep__noise0.5,0.041415007372674485,0.16434693395341837,0.3115826931499414,169,True
env_plus_geno,gbm_deep__noise1.5,0.11270777202494509,0.25679548477136754,0.1752091884526268,169,True
env_plus_geno,gbm_deep__shrunk,0.05251756093573451,0.014908992879804643,0.6523550305159275,169,True
env_plus_geno,gbm_deep__shuffled,0.09371790600478909,0.21614080527874424,0.2511873505507442,169,True
env_plus_geno,gbm_shallow,0.02907924559125571,-0.032832301923858276,0.7409894454719813,169,False
env_plus_geno,gxe_ridge,0.008467897475275111,0.07300845592700934,0.6807768826851857,169,True
env_plus_geno,knn10,0.026598702690799496,-0.0804048824668529,0.43258361430228165,169,False
env_plus_geno,knn10__biased,0.026598702690799513,-0.08208542264402349,0.43258361430228165,169,False
env_plus_geno,knn10__inflated,0.02659870269079949,-0.0804048824668529,0.43258361430228165,169,False
env_plus_geno,knn10__noise0.5,0.015026798343139363,0.15262609793941265,0.2778607004448749,169,True
env_plus_geno,knn10__noise1.5,0.09729534711892308,0.22006504878154134,0.17051360585683997,169,True
env_plus_geno,knn10__shrunk,0.026598702690799534,-0.08219892624886584,0.43258361430228165,169,False
env_plus_geno,knn10__shuffled,0.06844975806919786,0.1942571630979797,0.2143069357007341,169,True
env_plus_geno,knn50,0.05055736773603909,-0.03153221302808532,0.35466429369817065,169,False
env_plus_geno,markeronly_pc100,0.14303560275525115,0.04266177607376522,0.28857287710214835,169,True
env_plus_geno,markeronly_pc100__biased,0.1430356027552511,0.04266177607376522,0.28857287710214835,169,True
env_plus_geno,markeronly_pc100__inflated,0.14303560275525115,0.04266177607376522,0.28857287710214835,169,True
env_plus_geno,markeronly_pc100__noise0.5,0.08805246966374133,-0.03699793858948076,0.21898363009604918,169,False
env_plus_geno,markeronly_pc100__noise1.5,0.03249699713945253,0.17253055762366665,0.14450848998505603,169,True
env_plus_geno,markeronly_pc100__shrunk,0.14303560275525112,0.04266177607376522,0.28857287710214835,169,True
env_plus_geno,markeronly_pc25,0.12710985243593012,-0.022820612824941404,0.23066210457200195,169,False
env_plus_geno,mlp,0.07645151061444147,-0.024022400275201045,0.4088908875818431,169,False
env_plus_geno,mlp__biased,0.07645151061444148,-0.024022400275201045,0.4088908875818431,169,False
env_plus_geno,mlp__inflated,0.07645151061444147,-0.024022400275201045,0.4088908875818431,169,False
env_plus_geno,mlp__shrunk,0.07645151061444147,-0.024022400275201045,0.4088908875818431,169,False
env_plus_geno,reaction_norm,0.008719301281487662,0.07264931416805018,0.6815165276555999,169,True
env_plus_geno,reaction_norm__biased,0.008719301281487686,0.07264931416805018,0.6815165276555999,169,True
env_plus_geno,reaction_norm__inflated,0.008719301281487655,0.07264931416805018,0.6815165276555999,169,True
env_plus_geno,reaction_norm__noise0.5,0.08776188024449241,0.17456845041634764,0.2814198348532089,169,True
env_plus_geno,reaction_norm__noise1.5,0.1450998591394777,0.29372207662236566,0.156912433838704,169,True
env_plus_geno,reaction_norm__shrunk,0.00871930128148766,0.07264931416805018,0.6815165276555999,169,True
env_plus_geno,rf_large,0.018061417036201885,0.01294991052684769,0.4263330800151838,169,True
env_plus_geno,rf_large__biased,0.01806141703620191,0.01294991052684769,0.4263330800151838,169,True
env_plus_geno,rf_large__inflated,0.01806141703620188,0.01294991052684769,0.4263330800151838,169,True
env_plus_geno,rf_large__noise0.5,0.04154115065142331,0.15557630623391147,0.28037387746936504,169,True
env_plus_geno,rf_large__noise1.5,0.12407129630642123,0.3265271712819481,0.17372036661114582,169,True
env_plus_geno,rf_large__shrunk,0.018061417036201958,0.01294991052684769,0.4263330800151838,169,True
env_plus_geno,rf_large__shuffled,0.09507595194144809,0.2168799269283477,0.21370626100783055,169,True
env_plus_geno,rf_small,0.03691360863804304,0.026935305624939808,0.5568225430278398,169,True
env_plus_geno,ridge_pc100_hi,0.0027288111919055356,-0.03912341046726253,0.7184926776475778,169,False
env_plus_geno,ridge_pc100_lo,0.002268447161241966,-0.03489660417764043,0.7156706476066129,169,False
env_plus_geno,ridge_pc10_hi,0.007987427880693418,0.07427668190529703,0.7768070649337552,169,True
env_plus_geno,ridge_pc10_lo,0.008275081574126777,0.07567160814881915,0.7740760681199181,169,True
env_plus_geno,ridge_pc25_hi,0.0011954385576046504,0.0639381446945614,0.7552563381070642,169,True
env_plus_geno,ridge_pc25_lo,0.0014870090197634741,0.06323475789530786,0.7556789923758723,169,True
env_plus_geno,ridge_pc50_hi,0.010205853629696324,-0.03152389950902335,0.7674848464940097,169,False
env_plus_geno,ridge_pc50_lo,0.009864740450813227,-0.030192996795639117,0.7667616380784936,169,False
env_plus_geno,ridge_pc50_lo__biased,0.009864740450813222,-0.030192996795639117,0.7667616380784936,169,False
env_plus_geno,ridge_pc50_lo__inflated,0.009864740450813227,-0.030192996795639117,0.7667616380784936,169,False
env_plus_geno,ridge_pc50_lo__noise0.5,0.09022571438037259,0.21600097807144975,0.2928421047387686,169,True
env_plus_geno,ridge_pc50_lo__noise1.5,0.1175945834027274,0.316298163410441,0.16153322162953893,169,True
env_plus_geno,ridge_pc50_lo__shrunk,0.009864740450813238,-0.030192996795639117,0.7667616380784936,169,False
env_plus_geno,ridge_pc50_lo__shuffled,0.10707874820509111,0.22141137101922848,0.2760245163687865,169,True
gblup,gblup_gxe,0.01846459267595971,0.07960916699413513,0.5681557811700552,169,True
gblup,gbm_deep,0.13000639360267147,0.10919578041444546,0.25371926577229187,169,True
gblup,gbm_deep__biased,0.13000639360267144,0.10919578041444546,0.25371926577229187,169,True
gblup,gbm_deep__inflated,0.13000639360267147,0.10919578041444546,0.25371926577229187,169,True
gblup,gbm_deep__noise0.5,0.22393896191108043,0.28845170724766844,0.1593013884211343,169,True
gblup,gbm_deep__noise1.5,0.295231726563351,0.3809002580656176,0.12579549308378266,169,True
gblup,gbm_deep__shrunk,0.13000639360267147,0.10919578041444546,0.25371926577229187,169,True
gblup,gbm_deep__shuffled,0.27624186054319505,0.34024557857299437,0.12080230082622974,169,True
gblup,gbm_shallow,0.15344470894715026,0.15693707521810837,0.26340196538204713,169,True
gblup,geno_mean,0.18252395453840595,0.1241047732942501,0.24165129933684934,169,True
gblup,gxe_ridge,0.19099185201368107,0.19711322922125948,0.21869559161463323,169,True
gblup,knn10,0.15592525184760647,0.204509655761103,0.19829209775849685,169,True
gblup,knn10__biased,0.15592525184760647,0.2061901959382736,0.19829209775849685,169,True
gblup,knn10__inflated,0.15592525184760647,0.204509655761103,0.19829209775849685,169,True
gblup,knn10__noise0.5,0.19755075288154536,0.27673087123366275,0.14897770025195528,169,True
gblup,knn10__noise1.5,0.2798193016573291,0.34416982207579144,0.13574171467744872,169,True
gblup,knn10__shrunk,0.15592525184760642,0.20630369954311595,0.19888381373482822,169,True
gblup,knn10__shuffled,0.25097371260760387,0.3183619363922298,0.13641432839739973,169,True
gblup,knn50,0.13196658680236686,0.1556369863223354,0.2591624880742743,169,True
gblup,markeronly_pc100,0.03948835178315486,0.0814429972204849,0.48802563220577366,169,True
gblup,markeronly_pc100__biased,0.03948835178315486,0.0814429972204849,0.48802563220577366,169,True
gblup,markeronly_pc100__inflated,0.03948835178315486,0.0814429972204849,0.48802563220577366,169,True
gblup,markeronly_pc100__noise0.5,0.09447148487466464,0.16110271188373088,0.33535140267094254,169,True
gblup,markeronly_pc100__noise1.5,0.21502095167785854,0.2966353309179168,0.2191733269971489,169,True
gblup,markeronly_pc100__shrunk,0.03948835178315485,0.0814429972204849,0.48802563220577366,169,True
gblup,markeronly_pc25,0.05541410210247587,0.1469253861191915,0.4255384089993727,169,True
gblup,mlp,0.1060724439239645,0.14812717356945115,0.3161635267646282,169,True
gblup,mlp__biased,0.1060724439239645,0.14812717356945115,0.3161635267646282,169,True
gblup,mlp__inflated,0.1060724439239645,0.14812717356945115,0.3161635267646282,169,True
gblup,mlp__shrunk,0.1060724439239645,0.14812717356945115,0.3161635267646282,169,True
gblup,reaction_norm,0.19124325581989365,0.19675408746230033,0.21869559161463323,169,True
gblup,reaction_norm__biased,0.19124325581989365,0.19675408746230033,0.21869559161463323,169,True
gblup,reaction_norm__inflated,0.1912432558198936,0.19675408746230033,0.21869559161463323,169,True
gblup,reaction_norm__noise0.5,0.27028583478289836,0.29867322371059774,0.1493199635246545,169,True
gblup,reaction_norm__noise1.5,0.3276238136778837,0.41782684991661584,0.10433214273375786,169,True
gblup,reaction_norm__shrunk,0.1912432558198936,0.19675408746230033,0.21869559161463323,169,True
gblup,rf_large,0.16446253750220408,0.11115486276740241,0.19148586114542548,169,True
gblup,rf_large__biased,0.16446253750220405,0.11115486276740241,0.19148586114542548,169,True
gblup,rf_large__inflated,0.16446253750220408,0.11115486276740241,0.19148586114542548,169,True
gblup,rf_large__noise0.5,0.22406510518982922,0.27968107952816157,0.15915215350472764,169,True
gblup,rf_large__noise1.5,0.3065952508448272,0.45063194457619826,0.11577241362777328,169,True
gblup,rf_large__shrunk,0.16446253750220402,0.11115486276740241,0.19148586114542548,169,True
gblup,rf_large__shuffled,0.27759990647985405,0.34098470022259786,0.11882097400738317,169,True
gblup,rf_small,0.14561034590036293,0.09716946766931028,0.21773764028798698,169,True
gblup,ridge_pc100_hi,0.17979514334650043,0.16322818376151266,0.23785994165955004,169,True
gblup,ridge_pc100_lo,0.180255507377164,0.15900137747189055,0.23785994165955004,169,True
gblup,ridge_pc10_hi,0.19051138241909943,0.19838145519954714,0.22956527912633257,169,True
gblup,ridge_pc10_lo,0.19079903611253274,0.19977638144306928,0.22956527912633257,169,True
gblup,ridge_pc25_hi,0.1837193930960106,0.18804291798881154,0.22953338794059522,169,True
gblup,ridge_pc25_lo,0.18401096355816945,0.18733953118955798,0.2291107336717871,169,True
gblup,ridge_pc50_hi,0.17231810090870964,0.15562867280327344,0.23769916621770953,169,True
gblup,ridge_pc50_lo,0.17265921408759274,0.15429777008988924,0.2360273337766463,169,True
gblup,ridge_pc50_lo__biased,0.17265921408759274,0.15429777008988924,0.2360273337766463,169,True
gblup,ridge_pc50_lo__inflated,0.17265921408759274,0.15429777008988924,0.2360273337766463,169,True
gblup,ridge_pc50_lo__noise0.5,0.27274966891877855,0.3401057513656999,0.16538775040141412,169,True
gblup,ridge_pc50_lo__noise1.5,0.30011853794113336,0.4404029367046911,0.11837257417491565,169,True
gblup,ridge_pc50_lo__shrunk,0.17265921408759274,0.15429777008988924,0.2360273337766463,169,True
gblup,ridge_pc50_lo__shuffled,0.2896027027434971,0.3455161443134786,0.13762153069714614,169,True
gblup_gxe,gbm_deep,0.14847098627863117,0.1888049474085806,0.25252728285947323,169,True
gblup_gxe,gbm_deep__biased,0.14847098627863115,0.1888049474085806,0.25252728285947323,169,True
gblup_gxe,gbm_deep__inflated,0.1484709862786312,0.1888049474085806,0.25252728285947323,169,True
gblup_gxe,gbm_deep__noise0.5,0.24240355458704016,0.36806087424180356,0.15114983739246776,169,True
gblup_gxe,gbm_deep__noise1.5,0.31369631923931074,0.4605094250597528,0.13375841049936277,169,True
gblup_gxe,gbm_deep__shrunk,0.1484709862786312,0.1888049474085806,0.25252728285947323,169,True
gblup_gxe,gbm_deep__shuffled,0.2947064532191548,0.4198547455671295,0.13093088898898259,169,True
gblup_gxe,gbm_shallow,0.17190930162310997,0.2365462422122435,0.240087685740729,169,True
gblup_gxe,geno_mean,0.20098854721436568,0.20371394028838521,0.22336759551523172,169,True
gblup_gxe,gxe_ridge,0.20945644468964078,0.2767223962153946,0.20645571613242802,169,True
gblup_gxe,knn10,0.17438984452356618,0.28411882275523814,0.2096272110543002,169,True
gblup_gxe,knn10__biased,0.1743898445235662,0.28579936293240876,0.2096272110543002,169,True
gblup_gxe,knn10__inflated,0.1743898445235662,0.28411882275523814,0.2096272110543002,169,True
gblup_gxe,knn10__noise0.5,0.21601534555750504,0.3563400382277979,0.1870079317507324,169,True
gblup_gxe,knn10__noise1.5,0.2982838943332887,0.4237789890699266,0.13421435588788652,169,True
gblup_gxe,knn10__shrunk,0.17438984452356615,0.28591286653725106,0.2096272110543002,169,True
gblup_gxe,knn10__shuffled,0.26943830528356355,0.39797110338636493,0.16061012293853194,169,True
gblup_gxe,knn50,0.1504311794783266,0.23524615331647059,0.24476627132492207,169,True
gblup_gxe,markeronly_pc100,0.057952944459114565,0.16105216421462,0.36360895492743706,169,True
gblup_gxe,markeronly_pc100__biased,0.05795294445911458,0.16105216421462,0.36360895492743706,169,True
gblup_gxe,markeronly_pc100__inflated,0.057952944459114565,0.16105216421462,0.36360895492743706,169,True
gblup_gxe,markeronly_pc100__noise0.5,0.11293607755062435,0.24071187887786602,0.27700131185553856,169,True
gblup_gxe,markeronly_pc100__noise1.5,0.23348554435381821,0.37624449791205195,0.21077025809027963,169,True
gblup_gxe,markeronly_pc100__shrunk,0.057952944459114565,0.16105216421462,0.36360895492743706,169,True
gblup_gxe,markeronly_pc25,0.07387869477843557,0.22653455311332663,0.3371026978923406,169,True
gblup_gxe,mlp,0.12453703659992421,0.22773634056358627,0.2864345102082093,169,True
gblup_gxe,mlp__biased,0.12453703659992421,0.22773634056358627,0.2864345102082093,169,True
gblup_gxe,mlp__inflated,0.12453703659992418,0.22773634056358627,0.2864345102082093,169,True
gblup_gxe,mlp__shrunk,0.12453703659992421,0.22773634056358627,0.2864345102082093,169,True
gblup_gxe,reaction_norm,0.2097078484958534,0.27636325445643545,0.20645571613242802,169,True
gblup_gxe,reaction_norm__biased,0.2097078484958534,0.27636325445643545,0.20645571613242802,169,True
gblup_gxe,reaction_norm__inflated,0.20970784849585333,0.27636325445643545,0.20645571613242802,169,True
gblup_gxe,reaction_norm__noise0.5,0.28875042745885804,0.3782823907047329,0.16696182257931044,169,True
gblup_gxe,reaction_norm__noise1.5,0.3460884063538434,0.4974360169107509,0.11770011656995769,169,True
gblup_gxe,reaction_norm__shrunk,0.20970784849585333,0.27636325445643545,0.20645571613242802,169,True
gblup_gxe,rf_large,0.18292713017816378,0.19076402976153756,0.2583997919603609,169,True
gblup_gxe,rf_large__biased,0.18292713017816378,0.19076402976153756,0.2583997919603609,169,True
gblup_gxe,rf_large__inflated,0.1829271301781638,0.19076402976153756,0.2583997919603609,169,True
gblup_gxe,rf_large__noise0.5,0.24252969786578896,0.35929024652229674,0.19452199557579897,169,True
gblup_gxe,rf_large__noise1.5,0.32505984352078693,0.5302411115703334,0.12462082686781728,169,True
gblup_gxe,rf_large__shrunk,0.18292713017816375,0.19076402976153756,0.2583997919603609,169,True
gblup_gxe,rf_large__shuffled,0.29606449915581373,0.420593867216733,0.1455204898055523,169,True
gblup_gxe,rf_small,0.1640749385763226,0.17677863466344543,0.24355642627812238,169,True
gblup_gxe,ridge_pc100_hi,0.1982597360224601,0.24283735075564777,0.2144431133505945,169,True
gblup_gxe,ridge_pc100_lo,0.1987201000531237,0.23861054446602564,0.2144431133505945,169,True
gblup_gxe,ridge_pc10_hi,0.20897597509505905,0.27799062219368226,0.20392348504990107,169,True
gblup_gxe,ridge_pc10_lo,0.20926362878849247,0.27938554843720437,0.2034683189142616,169,True
gblup_gxe,ridge_pc25_hi,0.20218398577197036,0.2676520849829466,0.2166610893259669,169,True
gblup_gxe,ridge_pc25_lo,0.20247555623412913,0.2669486981836931,0.2162384350571588,169,True
gblup_gxe,ridge_pc50_hi,0.19078269358466932,0.23523783979740862,0.21441973995444003,169,True
gblup_gxe,ridge_pc50_lo,0.19112380676355245,0.23390693708402432,0.21340536970930052,169,True
gblup_gxe,ridge_pc50_lo__biased,0.19112380676355248,0.23390693708402432,0.21340536970930052,169,True
gblup_gxe,ridge_pc50_lo__inflated,0.19112380676355245,0.23390693708402432,0.21340536970930052,169,True
gblup_gxe,ridge_pc50_lo__noise0.5,0.2912142615947383,0.4197149183598351,0.16764734293160127,169,True
gblup_gxe,ridge_pc50_lo__noise1.5,0.3185831306170931,0.5200121036988262,0.10399628258099519,169,True
gblup_gxe,ridge_pc50_lo__shrunk,0.19112380676355245,0.23390693708402432,0.21340536970930052,169,True
gblup_gxe,ridge_pc50_lo__shuffled,0.3080672954194568,0.4251253113076137,0.135856289361409,169,True
gbm_deep,gbm_deep__noise0.5,0.093932568308409,0.17925592683322303,0.33700537887627086,169,True
gbm_deep,gbm_deep__noise1.5,0.1652253329606796,0.27170447765117217,0.18781330202579608,169,True
gbm_deep,gbm_deep__shuffled,0.14623546694052358,0.23104979815854887,0.2775235095741099,169,True
gbm_deep,gbm_shallow,0.023438315344478794,0.04774129480366291,0.7364764223013914,169,True
gbm_deep,geno_mean,0.0525175609357345,0.014908992879804643,0.6523550305159275,169,True
gbm_deep,gxe_ridge,0.06098545841100961,0.08791744880681399,0.6075382265799936,169,True
gbm_deep,knn10,0.02591885824493501,0.09531387534665753,0.40897275892894086,169,True
gbm_deep,knn10__biased,0.025918858244934992,0.09699441552382813,0.40897275892894086,169,True
gbm_deep,knn10__inflated,0.025918858244935013,0.09531387534665753,0.40897275892894086,169,True
gbm_deep,knn10__noise0.5,0.06754435927887387,0.16753509081921727,0.29010361837846815,169,True
gbm_deep,knn10__noise1.5,0.1498129080546576,0.23497404166134603,0.16843773579275842,169,True
gbm_deep,knn10__shrunk,0.02591885824493498,0.09710791912867046,0.40897275892894086,169,True
gbm_deep,knn10__shuffled,0.12096731900493235,0.20916615597778432,0.21491443179286945,169,True
gbm_deep,knn50,0.001960193199695409,0.04644120590788995,0.36040937561273334,169,True
gbm_deep,markeronly_pc100,0.09051804181951661,0.027752783193960563,0.2636951396209063,169,True
gbm_deep,markeronly_pc100__biased,0.0905180418195166,0.027752783193960563,0.2636951396209063,169,True
gbm_deep,markeronly_pc100__inflated,0.09051804181951661,0.027752783193960563,0.2636951396209063,169,True
gbm_deep,markeronly_pc100__noise0.5,0.03553490872800683,-0.05190693146928541,0.20258041311080813,169,False
gbm_deep,markeronly_pc100__noise1.5,0.08501455807518703,0.1874395505034713,0.1507696347214219,169,True
gbm_deep,markeronly_pc100__shrunk,0.09051804181951661,0.027752783193960563,0.2636951396209063,169,True
gbm_deep,markeronly_pc25,0.0745922915001956,-0.037729605704746066,0.19817454211941216,169,False
gbm_deep,mlp,0.02393394967870698,-0.03893139315500569,0.41450559591682457,169,False
gbm_deep,mlp__biased,0.02393394967870698,-0.03893139315500569,0.41450559591682457,169,False
gbm_deep,mlp__inflated,0.023933949678706982,-0.03893139315500569,0.41450559591682457,169,False
gbm_deep,mlp__shrunk,0.02393394967870696,-0.03893139315500569,0.41450559591682457,169,False
gbm_deep,reaction_norm,0.06123686221722217,0.08755830704785485,0.6082778715504077,169,True
gbm_deep,reaction_norm__biased,0.06123686221722219,0.08755830704785485,0.6082778715504077,169,True
gbm_deep,reaction_norm__inflated,0.061236862217222146,0.08755830704785485,0.6082778715504077,169,True
gbm_deep,reaction_norm__noise0.5,0.14027944118022692,0.1894774432961523,0.26662621889953547,169,True
gbm_deep,reaction_norm__noise1.5,0.1976174200752122,0.3086310695021703,0.15281597421267062,169,True
gbm_deep,reaction_norm__shrunk,0.06123686221722217,0.08755830704785485,0.6082778715504077,169,True
gbm_deep,rf_large,0.03445614389953263,0.0019590823529569592,0.5026606148467738,169,True
gbm_deep,rf_large__biased,0.034456143899532596,0.0019590823529569592,0.5026606148467738,169,True
gbm_deep,rf_large__inflated,0.03445614389953262,0.0019590823529569592,0.5026606148467738,169,True
gbm_deep,rf_large__noise0.5,0.0940587115871578,0.17048529911371607,0.31892134632349395,169,True
gbm_deep,rf_large__noise1.5,0.17658885724215576,0.3414361641617528,0.1874372598702836,169,True
gbm_deep,rf_large__shrunk,0.03445614389953255,0.0019590823529569592,0.5026606148467738,169,True
gbm_deep,rf_large__shuffled,0.1475935128771826,0.23178891980815233,0.25748963654914486,169,True
gbm_deep,rf_small,0.015603952297691464,-0.012026312745135164,0.6802776644840595,169,False
gbm_deep,ridge_pc100_hi,0.04978874974382898,0.05403240334706717,0.609979253891348,169,True
gbm_deep,ridge_pc100_lo,0.05024911377449254,0.049805597057445083,0.6095240877557085,169,True
gbm_deep,ridge_pc10_hi,0.06050498881642793,0.08918567478510167,0.6164481437252332,169,True
gbm_deep,ridge_pc10_lo,0.06079264250986129,0.0905806010286238,0.6150826453183147,169,True
gbm_deep,ridge_pc25_hi,0.05371299949333915,0.07884713757436605,0.5975643180331931,169,True
gbm_deep,ridge_pc25_lo,0.05400456995549798,0.07814375077511251,0.5979869723020013,169,True
gbm_deep,ridge_pc50_hi,0.04231170730603818,0.04643289238882801,0.6273181788303426,169,True
gbm_deep,ridge_pc50_lo,0.04265282048492127,0.04510198967544377,0.6279098948066738,169,True
gbm_deep,ridge_pc50_lo__biased,0.042652820484921285,0.04510198967544377,0.6279098948066738,169,True
gbm_deep,ridge_pc50_lo__inflated,0.042652820484921285,0.04510198967544377,0.6279098948066738,169,True
gbm_deep,ridge_pc50_lo__noise0.5,0.14274327531610712,0.23090997095125446,0.29413193520938,169,True
gbm_deep,ridge_pc50_lo__noise1.5,0.17011214433846192,0.3312071562902456,0.14630650925275512,169,True
gbm_deep,ridge_pc50_lo__shrunk,0.042652820484921264,0.04510198967544377,0.6279098948066738,169,True
gbm_deep,ridge_pc50_lo__shuffled,0.15959630914082562,0.23632036389903316,0.23161100967555298,169,True
gbm_deep__biased,gbm_deep__noise0.5,0.09393256830840903,0.17925592683322303,0.33700537887627086,169,True
gbm_deep__biased,gbm_deep__noise1.5,0.16522533296067962,0.27170447765117217,0.18781330202579608,169,True
gbm_deep__biased,gbm_deep__shuffled,0.1462354669405236,0.23104979815854887,0.2775235095741099,169,True
gbm_deep__biased,gbm_shallow,0.023438315344478836,0.04774129480366291,0.7364764223013914,169,True
gbm_deep__biased,geno_mean,0.05251756093573453,0.014908992879804643,0.6523550305159275,169,True
gbm_deep__biased,gxe_ridge,0.06098545841100966,0.08791744880681399,0.6075382265799936,169,True
gbm_deep__biased,knn10,0.02591885824493504,0.09531387534665753,0.40897275892894086,169,True
gbm_deep__biased,knn10__biased,0.02591885824493503,0.09699441552382813,0.40897275892894086,169,True
gbm_deep__biased,knn10__inflated,0.02591885824493505,0.09531387534665753,0.40897275892894086,169,True
gbm_deep__biased,knn10__noise0.5,0.06754435927887392,0.16753509081921727,0.29010361837846815,169,True
gbm_deep__biased,knn10__noise1.5,0.14981290805465763,0.23497404166134603,0.16843773579275842,169,True
gbm_deep__biased,knn10__shrunk,0.025918858244935013,0.09710791912867046,0.40897275892894086,169,True
gbm_deep__biased,knn10__shuffled,0.12096731900493242,0.20916615597778432,0.21491443179286945,169,True
gbm_deep__biased,knn50,0.001960193199695448,0.04644120590788995,0.36040937561273334,169,True
gbm_deep__biased,markeronly_pc100,0.09051804181951659,0.027752783193960563,0.2636951396209063,169,True
gbm_deep__biased,markeronly_pc100__biased,0.09051804181951659,0.027752783193960563,0.2636951396209063,169,True
gbm_deep__biased,markeronly_pc100__inflated,0.09051804181951656,0.027752783193960563,0.2636951396209063,169,True
gbm_deep__biased,markeronly_pc100__noise0.5,0.035534908728006784,-0.05190693146928541,0.20258041311080813,169,False
gbm_deep__biased,markeronly_pc100__noise1.5,0.08501455807518707,0.1874395505034713,0.1507696347214219,169,True
gbm_deep__biased,markeronly_pc100__shrunk,0.09051804181951659,0.027752783193960563,0.2636951396209063,169,True
gbm_deep__biased,markeronly_pc25,0.07459229150019556,-0.037729605704746066,0.19817454211941216,169,False
gbm_deep__biased,mlp,0.023933949678706934,-0.03893139315500569,0.41450559591682457,169,False
gbm_deep__biased,mlp__biased,0.02393394967870694,-0.03893139315500569,0.41450559591682457,169,False
gbm_deep__biased,mlp__inflated,0.023933949678706948,-0.03893139315500569,0.41450559591682457,169,False
gbm_deep__biased,mlp__shrunk,0.02393394967870693,-0.03893139315500569,0.41450559591682457,169,False
gbm_deep__biased,reaction_norm,0.06123686221722221,0.08755830704785485,0.6082778715504077,169,True
gbm_deep__biased,reaction_norm__biased,0.06123686221722223,0.08755830704785485,0.6082778715504077,169,True
gbm_deep__biased,reaction_norm__inflated,0.0612368622172222,0.08755830704785485,0.6082778715504077,169,True
gbm_deep__biased,reaction_norm__noise0.5,0.14027944118022692,0.1894774432961523,0.26662621889953547,169,True
gbm_deep__biased,reaction_norm__noise1.5,0.19761742007521227,0.3086310695021703,0.15281597421267062,169,True
gbm_deep__biased,reaction_norm__shrunk,0.06123686221722219,0.08755830704785485,0.6082778715504077,169,True
gbm_deep__biased,rf_large,0.03445614389953266,0.0019590823529569592,0.5026606148467738,169,True
gbm_deep__biased,rf_large__biased,0.03445614389953264,0.0019590823529569592,0.5026606148467738,169,True
gbm_deep__biased,rf_large__inflated,0.03445614389953265,0.0019590823529569592,0.5026606148467738,169,True
gbm_deep__biased,rf_large__noise0.5,0.09405871158715784,0.17048529911371607,0.31892134632349395,169,True
gbm_deep__biased,rf_large__noise1.5,0.17658885724215578,0.3414361641617528,0.1874372598702836,169,True
gbm_deep__biased,rf_large__shrunk,0.03445614389953258,0.0019590823529569592,0.5026606148467738,169,True
gbm_deep__biased,rf_large__shuffled,0.14759351287718264,0.23178891980815233,0.25748963654914486,169,True
gbm_deep__biased,rf_small,0.015603952297691504,-0.012026312745135164,0.6802776644840595,169,False
gbm_deep__biased,ridge_pc100_hi,0.049788749743829006,0.05403240334706717,0.609979253891348,169,True
gbm_deep__biased,ridge_pc100_lo,0.05024911377449258,0.049805597057445083,0.6095240877557085,169,True
gbm_deep__biased,ridge_pc10_hi,0.06050498881642796,0.08918567478510167,0.6164481437252332,169,True
gbm_deep__biased,ridge_pc10_lo,0.060792642509861314,0.0905806010286238,0.6150826453183147,169,True
gbm_deep__biased,ridge_pc25_hi,0.05371299949333919,0.07884713757436605,0.5975643180331931,169,True
gbm_deep__biased,ridge_pc25_lo,0.05400456995549802,0.07814375077511251,0.5979869723020013,169,True
gbm_deep__biased,ridge_pc50_hi,0.04231170730603822,0.04643289238882801,0.6273181788303426,169,True
gbm_deep__biased,ridge_pc50_lo,0.04265282048492131,0.04510198967544377,0.6279098948066738,169,True
gbm_deep__biased,ridge_pc50_lo__biased,0.042652820484921326,0.04510198967544377,0.6279098948066738,169,True
gbm_deep__biased,ridge_pc50_lo__inflated,0.04265282048492131,0.04510198967544377,0.6279098948066738,169,True
gbm_deep__biased,ridge_pc50_lo__noise0.5,0.14274327531610714,0.23090997095125446,0.29413193520938,169,True
gbm_deep__biased,ridge_pc50_lo__noise1.5,0.17011214433846195,0.3312071562902456,0.14630650925275512,169,True
gbm_deep__biased,ridge_pc50_lo__shrunk,0.042652820484921306,0.04510198967544377,0.6279098948066738,169,True
gbm_deep__biased,ridge_pc50_lo__shuffled,0.15959630914082565,0.23632036389903316,0.23161100967555298,169,True
gbm_deep__inflated,gbm_deep__noise0.5,0.09393256830840897,0.17925592683322303,0.33700537887627086,169,True
gbm_deep__inflated,gbm_deep__noise1.5,0.1652253329606796,0.27170447765117217,0.18781330202579608,169,True
gbm_deep__inflated,gbm_deep__shuffled,0.14623546694052358,0.23104979815854887,0.2775235095741099,169,True
gbm_deep__inflated,gbm_shallow,0.02343831534447879,0.04774129480366291,0.7364764223013914,169,True
gbm_deep__inflated,geno_mean,0.0525175609357345,0.014908992879804643,0.6523550305159275,169,True
gbm_deep__inflated,gxe_ridge,0.06098545841100961,0.08791744880681399,0.6075382265799936,169,True
gbm_deep__inflated,knn10,0.025918858244935,0.09531387534665753,0.40897275892894086,169,True
gbm_deep__inflated,knn10__biased,0.025918858244934992,0.09699441552382813,0.40897275892894086,169,True
gbm_deep__inflated,knn10__inflated,0.02591885824493501,0.09531387534665753,0.40897275892894086,169,True
gbm_deep__inflated,knn10__noise0.5,0.06754435927887387,0.16753509081921727,0.29010361837846815,169,True
gbm_deep__inflated,knn10__noise1.5,0.14981290805465758,0.23497404166134603,0.16843773579275842,169,True
gbm_deep__inflated,knn10__shrunk,0.02591885824493497,0.09710791912867046,0.40897275892894086,169,True
gbm_deep__inflated,knn10__shuffled,0.12096731900493235,0.20916615597778432,0.21491443179286945,169,True
gbm_deep__inflated,knn50,0.001960193199695409,0.04644120590788995,0.36040937561273334,169,True
gbm_deep__inflated,markeronly_pc100,0.09051804181951663,0.027752783193960563,0.2636951396209063,169,True
gbm_deep__inflated,markeronly_pc100__biased,0.09051804181951661,0.027752783193960563,0.2636951396209063,169,True
gbm_deep__inflated,markeronly_pc100__inflated,0.09051804181951663,0.027752783193960563,0.2636951396209063,169,True
gbm_deep__inflated,markeronly_pc100__noise0.5,0.03553490872800683,-0.05190693146928541,0.20258041311080813,169,False
gbm_deep__inflated,markeronly_pc100__noise1.5,0.08501455807518703,0.1874395505034713,0.1507696347214219,169,True
gbm_deep__inflated,markeronly_pc100__shrunk,0.09051804181951663,0.027752783193960563,0.2636951396209063,169,True
gbm_deep__inflated,markeronly_pc25,0.0745922915001956,-0.037729605704746066,0.19817454211941216,169,False
gbm_deep__inflated,mlp,0.023933949678706982,-0.03893139315500569,0.41450559591682457,169,False
gbm_deep__inflated,mlp__biased,0.02393394967870698,-0.03893139315500569,0.41450559591682457,169,False
gbm_deep__inflated,mlp__inflated,0.02393394967870699,-0.03893139315500569,0.41450559591682457,169,False
gbm_deep__inflated,mlp__shrunk,0.02393394967870697,-0.03893139315500569,0.41450559591682457,169,False
gbm_deep__inflated,reaction_norm,0.06123686221722217,0.08755830704785485,0.6082778715504077,169,True
gbm_deep__inflated,reaction_norm__biased,0.06123686221722219,0.08755830704785485,0.6082778715504077,169,True
gbm_deep__inflated,reaction_norm__inflated,0.06123686221722216,0.08755830704785485,0.6082778715504077,169,True
gbm_deep__inflated,reaction_norm__noise0.5,0.1402794411802269,0.1894774432961523,0.26662621889953547,169,True
gbm_deep__inflated,reaction_norm__noise1.5,0.1976174200752122,0.3086310695021703,0.15281597421267062,169,True
gbm_deep__inflated,reaction_norm__shrunk,0.061236862217222146,0.08755830704785485,0.6082778715504077,169,True
gbm_deep__inflated,rf_large,0.03445614389953262,0.0019590823529569592,0.5026606148467738,169,True
gbm_deep__inflated,rf_large__biased,0.03445614389953259,0.0019590823529569592,0.5026606148467738,169,True
gbm_deep__inflated,rf_large__inflated,0.03445614389953261,0.0019590823529569592,0.5026606148467738,169,True
gbm_deep__inflated,rf_large__noise0.5,0.09405871158715781,0.17048529911371607,0.31892134632349395,169,True
gbm_deep__inflated,rf_large__noise1.5,0.17658885724215576,0.3414361641617528,0.1874372598702836,169,True
gbm_deep__inflated,rf_large__shrunk,0.03445614389953254,0.0019590823529569592,0.5026606148467738,169,True
gbm_deep__inflated,rf_large__shuffled,0.1475935128771826,0.23178891980815233,0.25748963654914486,169,True
gbm_deep__inflated,rf_small,0.015603952297691454,-0.012026312745135164,0.6802776644840595,169,False
gbm_deep__inflated,ridge_pc100_hi,0.049788749743828964,0.05403240334706717,0.609979253891348,169,True
gbm_deep__inflated,ridge_pc100_lo,0.05024911377449254,0.049805597057445083,0.6095240877557085,169,True
gbm_deep__inflated,ridge_pc10_hi,0.06050498881642792,0.08918567478510167,0.6164481437252332,169,True
gbm_deep__inflated,ridge_pc10_lo,0.06079264250986127,0.0905806010286238,0.6150826453183147,169,True
gbm_deep__inflated,ridge_pc25_hi,0.05371299949333915,0.07884713757436605,0.5975643180331931,169,True
gbm_deep__inflated,ridge_pc25_lo,0.05400456995549798,0.07814375077511251,0.5979869723020013,169,True
gbm_deep__inflated,ridge_pc50_hi,0.04231170730603818,0.04643289238882801,0.6273181788303426,169,True
gbm_deep__inflated,ridge_pc50_lo,0.04265282048492127,0.04510198967544377,0.6279098948066738,169,True
gbm_deep__inflated,ridge_pc50_lo__biased,0.04265282048492127,0.04510198967544377,0.6279098948066738,169,True
gbm_deep__inflated,ridge_pc50_lo__inflated,0.04265282048492127,0.04510198967544377,0.6279098948066738,169,True
gbm_deep__inflated,ridge_pc50_lo__noise0.5,0.1427432753161071,0.23090997095125446,0.29413193520938,169,True
gbm_deep__inflated,ridge_pc50_lo__noise1.5,0.17011214433846192,0.3312071562902456,0.14630650925275512,169,True
gbm_deep__inflated,ridge_pc50_lo__shrunk,0.042652820484921264,0.04510198967544377,0.6279098948066738,169,True
gbm_deep__inflated,ridge_pc50_lo__shuffled,0.15959630914082562,0.23632036389903316,0.23161100967555298,169,True
gbm_deep__noise0.5,gbm_deep__noise1.5,0.0712927646522706,0.09244855081794916,0.14970741750411565,169,True
gbm_deep__noise0.5,gbm_deep__shrunk,0.093932568308409,0.17925592683322303,0.33700537887627086,169,True
gbm_deep__noise0.5,gbm_deep__shuffled,0.05230289863211458,0.0517938713253259,0.17237094547907306,169,True
gbm_deep__noise0.5,gbm_shallow,0.0704942529639302,0.13151463202956007,0.3192781107581761,169,True
gbm_deep__noise0.5,geno_mean,0.041415007372674485,0.16434693395341837,0.3115826931499414,169,True
gbm_deep__noise0.5,gxe_ridge,0.03294710989739937,0.09133847802640901,0.2763943814290651,169,True
gbm_deep__noise0.5,knn10,0.068013710063474,0.08394205148656547,0.23126628291769763,169,True
gbm_deep__noise0.5,knn10__biased,0.068013710063474,0.08226151130939487,0.23126628291769763,169,True
gbm_deep__noise0.5,knn10__inflated,0.068013710063474,0.08394205148656547,0.23126628291769763,169,True
gbm_deep__noise0.5,knn10__noise0.5,0.026388209029535117,0.011720836014005715,0.16579572524058328,169,True
gbm_deep__noise0.5,knn10__noise1.5,0.05588033974624861,0.05571811482812297,0.1442506287258685,169,True
gbm_deep__noise0.5,knn10__shrunk,0.06801371006347402,0.08214800770455252,0.23126628291769763,169,True
gbm_deep__noise0.5,knn10__shuffled,0.02703475069652337,0.029910229144561363,0.14301654210714912,169,True
gbm_deep__noise0.5,knn50,0.09197237510871359,0.13281472092533303,0.21272661326541153,169,True
gbm_deep__noise0.5,markeronly_pc100,0.18445061012792563,0.20700871002718357,0.17496670108887524,169,True
gbm_deep__noise0.5,markeronly_pc100__biased,0.1844506101279256,0.20700871002718357,0.17496670108887524,169,True
gbm_deep__noise0.5,markeronly_pc100__inflated,0.1844506101279256,0.20700871002718357,0.17496670108887524,169,True
gbm_deep__noise0.5,markeronly_pc100__noise0.5,0.1294674770364158,0.12734899536393757,0.15099534427555403,169,True
gbm_deep__noise0.5,markeronly_pc100__noise1.5,0.00891801023322195,-0.008183623670248276,0.13129338397436208,169,False
gbm_deep__noise0.5,markeronly_pc100__shrunk,0.18445061012792563,0.20700871002718357,0.17496670108887524,169,True
gbm_deep__noise0.5,markeronly_pc25,0.1685248598086046,0.14152632112847693,0.14716563858254314,169,True
gbm_deep__noise0.5,mlp,0.11786651798711598,0.14032453367821734,0.233950833501388,169,True
gbm_deep__noise0.5,mlp__biased,0.11786651798711595,0.14032453367821734,0.233950833501388,169,True
gbm_deep__noise0.5,mlp__inflated,0.11786651798711595,0.14032453367821734,0.233950833501388,169,True
gbm_deep__noise0.5,mlp__shrunk,0.11786651798711595,0.14032453367821734,0.233950833501388,169,True
gbm_deep__noise0.5,reaction_norm,0.03269570609118681,0.09169761978536817,0.2771340263994793,169,True
gbm_deep__noise0.5,reaction_norm__biased,0.032695706091186806,0.09169761978536817,0.2771340263994793,169,True
gbm_deep__noise0.5,reaction_norm__inflated,0.03269570609118683,0.09169761978536817,0.2771340263994793,169,True
gbm_deep__noise0.5,reaction_norm__noise0.5,0.04634687287181791,0.01022151646292927,0.18163096801240722,169,True
gbm_deep__noise0.5,reaction_norm__noise1.5,0.10368485176680324,0.12937514266894728,0.13361559374143525,169,True
gbm_deep__noise0.5,reaction_norm__shrunk,0.032695706091186834,0.09169761978536817,0.2771340263994793,169,True
gbm_deep__noise0.5,rf_large,0.05947642440887637,0.17729684448026609,0.26621380087332097,169,True
gbm_deep__noise0.5,rf_large__biased,0.05947642440887639,0.17729684448026609,0.26621380087332097,169,True
gbm_deep__noise0.5,rf_large__inflated,0.05947642440887637,0.17729684448026609,0.26621380087332097,169,True
gbm_deep__noise0.5,rf_large__noise0.5,0.00012614327874881364,-0.008770627719506902,0.21796710709521044,169,False
gbm_deep__noise0.5,rf_large__noise1.5,0.08265628893374675,0.1621802373285298,0.146551456059298,169,True
gbm_deep__noise0.5,rf_large__shrunk,0.059476424408876453,0.17729684448026609,0.26621380087332097,169,True
gbm_deep__noise0.5,rf_large__shuffled,0.0536609445687736,0.05253299297492933,0.17721195358073027,169,True
gbm_deep__noise0.5,rf_small,0.07832861601071753,0.19128223957835816,0.29957313823829346,169,True
gbm_deep__noise0.5,ridge_pc100_hi,0.04414381856458003,0.12522352348615584,0.2927282260426109,169,True
gbm_deep__noise0.5,ridge_pc100_lo,0.04368345453391646,0.12945032977577794,0.2950950899479363,169,True
gbm_deep__noise0.5,ridge_pc10_hi,0.033427579491981066,0.09007025204812134,0.30469116601361046,169,True
gbm_deep__noise0.5,ridge_pc10_lo,0.0331399257985477,0.0886753258045992,0.3046911660136105,169,True
gbm_deep__noise0.5,ridge_pc25_hi,0.040219568815069835,0.10040878925885698,0.2906813900842841,169,True
gbm_deep__noise0.5,ridge_pc25_lo,0.03992799835291101,0.10111217605811054,0.2906813900842841,169,True
gbm_deep__noise0.5,ridge_pc50_hi,0.05162086100237081,0.132823034444395,0.2888801849592675,169,True
gbm_deep__noise0.5,ridge_pc50_lo,0.051279747823487716,0.13415393715777924,0.2899603014239993,169,True
gbm_deep__noise0.5,ridge_pc50_lo__biased,0.051279747823487716,0.13415393715777924,0.2899603014239993,169,True
gbm_deep__noise0.5,ridge_pc50_lo__inflated,0.051279747823487716,0.13415393715777924,0.2899603014239993,169,True
gbm_deep__noise0.5,ridge_pc50_lo__noise0.5,0.0488107070076981,0.05165404411803143,0.19645804769359668,169,True
gbm_deep__noise0.5,ridge_pc50_lo__noise1.5,0.07617957603005292,0.15195122945702264,0.12311884660027739,169,True
gbm_deep__noise0.5,ridge_pc50_lo__shrunk,0.05127974782348773,0.13415393715777924,0.2899603014239993,169,True
gbm_deep__noise0.5,ridge_pc50_lo__shuffled,0.06566374083241663,0.057064437065810096,0.15187215073183563,169,True
gbm_deep__noise1.5,gbm_deep__shrunk,0.1652253329606796,0.27170447765117217,0.18781330202579608,169,True
gbm_deep__noise1.5,gbm_deep__shuffled,0.018989866020156003,0.040654679492623275,0.13995943441427175,169,True
gbm_deep__noise1.5,gbm_shallow,0.1417870176162008,0.22396318284750924,0.18737193774796987,169,True
gbm_deep__noise1.5,geno_mean,0.1127077720249451,0.25679548477136754,0.1752091884526268,169,True
gbm_deep__noise1.5,gxe_ridge,0.10423987454966997,0.18378702884435819,0.1789671281204506,169,True
gbm_deep__noise1.5,knn10,0.1393064747157446,0.17639060230451462,0.1554483470650766,169,True
gbm_deep__noise1.5,knn10__biased,0.1393064747157446,0.17471006212734402,0.15692763700590498,169,True
gbm_deep__noise1.5,knn10__inflated,0.13930647471574456,0.17639060230451462,0.1554483470650766,169,True
gbm_deep__noise1.5,knn10__noise0.5,0.09768097368180573,0.10416938683195487,0.1408807155071249,169,True
gbm_deep__noise1.5,knn10__noise1.5,0.015412424906021991,0.03673043598982618,0.10771350419982814,169,True
gbm_deep__noise1.5,knn10__shrunk,0.13930647471574462,0.17459655852250167,0.15692763700590498,169,True
gbm_deep__noise1.5,knn10__shuffled,0.04425801395574723,0.06253832167338781,0.12626962048670545,169,True
gbm_deep__noise1.5,knn50,0.16326513976098417,0.2252632717432822,0.1319162890242006,169,True
gbm_deep__noise1.5,markeronly_pc100,0.2557433747801962,0.2994572608451327,0.12432291217226747,169,True
gbm_deep__noise1.5,markeronly_pc100__biased,0.25574337478019615,0.2994572608451327,0.12432291217226747,169,True
gbm_deep__noise1.5,markeronly_pc100__inflated,0.25574337478019615,0.2994572608451327,0.12432291217226747,169,True
gbm_deep__noise1.5,markeronly_pc100__noise0.5,0.2007602416886864,0.21979754618188674,0.12945590002366816,169,True
gbm_deep__noise1.5,markeronly_pc100__noise1.5,0.08021077488549255,0.08426492714770088,0.10572559113065474,169,True
gbm_deep__noise1.5,markeronly_pc100__shrunk,0.2557433747801962,0.2994572608451327,0.12432291217226747,169,True
gbm_deep__noise1.5,markeronly_pc25,0.23981762446087515,0.2339748719464261,0.11031960750221793,169,True
gbm_deep__noise1.5,mlp,0.18915928263938656,0.23277308449616646,0.14446463459316083,169,True
gbm_deep__noise1.5,mlp__biased,0.18915928263938656,0.23277308449616646,0.14446463459316083,169,True
gbm_deep__noise1.5,mlp__inflated,0.18915928263938656,0.23277308449616646,0.14446463459316083,169,True
gbm_deep__noise1.5,mlp__shrunk,0.18915928263938656,0.23277308449616646,0.14446463459316083,169,True
gbm_deep__noise1.5,reaction_norm,0.10398847074345742,0.18414617060331734,0.1789671281204506,169,True
gbm_deep__noise1.5,reaction_norm__biased,0.10398847074345739,0.18414617060331734,0.1789671281204506,169,True
gbm_deep__noise1.5,reaction_norm__inflated,0.10398847074345742,0.18414617060331734,0.1789671281204506,169,True
gbm_deep__noise1.5,reaction_norm__noise0.5,0.024945891780452686,0.08222703435501988,0.15266964426802596,169,True
gbm_deep__noise1.5,reaction_norm__noise1.5,0.03239208711453264,0.036926591850998114,0.10869112475324133,169,True
gbm_deep__noise1.5,reaction_norm__shrunk,0.10398847074345743,0.18414617060331734,0.1789671281204506,169,True
gbm_deep__noise1.5,rf_large,0.13076918906114698,0.26974539529821523,0.1648428185617601,169,True
gbm_deep__noise1.5,rf_large__biased,0.13076918906114698,0.26974539529821523,0.1648428185617601,169,True
gbm_deep__noise1.5,rf_large__inflated,0.13076918906114698,0.26974539529821523,0.1648428185617601,169,True
gbm_deep__noise1.5,rf_large__noise0.5,0.07116662137352178,0.10121917853745606,0.14335758233148385,169,True
gbm_deep__noise1.5,rf_large__noise1.5,0.011363524281476153,0.06973168651058062,0.11651579974575121,169,True
gbm_deep__noise1.5,rf_large__shrunk,0.13076918906114707,0.26974539529821523,0.1648428185617601,169,True
gbm_deep__noise1.5,rf_large__shuffled,0.017631820083496997,0.03991555784301982,0.14279163329133387,169,True
gbm_deep__noise1.5,rf_small,0.14962138066298808,0.2837307903963073,0.1718536863620384,169,True
gbm_deep__noise1.5,ridge_pc100_hi,0.11543658321685063,0.217672074304105,0.1577941185859722,169,True
gbm_deep__noise1.5,ridge_pc100_lo,0.11497621918618704,0.22189888059372712,0.1577941185859722,169,True
gbm_deep__noise1.5,ridge_pc10_hi,0.10472034414425166,0.18251880286607053,0.17976254024212265,169,True
gbm_deep__noise1.5,ridge_pc10_lo,0.10443269045081831,0.18112387662254836,0.17930737410648312,169,True
gbm_deep__noise1.5,ridge_pc25_hi,0.11151233346734042,0.19285734007680613,0.17086593444233383,169,True
gbm_deep__noise1.5,ridge_pc25_lo,0.1112207630051816,0.19356072687605969,0.17086593444233383,169,True
gbm_deep__noise1.5,ridge_pc50_hi,0.12291362565464138,0.2252715852623442,0.16439502283318513,169,True
gbm_deep__noise1.5,ridge_pc50_lo,0.12257251247575832,0.22660248797572838,0.16505248502910888,169,True
gbm_deep__noise1.5,ridge_pc50_lo__biased,0.12257251247575832,0.22660248797572838,0.16505248502910888,169,True
gbm_deep__noise1.5,ridge_pc50_lo__inflated,0.12257251247575832,0.22660248797572838,0.16505248502910888,169,True
gbm_deep__noise1.5,ridge_pc50_lo__noise0.5,0.022482057644572496,0.04079450669991772,0.12368297518191738,169,True
gbm_deep__noise1.5,ridge_pc50_lo__noise1.5,0.004886811377782321,0.059502678639073485,0.10503055818166843,169,True
gbm_deep__noise1.5,ridge_pc50_lo__shrunk,0.12257251247575832,0.22660248797572838,0.16505248502910888,169,True
gbm_deep__noise1.5,ridge_pc50_lo__shuffled,0.005629023819853969,0.03538411375213906,0.1085308537376669,169,True
gbm_deep__shrunk,gbm_deep__shuffled,0.1462354669405236,0.23104979815854887,0.2775235095741099,169,True
gbm_deep__shrunk,gbm_shallow,0.0234383153444788,0.04774129480366291,0.7364764223013914,169,True
gbm_deep__shrunk,geno_mean,0.0525175609357345,0.014908992879804643,0.6523550305159275,169,True
gbm_deep__shrunk,gxe_ridge,0.06098545841100962,0.08791744880681399,0.6075382265799936,169,True
gbm_deep__shrunk,knn10,0.02591885824493501,0.09531387534665753,0.40897275892894086,169,True
gbm_deep__shrunk,knn10__biased,0.025918858244935,0.09699441552382813,0.40897275892894086,169,True
gbm_deep__shrunk,knn10__inflated,0.02591885824493501,0.09531387534665753,0.40897275892894086,169,True
gbm_deep__shrunk,knn10__noise0.5,0.06754435927887387,0.16753509081921727,0.29010361837846815,169,True
gbm_deep__shrunk,knn10__noise1.5,0.14981290805465763,0.23497404166134603,0.16843773579275842,169,True
gbm_deep__shrunk,knn10__shrunk,0.02591885824493498,0.09710791912867046,0.40897275892894086,169,True
gbm_deep__shrunk,knn10__shuffled,0.12096731900493238,0.20916615597778432,0.21491443179286945,169,True
gbm_deep__shrunk,knn50,0.001960193199695416,0.04644120590788995,0.36040937561273334,169,True
gbm_deep__shrunk,markeronly_pc100,0.09051804181951661,0.027752783193960563,0.2636951396209063,169,True
gbm_deep__shrunk,markeronly_pc100__biased,0.0905180418195166,0.027752783193960563,0.2636951396209063,169,True
gbm_deep__shrunk,markeronly_pc100__inflated,0.0905180418195166,0.027752783193960563,0.2636951396209063,169,True
gbm_deep__shrunk,markeronly_pc100__noise0.5,0.03553490872800682,-0.05190693146928541,0.20258041311080813,169,False
gbm_deep__shrunk,markeronly_pc100__noise1.5,0.08501455807518704,0.1874395505034713,0.1507696347214219,169,True
gbm_deep__shrunk,markeronly_pc100__shrunk,0.09051804181951661,0.027752783193960563,0.2636951396209063,169,True
gbm_deep__shrunk,markeronly_pc25,0.0745922915001956,-0.037729605704746066,0.19817454211941216,169,False
gbm_deep__shrunk,mlp,0.023933949678706972,-0.03893139315500569,0.41450559591682457,169,False
gbm_deep__shrunk,mlp__biased,0.023933949678706972,-0.03893139315500569,0.41450559591682457,169,False
gbm_deep__shrunk,mlp__inflated,0.02393394967870698,-0.03893139315500569,0.41450559591682457,169,False
gbm_deep__shrunk,mlp__shrunk,0.02393394967870697,-0.03893139315500569,0.41450559591682457,169,False
gbm_deep__shrunk,reaction_norm,0.06123686221722217,0.08755830704785485,0.6082778715504077,169,True
gbm_deep__shrunk,reaction_norm__biased,0.06123686221722219,0.08755830704785485,0.6082778715504077,169,True
gbm_deep__shrunk,reaction_norm__inflated,0.06123686221722216,0.08755830704785485,0.6082778715504077,169,True
gbm_deep__shrunk,reaction_norm__noise0.5,0.14027944118022692,0.1894774432961523,0.26662621889953547,169,True
gbm_deep__shrunk,reaction_norm__noise1.5,0.19761742007521227,0.3086310695021703,0.15281597421267062,169,True
gbm_deep__shrunk,reaction_norm__shrunk,0.06123686221722216,0.08755830704785485,0.6082778715504077,169,True
gbm_deep__shrunk,rf_large,0.03445614389953263,0.0019590823529569592,0.5026606148467738,169,True
gbm_deep__shrunk,rf_large__biased,0.034456143899532596,0.0019590823529569592,0.5026606148467738,169,True
gbm_deep__shrunk,rf_large__inflated,0.03445614389953262,0.0019590823529569592,0.5026606148467738,169,True
gbm_deep__shrunk,rf_large__noise0.5,0.09405871158715781,0.17048529911371607,0.31892134632349395,169,True
gbm_deep__shrunk,rf_large__noise1.5,0.17658885724215576,0.3414361641617528,0.1874372598702836,169,True
gbm_deep__shrunk,rf_large__shrunk,0.03445614389953255,0.0019590823529569592,0.5026606148467738,169,True
gbm_deep__shrunk,rf_large__shuffled,0.1475935128771826,0.23178891980815233,0.25748963654914486,169,True
gbm_deep__shrunk,rf_small,0.015603952297691466,-0.012026312745135164,0.6802776644840595,169,False
gbm_deep__shrunk,ridge_pc100_hi,0.049788749743828964,0.05403240334706717,0.609979253891348,169,True
gbm_deep__shrunk,ridge_pc100_lo,0.050249113774492545,0.049805597057445083,0.6095240877557085,169,True
gbm_deep__shrunk,ridge_pc10_hi,0.06050498881642792,0.08918567478510167,0.6164481437252332,169,True
gbm_deep__shrunk,ridge_pc10_lo,0.06079264250986127,0.0905806010286238,0.6150826453183147,169,True
gbm_deep__shrunk,ridge_pc25_hi,0.05371299949333915,0.07884713757436605,0.5975643180331931,169,True
gbm_deep__shrunk,ridge_pc25_lo,0.05400456995549798,0.07814375077511251,0.5979869723020013,169,True
gbm_deep__shrunk,ridge_pc50_hi,0.042311707306038185,0.04643289238882801,0.6273181788303426,169,True
gbm_deep__shrunk,ridge_pc50_lo,0.042652820484921285,0.04510198967544377,0.6279098948066738,169,True
gbm_deep__shrunk,ridge_pc50_lo__biased,0.042652820484921285,0.04510198967544377,0.6279098948066738,169,True
gbm_deep__shrunk,ridge_pc50_lo__inflated,0.042652820484921285,0.04510198967544377,0.6279098948066738,169,True
gbm_deep__shrunk,ridge_pc50_lo__noise0.5,0.1427432753161071,0.23090997095125446,0.29413193520938,169,True
gbm_deep__shrunk,ridge_pc50_lo__noise1.5,0.1701121443384619,0.3312071562902456,0.14630650925275512,169,True
gbm_deep__shrunk,ridge_pc50_lo__shrunk,0.04265282048492127,0.04510198967544377,0.6279098948066738,169,True
gbm_deep__shrunk,ridge_pc50_lo__shuffled,0.15959630914082562,0.23632036389903316,0.23161100967555298,169,True
gbm_deep__shuffled,gbm_shallow,0.12279715159604478,0.183308503354886,0.25821826189608116,169,True
gbm_deep__shuffled,geno_mean,0.09371790600478909,0.21614080527874424,0.2511873505507442,169,True
gbm_deep__shuffled,gxe_ridge,0.08525000852951398,0.1431323493517349,0.2714454703368873,169,True
gbm_deep__shuffled,knn10,0.12031660869558858,0.13573592281189137,0.16974284425068623,169,True
gbm_deep__shuffled,knn10__biased,0.12031660869558859,0.13405538263472078,0.17122213419151464,169,True
gbm_deep__shuffled,knn10__inflated,0.12031660869558858,0.13573592281189137,0.16974284425068623,169,True
gbm_deep__shuffled,knn10__noise0.5,0.0786911076616497,0.0635147073393316,0.14249766538769448,169,True
gbm_deep__shuffled,knn10__noise1.5,0.0035774411141340197,0.00392424350279709,0.10425564302022353,169,True
gbm_deep__shuffled,knn10__shrunk,0.12031660869558862,0.13394187902987842,0.17122213419151464,169,True
gbm_deep__shuffled,knn10__shuffled,0.025268147935591227,0.02188364218076453,0.16936755520188135,169,True
gbm_deep__shuffled,knn50,0.14427527374082816,0.18460859225065895,0.14692124084405972,169,True
gbm_deep__shuffled,markeronly_pc100,0.23675350876004023,0.25880258135250944,0.13224485775185132,169,True
gbm_deep__shuffled,markeronly_pc100__biased,0.23675350876004014,0.25880258135250944,0.13224485775185132,169,True
gbm_deep__shuffled,markeronly_pc100__inflated,0.23675350876004023,0.25880258135250944,0.13224485775185132,169,True
gbm_deep__shuffled,markeronly_pc100__noise0.5,0.1817703756685304,0.1791428666892635,0.12097342235723359,169,True
gbm_deep__shuffled,markeronly_pc100__noise1.5,0.06122090886533655,0.04361024765507761,0.10534848607677302,169,True
gbm_deep__shuffled,markeronly_pc100__shrunk,0.23675350876004023,0.25880258135250944,0.13224485775185132,169,True
gbm_deep__shuffled,markeronly_pc25,0.22082775844071922,0.19332019245380289,0.11393085644078838,169,True
gbm_deep__shuffled,mlp,0.17016941661923055,0.19211840500354324,0.18681156593452403,169,True
gbm_deep__shuffled,mlp__biased,0.17016941661923057,0.19211840500354324,0.18681156593452403,169,True
gbm_deep__shuffled,mlp__inflated,0.17016941661923057,0.19211840500354324,0.18681156593452403,169,True
gbm_deep__shuffled,mlp__shrunk,0.17016941661923055,0.19211840500354324,0.18681156593452403,169,True
gbm_deep__shuffled,reaction_norm,0.08499860472330141,0.14349149111069406,0.2707058253664731,169,True
gbm_deep__shuffled,reaction_norm__biased,0.0849986047233014,0.14349149111069406,0.2707058253664731,169,True
gbm_deep__shuffled,reaction_norm__inflated,0.08499860472330142,0.14349149111069406,0.2707058253664731,169,True
gbm_deep__shuffled,reaction_norm__noise0.5,0.005956025760296681,0.041572354862396625,0.16005217964232774,169,True
gbm_deep__shuffled,reaction_norm__noise1.5,0.05138195313468865,0.07758127134362137,0.10893704093543262,169,True
gbm_deep__shuffled,reaction_norm__shrunk,0.08499860472330141,0.14349149111069406,0.2707058253664731,169,True
gbm_deep__shuffled,rf_large,0.11177932304099096,0.22909071580559195,0.23357252074095416,169,True
gbm_deep__shuffled,rf_large__biased,0.111779323040991,0.22909071580559195,0.23357252074095416,169,True
gbm_deep__shuffled,rf_large__inflated,0.11177932304099096,0.22909071580559195,0.23357252074095416,169,True
gbm_deep__shuffled,rf_large__noise0.5,0.052176755353365786,0.06056449904483279,0.17005082512775863,169,True
gbm_deep__shuffled,rf_large__noise1.5,0.03035339030163216,0.11038636600320388,0.14176640196409493,169,True
gbm_deep__shuffled,rf_large__shrunk,0.11177932304099104,0.22909071580559195,0.23357252074095416,169,True
gbm_deep__shuffled,rf_large__shuffled,0.0013580459366590084,0.0007391216496034398,0.18498225547900127,169,True
gbm_deep__shuffled,rf_small,0.13063151464283212,0.24307611090368408,0.25715168193118293,169,True
gbm_deep__shuffled,ridge_pc100_hi,0.0964467171966946,0.17701739481148174,0.25107137032611265,169,True
gbm_deep__shuffled,ridge_pc100_lo,0.09598635316603102,0.1812442011011038,0.25107137032611265,169,True
gbm_deep__shuffled,ridge_pc10_hi,0.08573047812409566,0.14186412337344723,0.25070612424570643,169,True
gbm_deep__shuffled,ridge_pc10_lo,0.08544282443066231,0.1404691971299251,0.25070612424570643,169,True
gbm_deep__shuffled,ridge_pc25_hi,0.09252246744718443,0.15220266058418283,0.2433541631086692,169,True
gbm_deep__shuffled,ridge_pc25_lo,0.0922308969850256,0.15290604738343638,0.2433541631086692,169,True
gbm_deep__shuffled,ridge_pc50_hi,0.1039237596344854,0.1846169057697209,0.2412610128845253,169,True
gbm_deep__shuffled,ridge_pc50_lo,0.10358264645560229,0.18594780848310513,0.2412610128845253,169,True
gbm_deep__shuffled,ridge_pc50_lo__biased,0.10358264645560229,0.18594780848310513,0.2412610128845253,169,True
gbm_deep__shuffled,ridge_pc50_lo__inflated,0.1035826464556023,0.18594780848310513,0.2412610128845253,169,True
gbm_deep__shuffled,ridge_pc50_lo__noise0.5,0.0034921916244164872,0.00013982720729446233,0.15033230931971506,169,True
gbm_deep__shuffled,ridge_pc50_lo__noise1.5,0.023876677397938327,0.10015735813169674,0.11572976278109746,169,True
gbm_deep__shuffled,ridge_pc50_lo__shrunk,0.1035826464556023,0.18594780848310513,0.2412610128845253,169,True
gbm_deep__shuffled,ridge_pc50_lo__shuffled,0.013360842200302033,0.005270565740484202,0.16778932381429154,169,True
gbm_shallow,geno_mean,0.0290792455912557,-0.032832301923858276,0.7409894454719813,169,False
gbm_shallow,gxe_ridge,0.037547143066530814,0.04017615400315107,0.6910799171192056,169,True
gbm_shallow,knn10,0.002480542900456207,0.047572580542994625,0.4109083842421624,169,True
gbm_shallow,knn10__biased,0.0024805429004561954,0.04925312072016522,0.4109083842421624,169,True
gbm_shallow,knn10__inflated,0.002480542900456216,0.047572580542994625,0.4109083842421624,169,True
gbm_shallow,knn10__noise0.5,0.04410604393439508,0.11979379601555437,0.27392038640263083,169,True
gbm_shallow,knn10__noise1.5,0.12637459271017878,0.18723274685768307,0.1658441202370823,169,True
gbm_shallow,knn10__shrunk,0.0024805429004561815,0.04936662432500756,0.4109083842421624,169,True
gbm_shallow,knn10__shuffled,0.09752900366045357,0.16142486117412144,0.22035623773415328,169,True
gbm_shallow,knn50,0.02147812214478339,0.0013000888957729545,0.35160132033856073,169,True
gbm_shallow,markeronly_pc100,0.11395635716399541,0.07549407799762349,0.27093973233452096,169,True
gbm_shallow,markeronly_pc100__biased,0.11395635716399541,0.07549407799762349,0.27093973233452096,169,True
gbm_shallow,markeronly_pc100__inflated,0.11395635716399541,0.07549407799762349,0.27093973233452096,169,True
gbm_shallow,markeronly_pc100__noise0.5,0.058973224072485626,-0.004165636665622483,0.20629304946975313,169,False
gbm_shallow,markeronly_pc100__noise1.5,0.06157624273070825,0.13969825569980837,0.1607650858306455,169,True
gbm_shallow,markeronly_pc100__shrunk,0.11395635716399541,0.07549407799762349,0.27093973233452096,169,True
gbm_shallow,markeronly_pc25,0.0980306068446744,0.01001168909891688,0.22588055042760688,169,True
gbm_shallow,mlp,0.04737226502318576,0.008809901648657232,0.42890262109949384,169,True
gbm_shallow,mlp__biased,0.04737226502318576,0.008809901648657232,0.42890262109949384,169,True
gbm_shallow,mlp__inflated,0.047372265023185776,0.008809901648657232,0.42890262109949384,169,True
gbm_shallow,mlp__shrunk,0.047372265023185756,0.008809901648657232,0.42890262109949384,169,True
gbm_shallow,reaction_norm,0.03779854687274337,0.03981701224419192,0.6918195620896197,169,True
gbm_shallow,reaction_norm__biased,0.037798546872743394,0.03981701224419192,0.6918195620896197,169,True
gbm_shallow,reaction_norm__inflated,0.037798546872743366,0.03981701224419192,0.6918195620896197,169,True
gbm_shallow,reaction_norm__noise0.5,0.1168411258357481,0.14173614849248936,0.294720877420486,169,True
gbm_shallow,reaction_norm__noise1.5,0.17417910473073345,0.2608897746985074,0.14488594466835467,169,True
gbm_shallow,reaction_norm__shrunk,0.037798546872743366,0.03981701224419192,0.6918195620896197,169,True
gbm_shallow,rf_large,0.01101782855505383,-0.04578221245070596,0.44590637698790114,169,False
gbm_shallow,rf_large__biased,0.0110178285550538,-0.04578221245070596,0.44590637698790114,169,False
gbm_shallow,rf_large__inflated,0.01101782855505382,-0.04578221245070596,0.44590637698790114,169,False
gbm_shallow,rf_large__noise0.5,0.070620396242679,0.12274400431005317,0.2795427003199995,169,True
gbm_shallow,rf_large__noise1.5,0.15315054189767696,0.29369486935808986,0.18506906563578512,169,True
gbm_shallow,rf_large__shrunk,0.011017828555053746,-0.04578221245070596,0.44590637698790114,169,False
gbm_shallow,rf_large__shuffled,0.1241551975327038,0.18404762500448946,0.2274503539199946,169,True
gbm_shallow,rf_small,0.007834363046787335,0.059767607548798084,0.6104534491867114,169,True
gbm_shallow,ridge_pc100_hi,0.02635043439935018,0.0062911085434042575,0.6848968685396898,169,True
gbm_shallow,ridge_pc100_lo,0.026810798430013747,0.0020643022537821594,0.6844417024040503,169,True
gbm_shallow,ridge_pc10_hi,0.03706667347194912,0.04144437998143875,0.7036880427138591,169,True
gbm_shallow,ridge_pc10_lo,0.037354327165382485,0.04283930622496089,0.7009570459000221,169,True
gbm_shallow,ridge_pc25_hi,0.030274684148860354,0.03110584277070312,0.6957049832157585,169,True
gbm_shallow,ridge_pc25_lo,0.030566254611019184,0.030402455971449575,0.6961276374845665,169,True
gbm_shallow,ridge_pc50_hi,0.018873391961559387,-0.0013084024148349235,0.7269699106049462,169,False
gbm_shallow,ridge_pc50_lo,0.019214505140442484,-0.0026393051282191634,0.7243400618212513,169,False
gbm_shallow,ridge_pc50_lo__biased,0.019214505140442487,-0.0026393051282191634,0.7243400618212513,169,False
gbm_shallow,ridge_pc50_lo__inflated,0.019214505140442484,-0.0026393051282191634,0.7243400618212513,169,False
gbm_shallow,ridge_pc50_lo__noise0.5,0.11930495997162831,0.18316867614759152,0.29737026455389043,169,True
gbm_shallow,ridge_pc50_lo__noise1.5,0.14667382899398312,0.28346586148658276,0.1539701143848683,169,True
gbm_shallow,ridge_pc50_lo__shrunk,0.01921450514044247,-0.0026393051282191634,0.7243400618212513,169,False
gbm_shallow,ridge_pc50_lo__shuffled,0.13615799379634683,0.18857906909537017,0.24780252140122938,169,True
geno_mean,gxe_ridge,0.008467897475275115,0.07300845592700934,0.6807768826851857,169,True
geno_mean,knn10,0.026598702690799496,-0.0804048824668529,0.43258361430228165,169,False
geno_mean,knn10__biased,0.026598702690799506,-0.08208542264402349,0.43258361430228165,169,False
geno_mean,knn10__inflated,0.02659870269079949,-0.0804048824668529,0.43258361430228165,169,False
geno_mean,knn10__noise0.5,0.015026798343139369,0.15262609793941265,0.2778607004448749,169,True
geno_mean,knn10__noise1.5,0.0972953471189231,0.22006504878154134,0.17051360585683997,169,True
geno_mean,knn10__shrunk,0.026598702690799524,-0.08219892624886584,0.43258361430228165,169,False
geno_mean,knn10__shuffled,0.06844975806919787,0.1942571630979797,0.2143069357007341,169,True
geno_mean,knn50,0.05055736773603908,-0.03153221302808532,0.35466429369817065,169,False
geno_mean,markeronly_pc100,0.1430356027552511,0.04266177607376522,0.28857287710214835,169,True
geno_mean,markeronly_pc100__biased,0.1430356027552511,0.04266177607376522,0.28857287710214835,169,True
geno_mean,markeronly_pc100__inflated,0.1430356027552511,0.04266177607376522,0.28857287710214835,169,True
geno_mean,markeronly_pc100__noise0.5,0.08805246966374132,-0.03699793858948076,0.21898363009604918,169,False
geno_mean,markeronly_pc100__noise1.5,0.03249699713945254,0.17253055762366665,0.14450848998505603,169,True
geno_mean,markeronly_pc100__shrunk,0.1430356027552511,0.04266177607376522,0.28857287710214835,169,True
geno_mean,markeronly_pc25,0.1271098524359301,-0.022820612824941404,0.23066210457200195,169,False
geno_mean,mlp,0.07645151061444147,-0.024022400275201045,0.4088908875818431,169,False
geno_mean,mlp__biased,0.07645151061444147,-0.024022400275201045,0.4088908875818431,169,False
geno_mean,mlp__inflated,0.07645151061444147,-0.024022400275201045,0.4088908875818431,169,False
geno_mean,mlp__shrunk,0.07645151061444146,-0.024022400275201045,0.4088908875818431,169,False
geno_mean,reaction_norm,0.00871930128148767,0.07264931416805018,0.6815165276555999,169,True
geno_mean,reaction_norm__biased,0.00871930128148769,0.07264931416805018,0.6815165276555999,169,True
geno_mean,reaction_norm__inflated,0.008719301281487665,0.07264931416805018,0.6815165276555999,169,True
geno_mean,reaction_norm__noise0.5,0.08776188024449241,0.17456845041634764,0.2814198348532089,169,True
geno_mean,reaction_norm__noise1.5,0.14509985913947773,0.29372207662236566,0.156912433838704,169,True
geno_mean,reaction_norm__shrunk,0.008719301281487667,0.07264931416805018,0.6815165276555999,169,True
geno_mean,rf_large,0.018061417036201875,0.01294991052684769,0.4263330800151838,169,True
geno_mean,rf_large__biased,0.018061417036201906,0.01294991052684769,0.4263330800151838,169,True
geno_mean,rf_large__inflated,0.01806141703620188,0.01294991052684769,0.4263330800151838,169,True
geno_mean,rf_large__noise0.5,0.04154115065142331,0.15557630623391147,0.28037387746936504,169,True
geno_mean,rf_large__noise1.5,0.12407129630642123,0.3265271712819481,0.17372036661114582,169,True
geno_mean,rf_large__shrunk,0.018061417036201958,0.01294991052684769,0.4263330800151838,169,True
geno_mean,rf_large__shuffled,0.09507595194144809,0.2168799269283477,0.21370626100783055,169,True
geno_mean,rf_small,0.03691360863804303,0.026935305624939808,0.5568225430278398,169,True
geno_mean,ridge_pc100_hi,0.002728811191905527,-0.03912341046726253,0.7184926776475778,169,False
geno_mean,ridge_pc100_lo,0.002268447161241956,-0.03489660417764043,0.7156706476066129,169,False
geno_mean,ridge_pc10_hi,0.007987427880693426,0.07427668190529703,0.7768070649337552,169,True
geno_mean,ridge_pc10_lo,0.008275081574126784,0.07567160814881915,0.7740760681199181,169,True
geno_mean,ridge_pc25_hi,0.0011954385576046587,0.0639381446945614,0.7552563381070642,169,True
geno_mean,ridge_pc25_lo,0.0014870090197634822,0.06323475789530786,0.7556789923758723,169,True
geno_mean,ridge_pc50_hi,0.01020585362969632,-0.03152389950902335,0.7674848464940097,169,False
geno_mean,ridge_pc50_lo,0.009864740450813222,-0.030192996795639117,0.7667616380784936,169,False
geno_mean,ridge_pc50_lo__biased,0.009864740450813215,-0.030192996795639117,0.7667616380784936,169,False
geno_mean,ridge_pc50_lo__inflated,0.009864740450813217,-0.030192996795639117,0.7667616380784936,169,False
geno_mean,ridge_pc50_lo__noise0.5,0.09022571438037259,0.21600097807144975,0.2928421047387686,169,True
geno_mean,ridge_pc50_lo__noise1.5,0.11759458340272741,0.316298163410441,0.16153322162953893,169,True
geno_mean,ridge_pc50_lo__shrunk,0.009864740450813233,-0.030192996795639117,0.7667616380784936,169,False
geno_mean,ridge_pc50_lo__shuffled,0.10707874820509114,0.22141137101922848,0.2760245163687865,169,True
gxe_ridge,knn10,0.03506660016607461,-0.007396426539843555,0.37415921927515255,169,False
gxe_ridge,knn10__biased,0.03506660016607462,-0.009076966717014155,0.37415921927515255,169,False
gxe_ridge,knn10__inflated,0.0350666001660746,-0.007396426539843555,0.37415921927515255,169,False
gxe_ridge,knn10__noise0.5,0.006558900867864255,0.07961764201240332,0.2518539524838896,169,True
gxe_ridge,knn10__noise1.5,0.08882744964364797,0.14705659285453201,0.15622111144247589,169,True
gxe_ridge,knn10__shrunk,0.035066600166074643,-0.009190470321856496,0.37415921927515255,169,False
gxe_ridge,knn10__shuffled,0.059981860593922756,0.12124870717097037,0.20700869773413097,169,True
gxe_ridge,knn50,0.0590252652113142,0.041476242898924015,0.31544379641795944,169,True
gxe_ridge,markeronly_pc100,0.15150350023052622,0.11567023200077453,0.22653165289685573,169,True
gxe_ridge,markeronly_pc100__biased,0.15150350023052622,0.11567023200077453,0.22653165289685573,169,True
gxe_ridge,markeronly_pc100__inflated,0.15150350023052622,0.11567023200077453,0.22653165289685573,169,True
gxe_ridge,markeronly_pc100__noise0.5,0.09652036713901643,0.03601051733752859,0.1796267463537459,169,True
gxe_ridge,markeronly_pc100__noise1.5,0.024029099664177427,0.0995221016966573,0.13671506776855688,169,True
gxe_ridge,markeronly_pc100__shrunk,0.15150350023052622,0.11567023200077453,0.22653165289685573,169,True
gxe_ridge,markeronly_pc25,0.13557774991120522,0.05018784310206794,0.18911609943748767,169,True
gxe_ridge,mlp,0.0849194080897166,0.048986055651808316,0.41233737671312803,169,True
gxe_ridge,mlp__biased,0.0849194080897166,0.048986055651808316,0.41233737671312803,169,True
gxe_ridge,mlp__inflated,0.0849194080897166,0.048986055651808316,0.41233737671312803,169,True
gxe_ridge,mlp__shrunk,0.08491940808971658,0.048986055651808316,0.41233737671312803,169,True
gxe_ridge,reaction_norm,0.00025140380621255394,-0.0003591417589591498,0.9980769230769232,169,False
gxe_ridge,reaction_norm__biased,0.0002514038062125737,-0.0003591417589591498,0.9980769230769232,169,False
gxe_ridge,reaction_norm__inflated,0.0002514038062125448,-0.0003591417589591498,0.9980769230769232,169,False
gxe_ridge,reaction_norm__noise0.5,0.07929398276921727,0.10155999448933829,0.3113154010688064,169,True
gxe_ridge,reaction_norm__noise1.5,0.1366319616642026,0.2207136206953563,0.16167832076737065,169,True
gxe_ridge,reaction_norm__shrunk,0.000251403806212548,-0.0003591417589591498,0.9980769230769232,169,False
gxe_ridge,rf_large,0.02652931451147699,0.08595836645385704,0.39051713334881044,169,True
gxe_ridge,rf_large__biased,0.026529314511477022,0.08595836645385704,0.39051713334881044,169,True
gxe_ridge,rf_large__inflated,0.026529314511476994,0.08595836645385704,0.39051713334881044,169,True
gxe_ridge,rf_large__noise0.5,0.0330732531761482,0.08256785030690213,0.25486377482236355,169,True
gxe_ridge,rf_large__noise1.5,0.11560339883114615,0.25351871535493875,0.17014911748207157,169,True
gxe_ridge,rf_large__shrunk,0.026529314511477074,0.08595836645385704,0.39051713334881044,169,True
gxe_ridge,rf_large__shuffled,0.08660805446617298,0.14387147100133835,0.20314123022707167,169,True
gxe_ridge,rf_small,0.04538150611331815,0.09994376155194915,0.5372321588403445,169,True
gxe_ridge,ridge_pc100_hi,0.011196708667180645,0.03388504545974681,0.6911349576764088,169,True
gxe_ridge,ridge_pc100_lo,0.010736344636517074,0.03811185174936891,0.689951525723746,169,True
gxe_ridge,ridge_pc10_hi,0.00048046959458169136,-0.0012682259782876841,0.7756894752002623,169,False
gxe_ridge,ridge_pc10_lo,0.00019281590114833053,-0.0026631522218098225,0.7747791429289834,169,False
gxe_ridge,ridge_pc25_hi,0.007272458917670459,0.009070311232447937,0.8206957548359236,169,True
gxe_ridge,ridge_pc25_lo,0.006980888455511635,0.009773698031701484,0.8211184091047317,169,True
gxe_ridge,ridge_pc50_hi,0.018673751104971433,0.041484556417985985,0.7445745742991835,169,True
gxe_ridge,ridge_pc50_lo,0.018332637926088337,0.04281545913137022,0.7458237524714386,169,True
gxe_ridge,ridge_pc50_lo__biased,0.018332637926088326,0.04281545913137022,0.7458237524714386,169,True
gxe_ridge,ridge_pc50_lo__inflated,0.018332637926088333,0.04281545913137022,0.7458237524714386,169,True
gxe_ridge,ridge_pc50_lo__noise0.5,0.08175781690509748,0.14299252214444047,0.3001876662785238,169,True
gxe_ridge,ridge_pc50_lo__noise1.5,0.10912668592745228,0.24328970748343165,0.15880161764322323,169,True
gxe_ridge,ridge_pc50_lo__shrunk,0.01833263792608835,0.04281545913137022,0.7458237524714386,169,True
gxe_ridge,ridge_pc50_lo__shuffled,0.098610850729816,0.14840291509221912,0.26496040818660893,169,True
knn10,knn10__noise0.5,0.04162550103393886,0.07222121547255975,0.47715222984686856,169,True
knn10,knn10__noise1.5,0.12389404980972259,0.13966016631468847,0.2324361563245395,169,True
knn10,knn10__shuffled,0.09504846075999734,0.11385228063112682,0.3802820749286894,169,True
knn10,knn50,0.023958665045239597,0.048872669438767585,0.32725142845830446,169,True
knn10,markeronly_pc100,0.11643690006445163,0.1230666585406181,0.2054645324212112,169,True
knn10,markeronly_pc100__biased,0.1164369000644516,0.1230666585406181,0.2054645324212112,169,True
knn10,markeronly_pc100__inflated,0.1164369000644516,0.1230666585406181,0.2054645324212112,169,True
knn10,markeronly_pc100__noise0.5,0.061453766972941824,0.04340694387737213,0.18055293853245777,169,True
knn10,markeronly_pc100__noise1.5,0.05909569983025203,0.09212567515681376,0.15166023628733266,169,True
knn10,markeronly_pc100__shrunk,0.1164369000644516,0.1230666585406181,0.2054645324212112,169,True
knn10,markeronly_pc25,0.10051114974513062,0.05758426964191149,0.20745311653538193,169,True
knn10,mlp,0.049852807923641974,0.05638248219165186,0.3071480104860842,169,True
knn10,mlp__biased,0.049852807923641974,0.05638248219165186,0.3071480104860842,169,True
knn10,mlp__inflated,0.04985280792364199,0.05638248219165186,0.3071480104860842,169,True
knn10,mlp__shrunk,0.04985280792364197,0.05638248219165186,0.3071480104860842,169,True
knn10,reaction_norm,0.03531800397228717,-0.007755568298802704,0.37415921927515255,169,False
knn10,reaction_norm__biased,0.03531800397228718,-0.007755568298802704,0.37415921927515255,169,False
knn10,reaction_norm__inflated,0.03531800397228716,-0.007755568298802704,0.37415921927515255,169,False
knn10,reaction_norm__noise0.5,0.1143605829352919,0.09416356794949475,0.19512973347537024,169,True
knn10,reaction_norm__noise1.5,0.17169856183027724,0.21331719415551278,0.13602603272963082,169,True
knn10,reaction_norm__shrunk,0.03531800397228716,-0.007755568298802704,0.37415921927515255,169,False
knn10,rf_large,0.008537285654597618,-0.0933547929937006,0.32709182886999943,169,False
knn10,rf_large__biased,0.008537285654597592,-0.0933547929937006,0.32709182886999943,169,False
knn10,rf_large__inflated,0.00853728565459761,-0.0933547929937006,0.32709182886999943,169,False
knn10,rf_large__noise0.5,0.0681398533422228,0.07517142376705857,0.24172511448821712,169,True
knn10,rf_large__noise1.5,0.15066999899722072,0.24612228881509524,0.15671551469860623,169,True
knn10,rf_large__shrunk,0.008537285654597536,-0.0933547929937006,0.32709182886999943,169,False
knn10,rf_large__shuffled,0.12167465463224761,0.1364750444614948,0.1804849303386643,169,True
knn10,rf_small,0.010314905947243547,0.10734018809179273,0.37412261991203677,169,True
knn10,ridge_pc100_hi,0.02386989149889396,-0.04128147199959036,0.3798543135423427,169,False
knn10,ridge_pc100_lo,0.024330255529557535,-0.04550827828921246,0.3798543135423427,169,False
knn10,ridge_pc10_hi,0.034586130571492915,-0.006128200561555877,0.4043857678744822,169,False
knn10,ridge_pc10_lo,0.03487378426492627,-0.00473327431803374,0.4043857678744822,169,False
knn10,ridge_pc25_hi,0.02779414124840415,-0.016466737772291504,0.3744074700003025,169,False
knn10,ridge_pc25_lo,0.028085711710562972,-0.01717012457154505,0.3748301242691106,169,False
knn10,ridge_pc50_hi,0.016392849061103176,-0.048880982957829534,0.3946950052878378,169,False
knn10,ridge_pc50_lo,0.01673396223998628,-0.050211885671213784,0.3939717968723217,169,False
knn10,ridge_pc50_lo__biased,0.01673396223998628,-0.050211885671213784,0.3939717968723217,169,False
knn10,ridge_pc50_lo__inflated,0.01673396223998628,-0.050211885671213784,0.3939717968723217,169,False
knn10,ridge_pc50_lo__noise0.5,0.1168244170711721,0.1355960956045969,0.20376711531232342,169,True
knn10,ridge_pc50_lo__noise1.5,0.14419328609352688,0.2358932809435881,0.12667243200033468,169,True
knn10,ridge_pc50_lo__shrunk,0.01673396223998626,-0.050211885671213784,0.3939717968723217,169,False
knn10,ridge_pc50_lo__shuffled,0.13367745089589061,0.14100648855237555,0.16562798840774587,169,True
knn10__biased,knn10__noise0.5,0.041625501033938875,0.07054067529538915,0.47715222984686856,169,True
knn10__biased,knn10__noise1.5,0.12389404980972261,0.13797962613751788,0.2324361563245395,169,True
knn10__biased,knn10__shuffled,0.09504846075999736,0.11217174045395623,0.3817613648695178,169,True
knn10__biased,knn50,0.023958665045239587,0.05055320961593818,0.32725142845830446,169,True
knn10__biased,markeronly_pc100,0.1164369000644516,0.1247471987177887,0.2054645324212112,169,True
knn10__biased,markeronly_pc100__biased,0.1164369000644516,0.1247471987177887,0.2054645324212112,169,True
knn10__biased,markeronly_pc100__inflated,0.1164369000644516,0.1247471987177887,0.2054645324212112,169,True
knn10__biased,markeronly_pc100__noise0.5,0.0614537669729418,0.04508748405454273,0.18055293853245777,169,True
knn10__biased,markeronly_pc100__noise1.5,0.05909569983025205,0.09044513497964315,0.15166023628733266,169,True
knn10__biased,markeronly_pc100__shrunk,0.1164369000644516,0.1247471987177887,0.2054645324212112,169,True
knn10__biased,markeronly_pc25,0.10051114974513058,0.05926480981908209,0.20745311653538193,169,True
knn10__biased,mlp,0.04985280792364197,0.05806302236882245,0.3071480104860842,169,True
knn10__biased,mlp__biased,0.04985280792364197,0.05806302236882245,0.3071480104860842,169,True
knn10__biased,mlp__inflated,0.049852807923641974,0.05806302236882245,0.3071480104860842,169,True
knn10__biased,mlp__shrunk,0.049852807923641954,0.05806302236882245,0.3071480104860842,169,True
knn10__biased,reaction_norm,0.03531800397228717,-0.009436108475973301,0.37415921927515255,169,False
knn10__biased,reaction_norm__biased,0.03531800397228719,-0.009436108475973301,0.37415921927515255,169,False
knn10__biased,reaction_norm__inflated,0.03531800397228717,-0.009436108475973301,0.37415921927515255,169,False
knn10__biased,reaction_norm__noise0.5,0.1143605829352919,0.09248302777232413,0.19660902341619865,169,True
knn10__biased,reaction_norm__noise1.5,0.17169856183027724,0.21163665397834214,0.13602603272963082,169,True
knn10__biased,reaction_norm__shrunk,0.03531800397228717,-0.009436108475973301,0.37415921927515255,169,False
knn10__biased,rf_large,0.008537285654597628,-0.09503533317087119,0.32709182886999943,169,False
knn10__biased,rf_large__biased,0.008537285654597602,-0.09503533317087119,0.32709182886999943,169,False
knn10__biased,rf_large__inflated,0.008537285654597621,-0.09503533317087119,0.32709182886999943,169,False
knn10__biased,rf_large__noise0.5,0.0681398533422228,0.07349088358988796,0.24172511448821712,169,True
knn10__biased,rf_large__noise1.5,0.15066999899722078,0.24444174863792464,0.15671551469860623,169,True
knn10__biased,rf_large__shrunk,0.008537285654597548,-0.09503533317087119,0.32709182886999943,169,False
knn10__biased,rf_large__shuffled,0.12167465463224761,0.1347945042843242,0.1804849303386643,169,True
knn10__biased,rf_small,0.010314905947243531,0.10902072826896332,0.37412261991203677,169,True
knn10__biased,ridge_pc100_hi,0.02386989149889398,-0.04296201217676096,0.3798543135423427,169,False
knn10__biased,ridge_pc100_lo,0.02433025552955755,-0.04718881846638306,0.3798543135423427,169,False
knn10__biased,ridge_pc10_hi,0.03458613057149292,-0.007808740738726474,0.4043857678744822,169,False
knn10__biased,ridge_pc10_lo,0.03487378426492629,-0.006413814495204337,0.4043857678744822,169,False
knn10__biased,ridge_pc25_hi,0.02779414124840416,-0.0181472779494621,0.3744074700003025,169,False
knn10__biased,ridge_pc25_lo,0.02808571171056299,-0.018850664748715645,0.3748301242691106,169,False
knn10__biased,ridge_pc50_hi,0.016392849061103186,-0.05056152313500014,0.3946950052878378,169,False
knn10__biased,ridge_pc50_lo,0.016733962239986282,-0.05189242584838438,0.3939717968723217,169,False
knn10__biased,ridge_pc50_lo__biased,0.016733962239986293,-0.05189242584838438,0.3939717968723217,169,False
knn10__biased,ridge_pc50_lo__inflated,0.016733962239986282,-0.05189242584838438,0.3939717968723217,169,False
knn10__biased,ridge_pc50_lo__noise0.5,0.1168244170711721,0.13391555542742628,0.20376711531232342,169,True
knn10__biased,ridge_pc50_lo__noise1.5,0.1441932860935269,0.2342127407664175,0.12667243200033468,169,True
knn10__biased,ridge_pc50_lo__shrunk,0.016733962239986272,-0.05189242584838438,0.3939717968723217,169,False
knn10__biased,ridge_pc50_lo__shuffled,0.13367745089589061,0.13932594837520496,0.16562798840774587,169,True
knn10__inflated,knn10__noise0.5,0.04162550103393886,0.07222121547255975,0.47715222984686856,169,True
knn10__inflated,knn10__noise1.5,0.12389404980972259,0.13966016631468847,0.2324361563245395,169,True
knn10__inflated,knn10__shuffled,0.09504846075999734,0.11385228063112682,0.3802820749286894,169,True
knn10__inflated,knn50,0.0239586650452396,0.048872669438767585,0.32725142845830446,169,True
knn10__inflated,markeronly_pc100,0.11643690006445163,0.1230666585406181,0.2054645324212112,169,True
knn10__inflated,markeronly_pc100__biased,0.11643690006445163,0.1230666585406181,0.2054645324212112,169,True
knn10__inflated,markeronly_pc100__inflated,0.11643690006445163,0.1230666585406181,0.2054645324212112,169,True
knn10__inflated,markeronly_pc100__noise0.5,0.061453766972941824,0.04340694387737213,0.18055293853245777,169,True
knn10__inflated,markeronly_pc100__noise1.5,0.05909569983025203,0.09212567515681376,0.15166023628733266,169,True
knn10__inflated,markeronly_pc100__shrunk,0.11643690006445163,0.1230666585406181,0.2054645324212112,169,True
knn10__inflated,markeronly_pc25,0.1005111497451306,0.05758426964191149,0.20745311653538193,169,True
knn10__inflated,mlp,0.04985280792364199,0.05638248219165186,0.3071480104860842,169,True
knn10__inflated,mlp__biased,0.04985280792364199,0.05638248219165186,0.3071480104860842,169,True
knn10__inflated,mlp__inflated,0.04985280792364199,0.05638248219165186,0.3071480104860842,169,True
knn10__inflated,mlp__shrunk,0.049852807923641974,0.05638248219165186,0.3071480104860842,169,True
knn10__inflated,reaction_norm,0.03531800397228716,-0.007755568298802704,0.37415921927515255,169,False
knn10__inflated,reaction_norm__biased,0.03531800397228717,-0.007755568298802704,0.37415921927515255,169,False
knn10__inflated,reaction_norm__inflated,0.03531800397228715,-0.007755568298802704,0.37415921927515255,169,False
knn10__inflated,reaction_norm__noise0.5,0.1143605829352919,0.09416356794949475,0.19512973347537024,169,True
knn10__inflated,reaction_norm__noise1.5,0.1716985618302772,0.21331719415551278,0.13602603272963082,169,True
knn10__inflated,reaction_norm__shrunk,0.03531800397228716,-0.007755568298802704,0.37415921927515255,169,False
knn10__inflated,rf_large,0.008537285654597613,-0.0933547929937006,0.32709182886999943,169,False
knn10__inflated,rf_large__biased,0.008537285654597588,-0.0933547929937006,0.32709182886999943,169,False
knn10__inflated,rf_large__inflated,0.008537285654597606,-0.0933547929937006,0.32709182886999943,169,False
knn10__inflated,rf_large__noise0.5,0.06813985334222279,0.07517142376705857,0.24172511448821712,169,True
knn10__inflated,rf_large__noise1.5,0.15066999899722078,0.24612228881509524,0.15671551469860623,169,True
knn10__inflated,rf_large__shrunk,0.008537285654597533,-0.0933547929937006,0.32709182886999943,169,False
knn10__inflated,rf_large__shuffled,0.12167465463224758,0.1364750444614948,0.1804849303386643,169,True
knn10__inflated,rf_small,0.010314905947243547,0.10734018809179273,0.37412261991203677,169,True
knn10__inflated,ridge_pc100_hi,0.023869891498893958,-0.04128147199959036,0.3798543135423427,169,False
knn10__inflated,ridge_pc100_lo,0.024330255529557535,-0.04550827828921246,0.3798543135423427,169,False
knn10__inflated,ridge_pc10_hi,0.03458613057149291,-0.006128200561555877,0.4043857678744822,169,False
knn10__inflated,ridge_pc10_lo,0.03487378426492627,-0.00473327431803374,0.4043857678744822,169,False
knn10__inflated,ridge_pc25_hi,0.027794141248404142,-0.016466737772291504,0.3744074700003025,169,False
knn10__inflated,ridge_pc25_lo,0.028085711710562972,-0.01717012457154505,0.3748301242691106,169,False
knn10__inflated,ridge_pc50_hi,0.01639284906110317,-0.048880982957829534,0.3946950052878378,169,False
knn10__inflated,ridge_pc50_lo,0.01673396223998627,-0.050211885671213784,0.3939717968723217,169,False
knn10__inflated,ridge_pc50_lo__biased,0.016733962239986272,-0.050211885671213784,0.3939717968723217,169,False
knn10__inflated,ridge_pc50_lo__inflated,0.016733962239986265,-0.050211885671213784,0.3939717968723217,169,False
knn10__inflated,ridge_pc50_lo__noise0.5,0.1168244170711721,0.1355960956045969,0.20376711531232342,169,True
knn10__inflated,ridge_pc50_lo__noise1.5,0.14419328609352688,0.2358932809435881,0.12667243200033468,169,True
knn10__inflated,ridge_pc50_lo__shrunk,0.016733962239986255,-0.050211885671213784,0.3939717968723217,169,False
knn10__inflated,ridge_pc50_lo__shuffled,0.13367745089589061,0.14100648855237555,0.16562798840774587,169,True
knn10__noise0.5,knn10__noise1.5,0.08226854877578374,0.0674389508421287,0.19556406287044753,169,True
knn10__noise0.5,knn10__shrunk,0.041625501033938896,0.07042717169054681,0.47715222984686856,169,True
knn10__noise0.5,knn10__shuffled,0.05342295972605849,0.041631065158567064,0.24582424851596396,169,True
knn10__noise0.5,knn50,0.06558416607917845,0.12109388491132735,0.2443382333511251,169,True
knn10__noise0.5,markeronly_pc100,0.15806240109839048,0.19528787401317785,0.177712663212408,169,True
knn10__noise0.5,markeronly_pc100__biased,0.15806240109839045,0.19528787401317785,0.177712663212408,169,True
knn10__noise0.5,markeronly_pc100__inflated,0.15806240109839048,0.19528787401317785,0.177712663212408,169,True
knn10__noise0.5,markeronly_pc100__noise0.5,0.10307926800688068,0.11562815934993187,0.17649086652604448,169,True
knn10__noise0.5,markeronly_pc100__noise1.5,0.017470198796313167,0.01990445968425399,0.14356063836531271,169,True
knn10__noise0.5,markeronly_pc100__shrunk,0.15806240109839045,0.19528787401317785,0.177712663212408,169,True
knn10__noise0.5,markeronly_pc25,0.1421366507790695,0.12980548511447126,0.1938868504213196,169,True
knn10__noise0.5,mlp,0.09147830895758084,0.12860369766421162,0.2367958243630486,169,True
knn10__noise0.5,mlp__biased,0.09147830895758086,0.12860369766421162,0.2367958243630486,169,True
knn10__noise0.5,mlp__inflated,0.09147830895758084,0.12860369766421162,0.2367958243630486,169,True
knn10__noise0.5,mlp__shrunk,0.09147830895758083,0.12860369766421162,0.2367958243630486,169,True
knn10__noise0.5,reaction_norm,0.0063074970616517,0.07997678377136247,0.2518539524838896,169,True
knn10__noise0.5,reaction_norm__biased,0.006307497061651682,0.07997678377136247,0.2518539524838896,169,True
knn10__noise0.5,reaction_norm__inflated,0.00630749706165171,0.07997678377136247,0.2518539524838896,169,True
knn10__noise0.5,reaction_norm__noise0.5,0.07273508190135303,0.021942352476934993,0.1710974738099881,169,True
knn10__noise0.5,reaction_norm__noise1.5,0.13007306079633835,0.14109597868295298,0.11813709741035497,169,True
knn10__noise0.5,reaction_norm__shrunk,0.006307497061651708,0.07997678377136247,0.2518539524838896,169,True
knn10__noise0.5,rf_large,0.03308821537934124,0.16557600846626036,0.23692966208540206,169,True
knn10__noise0.5,rf_large__biased,0.03308821537934128,0.16557600846626036,0.23692966208540206,169,True
knn10__noise0.5,rf_large__inflated,0.03308821537934125,0.16557600846626036,0.23692966208540206,169,True
knn10__noise0.5,rf_large__noise0.5,0.026514352308283935,0.0029502082944988066,0.18003190407957426,169,True
knn10__noise0.5,rf_large__noise1.5,0.10904449796328188,0.1739010733425355,0.13032793217354496,169,True
knn10__noise0.5,rf_large__shrunk,0.03308821537934133,0.16557600846626036,0.23692966208540206,169,True
knn10__noise0.5,rf_large__shuffled,0.08004915359830873,0.06425382898893506,0.15603277738862156,169,True
knn10__noise0.5,rf_small,0.051940406981182415,0.17956140356435243,0.27648811815115937,169,True
knn10__noise0.5,ridge_pc100_hi,0.017755609535044896,0.11350268747215012,0.24519011993248307,169,True
knn10__noise0.5,ridge_pc100_lo,0.01729524550438133,0.1177294937617722,0.24637355188514581,169,True
knn10__noise0.5,ridge_pc10_hi,0.007039370462445948,0.07834941603411563,0.25930801637796574,169,True
knn10__noise0.5,ridge_pc10_lo,0.0067517167690125945,0.07695448979059348,0.25885285024232624,169,True
knn10__noise0.5,ridge_pc25_hi,0.013831359785534713,0.08868795324485124,0.24948850209290202,169,True
knn10__noise0.5,ridge_pc25_lo,0.013539789323375889,0.08939134004410479,0.24948850209290202,169,True
knn10__noise0.5,ridge_pc50_hi,0.025232651972835692,0.1211021984303893,0.254972940955223,169,True
knn10__noise0.5,ridge_pc50_lo,0.02489153879395259,0.12243310114377352,0.25455028668641483,169,True
knn10__noise0.5,ridge_pc50_lo__biased,0.024891538793952582,0.12243310114377352,0.25455028668641483,169,True
knn10__noise0.5,ridge_pc50_lo__inflated,0.02489153879395259,0.12243310114377352,0.25455028668641483,169,True
knn10__noise0.5,ridge_pc50_lo__noise0.5,0.07519891603723322,0.06337488013203715,0.1821670926275597,169,True
knn10__noise0.5,ridge_pc50_lo__noise1.5,0.10256778505958804,0.16367206547102836,0.11636897593709972,169,True
knn10__noise0.5,ridge_pc50_lo__shrunk,0.02489153879395261,0.12243310114377352,0.25455028668641483,169,True
knn10__noise0.5,ridge_pc50_lo__shuffled,0.09205194986195174,0.0687852730798158,0.1379107775151626,169,True
knn10__noise1.5,knn10__shrunk,0.12389404980972263,0.13786612253267552,0.23302787230087088,169,True
knn10__noise1.5,knn10__shuffled,0.02884558904972524,0.025807885683561616,0.17340887351588555,169,True
knn10__noise1.5,knn50,0.14785271485496218,0.188532835753456,0.1585184841914387,169,True
knn10__noise1.5,markeronly_pc100,0.24033094987417425,0.2627268248553066,0.1273392974237482,169,True
knn10__noise1.5,markeronly_pc100__biased,0.2403309498741742,0.2627268248553066,0.1273392974237482,169,True
knn10__noise1.5,markeronly_pc100__inflated,0.24033094987417425,0.2627268248553066,0.1273392974237482,169,True
knn10__noise1.5,markeronly_pc100__noise0.5,0.18534781678266443,0.18306711019206057,0.11697900466705152,169,True
knn10__noise1.5,markeronly_pc100__noise1.5,0.06479834997947057,0.047534491157874705,0.10135374870826282,169,True
knn10__noise1.5,markeronly_pc100__shrunk,0.2403309498741742,0.2627268248553066,0.1273392974237482,169,True
knn10__noise1.5,markeronly_pc25,0.22440519955485325,0.1972444359565999,0.14070566545496316,169,True
knn10__noise1.5,mlp,0.17374685773336457,0.19604264850634034,0.14992061948544103,169,True
knn10__noise1.5,mlp__biased,0.17374685773336457,0.19604264850634034,0.14992061948544103,169,True
knn10__noise1.5,mlp__inflated,0.1737468577333646,0.19604264850634034,0.14992061948544103,169,True
knn10__noise1.5,mlp__shrunk,0.17374685773336457,0.19604264850634034,0.14992061948544103,169,True
knn10__noise1.5,reaction_norm,0.08857604583743543,0.14741573461349114,0.15622111144247589,169,True
knn10__noise1.5,reaction_norm__biased,0.0885760458374354,0.14741573461349114,0.15622111144247589,169,True
knn10__noise1.5,reaction_norm__inflated,0.08857604583743543,0.14741573461349114,0.15622111144247589,169,True
knn10__noise1.5,reaction_norm__noise0.5,0.0095334668744307,0.045496598365193715,0.13684397163926837,169,True
knn10__noise1.5,reaction_norm__noise1.5,0.04780451202055462,0.0736570278408243,0.11818181283428156,169,True
knn10__noise1.5,reaction_norm__shrunk,0.08857604583743543,0.14741573461349114,0.15622111144247589,169,True
knn10__noise1.5,rf_large,0.11535676415512497,0.23301495930838906,0.161415645692635,169,True
knn10__noise1.5,rf_large__biased,0.115356764155125,0.23301495930838906,0.161415645692635,169,True
knn10__noise1.5,rf_large__inflated,0.11535676415512497,0.23301495930838906,0.161415645692635,169,True
knn10__noise1.5,rf_large__noise0.5,0.055754196467499795,0.06448874254762989,0.12893430412929496,169,True
knn10__noise1.5,rf_large__noise1.5,0.026775949187498142,0.10646212250040679,0.10979580444720875,169,True
knn10__noise1.5,rf_large__shrunk,0.11535676415512505,0.23301495930838906,0.161415645692635,169,True
knn10__noise1.5,rf_large__shuffled,0.0022193951774750103,0.0031851218531936364,0.10819950195011392,169,True
knn10__noise1.5,rf_small,0.13420895575696612,0.2470003544064812,0.16738917975819934,169,True
knn10__noise1.5,ridge_pc100_hi,0.10002415831082863,0.1809416383142788,0.16166226632850775,169,True
knn10__noise1.5,ridge_pc100_lo,0.09956379428016504,0.18516844460390092,0.16166226632850775,169,True
knn10__noise1.5,ridge_pc10_hi,0.08930791923822969,0.14578836687624433,0.15621338443770746,169,True
knn10__noise1.5,ridge_pc10_lo,0.0890202655447963,0.14439344063272216,0.15575821830206793,169,True
knn10__noise1.5,ridge_pc25_hi,0.09609990856131843,0.15612690408697993,0.16178937788194886,169,True
knn10__noise1.5,ridge_pc25_lo,0.09580833809915962,0.15683029088623346,0.16178937788194886,169,True
knn10__noise1.5,ridge_pc50_hi,0.10750120074861942,0.18854114927251797,0.17119298107142408,169,True
knn10__noise1.5,ridge_pc50_lo,0.1071600875697363,0.18987205198590223,0.17119298107142408,169,True
knn10__noise1.5,ridge_pc50_lo__biased,0.1071600875697363,0.18987205198590223,0.17119298107142408,169,True
knn10__noise1.5,ridge_pc50_lo__inflated,0.10716008756973633,0.18987205198590223,0.17119298107142408,169,True
knn10__noise1.5,ridge_pc50_lo__noise0.5,0.007069632738550504,0.004064070710091548,0.12166228015043226,169,True
knn10__noise1.5,ridge_pc50_lo__noise1.5,0.02029923628380431,0.09623311462889968,0.11291211696887891,169,True
knn10__noise1.5,ridge_pc50_lo__shrunk,0.10716008756973634,0.18987205198590223,0.17119298107142408,169,True
knn10__noise1.5,ridge_pc50_lo__shuffled,0.00978340108616802,0.001346322237687116,0.12520323775544642,169,True
knn10__shrunk,knn10__shuffled,0.09504846075999739,0.11205823684911388,0.3817613648695178,169,True
knn10__shrunk,knn50,0.023958665045239566,0.05066671322078052,0.32725142845830446,169,True
knn10__shrunk,markeronly_pc100,0.11643690006445159,0.12486070232263104,0.2054645324212112,169,True
knn10__shrunk,markeronly_pc100__biased,0.11643690006445159,0.12486070232263104,0.2054645324212112,169,True
knn10__shrunk,markeronly_pc100__inflated,0.11643690006445159,0.12486070232263104,0.2054645324212112,169,True
knn10__shrunk,markeronly_pc100__noise0.5,0.0614537669729418,0.04520098765938507,0.18055293853245777,169,True
knn10__shrunk,markeronly_pc100__noise1.5,0.05909569983025207,0.09033163137480081,0.15166023628733266,169,True
knn10__shrunk,markeronly_pc100__shrunk,0.11643690006445157,0.12486070232263104,0.2054645324212112,169,True
knn10__shrunk,markeronly_pc25,0.10051114974513058,0.05937831342392443,0.20745311653538193,169,True
knn10__shrunk,mlp,0.04985280792364195,0.058176525973664794,0.3071480104860842,169,True
knn10__shrunk,mlp__biased,0.049852807923641954,0.058176525973664794,0.3071480104860842,169,True
knn10__shrunk,mlp__inflated,0.049852807923641954,0.058176525973664794,0.3071480104860842,169,True
knn10__shrunk,mlp__shrunk,0.04985280792364195,0.058176525973664794,0.3071480104860842,169,True
knn10__shrunk,reaction_norm,0.03531800397228719,-0.009549612080815645,0.37415921927515255,169,False
knn10__shrunk,reaction_norm__biased,0.0353180039722872,-0.009549612080815645,0.37415921927515255,169,False
knn10__shrunk,reaction_norm__inflated,0.03531800397228718,-0.009549612080815645,0.37415921927515255,169,False
knn10__shrunk,reaction_norm__noise0.5,0.11436058293529192,0.09236952416748179,0.19660902341619865,169,True
knn10__shrunk,reaction_norm__noise1.5,0.17169856183027724,0.2115231503734998,0.13602603272963082,169,True
knn10__shrunk,reaction_norm__shrunk,0.03531800397228719,-0.009549612080815645,0.37415921927515255,169,False
knn10__shrunk,rf_large,0.008537285654597647,-0.09514883677571354,0.32709182886999943,169,False
knn10__shrunk,rf_large__biased,0.008537285654597621,-0.09514883677571354,0.32709182886999943,169,False
knn10__shrunk,rf_large__inflated,0.008537285654597639,-0.09514883677571354,0.32709182886999943,169,False
knn10__shrunk,rf_large__noise0.5,0.06813985334222283,0.07337737998504562,0.24172511448821712,169,True
knn10__shrunk,rf_large__noise1.5,0.15066999899722078,0.24432824503308231,0.15671551469860623,169,True
knn10__shrunk,rf_large__shrunk,0.008537285654597564,-0.09514883677571354,0.32709182886999943,169,False
knn10__shrunk,rf_large__shuffled,0.12167465463224762,0.13468100067948188,0.1804849303386643,169,True
knn10__shrunk,rf_small,0.010314905947243515,0.10913423187380566,0.37412261991203677,169,True
knn10__shrunk,ridge_pc100_hi,0.02386989149889399,-0.0430755157816033,0.3798543135423427,169,False
knn10__shrunk,ridge_pc100_lo,0.024330255529557566,-0.0473023220712254,0.3798543135423427,169,False
knn10__shrunk,ridge_pc10_hi,0.03458613057149294,-0.007922244343568814,0.4043857678744822,169,False
knn10__shrunk,ridge_pc10_lo,0.03487378426492631,-0.006527318100046675,0.4043857678744822,169,False
knn10__shrunk,ridge_pc25_hi,0.027794141248404174,-0.018260781554304443,0.3744074700003025,169,False
knn10__shrunk,ridge_pc25_lo,0.028085711710563004,-0.01896416835355799,0.3748301242691106,169,False
knn10__shrunk,ridge_pc50_hi,0.016392849061103207,-0.050675026739842484,0.3946950052878378,169,False
knn10__shrunk,ridge_pc50_lo,0.0167339622399863,-0.052005929453226726,0.3939717968723217,169,False
knn10__shrunk,ridge_pc50_lo__biased,0.016733962239986303,-0.052005929453226726,0.3939717968723217,169,False
knn10__shrunk,ridge_pc50_lo__inflated,0.0167339622399863,-0.052005929453226726,0.3939717968723217,169,False
knn10__shrunk,ridge_pc50_lo__noise0.5,0.11682441707117212,0.13380205182258395,0.20376711531232342,169,True
knn10__shrunk,ridge_pc50_lo__noise1.5,0.14419328609352694,0.23409923716157519,0.12667243200033468,169,True
knn10__shrunk,ridge_pc50_lo__shrunk,0.016733962239986293,-0.052005929453226726,0.3939717968723217,169,False
knn10__shrunk,ridge_pc50_lo__shuffled,0.13367745089589061,0.13921244477036263,0.16562798840774587,169,True
knn10__shuffled,knn50,0.11900712580523697,0.1627249500698944,0.20186620419999843,169,True
knn10__shuffled,markeronly_pc100,0.21148536082444896,0.23691893917174492,0.15598985512782879,169,True
knn10__shuffled,markeronly_pc100__biased,0.211485360824449,0.23691893917174492,0.15598985512782879,169,True
knn10__shuffled,markeronly_pc100__inflated,0.21148536082444896,0.23691893917174492,0.15598985512782879,169,True
knn10__shuffled,markeronly_pc100__noise0.5,0.15650222773293918,0.15725922450849897,0.12564157924375213,169,True
knn10__shuffled,markeronly_pc100__noise1.5,0.03595276092974533,0.02172660547431307,0.1249315387825062,169,True
knn10__shuffled,markeronly_pc100__shrunk,0.21148536082444896,0.23691893917174492,0.15598985512782879,169,True
knn10__shuffled,markeronly_pc25,0.195559610505128,0.17143655027303834,0.1753005102440218,169,True
knn10__shuffled,mlp,0.1449012686836393,0.1702347628227787,0.16739163643041066,169,True
knn10__shuffled,mlp__biased,0.14490126868363934,0.1702347628227787,0.16739163643041066,169,True
knn10__shuffled,mlp__inflated,0.14490126868363934,0.1702347628227787,0.16739163643041066,169,True
knn10__shuffled,mlp__shrunk,0.1449012686836393,0.1702347628227787,0.16739163643041066,169,True
knn10__shuffled,reaction_norm,0.05973045678771019,0.12160784892992953,0.20582526578146823,169,True
knn10__shuffled,reaction_norm__biased,0.05973045678771017,0.12160784892992953,0.20582526578146823,169,True
knn10__shuffled,reaction_norm__inflated,0.059730456787710204,0.12160784892992953,0.20582526578146823,169,True
knn10__shuffled,reaction_norm__noise0.5,0.01931212217529454,-0.01968871268163207,0.15348414387339437,169,False
knn10__shuffled,reaction_norm__noise1.5,0.07665010107027988,0.09946491352438593,0.11651912138677967,169,True
knn10__shuffled,reaction_norm__shrunk,0.059730456787710204,0.12160784892992953,0.20582526578146823,169,True
knn10__shuffled,rf_large,0.08651117510539973,0.2072070736248274,0.1990100978592491,169,True
knn10__shuffled,rf_large__biased,0.08651117510539977,0.2072070736248274,0.1990100978592491,169,True
knn10__shuffled,rf_large__inflated,0.08651117510539974,0.2072070736248274,0.1990100978592491,169,True
knn10__shuffled,rf_large__noise0.5,0.02690860741777455,0.03868085686406826,0.15931557727906076,169,True
knn10__shuffled,rf_large__noise1.5,0.055621538237223385,0.13227000818396842,0.12147297002375704,169,True
knn10__shuffled,rf_large__shrunk,0.08651117510539982,0.2072070736248274,0.1990100978592491,169,True
knn10__shuffled,rf_large__shuffled,0.026626193872250226,0.022622763830367987,0.13861148590150316,169,True
knn10__shuffled,rf_small,0.1053633667072409,0.22119246872291953,0.21178694542338497,169,True
knn10__shuffled,ridge_pc100_hi,0.0711785692611034,0.1551337526307172,0.20054567573934318,169,True
knn10__shuffled,ridge_pc100_lo,0.07071820523043981,0.1593605589203393,0.20054567573934318,169,True
knn10__shuffled,ridge_pc10_hi,0.06046233018850443,0.11998048119268268,0.21642562583526959,169,True
knn10__shuffled,ridge_pc10_lo,0.06017467649507108,0.11858555494916055,0.21506012742835104,169,True
knn10__shuffled,ridge_pc25_hi,0.0672543195115932,0.1303190184034183,0.20762721557936947,169,True
knn10__shuffled,ridge_pc25_lo,0.06696274904943438,0.1310224052026719,0.20720456131056136,169,True
knn10__shuffled,ridge_pc50_hi,0.07865561169889418,0.16273326358895637,0.20784903857715653,169,True
knn10__shuffled,ridge_pc50_lo,0.07831449852001109,0.16406416630234058,0.20808384650427217,169,True
knn10__shuffled,ridge_pc50_lo__biased,0.07831449852001109,0.16406416630234058,0.20808384650427217,169,True
knn10__shuffled,ridge_pc50_lo__inflated,0.07831449852001109,0.16406416630234058,0.20808384650427217,169,True
knn10__shuffled,ridge_pc50_lo__noise0.5,0.021775956311174738,0.021743814973470072,0.12876134103869583,169,True
knn10__shuffled,ridge_pc50_lo__noise1.5,0.049144825333529554,0.12204100031246129,0.12246644842046803,169,True
knn10__shuffled,ridge_pc50_lo__shrunk,0.07831449852001109,0.16406416630234058,0.20808384650427217,169,True
knn10__shuffled,ridge_pc50_lo__shuffled,0.038628990135893264,0.027154207921248754,0.1277738392886388,169,True
knn50,markeronly_pc100,0.09247823501921203,0.07419398910185053,0.25749996584418766,169,True
knn50,markeronly_pc100__biased,0.09247823501921201,0.07419398910185053,0.25749996584418766,169,True
knn50,markeronly_pc100__inflated,0.09247823501921203,0.07419398910185053,0.25749996584418766,169,True
knn50,markeronly_pc100__noise0.5,0.037495101927702223,-0.0054657255613954495,0.20462545270018062,169,False
knn50,markeronly_pc100__noise1.5,0.08305436487549163,0.14099834459558133,0.18130122586382696,169,True
knn50,markeronly_pc100__shrunk,0.09247823501921203,0.07419398910185053,0.25749996584418766,169,True
knn50,markeronly_pc25,0.07655248469989102,0.00871160020314391,0.26590586188676363,169,True
knn50,mlp,0.025894142878402384,0.0075098127528842595,0.31982233342992,169,True
knn50,mlp__biased,0.025894142878402384,0.0075098127528842595,0.31982233342992,169,True
knn50,mlp__inflated,0.025894142878402384,0.0075098127528842595,0.31982233342992,169,True
knn50,mlp__shrunk,0.025894142878402374,0.0075098127528842595,0.31982233342992,169,True
knn50,reaction_norm,0.05927666901752676,0.04111710113996487,0.31544379641795944,169,True
knn50,reaction_norm__biased,0.059276669017526776,0.04111710113996487,0.31544379641795944,169,True
knn50,reaction_norm__inflated,0.059276669017526755,0.04111710113996487,0.31544379641795944,169,True
knn50,reaction_norm__noise0.5,0.13831924798053147,0.14303623738826235,0.1869460990411065,169,True
knn50,reaction_norm__noise1.5,0.19565722687551682,0.2621898635942803,0.1315402748815624,169,True
knn50,reaction_norm__shrunk,0.059276669017526755,0.04111710113996487,0.31544379641795944,169,True
knn50,rf_large,0.032495950699837205,-0.04448212355493301,0.2753251606715596,169,False
knn50,rf_large__biased,0.032495950699837184,-0.04448212355493301,0.2753251606715596,169,False
knn50,rf_large__inflated,0.032495950699837205,-0.04448212355493301,0.2753251606715596,169,False
knn50,rf_large__noise0.5,0.09209851838746241,0.12404409320582614,0.19560477663490694,169,True
knn50,rf_large__noise1.5,0.17462866404246036,0.2949949582538628,0.14019956393604469,169,True
knn50,rf_large__shrunk,0.03249595069983713,-0.04448212355493301,0.2753251606715596,169,False
knn50,rf_large__shuffled,0.1456333196774872,0.18534771390026236,0.15362958062453583,169,True
knn50,rf_small,0.013643759097996058,-0.05846751865302513,0.3381093572572897,169,False
knn50,ridge_pc100_hi,0.04782855654413356,0.007591197439177215,0.3123583296579567,169,True
knn50,ridge_pc100_lo,0.04828892057479713,0.003364391149555106,0.30999146575263126,169,True
knn50,ridge_pc10_hi,0.05854479561673251,0.042744468877211714,0.3274577320580616,169,True
knn50,ridge_pc10_lo,0.05883244931016587,0.04413939512073384,0.3260922336511431,169,True
knn50,ridge_pc25_hi,0.051752806293643754,0.03240593166647607,0.32533730429963303,169,True
knn50,ridge_pc25_lo,0.05204437675580258,0.03170254486722252,0.32533730429963303,169,True
knn50,ridge_pc50_hi,0.04035151410634277,-8.313519061955906e-06,0.3474111198150931,169,False
knn50,ridge_pc50_lo,0.04069262728522587,-0.0013392162324461906,0.3477680278643088,169,False
knn50,ridge_pc50_lo__biased,0.04069262728522587,-0.0013392162324461906,0.3477680278643088,169,False
knn50,ridge_pc50_lo__inflated,0.04069262728522587,-0.0013392162324461906,0.3477680278643088,169,False
knn50,ridge_pc50_lo__noise0.5,0.1407830821164117,0.1844687650433645,0.1966456569831726,169,True
knn50,ridge_pc50_lo__noise1.5,0.16815195113876652,0.2847659503823557,0.12796466922099967,169,True
knn50,ridge_pc50_lo__shrunk,0.04069262728522585,-0.0013392162324461906,0.3477680278643088,169,False
knn50,ridge_pc50_lo__shuffled,0.1576361159411302,0.18987915799114313,0.13562607765028703,169,True
markeronly_pc100,markeronly_pc100__noise0.5,0.0549831330915098,0.07965971466324598,0.4957946451733213,169,True
markeronly_pc100,markeronly_pc100__noise1.5,0.17553259989470366,0.21519233369743188,0.23766324929963112,169,True
markeronly_pc100,markeronly_pc25,0.01592575031932102,0.06548238889870663,0.5060402301572265,169,True
markeronly_pc100,mlp,0.06658409214080964,0.06668417634896624,0.24369765454138517,169,True
markeronly_pc100,mlp__biased,0.06658409214080964,0.06668417634896624,0.24369765454138517,169,True
markeronly_pc100,mlp__inflated,0.06658409214080964,0.06668417634896624,0.24369765454138517,169,True
markeronly_pc100,mlp__shrunk,0.06658409214080967,0.06668417634896624,0.24369765454138517,169,True
markeronly_pc100,reaction_norm,0.1517549040367388,0.11531109024181538,0.225348220944193,169,True
markeronly_pc100,reaction_norm__biased,0.1517549040367388,0.11531109024181538,0.225348220944193,169,True
markeronly_pc100,reaction_norm__inflated,0.15175490403673877,0.11531109024181538,0.225348220944193,169,True
markeronly_pc100,reaction_norm__noise0.5,0.23079748299974356,0.21723022649011284,0.15206496356417423,169,True
markeronly_pc100,reaction_norm__noise1.5,0.28813546189472883,0.33638385269613086,0.09245612813172317,169,True
markeronly_pc100,reaction_norm__shrunk,0.1517549040367388,0.11531109024181538,0.225348220944193,169,True
markeronly_pc100,rf_large,0.12497418571904925,0.029711865546917522,0.1902334238092673,169,True
markeronly_pc100,rf_large__biased,0.12497418571904921,0.029711865546917522,0.1902334238092673,169,True
markeronly_pc100,rf_large__inflated,0.12497418571904922,0.029711865546917522,0.1902334238092673,169,True
markeronly_pc100,rf_large__noise0.5,0.18457675340667443,0.19823808230767664,0.17066969271277577,169,True
markeronly_pc100,rf_large__noise1.5,0.2671068990616724,0.3691889473557134,0.12016898745840461,169,True
markeronly_pc100,rf_large__shrunk,0.12497418571904914,0.029711865546917522,0.1902334238092673,169,True
markeronly_pc100,rf_large__shuffled,0.2381115546966992,0.25954170300211293,0.1252815846836559,169,True
markeronly_pc100,rf_small,0.10612199411720807,0.015726470448825376,0.2295921997514378,169,True
markeronly_pc100,ridge_pc100_hi,0.14030679156334558,0.08178518654102772,0.2570337594177662,169,True
markeronly_pc100,ridge_pc100_lo,0.14076715559400915,0.07755838025140563,0.2565785932821267,169,True
markeronly_pc100,ridge_pc10_hi,0.15102303063594455,0.11693845797906222,0.25559051455148196,169,True
markeronly_pc100,ridge_pc10_lo,0.1513106843293779,0.11833338422258437,0.25559051455148196,169,True
markeronly_pc100,ridge_pc25_hi,0.14423104131285577,0.10659992076832661,0.24426311757750244,169,True
markeronly_pc100,ridge_pc25_lo,0.1445226117750146,0.10589653396907307,0.24384046330869433,169,True
markeronly_pc100,ridge_pc50_hi,0.13282974912555479,0.07418567558278855,0.24497888527389838,169,True
markeronly_pc100,ridge_pc50_lo,0.1331708623044379,0.07285477286940431,0.24133466624506394,169,True
markeronly_pc100,ridge_pc50_lo__biased,0.1331708623044379,0.07285477286940431,0.24133466624506394,169,True
markeronly_pc100,ridge_pc50_lo__inflated,0.13317086230443792,0.07285477286940431,0.24133466624506394,169,True
markeronly_pc100,ridge_pc50_lo__noise0.5,0.2332613171356237,0.258662754145215,0.15378653954443913,169,True
markeronly_pc100,ridge_pc50_lo__noise1.5,0.2606301861579785,0.35895993948420624,0.11485828295265366,169,True
markeronly_pc100,ridge_pc50_lo__shrunk,0.1331708623044379,0.07285477286940431,0.24133466624506394,169,True
markeronly_pc100,ridge_pc50_lo__shuffled,0.25011435096034224,0.2640731470929937,0.1381931639328073,169,True
markeronly_pc100__biased,markeronly_pc100__noise0.5,0.05498313309150978,0.07965971466324598,0.4957946451733213,169,True
markeronly_pc100__biased,markeronly_pc100__noise1.5,0.17553259989470363,0.21519233369743188,0.23766324929963112,169,True
markeronly_pc100__biased,markeronly_pc25,0.015925750319321006,0.06548238889870663,0.5060402301572265,169,True
markeronly_pc100__biased,mlp,0.06658409214080964,0.06668417634896624,0.24369765454138517,169,True
markeronly_pc100__biased,mlp__biased,0.06658409214080964,0.06668417634896624,0.24369765454138517,169,True
markeronly_pc100__biased,mlp__inflated,0.06658409214080963,0.06668417634896624,0.24369765454138517,169,True
markeronly_pc100__biased,mlp__shrunk,0.06658409214080964,0.06668417634896624,0.24369765454138517,169,True
markeronly_pc100__biased,reaction_norm,0.1517549040367388,0.11531109024181538,0.225348220944193,169,True
markeronly_pc100__biased,reaction_norm__biased,0.1517549040367388,0.11531109024181538,0.225348220944193,169,True
markeronly_pc100__biased,reaction_norm__inflated,0.15175490403673877,0.11531109024181538,0.225348220944193,169,True
markeronly_pc100__biased,reaction_norm__noise0.5,0.2307974829997435,0.21723022649011284,0.15206496356417423,169,True
markeronly_pc100__biased,reaction_norm__noise1.5,0.28813546189472883,0.33638385269613086,0.09245612813172317,169,True
markeronly_pc100__biased,reaction_norm__shrunk,0.15175490403673877,0.11531109024181538,0.225348220944193,169,True
markeronly_pc100__biased,rf_large,0.12497418571904922,0.029711865546917522,0.1902334238092673,169,True
markeronly_pc100__biased,rf_large__biased,0.12497418571904918,0.029711865546917522,0.1902334238092673,169,True
markeronly_pc100__biased,rf_large__inflated,0.12497418571904921,0.029711865546917522,0.1902334238092673,169,True
markeronly_pc100__biased,rf_large__noise0.5,0.1845767534066744,0.19823808230767664,0.17066969271277577,169,True
markeronly_pc100__biased,rf_large__noise1.5,0.26710689906167234,0.3691889473557134,0.12016898745840461,169,True
markeronly_pc100__biased,rf_large__shrunk,0.12497418571904914,0.029711865546917522,0.1902334238092673,169,True
markeronly_pc100__biased,rf_large__shuffled,0.2381115546966992,0.25954170300211293,0.1252815846836559,169,True
markeronly_pc100__biased,rf_small,0.10612199411720805,0.015726470448825376,0.2295921997514378,169,True
markeronly_pc100__biased,ridge_pc100_hi,0.14030679156334558,0.08178518654102772,0.2570337594177662,169,True
markeronly_pc100__biased,ridge_pc100_lo,0.14076715559400915,0.07755838025140563,0.2565785932821267,169,True
markeronly_pc100__biased,ridge_pc10_hi,0.15102303063594452,0.11693845797906222,0.25559051455148196,169,True
markeronly_pc100__biased,ridge_pc10_lo,0.1513106843293779,0.11833338422258437,0.25559051455148196,169,True
markeronly_pc100__biased,ridge_pc25_hi,0.14423104131285577,0.10659992076832661,0.24426311757750244,169,True
markeronly_pc100__biased,ridge_pc25_lo,0.1445226117750146,0.10589653396907307,0.24384046330869433,169,True
markeronly_pc100__biased,ridge_pc50_hi,0.13282974912555479,0.07418567558278855,0.24497888527389838,169,True
markeronly_pc100__biased,ridge_pc50_lo,0.1331708623044379,0.07285477286940431,0.24133466624506394,169,True
markeronly_pc100__biased,ridge_pc50_lo__biased,0.1331708623044379,0.07285477286940431,0.24133466624506394,169,True
markeronly_pc100__biased,ridge_pc50_lo__inflated,0.1331708623044379,0.07285477286940431,0.24133466624506394,169,True
markeronly_pc100__biased,ridge_pc50_lo__noise0.5,0.23326131713562367,0.258662754145215,0.15378653954443913,169,True
markeronly_pc100__biased,ridge_pc50_lo__noise1.5,0.2606301861579785,0.35895993948420624,0.11485828295265366,169,True
markeronly_pc100__biased,ridge_pc50_lo__shrunk,0.1331708623044379,0.07285477286940431,0.24133466624506394,169,True
markeronly_pc100__biased,ridge_pc50_lo__shuffled,0.25011435096034224,0.2640731470929937,0.1381931639328073,169,True
markeronly_pc100__inflated,markeronly_pc100__noise0.5,0.05498313309150978,0.07965971466324598,0.4957946451733213,169,True
markeronly_pc100__inflated,markeronly_pc100__noise1.5,0.17553259989470363,0.21519233369743188,0.23766324929963112,169,True
markeronly_pc100__inflated,markeronly_pc25,0.015925750319321016,0.06548238889870663,0.5060402301572265,169,True
markeronly_pc100__inflated,mlp,0.06658409214080964,0.06668417634896624,0.24369765454138517,169,True
markeronly_pc100__inflated,mlp__biased,0.06658409214080964,0.06668417634896624,0.24369765454138517,169,True
markeronly_pc100__inflated,mlp__inflated,0.06658409214080964,0.06668417634896624,0.24369765454138517,169,True
markeronly_pc100__inflated,mlp__shrunk,0.06658409214080964,0.06668417634896624,0.24369765454138517,169,True
markeronly_pc100__inflated,reaction_norm,0.1517549040367388,0.11531109024181538,0.225348220944193,169,True
markeronly_pc100__inflated,reaction_norm__biased,0.1517549040367388,0.11531109024181538,0.225348220944193,169,True
markeronly_pc100__inflated,reaction_norm__inflated,0.1517549040367388,0.11531109024181538,0.225348220944193,169,True
markeronly_pc100__inflated,reaction_norm__noise0.5,0.2307974829997435,0.21723022649011284,0.15206496356417423,169,True
markeronly_pc100__inflated,reaction_norm__noise1.5,0.28813546189472883,0.33638385269613086,0.09245612813172317,169,True
markeronly_pc100__inflated,reaction_norm__shrunk,0.1517549040367388,0.11531109024181538,0.225348220944193,169,True
markeronly_pc100__inflated,rf_large,0.12497418571904922,0.029711865546917522,0.1902334238092673,169,True
markeronly_pc100__inflated,rf_large__biased,0.12497418571904918,0.029711865546917522,0.1902334238092673,169,True
markeronly_pc100__inflated,rf_large__inflated,0.12497418571904921,0.029711865546917522,0.1902334238092673,169,True
markeronly_pc100__inflated,rf_large__noise0.5,0.18457675340667443,0.19823808230767664,0.17066969271277577,169,True
markeronly_pc100__inflated,rf_large__noise1.5,0.2671068990616724,0.3691889473557134,0.12016898745840461,169,True
markeronly_pc100__inflated,rf_large__shrunk,0.12497418571904917,0.029711865546917522,0.1902334238092673,169,True
markeronly_pc100__inflated,rf_large__shuffled,0.2381115546966992,0.25954170300211293,0.1252815846836559,169,True
markeronly_pc100__inflated,rf_small,0.10612199411720807,0.015726470448825376,0.2295921997514378,169,True
markeronly_pc100__inflated,ridge_pc100_hi,0.14030679156334558,0.08178518654102772,0.2570337594177662,169,True
markeronly_pc100__inflated,ridge_pc100_lo,0.14076715559400915,0.07755838025140563,0.2565785932821267,169,True
markeronly_pc100__inflated,ridge_pc10_hi,0.15102303063594455,0.11693845797906222,0.25559051455148196,169,True
markeronly_pc100__inflated,ridge_pc10_lo,0.1513106843293779,0.11833338422258437,0.25559051455148196,169,True
markeronly_pc100__inflated,ridge_pc25_hi,0.14423104131285577,0.10659992076832661,0.24426311757750244,169,True
markeronly_pc100__inflated,ridge_pc25_lo,0.14452261177501458,0.10589653396907307,0.24384046330869433,169,True
markeronly_pc100__inflated,ridge_pc50_hi,0.13282974912555479,0.07418567558278855,0.24497888527389838,169,True
markeronly_pc100__inflated,ridge_pc50_lo,0.13317086230443786,0.07285477286940431,0.24133466624506394,169,True
markeronly_pc100__inflated,ridge_pc50_lo__biased,0.1331708623044379,0.07285477286940431,0.24133466624506394,169,True
markeronly_pc100__inflated,ridge_pc50_lo__inflated,0.1331708623044379,0.07285477286940431,0.24133466624506394,169,True
markeronly_pc100__inflated,ridge_pc50_lo__noise0.5,0.2332613171356237,0.258662754145215,0.15378653954443913,169,True
markeronly_pc100__inflated,ridge_pc50_lo__noise1.5,0.2606301861579785,0.35895993948420624,0.11485828295265366,169,True
markeronly_pc100__inflated,ridge_pc50_lo__shrunk,0.1331708623044379,0.07285477286940431,0.24133466624506394,169,True
markeronly_pc100__inflated,ridge_pc50_lo__shuffled,0.25011435096034224,0.2640731470929937,0.1381931639328073,169,True
markeronly_pc100__noise0.5,markeronly_pc100__noise1.5,0.12054946680319387,0.13553261903418587,0.20847347748883135,169,True
markeronly_pc100__noise0.5,markeronly_pc100__shrunk,0.054983133091509796,0.07965971466324598,0.4957946451733213,169,True
markeronly_pc100__noise0.5,markeronly_pc25,0.03905738277218878,0.01417732576453936,0.37630329164940474,169,True
markeronly_pc100__noise0.5,mlp,0.011600959049299853,-0.012975538314279717,0.20793474662974035,169,False
markeronly_pc100__noise0.5,mlp__biased,0.01160095904929985,-0.012975538314279717,0.20793474662974035,169,False
markeronly_pc100__noise0.5,mlp__inflated,0.011600959049299843,-0.012975538314279717,0.20793474662974035,169,False
markeronly_pc100__noise0.5,mlp__shrunk,0.011600959049299866,-0.012975538314279717,0.20793474662974035,169,False
markeronly_pc100__noise0.5,reaction_norm,0.09677177094522899,0.035651375578569434,0.1796267463537459,169,True
markeronly_pc100__noise0.5,reaction_norm__biased,0.09677177094522901,0.035651375578569434,0.1796267463537459,169,True
markeronly_pc100__noise0.5,reaction_norm__inflated,0.09677177094522897,0.035651375578569434,0.1796267463537459,169,True
markeronly_pc100__noise0.5,reaction_norm__noise0.5,0.17581434990823372,0.13757051182686686,0.13647620308756314,169,True
markeronly_pc100__noise0.5,reaction_norm__noise1.5,0.233152328803219,0.2567241380328848,0.09668506670495902,169,True
markeronly_pc100__noise0.5,reaction_norm__shrunk,0.09677177094522899,0.035651375578569434,0.1796267463537459,169,True
markeronly_pc100__noise0.5,rf_large,0.06999105262753945,-0.04994784911632848,0.17035271921393286,169,False
markeronly_pc100__noise0.5,rf_large__biased,0.06999105262753942,-0.04994784911632848,0.17035271921393286,169,False
markeronly_pc100__noise0.5,rf_large__inflated,0.06999105262753945,-0.04994784911632848,0.17035271921393286,169,False
markeronly_pc100__noise0.5,rf_large__noise0.5,0.12959362031516464,0.11857836764443067,0.1464745496155021,169,True
markeronly_pc100__noise0.5,rf_large__noise1.5,0.21212376597016253,0.2895292326924674,0.10610780028454313,169,True
markeronly_pc100__noise0.5,rf_large__shrunk,0.06999105262753937,-0.04994784911632848,0.17035271921393286,169,False
markeronly_pc100__noise0.5,rf_large__shuffled,0.18312842160518944,0.17988198833886693,0.10907787836921368,169,True
markeronly_pc100__noise0.5,rf_small,0.051138861025698285,-0.06393324421442058,0.1866065913514055,169,False
markeronly_pc100__noise0.5,ridge_pc100_hi,0.08532365847183579,0.0021254718777817664,0.18556196728896682,169,True
markeronly_pc100__noise0.5,ridge_pc100_lo,0.08578402250249936,-0.0021013344118403342,0.18510680115332734,169,False
markeronly_pc100__noise0.5,ridge_pc10_hi,0.09603989754443476,0.03727874331581625,0.18784339918578333,169,True
markeronly_pc100__noise0.5,ridge_pc10_lo,0.09632755123786811,0.038673669559338396,0.18784339918578333,169,True
markeronly_pc100__noise0.5,ridge_pc25_hi,0.08924790822134598,0.02694020610508063,0.18751275175106352,169,True
markeronly_pc100__noise0.5,ridge_pc25_lo,0.0895394786835048,0.02623681930582709,0.18709009748225539,169,True
markeronly_pc100__noise0.5,ridge_pc50_hi,0.077846616034045,-0.0054740390804574,0.19964141184178413,169,False
markeronly_pc100__noise0.5,ridge_pc50_lo,0.07818772921292812,-0.006804941793841648,0.19862704159664468,169,False
markeronly_pc100__noise0.5,ridge_pc50_lo__biased,0.07818772921292812,-0.006804941793841648,0.19862704159664468,169,False
markeronly_pc100__noise0.5,ridge_pc50_lo__inflated,0.07818772921292812,-0.006804941793841648,0.19862704159664468,169,False
markeronly_pc100__noise0.5,ridge_pc50_lo__noise0.5,0.1782781840441139,0.17900303948196902,0.14116977269936515,169,True
markeronly_pc100__noise0.5,ridge_pc50_lo__noise1.5,0.20564705306646877,0.2793002248209602,0.11260808503254445,169,True
markeronly_pc100__noise0.5,ridge_pc50_lo__shrunk,0.07818772921292809,-0.006804941793841648,0.19862704159664468,169,False
markeronly_pc100__noise0.5,ridge_pc50_lo__shuffled,0.19513121786883242,0.1844134324297477,0.11933546233544876,169,True
markeronly_pc100__noise1.5,markeronly_pc100__shrunk,0.17553259989470366,0.21519233369743188,0.23766324929963112,169,True
markeronly_pc100__noise1.5,markeronly_pc25,0.15960684957538263,0.14970994479872524,0.21149093092716145,169,True
markeronly_pc100__noise1.5,mlp,0.10894850775389402,0.1485081573484656,0.16298018556945146,169,True
markeronly_pc100__noise1.5,mlp__biased,0.10894850775389403,0.1485081573484656,0.16298018556945146,169,True
markeronly_pc100__noise1.5,mlp__inflated,0.10894850775389402,0.1485081573484656,0.16298018556945146,169,True
markeronly_pc100__noise1.5,mlp__shrunk,0.10894850775389399,0.1485081573484656,0.16298018556945146,169,True
markeronly_pc100__noise1.5,reaction_norm,0.023777695857964864,0.09988124345561644,0.13671506776855688,169,True
markeronly_pc100__noise1.5,reaction_norm__biased,0.02377769585796485,0.09988124345561644,0.13671506776855688,169,True
markeronly_pc100__noise1.5,reaction_norm__inflated,0.02377769585796488,0.09988124345561644,0.13671506776855688,169,True
markeronly_pc100__noise1.5,reaction_norm__noise0.5,0.055264883105039866,0.002037892792681,0.12502770271031693,169,True
markeronly_pc100__noise1.5,reaction_norm__noise1.5,0.11260286200002517,0.12119151899869901,0.10301360652169675,169,True
markeronly_pc100__noise1.5,reaction_norm__shrunk,0.023777695857964874,0.09988124345561644,0.13671506776855688,169,True
markeronly_pc100__noise1.5,rf_large,0.050558414175654404,0.18548046815051433,0.13784511045852954,169,True
markeronly_pc100__noise1.5,rf_large__biased,0.05055841417565444,0.18548046815051433,0.13784511045852954,169,True
markeronly_pc100__noise1.5,rf_large__inflated,0.05055841417565442,0.18548046815051433,0.13784511045852954,169,True
markeronly_pc100__noise1.5,rf_large__noise0.5,0.00904415351197077,-0.016954251389755187,0.1223484627360029,169,False
markeronly_pc100__noise1.5,rf_large__noise1.5,0.09157429916696871,0.1539966136582815,0.12405651864959309,169,True
markeronly_pc100__noise1.5,rf_large__shrunk,0.05055841417565449,0.18548046815051433,0.13784511045852954,169,True
markeronly_pc100__noise1.5,rf_large__shuffled,0.06257895480199556,0.04434936930468105,0.11658998238374217,169,True
markeronly_pc100__noise1.5,rf_small,0.06941060577749557,0.1994658632486065,0.14952393389451316,169,True
markeronly_pc100__noise1.5,ridge_pc100_hi,0.03522580833135807,0.13340714715640412,0.12877625792656403,169,True
markeronly_pc100__noise1.5,ridge_pc100_lo,0.034765444300694504,0.13763395344602622,0.12950452374358726,169,True
markeronly_pc100__noise1.5,ridge_pc10_hi,0.024509569258759113,0.09825387571836963,0.13529718204403127,169,True
markeronly_pc100__noise1.5,ridge_pc10_lo,0.024221915565325748,0.09685894947484748,0.13529718204403127,169,True
markeronly_pc100__noise1.5,ridge_pc25_hi,0.03130155858184788,0.10859241292910524,0.1386392571978473,169,True
markeronly_pc100__noise1.5,ridge_pc25_lo,0.031009988119689053,0.10929579972835879,0.13821660292903917,169,True
markeronly_pc100__noise1.5,ridge_pc50_hi,0.042702850769148856,0.14100665811464327,0.1410023057295349,169,True
markeronly_pc100__noise1.5,ridge_pc50_lo,0.04236173759026576,0.1423375608280275,0.13998793548439542,169,True
markeronly_pc100__noise1.5,ridge_pc50_lo__biased,0.04236173759026575,0.1423375608280275,0.13998793548439542,169,True
markeronly_pc100__noise1.5,ridge_pc50_lo__inflated,0.042361737590265756,0.1423375608280275,0.13998793548439542,169,True
markeronly_pc100__noise1.5,ridge_pc50_lo__noise0.5,0.057728717240920074,0.043470420447783154,0.12328644670174452,169,True
markeronly_pc100__noise1.5,ridge_pc50_lo__noise1.5,0.08509758626327488,0.14376760578677436,0.12972652415846705,169,True
markeronly_pc100__noise1.5,ridge_pc50_lo__shrunk,0.04236173759026577,0.1423375608280275,0.13998793548439542,169,True
markeronly_pc100__noise1.5,ridge_pc50_lo__shuffled,0.07458175106563858,0.04888081339556182,0.1126329854261571,169,True
markeronly_pc100__shrunk,markeronly_pc25,0.015925750319321016,0.06548238889870663,0.5060402301572265,169,True
markeronly_pc100__shrunk,mlp,0.06658409214080964,0.06668417634896624,0.24369765454138517,169,True
markeronly_pc100__shrunk,mlp__biased,0.06658409214080964,0.06668417634896624,0.24369765454138517,169,True
markeronly_pc100__shrunk,mlp__inflated,0.06658409214080964,0.06668417634896624,0.24369765454138517,169,True
markeronly_pc100__shrunk,mlp__shrunk,0.06658409214080964,0.06668417634896624,0.24369765454138517,169,True
markeronly_pc100__shrunk,reaction_norm,0.1517549040367388,0.11531109024181538,0.225348220944193,169,True
markeronly_pc100__shrunk,reaction_norm__biased,0.1517549040367388,0.11531109024181538,0.225348220944193,169,True
markeronly_pc100__shrunk,reaction_norm__inflated,0.1517549040367388,0.11531109024181538,0.225348220944193,169,True
markeronly_pc100__shrunk,reaction_norm__noise0.5,0.23079748299974348,0.21723022649011284,0.15206496356417423,169,True
markeronly_pc100__shrunk,reaction_norm__noise1.5,0.28813546189472883,0.33638385269613086,0.09245612813172317,169,True
markeronly_pc100__shrunk,reaction_norm__shrunk,0.1517549040367388,0.11531109024181538,0.225348220944193,169,True
markeronly_pc100__shrunk,rf_large,0.12497418571904922,0.029711865546917522,0.1902334238092673,169,True
markeronly_pc100__shrunk,rf_large__biased,0.12497418571904918,0.029711865546917522,0.1902334238092673,169,True
markeronly_pc100__shrunk,rf_large__inflated,0.12497418571904922,0.029711865546917522,0.1902334238092673,169,True
markeronly_pc100__shrunk,rf_large__noise0.5,0.18457675340667443,0.19823808230767664,0.17066969271277577,169,True
markeronly_pc100__shrunk,rf_large__noise1.5,0.26710689906167234,0.3691889473557134,0.12016898745840461,169,True
markeronly_pc100__shrunk,rf_large__shrunk,0.12497418571904914,0.029711865546917522,0.1902334238092673,169,True
markeronly_pc100__shrunk,rf_large__shuffled,0.2381115546966992,0.25954170300211293,0.1252815846836559,169,True
markeronly_pc100__shrunk,rf_small,0.10612199411720807,0.015726470448825376,0.2295921997514378,169,True
markeronly_pc100__shrunk,ridge_pc100_hi,0.14030679156334558,0.08178518654102772,0.2570337594177662,169,True
markeronly_pc100__shrunk,ridge_pc100_lo,0.14076715559400915,0.07755838025140563,0.2565785932821267,169,True
markeronly_pc100__shrunk,ridge_pc10_hi,0.15102303063594452,0.11693845797906222,0.25559051455148196,169,True
markeronly_pc100__shrunk,ridge_pc10_lo,0.1513106843293779,0.11833338422258437,0.25559051455148196,169,True
markeronly_pc100__shrunk,ridge_pc25_hi,0.14423104131285577,0.10659992076832661,0.24426311757750244,169,True
markeronly_pc100__shrunk,ridge_pc25_lo,0.14452261177501458,0.10589653396907307,0.24384046330869433,169,True
markeronly_pc100__shrunk,ridge_pc50_hi,0.1328297491255548,0.07418567558278855,0.24497888527389838,169,True
markeronly_pc100__shrunk,ridge_pc50_lo,0.1331708623044379,0.07285477286940431,0.24133466624506394,169,True
markeronly_pc100__shrunk,ridge_pc50_lo__biased,0.1331708623044379,0.07285477286940431,0.24133466624506394,169,True
markeronly_pc100__shrunk,ridge_pc50_lo__inflated,0.1331708623044379,0.07285477286940431,0.24133466624506394,169,True
markeronly_pc100__shrunk,ridge_pc50_lo__noise0.5,0.2332613171356237,0.258662754145215,0.15378653954443913,169,True
markeronly_pc100__shrunk,ridge_pc50_lo__noise1.5,0.2606301861579785,0.35895993948420624,0.11485828295265366,169,True
markeronly_pc100__shrunk,ridge_pc50_lo__shrunk,0.1331708623044379,0.07285477286940431,0.24133466624506394,169,True
markeronly_pc100__shrunk,ridge_pc50_lo__shuffled,0.2501143509603423,0.2640731470929937,0.1381931639328073,169,True
markeronly_pc25,mlp,0.05065834182148862,0.0012017874502596383,0.22272920638919896,169,True
markeronly_pc25,mlp__biased,0.05065834182148862,0.0012017874502596383,0.22272920638919896,169,True
markeronly_pc25,mlp__inflated,0.050658341821488616,0.0012017874502596383,0.22272920638919896,169,True
markeronly_pc25,mlp__shrunk,0.05065834182148864,0.0012017874502596383,0.22272920638919896,169,True
markeronly_pc25,reaction_norm,0.13582915371741777,0.04982870134310878,0.18793266748482496,169,True
markeronly_pc25,reaction_norm__biased,0.13582915371741777,0.04982870134310878,0.18793266748482496,169,True
markeronly_pc25,reaction_norm__inflated,0.13582915371741777,0.04982870134310878,0.18793266748482496,169,True
markeronly_pc25,reaction_norm__noise0.5,0.2148717326804225,0.15174783759140625,0.13491735285899203,169,True
markeronly_pc25,reaction_norm__noise1.5,0.27220971157540785,0.27090146379742425,0.09203643014376181,169,True
markeronly_pc25,reaction_norm__shrunk,0.13582915371741777,0.04982870134310878,0.18793266748482496,169,True
markeronly_pc25,rf_large,0.10904843539972822,-0.0357705233517891,0.18591277491413183,169,False
markeronly_pc25,rf_large__biased,0.1090484353997282,-0.0357705233517891,0.18591277491413183,169,False
markeronly_pc25,rf_large__inflated,0.10904843539972822,-0.0357705233517891,0.18591277491413183,169,False
markeronly_pc25,rf_large__noise0.5,0.1686510030873534,0.13275569340897003,0.160925731202248,169,True
markeronly_pc25,rf_large__noise1.5,0.2511811487423513,0.3037065584570067,0.11532610925810995,169,True
markeronly_pc25,rf_large__shrunk,0.10904843539972814,-0.0357705233517891,0.18591277491413183,169,False
markeronly_pc25,rf_large__shuffled,0.2221858043773782,0.1940593141034063,0.12156631913435667,169,True
markeronly_pc25,rf_small,0.09019624379788706,-0.04975591844988122,0.1964242659950287,169,False
markeronly_pc25,ridge_pc100_hi,0.12438104124402456,0.016302797642321128,0.2143314367752168,169,True
markeronly_pc25,ridge_pc100_lo,0.12484140527468815,0.012075991352699031,0.21196457286989132,169,True
markeronly_pc25,ridge_pc10_hi,0.13509728031662352,0.05145606908035562,0.20985419172883438,169,True
markeronly_pc25,ridge_pc10_lo,0.13538493401005688,0.05285099532387775,0.20985419172883438,169,True
markeronly_pc25,ridge_pc25_hi,0.12830529099353474,0.04111753186962001,0.21388332750005162,169,True
markeronly_pc25,ridge_pc25_lo,0.12859686145569357,0.04041414507036646,0.21346067323124351,169,True
markeronly_pc25,ridge_pc50_hi,0.11690399880623377,0.00870328668408196,0.2160819543950348,169,True
markeronly_pc25,ridge_pc50_lo,0.11724511198511689,0.007372383970697725,0.21506758414989535,169,True
markeronly_pc25,ridge_pc50_lo__biased,0.11724511198511689,0.007372383970697725,0.21506758414989535,169,True
markeronly_pc25,ridge_pc50_lo__inflated,0.11724511198511689,0.007372383970697725,0.21506758414989535,169,True
markeronly_pc25,ridge_pc50_lo__noise0.5,0.2173355668163027,0.1931803652465084,0.14962473608114257,169,True
markeronly_pc25,ridge_pc50_lo__noise1.5,0.24470443583865747,0.2934775505854996,0.11478067237346477,169,True
markeronly_pc25,ridge_pc50_lo__shrunk,0.11724511198511686,0.007372383970697725,0.21506758414989535,169,True
markeronly_pc25,ridge_pc50_lo__shuffled,0.23418860064102118,0.19859075819428704,0.13252846544534977,169,True
mlp,reaction_norm,0.08517081189592914,0.04862691389284916,0.41233737671312803,169,True
mlp,reaction_norm__biased,0.08517081189592916,0.04862691389284916,0.41233737671312803,169,True
mlp,reaction_norm__inflated,0.08517081189592914,0.04862691389284916,0.41233737671312803,169,True
mlp,reaction_norm__noise0.5,0.16421339085893386,0.1505460501411466,0.22875747842478428,169,True
mlp,reaction_norm__noise1.5,0.2215513697539192,0.2696996763471646,0.13290099693054358,169,True
mlp,reaction_norm__shrunk,0.08517081189592912,0.04862691389284916,0.41233737671312803,169,True
mlp,rf_large,0.058390093578239585,-0.03697231080204874,0.2831706339057575,169,False
mlp,rf_large__biased,0.058390093578239564,-0.03697231080204874,0.2831706339057575,169,False
mlp,rf_large__inflated,0.058390093578239585,-0.03697231080204874,0.2831706339057575,169,False
mlp,rf_large__noise0.5,0.11799266126586477,0.13155390595871042,0.20910131454647865,169,True
mlp,rf_large__noise1.5,0.20052280692086275,0.3025047710067471,0.15539451928105946,169,True
mlp,rf_large__shrunk,0.05839009357823952,-0.03697231080204874,0.2831706339057575,169,False
mlp,rf_large__shuffled,0.17152746255588958,0.1928575266531466,0.17411605130677754,169,True
mlp,rf_small,0.039537901976398435,-0.05095770590014085,0.3675767871483726,169,False
mlp,ridge_pc100_hi,0.07372269942253594,0.015101010192061488,0.41786977765030675,169,True
mlp,ridge_pc100_lo,0.07418306345319951,0.01087420390243939,0.41978147541999267,169,True
mlp,ridge_pc10_hi,0.0844389384951349,0.05025428163009599,0.4130710650285666,169,True
mlp,ridge_pc10_lo,0.08472659218856826,0.05164920787361812,0.4117055666216481,169,True
mlp,ridge_pc25_hi,0.07764694917204613,0.03991574441936036,0.4100119483182884,169,True
mlp,ridge_pc25_lo,0.07793851963420496,0.03921235762010681,0.4100119483182884,169,True
mlp,ridge_pc50_hi,0.06624565698474516,0.007501499233822318,0.4262522728671215,169,True
mlp,ridge_pc50_lo,0.06658677016362825,0.006170596520438074,0.4242141400597579,169,True
mlp,ridge_pc50_lo__biased,0.06658677016362825,0.006170596520438074,0.4242141400597579,169,True
mlp,ridge_pc50_lo__inflated,0.06658677016362825,0.006170596520438074,0.4242141400597579,169,True
mlp,ridge_pc50_lo__noise0.5,0.16667722499481408,0.19197857779624877,0.23501287152849384,169,True
mlp,ridge_pc50_lo__noise1.5,0.19404609401716885,0.29227576313523995,0.1374436381292551,169,True
mlp,ridge_pc50_lo__shrunk,0.06658677016362824,0.006170596520438074,0.4242141400597579,169,True
mlp,ridge_pc50_lo__shuffled,0.18353025881953255,0.1973889707440274,0.20872767471128015,169,True
mlp__biased,reaction_norm,0.08517081189592915,0.04862691389284916,0.41233737671312803,169,True
mlp__biased,reaction_norm__biased,0.08517081189592916,0.04862691389284916,0.41233737671312803,169,True
mlp__biased,reaction_norm__inflated,0.08517081189592914,0.04862691389284916,0.41233737671312803,169,True
mlp__biased,reaction_norm__noise0.5,0.16421339085893388,0.1505460501411466,0.22875747842478428,169,True
mlp__biased,reaction_norm__noise1.5,0.2215513697539192,0.2696996763471646,0.13290099693054358,169,True
mlp__biased,reaction_norm__shrunk,0.08517081189592914,0.04862691389284916,0.41233737671312803,169,True
mlp__biased,rf_large,0.058390093578239606,-0.03697231080204874,0.2831706339057575,169,False
mlp__biased,rf_large__biased,0.058390093578239564,-0.03697231080204874,0.2831706339057575,169,False
mlp__biased,rf_large__inflated,0.0583900935782396,-0.03697231080204874,0.2831706339057575,169,False
mlp__biased,rf_large__noise0.5,0.1179926612658648,0.13155390595871042,0.20910131454647865,169,True
mlp__biased,rf_large__noise1.5,0.20052280692086275,0.3025047710067471,0.15539451928105946,169,True
mlp__biased,rf_large__shrunk,0.0583900935782395,-0.03697231080204874,0.2831706339057575,169,False
mlp__biased,rf_large__shuffled,0.17152746255588958,0.1928575266531466,0.17411605130677754,169,True
mlp__biased,rf_small,0.039537901976398435,-0.05095770590014085,0.3675767871483726,169,False
mlp__biased,ridge_pc100_hi,0.07372269942253595,0.015101010192061488,0.41786977765030675,169,True
mlp__biased,ridge_pc100_lo,0.07418306345319951,0.01087420390243939,0.41978147541999267,169,True
mlp__biased,ridge_pc10_hi,0.0844389384951349,0.05025428163009599,0.4130710650285666,169,True
mlp__biased,ridge_pc10_lo,0.08472659218856825,0.05164920787361812,0.4117055666216481,169,True
mlp__biased,ridge_pc25_hi,0.07764694917204613,0.03991574441936036,0.4100119483182884,169,True
mlp__biased,ridge_pc25_lo,0.07793851963420496,0.03921235762010681,0.4100119483182884,169,True
mlp__biased,ridge_pc50_hi,0.06624565698474516,0.007501499233822318,0.4262522728671215,169,True
mlp__biased,ridge_pc50_lo,0.06658677016362825,0.006170596520438074,0.4242141400597579,169,True
mlp__biased,ridge_pc50_lo__biased,0.06658677016362825,0.006170596520438074,0.4242141400597579,169,True
mlp__biased,ridge_pc50_lo__inflated,0.06658677016362825,0.006170596520438074,0.4242141400597579,169,True
mlp__biased,ridge_pc50_lo__noise0.5,0.16667722499481408,0.19197857779624877,0.23501287152849384,169,True
mlp__biased,ridge_pc50_lo__noise1.5,0.19404609401716888,0.29227576313523995,0.1374436381292551,169,True
mlp__biased,ridge_pc50_lo__shrunk,0.06658677016362825,0.006170596520438074,0.4242141400597579,169,True
mlp__biased,ridge_pc50_lo__shuffled,0.18353025881953258,0.1973889707440274,0.20872767471128015,169,True
mlp__inflated,reaction_norm,0.08517081189592915,0.04862691389284916,0.41233737671312803,169,True
mlp__inflated,reaction_norm__biased,0.08517081189592916,0.04862691389284916,0.41233737671312803,169,True
mlp__inflated,reaction_norm__inflated,0.08517081189592915,0.04862691389284916,0.41233737671312803,169,True
mlp__inflated,reaction_norm__noise0.5,0.16421339085893386,0.1505460501411466,0.22875747842478428,169,True
mlp__inflated,reaction_norm__noise1.5,0.2215513697539192,0.2696996763471646,0.13290099693054358,169,True
mlp__inflated,reaction_norm__shrunk,0.08517081189592915,0.04862691389284916,0.41233737671312803,169,True
mlp__inflated,rf_large,0.058390093578239606,-0.03697231080204874,0.2831706339057575,169,False
mlp__inflated,rf_large__biased,0.05839009357823958,-0.03697231080204874,0.2831706339057575,169,False
mlp__inflated,rf_large__inflated,0.0583900935782396,-0.03697231080204874,0.2831706339057575,169,False
mlp__inflated,rf_large__noise0.5,0.11799266126586477,0.13155390595871042,0.20910131454647865,169,True
mlp__inflated,rf_large__noise1.5,0.20052280692086275,0.3025047710067471,0.15539451928105946,169,True
mlp__inflated,rf_large__shrunk,0.05839009357823951,-0.03697231080204874,0.2831706339057575,169,False
mlp__inflated,rf_large__shuffled,0.17152746255588958,0.1928575266531466,0.17411605130677754,169,True
mlp__inflated,rf_small,0.039537901976398435,-0.05095770590014085,0.3675767871483726,169,False
mlp__inflated,ridge_pc100_hi,0.07372269942253595,0.015101010192061488,0.41786977765030675,169,True
mlp__inflated,ridge_pc100_lo,0.07418306345319951,0.01087420390243939,0.41978147541999267,169,True
mlp__inflated,ridge_pc10_hi,0.0844389384951349,0.05025428163009599,0.4130710650285666,169,True
mlp__inflated,ridge_pc10_lo,0.08472659218856828,0.05164920787361812,0.4117055666216481,169,True
mlp__inflated,ridge_pc25_hi,0.07764694917204612,0.03991574441936036,0.4100119483182884,169,True
mlp__inflated,ridge_pc25_lo,0.07793851963420496,0.03921235762010681,0.4100119483182884,169,True
mlp__inflated,ridge_pc50_hi,0.06624565698474516,0.007501499233822318,0.4262522728671215,169,True
mlp__inflated,ridge_pc50_lo,0.06658677016362825,0.006170596520438074,0.4242141400597579,169,True
mlp__inflated,ridge_pc50_lo__biased,0.06658677016362827,0.006170596520438074,0.4242141400597579,169,True
mlp__inflated,ridge_pc50_lo__inflated,0.06658677016362825,0.006170596520438074,0.4242141400597579,169,True
mlp__inflated,ridge_pc50_lo__noise0.5,0.16667722499481408,0.19197857779624877,0.23501287152849384,169,True
mlp__inflated,ridge_pc50_lo__noise1.5,0.19404609401716888,0.29227576313523995,0.1374436381292551,169,True
mlp__inflated,ridge_pc50_lo__shrunk,0.06658677016362825,0.006170596520438074,0.4242141400597579,169,True
mlp__inflated,ridge_pc50_lo__shuffled,0.18353025881953258,0.1973889707440274,0.20872767471128015,169,True
mlp__shrunk,reaction_norm,0.08517081189592912,0.04862691389284916,0.41233737671312803,169,True
mlp__shrunk,reaction_norm__biased,0.08517081189592915,0.04862691389284916,0.41233737671312803,169,True
mlp__shrunk,reaction_norm__inflated,0.08517081189592912,0.04862691389284916,0.41233737671312803,169,True
mlp__shrunk,reaction_norm__noise0.5,0.16421339085893386,0.1505460501411466,0.22875747842478428,169,True
mlp__shrunk,reaction_norm__noise1.5,0.2215513697539192,0.2696996763471646,0.13290099693054358,169,True
mlp__shrunk,reaction_norm__shrunk,0.08517081189592912,0.04862691389284916,0.41233737671312803,169,True
mlp__shrunk,rf_large,0.058390093578239585,-0.03697231080204874,0.2831706339057575,169,False
mlp__shrunk,rf_large__biased,0.058390093578239564,-0.03697231080204874,0.2831706339057575,169,False
mlp__shrunk,rf_large__inflated,0.058390093578239564,-0.03697231080204874,0.2831706339057575,169,False
mlp__shrunk,rf_large__noise0.5,0.11799266126586477,0.13155390595871042,0.20910131454647865,169,True
mlp__shrunk,rf_large__noise1.5,0.2005228069208627,0.3025047710067471,0.15539451928105946,169,True
mlp__shrunk,rf_large__shrunk,0.0583900935782395,-0.03697231080204874,0.2831706339057575,169,False
mlp__shrunk,rf_large__shuffled,0.17152746255588958,0.1928575266531466,0.17411605130677754,169,True
mlp__shrunk,rf_small,0.039537901976398414,-0.05095770590014085,0.3675767871483726,169,False
mlp__shrunk,ridge_pc100_hi,0.07372269942253593,0.015101010192061488,0.41786977765030675,169,True
mlp__shrunk,ridge_pc100_lo,0.0741830634531995,0.01087420390243939,0.41978147541999267,169,True
mlp__shrunk,ridge_pc10_hi,0.08443893849513488,0.05025428163009599,0.4130710650285666,169,True
mlp__shrunk,ridge_pc10_lo,0.08472659218856825,0.05164920787361812,0.4117055666216481,169,True
mlp__shrunk,ridge_pc25_hi,0.07764694917204612,0.03991574441936036,0.4100119483182884,169,True
mlp__shrunk,ridge_pc25_lo,0.07793851963420494,0.03921235762010681,0.4100119483182884,169,True
mlp__shrunk,ridge_pc50_hi,0.06624565698474513,0.007501499233822318,0.4262522728671215,169,True
mlp__shrunk,ridge_pc50_lo,0.06658677016362825,0.006170596520438074,0.4242141400597579,169,True
mlp__shrunk,ridge_pc50_lo__biased,0.06658677016362825,0.006170596520438074,0.4242141400597579,169,True
mlp__shrunk,ridge_pc50_lo__inflated,0.06658677016362825,0.006170596520438074,0.4242141400597579,169,True
mlp__shrunk,ridge_pc50_lo__noise0.5,0.16667722499481408,0.19197857779624877,0.23501287152849384,169,True
mlp__shrunk,ridge_pc50_lo__noise1.5,0.19404609401716885,0.29227576313523995,0.1374436381292551,169,True
mlp__shrunk,ridge_pc50_lo__shrunk,0.06658677016362823,0.006170596520438074,0.4242141400597579,169,True
mlp__shrunk,ridge_pc50_lo__shuffled,0.18353025881953255,0.1973889707440274,0.20872767471128015,169,True
reaction_norm,reaction_norm__noise0.5,0.07904257896300473,0.10191913624829745,0.31323847799188337,169,True
reaction_norm,reaction_norm__noise1.5,0.13638055785799005,0.22107276245431545,0.16167832076737065,169,True
reaction_norm,rf_large,0.026780718317689547,0.0855992246948979,0.38977748837839626,169,True
reaction_norm,rf_large__biased,0.026780718317689568,0.0855992246948979,0.38977748837839626,169,True
reaction_norm,rf_large__inflated,0.026780718317689547,0.0855992246948979,0.38977748837839626,169,True
reaction_norm,rf_large__noise0.5,0.03282184936993564,0.08292699206586128,0.25486377482236355,169,True
reaction_norm,rf_large__noise1.5,0.11535199502493358,0.253877857113898,0.17014911748207157,169,True
reaction_norm,rf_large__shrunk,0.026780718317689623,0.0855992246948979,0.38977748837839626,169,True
reaction_norm,rf_large__shuffled,0.08635665065996043,0.14423061276029747,0.20314123022707167,169,True
reaction_norm,rf_small,0.04563290991953071,0.09958461979299,0.5379718038107587,169,True
reaction_norm,ridge_pc100_hi,0.011448112473393194,0.03352590370078766,0.6923183896290714,169,True
reaction_norm,ridge_pc100_lo,0.01098774844272963,0.037752709990409763,0.6911349576764088,169,True
reaction_norm,ridge_pc10_hi,0.0007318734007942445,-0.0016273677372468335,0.7768729071529253,169,False
reaction_norm,ridge_pc10_lo,0.0004442197073608863,-0.0030222939807689744,0.7759625748816461,169,False
reaction_norm,ridge_pc25_hi,0.00752386272388301,0.00871116947348879,0.819512322883261,169,True
reaction_norm,ridge_pc25_lo,0.007232292261724185,0.009414556272742338,0.819934977152069,169,True
reaction_norm,ridge_pc50_hi,0.018925154911183992,0.04112541465902683,0.7445745742991835,169,True
reaction_norm,ridge_pc50_lo,0.018584041732300893,0.04245631737241107,0.7458237524714386,169,True
reaction_norm,ridge_pc50_lo__biased,0.01858404173230089,0.04245631737241107,0.7458237524714386,169,True
reaction_norm,ridge_pc50_lo__inflated,0.01858404173230089,0.04245631737241107,0.7458237524714386,169,True
reaction_norm,ridge_pc50_lo__noise0.5,0.08150641309888494,0.1433516639033996,0.3001876662785238,169,True
reaction_norm,ridge_pc50_lo__noise1.5,0.10887528212123974,0.2436488492423908,0.15806197267280903,169,True
reaction_norm,ridge_pc50_lo__shrunk,0.0185840417323009,0.04245631737241107,0.7458237524714386,169,True
reaction_norm,ridge_pc50_lo__shuffled,0.09835944692360345,0.14876205685117827,0.26496040818660893,169,True
reaction_norm__biased,reaction_norm__noise0.5,0.07904257896300472,0.10191913624829745,0.31323847799188337,169,True
reaction_norm__biased,reaction_norm__noise1.5,0.13638055785799005,0.22107276245431545,0.16167832076737065,169,True
reaction_norm__biased,rf_large,0.02678071831768956,0.0855992246948979,0.38977748837839626,169,True
reaction_norm__biased,rf_large__biased,0.026780718317689592,0.0855992246948979,0.38977748837839626,169,True
reaction_norm__biased,rf_large__inflated,0.02678071831768957,0.0855992246948979,0.38977748837839626,169,True
reaction_norm__biased,rf_large__noise0.5,0.03282184936993561,0.08292699206586128,0.25486377482236355,169,True
reaction_norm__biased,rf_large__noise1.5,0.11535199502493354,0.253877857113898,0.17014911748207157,169,True
reaction_norm__biased,rf_large__shrunk,0.02678071831768964,0.0855992246948979,0.38977748837839626,169,True
reaction_norm__biased,rf_large__shuffled,0.08635665065996041,0.14423061276029747,0.20314123022707167,169,True
reaction_norm__biased,rf_small,0.04563290991953072,0.09958461979299,0.5379718038107587,169,True
reaction_norm__biased,ridge_pc100_hi,0.011448112473393219,0.03352590370078766,0.6923183896290714,169,True
reaction_norm__biased,ridge_pc100_lo,0.010987748442729647,0.037752709990409763,0.6911349576764088,169,True
reaction_norm__biased,ridge_pc10_hi,0.0007318734007942669,-0.0016273677372468335,0.7768729071529253,169,False
reaction_norm__biased,ridge_pc10_lo,0.0004442197073609034,-0.0030222939807689744,0.7759625748816461,169,False
reaction_norm__biased,ridge_pc25_hi,0.00752386272388303,0.00871116947348879,0.819512322883261,169,True
reaction_norm__biased,ridge_pc25_lo,0.007232292261724208,0.009414556272742338,0.819934977152069,169,True
reaction_norm__biased,ridge_pc50_hi,0.018925154911184006,0.04112541465902683,0.7445745742991835,169,True
reaction_norm__biased,ridge_pc50_lo,0.01858404173230091,0.04245631737241107,0.7458237524714386,169,True
reaction_norm__biased,ridge_pc50_lo__biased,0.018584041732300906,0.04245631737241107,0.7458237524714386,169,True
reaction_norm__biased,ridge_pc50_lo__inflated,0.018584041732300913,0.04245631737241107,0.7458237524714386,169,True
reaction_norm__biased,ridge_pc50_lo__noise0.5,0.08150641309888491,0.1433516639033996,0.3001876662785238,169,True
reaction_norm__biased,ridge_pc50_lo__noise1.5,0.10887528212123974,0.2436488492423908,0.15806197267280903,169,True
reaction_norm__biased,ridge_pc50_lo__shrunk,0.018584041732300924,0.04245631737241107,0.7458237524714386,169,True
reaction_norm__biased,ridge_pc50_lo__shuffled,0.09835944692360345,0.14876205685117827,0.26496040818660893,169,True
reaction_norm__inflated,reaction_norm__noise0.5,0.07904257896300473,0.10191913624829745,0.31323847799188337,169,True
reaction_norm__inflated,reaction_norm__noise1.5,0.13638055785799005,0.22107276245431545,0.16167832076737065,169,True
reaction_norm__inflated,rf_large,0.02678071831768954,0.0855992246948979,0.38977748837839626,169,True
reaction_norm__inflated,rf_large__biased,0.02678071831768956,0.0855992246948979,0.38977748837839626,169,True
reaction_norm__inflated,rf_large__inflated,0.02678071831768954,0.0855992246948979,0.38977748837839626,169,True
reaction_norm__inflated,rf_large__noise0.5,0.032821849369935645,0.08292699206586128,0.25486377482236355,169,True
reaction_norm__inflated,rf_large__noise1.5,0.11535199502493358,0.253877857113898,0.17014911748207157,169,True
reaction_norm__inflated,rf_large__shrunk,0.02678071831768962,0.0855992246948979,0.38977748837839626,169,True
reaction_norm__inflated,rf_large__shuffled,0.08635665065996044,0.14423061276029747,0.20314123022707167,169,True
reaction_norm__inflated,rf_small,0.04563290991953071,0.09958461979299,0.5379718038107587,169,True
reaction_norm__inflated,ridge_pc100_hi,0.011448112473393189,0.03352590370078766,0.6923183896290714,169,True
reaction_norm__inflated,ridge_pc100_lo,0.010987748442729619,0.037752709990409763,0.6911349576764088,169,True
reaction_norm__inflated,ridge_pc10_hi,0.0007318734007942366,-0.0016273677372468335,0.7768729071529253,169,False
reaction_norm__inflated,ridge_pc10_lo,0.0004442197073608784,-0.0030222939807689744,0.7759625748816461,169,False
reaction_norm__inflated,ridge_pc25_hi,0.007523862723883005,0.00871116947348879,0.819512322883261,169,True
reaction_norm__inflated,ridge_pc25_lo,0.00723229226172418,0.009414556272742338,0.819934977152069,169,True
reaction_norm__inflated,ridge_pc50_hi,0.01892515491118398,0.04112541465902683,0.7445745742991835,169,True
reaction_norm__inflated,ridge_pc50_lo,0.01858404173230088,0.04245631737241107,0.7458237524714386,169,True
reaction_norm__inflated,ridge_pc50_lo__biased,0.018584041732300875,0.04245631737241107,0.7458237524714386,169,True
reaction_norm__inflated,ridge_pc50_lo__inflated,0.01858404173230088,0.04245631737241107,0.7458237524714386,169,True
reaction_norm__inflated,ridge_pc50_lo__noise0.5,0.08150641309888494,0.1433516639033996,0.3001876662785238,169,True
reaction_norm__inflated,ridge_pc50_lo__noise1.5,0.10887528212123974,0.2436488492423908,0.15806197267280903,169,True
reaction_norm__inflated,ridge_pc50_lo__shrunk,0.018584041732300893,0.04245631737241107,0.7458237524714386,169,True
reaction_norm__inflated,ridge_pc50_lo__shuffled,0.09835944692360346,0.14876205685117827,0.26496040818660893,169,True
reaction_norm__noise0.5,reaction_norm__noise1.5,0.05733797889498533,0.11915362620601799,0.1294668732565213,169,True
reaction_norm__noise0.5,reaction_norm__shrunk,0.07904257896300473,0.10191913624829745,0.31323847799188337,169,True
reaction_norm__noise0.5,rf_large,0.10582329728069428,0.18751836094319538,0.21889645894438936,169,True
reaction_norm__noise0.5,rf_large__biased,0.1058232972806943,0.18751836094319538,0.21889645894438936,169,True
reaction_norm__noise0.5,rf_large__inflated,0.10582329728069428,0.18751836094319538,0.21889645894438936,169,True
reaction_norm__noise0.5,rf_large__noise0.5,0.0462207295930691,0.018992144182436183,0.16085771960249623,169,True
reaction_norm__noise0.5,rf_large__noise1.5,0.03630941606192885,0.1519587208656005,0.1370890301269424,169,True
reaction_norm__noise0.5,rf_large__shrunk,0.10582329728069437,0.18751836094319538,0.21889645894438936,169,True
reaction_norm__noise0.5,rf_large__shuffled,0.007314071696955688,0.042311476512000075,0.15675961470050218,169,True
reaction_norm__noise0.5,rf_small,0.12467548888253543,0.20150375604128748,0.2377604214094603,169,True
reaction_norm__noise0.5,ridge_pc100_hi,0.09049069143639792,0.1354450399490851,0.29339235697203964,169,True
reaction_norm__noise0.5,ridge_pc100_lo,0.09003032740573437,0.1396718462387072,0.2945757889247024,169,True
reaction_norm__noise0.5,ridge_pc10_hi,0.07977445236379897,0.10029176851105064,0.3009143432783061,169,True
reaction_norm__noise0.5,ridge_pc10_lo,0.07948679867036562,0.09889684226752848,0.30136950941394564,169,True
reaction_norm__noise0.5,ridge_pc25_hi,0.08656644168688775,0.11063030572178623,0.29080339606055594,169,True
reaction_norm__noise0.5,ridge_pc25_lo,0.08627487122472892,0.11133369252103978,0.29038074179174783,169,True
reaction_norm__noise0.5,ridge_pc50_hi,0.09796773387418874,0.1430445509073243,0.29194659709863213,169,True
reaction_norm__noise0.5,ridge_pc50_lo,0.09762662069530562,0.14437545362070853,0.2940880453939266,169,True
reaction_norm__noise0.5,ridge_pc50_lo__biased,0.09762662069530562,0.14437545362070853,0.2940880453939266,169,True
reaction_norm__noise0.5,ridge_pc50_lo__inflated,0.09762662069530564,0.14437545362070853,0.2940880453939266,169,True
reaction_norm__noise0.5,ridge_pc50_lo__noise0.5,0.002463834135880196,0.04143252765510215,0.19074072431335562,169,True
reaction_norm__noise0.5,ridge_pc50_lo__noise1.5,0.029832703158235007,0.14172971299409337,0.12011306437989751,169,True
reaction_norm__noise0.5,ridge_pc50_lo__shrunk,0.09762662069530562,0.14437545362070853,0.2940880453939266,169,True
reaction_norm__noise0.5,ridge_pc50_lo__shuffled,0.019316867960598713,0.04684292060288081,0.16539872444344142,169,True
reaction_norm__noise1.5,reaction_norm__shrunk,0.13638055785799005,0.22107276245431545,0.16167832076737065,169,True
reaction_norm__noise1.5,rf_large,0.1631612761756796,0.30667198714921334,0.13534215359579396,169,True
reaction_norm__noise1.5,rf_large__biased,0.1631612761756796,0.30667198714921334,0.13534215359579396,169,True
reaction_norm__noise1.5,rf_large__inflated,0.1631612761756796,0.30667198714921334,0.13534215359579396,169,True
reaction_norm__noise1.5,rf_large__noise0.5,0.10355870848805443,0.13814577038845416,0.14221523964877347,169,True
reaction_norm__noise1.5,rf_large__noise1.5,0.021028562833056482,-0.032805094659582486,0.12265021956040817,169,False
reaction_norm__noise1.5,rf_large__shrunk,0.1631612761756797,0.30667198714921334,0.13534215359579396,169,True
reaction_norm__noise1.5,rf_large__shuffled,0.05002390719802965,0.07684214969401792,0.11790993749846526,169,True
reaction_norm__noise1.5,rf_small,0.18201346777752078,0.32065738224730544,0.1410292153304668,169,True
reaction_norm__noise1.5,ridge_pc100_hi,0.14782867033138328,0.2545986661551031,0.1486124813432692,169,True
reaction_norm__noise1.5,ridge_pc100_lo,0.14736830630071968,0.2588254724447252,0.14979591329593195,169,True
reaction_norm__noise1.5,ridge_pc10_hi,0.1371124312587843,0.2194453947170686,0.15393809676274303,169,True
reaction_norm__noise1.5,ridge_pc10_lo,0.13682477756535094,0.21805046847354648,0.15348293062710353,169,True
reaction_norm__noise1.5,ridge_pc25_hi,0.14390442058187308,0.22978393192780422,0.1581845593819867,169,True
reaction_norm__noise1.5,ridge_pc25_lo,0.14361285011971425,0.2304873187270578,0.15860721365079483,169,True
reaction_norm__noise1.5,ridge_pc50_hi,0.15530571276917401,0.2621981771133423,0.14890213240725203,169,True
reaction_norm__noise1.5,ridge_pc50_lo,0.15496459959029094,0.2635290798267265,0.14890213240725203,169,True
reaction_norm__noise1.5,ridge_pc50_lo__biased,0.15496459959029094,0.2635290798267265,0.14890213240725203,169,True
reaction_norm__noise1.5,ridge_pc50_lo__inflated,0.15496459959029096,0.2635290798267265,0.14890213240725203,169,True
reaction_norm__noise1.5,ridge_pc50_lo__noise0.5,0.05487414475910511,0.07772109855091586,0.1260553606817701,169,True
reaction_norm__noise1.5,ridge_pc50_lo__noise1.5,0.02750527573675032,-0.02257608678807537,0.1250561821080885,169,False
reaction_norm__noise1.5,ridge_pc50_lo__shrunk,0.15496459959029096,0.2635290798267265,0.14890213240725203,169,True
reaction_norm__noise1.5,ridge_pc50_lo__shuffled,0.038021110934386614,0.07231070560313717,0.11538456293131051,169,True
reaction_norm__shrunk,rf_large,0.02678071831768954,0.0855992246948979,0.38977748837839626,169,True
reaction_norm__shrunk,rf_large__biased,0.02678071831768956,0.0855992246948979,0.38977748837839626,169,True
reaction_norm__shrunk,rf_large__inflated,0.02678071831768955,0.0855992246948979,0.38977748837839626,169,True
reaction_norm__shrunk,rf_large__noise0.5,0.032821849369935645,0.08292699206586128,0.25486377482236355,169,True
reaction_norm__shrunk,rf_large__noise1.5,0.11535199502493358,0.253877857113898,0.17014911748207157,169,True
reaction_norm__shrunk,rf_large__shrunk,0.02678071831768962,0.0855992246948979,0.38977748837839626,169,True
reaction_norm__shrunk,rf_large__shuffled,0.08635665065996044,0.14423061276029747,0.20314123022707167,169,True
reaction_norm__shrunk,rf_small,0.0456329099195307,0.09958461979299,0.5379718038107587,169,True
reaction_norm__shrunk,ridge_pc100_hi,0.011448112473393193,0.03352590370078766,0.6923183896290714,169,True
reaction_norm__shrunk,ridge_pc100_lo,0.01098774844272962,0.037752709990409763,0.6911349576764088,169,True
reaction_norm__shrunk,ridge_pc10_hi,0.0007318734007942405,-0.0016273677372468335,0.7768729071529253,169,False
reaction_norm__shrunk,ridge_pc10_lo,0.00044421970736088236,-0.0030222939807689744,0.7759625748816461,169,False
reaction_norm__shrunk,ridge_pc25_hi,0.0075238627238830074,0.00871116947348879,0.819512322883261,169,True
reaction_norm__shrunk,ridge_pc25_lo,0.007232292261724183,0.009414556272742338,0.819934977152069,169,True
reaction_norm__shrunk,ridge_pc50_hi,0.018925154911183982,0.04112541465902683,0.7445745742991835,169,True
reaction_norm__shrunk,ridge_pc50_lo,0.018584041732300882,0.04245631737241107,0.7458237524714386,169,True
reaction_norm__shrunk,ridge_pc50_lo__biased,0.018584041732300882,0.04245631737241107,0.7458237524714386,169,True
reaction_norm__shrunk,ridge_pc50_lo__inflated,0.018584041732300886,0.04245631737241107,0.7458237524714386,169,True
reaction_norm__shrunk,ridge_pc50_lo__noise0.5,0.08150641309888494,0.1433516639033996,0.3001876662785238,169,True
reaction_norm__shrunk,ridge_pc50_lo__noise1.5,0.10887528212123974,0.2436488492423908,0.15806197267280903,169,True
reaction_norm__shrunk,ridge_pc50_lo__shrunk,0.0185840417323009,0.04245631737241107,0.7458237524714386,169,True
reaction_norm__shrunk,ridge_pc50_lo__shuffled,0.09835944692360345,0.14876205685117827,0.26496040818660893,169,True
rf_large,rf_large__noise0.5,0.05960256768762519,0.16852621676075916,0.4333334193248247,169,True
rf_large,rf_large__noise1.5,0.1421327133426231,0.3394770818087958,0.22727192560760204,169,True
rf_large,rf_large__shuffled,0.11313736897764996,0.22982983745519542,0.3542998912651517,169,True
rf_large,rf_small,0.018852191601841164,0.013985395098092122,0.5863986545132571,169,True
rf_large,ridge_pc100_hi,0.015332605844296342,0.052073320994110224,0.40623525802874744,169,True
rf_large,ridge_pc100_lo,0.01579296987495992,0.04784651470448811,0.40623525802874744,169,True
rf_large,ridge_pc10_hi,0.0260488449168953,0.08722659243214471,0.38763681519762927,169,True
rf_large,ridge_pc10_lo,0.026336498610328656,0.08862151867566684,0.3862713167907107,169,True
rf_large,ridge_pc25_hi,0.019256855593806535,0.0768880552214091,0.38047199848981783,169,True
rf_large,ridge_pc25_lo,0.019548426055965358,0.07618466842215556,0.38047199848981783,169,True
rf_large,ridge_pc50_hi,0.007855563406505556,0.044473810035871045,0.4022997072701894,169,True
rf_large,ridge_pc50_lo,0.008196676585388661,0.04314290732248681,0.40331407751532883,169,True
rf_large,ridge_pc50_lo__biased,0.00819667658538866,0.04314290732248681,0.40331407751532883,169,True
rf_large,ridge_pc50_lo__inflated,0.008196676585388652,0.04314290732248681,0.40331407751532883,169,True
rf_large,ridge_pc50_lo__noise0.5,0.10828713141657448,0.22895088859829751,0.23371802985981047,169,True
rf_large,ridge_pc50_lo__noise1.5,0.13565600043892928,0.32924807393728867,0.13119234733468388,169,True
rf_large,ridge_pc50_lo__shrunk,0.008196676585388644,0.04314290732248681,0.40331407751532883,169,True
rf_large,ridge_pc50_lo__shuffled,0.125140165241293,0.23436128154607616,0.18505525526907401,169,True
rf_large__biased,rf_large__noise0.5,0.05960256768762521,0.16852621676075916,0.4333334193248247,169,True
rf_large__biased,rf_large__noise1.5,0.14213271334262315,0.3394770818087958,0.22727192560760204,169,True
rf_large__biased,rf_large__shuffled,0.11313736897764998,0.22982983745519542,0.3542998912651517,169,True
rf_large__biased,rf_small,0.01885219160184113,0.013985395098092122,0.5863986545132571,169,True
rf_large__biased,ridge_pc100_hi,0.01533260584429637,0.052073320994110224,0.40623525802874744,169,True
rf_large__biased,ridge_pc100_lo,0.015792969874959942,0.04784651470448811,0.40623525802874744,169,True
rf_large__biased,ridge_pc10_hi,0.02604884491689532,0.08722659243214471,0.38763681519762927,169,True
rf_large__biased,ridge_pc10_lo,0.026336498610328687,0.08862151867566684,0.3862713167907107,169,True
rf_large__biased,ridge_pc25_hi,0.019256855593806556,0.0768880552214091,0.38047199848981783,169,True
rf_large__biased,ridge_pc25_lo,0.01954842605596538,0.07618466842215556,0.38047199848981783,169,True
rf_large__biased,ridge_pc50_hi,0.007855563406505582,0.044473810035871045,0.4022997072701894,169,True
rf_large__biased,ridge_pc50_lo,0.00819667658538868,0.04314290732248681,0.40331407751532883,169,True
rf_large__biased,ridge_pc50_lo__biased,0.008196676585388685,0.04314290732248681,0.40331407751532883,169,True
rf_large__biased,ridge_pc50_lo__inflated,0.008196676585388682,0.04314290732248681,0.40331407751532883,169,True
rf_large__biased,ridge_pc50_lo__noise0.5,0.1082871314165745,0.22895088859829751,0.23371802985981047,169,True
rf_large__biased,ridge_pc50_lo__noise1.5,0.1356560004389293,0.32924807393728867,0.13119234733468388,169,True
rf_large__biased,ridge_pc50_lo__shrunk,0.008196676585388668,0.04314290732248681,0.40331407751532883,169,True
rf_large__biased,ridge_pc50_lo__shuffled,0.12514016524129304,0.23436128154607616,0.18505525526907401,169,True
rf_large__inflated,rf_large__noise0.5,0.05960256768762519,0.16852621676075916,0.4333334193248247,169,True
rf_large__inflated,rf_large__noise1.5,0.14213271334262315,0.3394770818087958,0.22727192560760204,169,True
rf_large__inflated,rf_large__shuffled,0.11313736897764996,0.22982983745519542,0.3542998912651517,169,True
rf_large__inflated,rf_small,0.018852191601841158,0.013985395098092122,0.5863986545132571,169,True
rf_large__inflated,ridge_pc100_hi,0.015332605844296349,0.052073320994110224,0.40623525802874744,169,True
rf_large__inflated,ridge_pc100_lo,0.015792969874959924,0.04784651470448811,0.40623525802874744,169,True
rf_large__inflated,ridge_pc10_hi,0.0260488449168953,0.08722659243214471,0.38763681519762927,169,True
rf_large__inflated,ridge_pc10_lo,0.026336498610328666,0.08862151867566684,0.3862713167907107,169,True
rf_large__inflated,ridge_pc25_hi,0.019256855593806545,0.0768880552214091,0.38047199848981783,169,True
rf_large__inflated,ridge_pc25_lo,0.01954842605596536,0.07618466842215556,0.38047199848981783,169,True
rf_large__inflated,ridge_pc50_hi,0.007855563406505565,0.044473810035871045,0.4022997072701894,169,True
rf_large__inflated,ridge_pc50_lo,0.008196676585388666,0.04314290732248681,0.40331407751532883,169,True
rf_large__inflated,ridge_pc50_lo__biased,0.008196676585388666,0.04314290732248681,0.40331407751532883,169,True
rf_large__inflated,ridge_pc50_lo__inflated,0.008196676585388663,0.04314290732248681,0.40331407751532883,169,True
rf_large__inflated,ridge_pc50_lo__noise0.5,0.10828713141657448,0.22895088859829751,0.23371802985981047,169,True
rf_large__inflated,ridge_pc50_lo__noise1.5,0.1356560004389293,0.32924807393728867,0.13119234733468388,169,True
rf_large__inflated,ridge_pc50_lo__shrunk,0.008196676585388652,0.04314290732248681,0.40331407751532883,169,True
rf_large__inflated,ridge_pc50_lo__shuffled,0.125140165241293,0.23436128154607616,0.18505525526907401,169,True
rf_large__noise0.5,rf_large__noise1.5,0.08253014565499793,0.17095086504803667,0.16772957149206735,169,True
rf_large__noise0.5,rf_large__shrunk,0.059602567687625264,0.16852621676075916,0.4333334193248247,169,True
rf_large__noise0.5,rf_large__shuffled,0.053534801290024775,0.061303620694436234,0.2459666730970717,169,True
rf_large__noise0.5,rf_small,0.07845475928946635,0.18251161185885129,0.3445981413033566,169,True
rf_large__noise0.5,ridge_pc100_hi,0.04426996184332884,0.11645289576664891,0.2741306937358732,169,True
rf_large__noise0.5,ridge_pc100_lo,0.04380959781266527,0.120679702056271,0.2753141256885359,169,True
rf_large__noise0.5,ridge_pc10_hi,0.03355372277072989,0.08129962432861443,0.26138282545384023,169,True
rf_large__noise0.5,ridge_pc10_lo,0.033266069077296526,0.0799046980850923,0.2600173270469217,169,True
rf_large__noise0.5,ridge_pc25_hi,0.040345712093818646,0.09163816153935005,0.25021094043932784,169,True
rf_large__noise0.5,ridge_pc25_lo,0.04005414163165982,0.09234154833860359,0.25063359470813595,169,True
rf_large__noise0.5,ridge_pc50_hi,0.05174700428111963,0.12405240672488808,0.2647450557921537,169,True
rf_large__noise0.5,ridge_pc50_lo,0.05140589110223653,0.12538330943827236,0.2640218473766376,169,True
rf_large__noise0.5,ridge_pc50_lo__biased,0.05140589110223653,0.12538330943827236,0.2640218473766376,169,True
rf_large__noise0.5,ridge_pc50_lo__inflated,0.051405891102236534,0.12538330943827236,0.2640218473766376,169,True
rf_large__noise0.5,ridge_pc50_lo__noise0.5,0.04868456372894929,0.06042467183753835,0.17647576167507495,169,True
rf_large__noise0.5,ridge_pc50_lo__noise1.5,0.07605343275130409,0.16072185717652954,0.12208676706607563,169,True
rf_large__noise0.5,ridge_pc50_lo__shrunk,0.05140589110223655,0.12538330943827236,0.2640218473766376,169,True
rf_large__noise0.5,ridge_pc50_lo__shuffled,0.06553759755366781,0.065835064785317,0.15267500035952072,169,True
rf_large__noise1.5,rf_large__shrunk,0.1421327133426232,0.3394770818087958,0.22727192560760204,169,True
rf_large__noise1.5,rf_large__shuffled,0.028995344364973145,0.10964724435360043,0.1485573304613363,169,True
rf_large__noise1.5,rf_small,0.16098490494446427,0.3534624769068879,0.20260248003898446,169,True
rf_large__noise1.5,ridge_pc100_hi,0.1268001074983268,0.28740376081468555,0.1709209487953606,169,True
rf_large__noise1.5,ridge_pc100_lo,0.12633974346766322,0.2916305671043077,0.1704657826597211,169,True
rf_large__noise1.5,ridge_pc10_hi,0.11608386842572781,0.2522504893766511,0.16974915696298928,169,True
rf_large__noise1.5,ridge_pc10_lo,0.11579621473229444,0.25085556313312896,0.16838365855607076,169,True
rf_large__noise1.5,ridge_pc25_hi,0.12287585774881657,0.26258902658738675,0.17507280322475363,169,True
rf_large__noise1.5,ridge_pc25_lo,0.12258428728665775,0.2632924133866402,0.17549545749356174,169,True
rf_large__noise1.5,ridge_pc50_hi,0.13427714993611756,0.2950032717729248,0.17314395768806096,169,True
rf_large__noise1.5,ridge_pc50_lo,0.13393603675723445,0.296334174486309,0.1742240741527928,169,True
rf_large__noise1.5,ridge_pc50_lo__biased,0.13393603675723445,0.296334174486309,0.1742240741527928,169,True
rf_large__noise1.5,ridge_pc50_lo__inflated,0.13393603675723445,0.296334174486309,0.1742240741527928,169,True
rf_large__noise1.5,ridge_pc50_lo__noise0.5,0.03384558192604865,0.11052619321049834,0.1316101839735656,169,True
rf_large__noise1.5,ridge_pc50_lo__noise1.5,0.006476712903693831,0.010229007871507129,0.12782400239101593,169,True
rf_large__noise1.5,ridge_pc50_lo__shrunk,0.13393603675723448,0.296334174486309,0.1742240741527928,169,True
rf_large__noise1.5,ridge_pc50_lo__shuffled,0.016992548101330125,0.10511580026271967,0.12852077323730768,169,True
rf_large__shrunk,rf_large__shuffled,0.11313736897765005,0.22982983745519542,0.3542998912651517,169,True
rf_large__shrunk,rf_small,0.018852191601841078,0.013985395098092122,0.5863986545132571,169,True
rf_large__shrunk,ridge_pc100_hi,0.01533260584429643,0.052073320994110224,0.40623525802874744,169,True
rf_large__shrunk,ridge_pc100_lo,0.015792969874959997,0.04784651470448811,0.40623525802874744,169,True
rf_large__shrunk,ridge_pc10_hi,0.02604884491689538,0.08722659243214471,0.38763681519762927,169,True
rf_large__shrunk,ridge_pc10_lo,0.02633649861032874,0.08862151867566684,0.3862713167907107,169,True
rf_large__shrunk,ridge_pc25_hi,0.01925685559380662,0.0768880552214091,0.38047199848981783,169,True
rf_large__shrunk,ridge_pc25_lo,0.019548426055965438,0.07618466842215556,0.38047199848981783,169,True
rf_large__shrunk,ridge_pc50_hi,0.007855563406505634,0.044473810035871045,0.4022997072701894,169,True
rf_large__shrunk,ridge_pc50_lo,0.008196676585388736,0.04314290732248681,0.40331407751532883,169,True
rf_large__shrunk,ridge_pc50_lo__biased,0.008196676585388736,0.04314290732248681,0.40331407751532883,169,True
rf_large__shrunk,ridge_pc50_lo__inflated,0.008196676585388736,0.04314290732248681,0.40331407751532883,169,True
rf_large__shrunk,ridge_pc50_lo__noise0.5,0.10828713141657456,0.22895088859829751,0.23371802985981047,169,True
rf_large__shrunk,ridge_pc50_lo__noise1.5,0.13565600043892936,0.32924807393728867,0.13119234733468388,169,True
rf_large__shrunk,ridge_pc50_lo__shrunk,0.008196676585388722,0.04314290732248681,0.40331407751532883,169,True
rf_large__shrunk,ridge_pc50_lo__shuffled,0.1251401652412931,0.23436128154607616,0.18505525526907401,169,True
rf_large__shuffled,rf_small,0.13198956057949113,0.2438152325532875,0.28934768617666146,169,True
rf_large__shuffled,ridge_pc100_hi,0.09780476313335364,0.17775651646108517,0.2099716669956521,169,True
rf_large__shuffled,ridge_pc100_lo,0.09734439910269005,0.18198332275070728,0.20951650086001258,169,True
rf_large__shuffled,ridge_pc10_hi,0.08708852406075467,0.14260324502305066,0.19677785330156455,169,True
rf_large__shuffled,ridge_pc10_lo,0.0868008703673213,0.14120831877952855,0.19632268716592505,169,True
rf_large__shuffled,ridge_pc25_hi,0.09388051338384344,0.1529417822337863,0.19351762301823353,169,True
rf_large__shuffled,ridge_pc25_lo,0.09358894292168461,0.15364516903303985,0.19351762301823353,169,True
rf_large__shuffled,ridge_pc50_hi,0.10528180557114439,0.1853560274193244,0.2097492390774358,169,True
rf_large__shuffled,ridge_pc50_lo,0.10494069239226132,0.1866869301327086,0.21017189334624392,169,True
rf_large__shuffled,ridge_pc50_lo__biased,0.10494069239226132,0.1866869301327086,0.21017189334624392,169,True
rf_large__shuffled,ridge_pc50_lo__inflated,0.10494069239226132,0.1866869301327086,0.21017189334624392,169,True
rf_large__shuffled,ridge_pc50_lo__noise0.5,0.004850237561075494,0.0008789488568979027,0.1584273156139784,169,True
rf_large__shuffled,ridge_pc50_lo__noise1.5,0.022518631461279318,0.0994182364820933,0.11395974915793483,169,True
rf_large__shuffled,ridge_pc50_lo__shrunk,0.10494069239226132,0.1866869301327086,0.21017189334624392,169,True
rf_large__shuffled,ridge_pc50_lo__shuffled,0.012002796263643027,0.00453144409088075,0.16970471818754504,169,True
rf_small,ridge_pc100_hi,0.034184797446137505,0.06605871609220233,0.5331870184603625,169,True
rf_small,ridge_pc100_lo,0.03464516147680108,0.06183190980258024,0.5343704504130252,169,True
rf_small,ridge_pc10_hi,0.04490103651873646,0.10121198753023683,0.5377373911849975,169,True
rf_small,ridge_pc10_lo,0.04518869021216983,0.10260691377375897,0.5354615605067998,169,True
rf_small,ridge_pc25_hi,0.03810904719564769,0.0908734503195012,0.52043819880836,169,True
rf_small,ridge_pc25_lo,0.038400617657806516,0.09017006352024766,0.520860853077168,169,True
rf_small,ridge_pc50_hi,0.02670775500834672,0.05845920513396318,0.5416246842404076,169,True
rf_small,ridge_pc50_lo,0.02704886818722981,0.05712830242057894,0.5413898763132917,169,True
rf_small,ridge_pc50_lo__biased,0.02704886818722982,0.05712830242057894,0.5413898763132917,169,True
rf_small,ridge_pc50_lo__inflated,0.027048868187229822,0.05712830242057894,0.5413898763132917,169,True
rf_small,ridge_pc50_lo__noise0.5,0.12713932301841563,0.2429362836963896,0.26979208804543936,169,True
rf_small,ridge_pc50_lo__noise1.5,0.15450819204077046,0.3432334690353808,0.1418548734939574,169,True
rf_small,ridge_pc50_lo__shrunk,0.0270488681872298,0.05712830242057894,0.5413898763132917,169,True
rf_small,ridge_pc50_lo__shuffled,0.14399235684313413,0.2483466766441683,0.2150194039718529,169,True
ridge_pc100_hi,ridge_pc100_lo,0.0004603640306635699,-0.004226806289622099,0.9971779699590351,169,False
ridge_pc100_hi,ridge_pc10_hi,0.010716239072598952,0.03515327143803449,0.7705365648329584,169,True
ridge_pc100_hi,ridge_pc10_lo,0.011003892766032313,0.03654819768155663,0.7678055680191214,169,True
ridge_pc100_hi,ridge_pc25_hi,0.003924249749510186,0.024814734227298872,0.7655096916404049,169,True
ridge_pc100_hi,ridge_pc25_lo,0.00421582021166901,0.02411134742804532,0.7655096916404049,169,True
ridge_pc100_hi,ridge_pc50_hi,0.00747704243779079,0.007599510958239182,0.8144331096579752,169,True
ridge_pc100_hi,ridge_pc50_lo,0.007135929258907691,0.008930413671623423,0.8118032608742805,169,True
ridge_pc100_hi,ridge_pc50_lo__biased,0.007135929258907686,0.008930413671623423,0.8118032608742805,169,True
ridge_pc100_hi,ridge_pc50_lo__inflated,0.007135929258907691,0.008930413671623423,0.8118032608742805,169,True
ridge_pc100_hi,ridge_pc50_lo__noise0.5,0.09295452557227811,0.17687756760418724,0.3122829876497716,169,True
ridge_pc100_hi,ridge_pc50_lo__noise1.5,0.12032339459463295,0.27717475294317845,0.1577832161089764,169,True
ridge_pc100_hi,ridge_pc50_lo__shrunk,0.007135929258907704,0.008930413671623423,0.8118032608742805,169,True
ridge_pc100_hi,ridge_pc50_lo__shuffled,0.10980755939699666,0.18228796055196594,0.2729263070080796,169,True
ridge_pc100_lo,ridge_pc10_hi,0.010255875041935382,0.039380077727656594,0.7677145347919935,169,True
ridge_pc100_lo,ridge_pc10_lo,0.010543528735368742,0.04077500397117873,0.7649835379781565,169,True
ridge_pc100_lo,ridge_pc25_hi,0.0034638857188466162,0.02904154051692097,0.7626876615994398,169,True
ridge_pc100_lo,ridge_pc25_lo,0.00375545618100544,0.028338153717667423,0.7626876615994398,169,True
ridge_pc100_lo,ridge_pc50_hi,0.00793740646845436,0.003372704668617083,0.8116110796170103,169,True
ridge_pc100_lo,ridge_pc50_lo,0.007596293289571261,0.004703607382001323,0.8089812308333155,169,True
ridge_pc100_lo,ridge_pc50_lo__biased,0.007596293289571257,0.004703607382001323,0.8089812308333155,169,True
ridge_pc100_lo,ridge_pc50_lo__inflated,0.007596293289571261,0.004703607382001323,0.8089812308333155,169,True
ridge_pc100_lo,ridge_pc50_lo__noise0.5,0.09249416154161455,0.18110437389380935,0.31273815378541114,169,True
ridge_pc100_lo,ridge_pc50_lo__noise1.5,0.11986303056396938,0.2814015592328005,0.15823838224461587,169,True
ridge_pc100_lo,ridge_pc50_lo__shrunk,0.007596293289571274,0.004703607382001323,0.8089812308333155,169,True
ridge_pc100_lo,ridge_pc50_lo__shuffled,0.10934719536633307,0.18651476684158802,0.2729263070080796,169,True
ridge_pc10_hi,ridge_pc10_lo,0.0002876536934333604,0.0013949262435221388,0.997269003186163,169,True
ridge_pc10_hi,ridge_pc25_hi,0.006791989323088766,0.010338537210735622,0.8432165622835451,169,True
ridge_pc10_hi,ridge_pc25_lo,0.006500418860929942,0.011041924009989167,0.8436392165523533,169,True
ridge_pc10_hi,ridge_pc50_hi,0.018193281510389743,0.04275278239627367,0.8101984414179121,169,True
ridge_pc10_hi,ridge_pc50_lo,0.017852168331506647,0.04408368510965791,0.8094752330023961,169,True
ridge_pc10_hi,ridge_pc50_lo__biased,0.017852168331506643,0.04408368510965791,0.8094752330023961,169,True
ridge_pc10_hi,ridge_pc50_lo__inflated,0.017852168331506643,0.04408368510965791,0.8094752330023961,169,True
ridge_pc10_hi,ridge_pc50_lo__noise0.5,0.08223828649967917,0.14172429616615276,0.33161096370583215,169,True
ridge_pc10_hi,ridge_pc50_lo__noise1.5,0.10960715552203397,0.24202148150514402,0.17033531697009582,169,True
ridge_pc10_hi,ridge_pc50_lo__shrunk,0.017852168331506654,0.04408368510965791,0.8094752330023961,169,True
ridge_pc10_hi,ridge_pc50_lo__shuffled,0.09909132032439769,0.14713468911393146,0.2710046905848309,169,True
ridge_pc10_lo,ridge_pc25_hi,0.007079643016522125,0.011733463454257758,0.8404855654697081,169,True
ridge_pc10_lo,ridge_pc25_lo,0.006788072554363302,0.012436850253511307,0.8409082197385161,169,True
ridge_pc10_lo,ridge_pc50_hi,0.0184809352038231,0.04414770863979581,0.807467444604075,169,True
ridge_pc10_lo,ridge_pc50_lo,0.01813982202494,0.04547861135318004,0.806744236188559,169,True
ridge_pc10_lo,ridge_pc50_lo__biased,0.01813982202494,0.04547861135318004,0.806744236188559,169,True
ridge_pc10_lo,ridge_pc50_lo__inflated,0.01813982202494,0.04547861135318004,0.806744236188559,169,True
ridge_pc10_lo,ridge_pc50_lo__noise0.5,0.08195063280624582,0.14032936992263065,0.33115579757019264,169,True
ridge_pc10_lo,ridge_pc50_lo__noise1.5,0.10931950182860065,0.24062655526162186,0.1698801508344563,169,True
ridge_pc10_lo,ridge_pc50_lo__shrunk,0.018139822024940015,0.04547861135318004,0.806744236188559,169,True
ridge_pc10_lo,ridge_pc50_lo__shuffled,0.09880366663096433,0.1457397628704093,0.2710046905848309,169,True
ridge_pc25_hi,ridge_pc25_lo,0.0002915704621588239,-0.0007033867992535469,0.999577345731192,169,False
ridge_pc25_hi,ridge_pc50_hi,0.011401292187300975,0.032414245185538045,0.8319707066544004,169,True
ridge_pc25_hi,ridge_pc50_lo,0.011060179008417877,0.03374514789892229,0.8309563364092609,169,True
ridge_pc25_hi,ridge_pc50_lo__biased,0.011060179008417872,0.03374514789892229,0.8309563364092609,169,True
ridge_pc25_hi,ridge_pc50_lo__inflated,0.011060179008417876,0.03374514789892229,0.8309563364092609,169,True
ridge_pc25_hi,ridge_pc50_lo__noise0.5,0.08903027582276793,0.1520628333768884,0.312717487403798,169,True
ridge_pc25_hi,ridge_pc50_lo__noise1.5,0.11639914484512277,0.2523600187158796,0.17263669481723642,169,True
ridge_pc25_hi,ridge_pc50_lo__shrunk,0.011060179008417891,0.03374514789892229,0.8309563364092609,169,True
ridge_pc25_hi,ridge_pc50_lo__shuffled,0.10588330964748648,0.15747322632466706,0.2727364220354973,169,True
ridge_pc25_lo,ridge_pc50_hi,0.0116928626494598,0.0317108583862845,0.8319707066544004,169,True
ridge_pc25_lo,ridge_pc50_lo,0.011351749470576702,0.033041761099668734,0.8313789906780691,169,True
ridge_pc25_lo,ridge_pc50_lo__biased,0.011351749470576697,0.033041761099668734,0.8313789906780691,169,True
ridge_pc25_lo,ridge_pc50_lo__inflated,0.0113517494705767,0.033041761099668734,0.8313789906780691,169,True
ridge_pc25_lo,ridge_pc50_lo__noise0.5,0.08873870536060911,0.15276622017614194,0.312717487403798,169,True
ridge_pc25_lo,ridge_pc50_lo__noise1.5,0.11610757438296392,0.2530634055151331,0.17263669481723642,169,True
ridge_pc25_lo,ridge_pc50_lo__shrunk,0.011351749470576716,0.033041761099668734,0.8313789906780691,169,True
ridge_pc25_lo,ridge_pc50_lo__shuffled,0.10559173918532763,0.1581766131239206,0.2731590763043054,169,True
ridge_pc50_hi,ridge_pc50_lo,0.00034111317888309745,-0.0013309027133842405,0.9963557809711655,169,False
ridge_pc50_hi,ridge_pc50_lo__biased,0.0003411131788831021,-0.0013309027133842405,0.9963557809711655,169,False
ridge_pc50_hi,ridge_pc50_lo__inflated,0.0003411131788830985,-0.0013309027133842405,0.9963557809711655,169,False
ridge_pc50_hi,ridge_pc50_lo__noise0.5,0.10043156801006892,0.18447707856242646,0.3194703128252625,169,True
ridge_pc50_hi,ridge_pc50_lo__noise1.5,0.12780043703242375,0.28477426390141763,0.16667318418427055,169,True
ridge_pc50_hi,ridge_pc50_lo__shrunk,0.0003411131788830849,-0.0013309027133842405,0.9963557809711655,169,False
ridge_pc50_hi,ridge_pc50_lo__shuffled,0.11728460183478745,0.18988747151020507,0.2866880638666535,169,True
ridge_pc50_lo,ridge_pc50_lo__noise0.5,0.10009045483118581,0.1858079812758107,0.3194703128252625,169,True
ridge_pc50_lo,ridge_pc50_lo__noise1.5,0.12745932385354064,0.2861051666148019,0.16667318418427055,169,True
ridge_pc50_lo,ridge_pc50_lo__shuffled,0.11694348865590432,0.19121837422358937,0.2866880638666535,169,True
ridge_pc50_lo__biased,ridge_pc50_lo__noise0.5,0.10009045483118581,0.1858079812758107,0.3194703128252625,169,True
ridge_pc50_lo__biased,ridge_pc50_lo__noise1.5,0.1274593238535406,0.2861051666148019,0.16667318418427055,169,True
ridge_pc50_lo__biased,ridge_pc50_lo__shuffled,0.11694348865590432,0.19121837422358937,0.2866880638666535,169,True
ridge_pc50_lo__inflated,ridge_pc50_lo__noise0.5,0.10009045483118581,0.1858079812758107,0.3194703128252625,169,True
ridge_pc50_lo__inflated,ridge_pc50_lo__noise1.5,0.12745932385354064,0.2861051666148019,0.16667318418427055,169,True
ridge_pc50_lo__inflated,ridge_pc50_lo__shuffled,0.11694348865590434,0.19121837422358937,0.2866880638666535,169,True
ridge_pc50_lo__noise0.5,ridge_pc50_lo__noise1.5,0.027368869022354816,0.10029718533899121,0.12398529557277092,169,True
ridge_pc50_lo__noise0.5,ridge_pc50_lo__shrunk,0.10009045483118581,0.1858079812758107,0.3194703128252625,169,True
ridge_pc50_lo__noise0.5,ridge_pc50_lo__shuffled,0.016853033824718516,0.00541039294777866,0.16977859506396362,169,True
ridge_pc50_lo__noise1.5,ridge_pc50_lo__shrunk,0.12745932385354064,0.2861051666148019,0.16667318418427055,169,True
ridge_pc50_lo__noise1.5,ridge_pc50_lo__shuffled,0.010515835197636296,0.09488679239121255,0.11636358590819929,169,True
ridge_pc50_lo__shrunk,ridge_pc50_lo__shuffled,0.11694348865590436,0.19121837422358937,0.2866880638666535,169,True
