GID,Location,Country,Year,Season,Trait,BLUPs
1201260,Los Banos,Philippines,2019,Dry,YLD,6.387
1253957,Los Banos,Philippines,2019,Dry,YLD,5.7422
1253961,Los Banos,Philippines,2019,Dry,YLD,7.1739
1384968,Los Banos,Philippines,2019,Dry,YLD,6.3115
1401800,Los Banos,Philippines,2019,Dry,YLD,7.387
1960929,Los Banos,Philippines,2019,Dry,YLD,6.7268
2337754,Los Banos,Philippines,2019,Dry,YLD,6.3978
2433533,Los Banos,Philippines,2019,Dry,YLD,7.1841
2451001,Los Banos,Philippines,2019,Dry,YLD,7.0637
2472106,Los Banos,Philippines,2019,Dry,YLD,6.8899
2642849,Los Banos,Philippines,2019,Dry,YLD,5.7095
2696701,Los Banos,Philippines,2019,Dry,YLD,6.3885
2697231,Los Banos,Philippines,2019,Dry,YLD,6.2095
2697338,Los Banos,Philippines,2019,Dry,YLD,6.3737
2697419,Los Banos,Philippines,2019,Dry,YLD,6.9707
2697451,Los Banos,Philippines,2019,Dry,YLD,6.4649
2697797,Los Banos,Philippines,2019,Dry,YLD,6.8556
2858722,Los Banos,Philippines,2019,Dry,YLD,6.5242
2971736,Los Banos,Philippines,2019,Dry,YLD,6.3489
2972293,Los Banos,Philippines,2019,Dry,YLD,7.1507
2972309,Los Banos,Philippines,2019,Dry,YLD,6.4501
2972722,Los Banos,Philippines,2019,Dry,YLD,6.4873
2972796,Los Banos,Philippines,2019,Dry,YLD,6.5287
300034581,Los Banos,Philippines,2019,Dry,YLD,7.297
300035917,Los Banos,Philippines,2019,Dry,YLD,7.1935
300038124,Los Banos,Philippines,2019,Dry,YLD,7.4091
300038265,Los Banos,Philippines,2019,Dry,YLD,5.8319
300038266,Los Banos,Philippines,2019,Dry,YLD,6.8187
300038744,Los Banos,Philippines,2019,Dry,YLD,6.8945
300038775,Los Banos,Philippines,2019,Dry,YLD,7.3357
300039577,Los Banos,Philippines,2019,Dry,YLD,6.1623
300040799,Los Banos,Philippines,2019,Dry,YLD,6.3847
300041295,Los Banos,Philippines,2019,Dry,YLD,6.6852
300041329,Los Banos,Philippines,2019,Dry,YLD,5.957
300080502,Los Banos,Philippines,2019,Dry,YLD,6.8029
300080634,Los Banos,Philippines,2019,Dry,YLD,5.8761
300166640,Los Banos,Philippines,2019,Dry,YLD,5.9773
300166641,Los Banos,Philippines,2019,Dry,YLD,6.3984
300170400,Los Banos,Philippines,2019,Dry,YLD,6.9837
300172737,Los Banos,Philippines,2019,Dry,YLD,6.5058
300173154,Los Banos,Philippines,2019,Dry,YLD,6.96
300174086,Los Banos,Philippines,2019,Dry,YLD,7.5568
300174380,Los Banos,Philippines,2019,Dry,YLD,6.5449
300233098,Los Banos,Philippines,2019,Dry,YLD,5.2733
300233776,Los Banos,Philippines,2019,Dry,YLD,7.1368
300252036,Los Banos,Philippines,2019,Dry,YLD,6.0444
300258387,Los Banos,Philippines,2019,Dry,YLD,6.1577
300266828,Los Banos,Philippines,2019,Dry,YLD,6.5582
300266831,Los Banos,Philippines,2019,Dry,YLD,6.3761
300266832,Los Banos,Philippines,2019,Dry,YLD,6.5502
300266835,Los Banos,Philippines,2019,Dry,YLD,5.6318
300266839,Los Banos,Philippines,2019,Dry,YLD,6.9812
300266846,Los Banos,Philippines,2019,Dry,YLD,6.092
300266848,Los Banos,Philippines,2019,Dry,YLD,6.5604
300279864,Los Banos,Philippines,2019,Dry,YLD,6.3203
300279868,Los Banos,Philippines,2019,Dry,YLD,6.872
300287234,Los Banos,Philippines,2019,Dry,YLD,6.294
300293456,Los Banos,Philippines,2019,Dry,YLD,6.2421
300293539,Los Banos,Philippines,2019,Dry,YLD,6.06
300293562,Los Banos,Philippines,2019,Dry,YLD,6.0842
300294018,Los Banos,Philippines,2019,Dry,YLD,6.1526
300294074,Los Banos,Philippines,2019,Dry,YLD,6.6386
300294080,Los Banos,Philippines,2019,Dry,YLD,7.9366
300296708,Los Banos,Philippines,2019,Dry,YLD,6.1439
300431704,Los Banos,Philippines,2019,Dry,YLD,6.4749
300764175,Los Banos,Philippines,2019,Dry,YLD,5.9393
300764179,Los Banos,Philippines,2019,Dry,YLD,4.9079
300764184,Los Banos,Philippines,2019,Dry,YLD,5.8655
3022947,Los Banos,Philippines,2019,Dry,YLD,7.1661
3173051,Los Banos,Philippines,2019,Dry,YLD,5.7908
3272808,Los Banos,Philippines,2019,Dry,YLD,6.8615
3423716,Los Banos,Philippines,2019,Dry,YLD,6.5345
3425601,Los Banos,Philippines,2019,Dry,YLD,6.2428
3425772,Los Banos,Philippines,2019,Dry,YLD,6.7704
3425923,Los Banos,Philippines,2019,Dry,YLD,7.3721
3426973,Los Banos,Philippines,2019,Dry,YLD,5.3215
3427347,Los Banos,Philippines,2019,Dry,YLD,5.3662
3523215,Los Banos,Philippines,2019,Dry,YLD,5.8554
3592078,Los Banos,Philippines,2019,Dry,YLD,5.4733
3592657,Los Banos,Philippines,2019,Dry,YLD,6.9261
3593039,Los Banos,Philippines,2019,Dry,YLD,6.7829
3658769,Los Banos,Philippines,2019,Dry,YLD,6.5283
3806774,Los Banos,Philippines,2019,Dry,YLD,6.6024
3806855,Los Banos,Philippines,2019,Dry,YLD,6.1428
4016512,Los Banos,Philippines,2019,Dry,YLD,5.9245
4016513,Los Banos,Philippines,2019,Dry,YLD,5.3275
4189053,Los Banos,Philippines,2019,Dry,YLD,6.3808
4193103,Los Banos,Philippines,2019,Dry,YLD,6.6353
4214820,Los Banos,Philippines,2019,Dry,YLD,6.3554
4220423,Los Banos,Philippines,2019,Dry,YLD,4.7167
4226523,Los Banos,Philippines,2019,Dry,YLD,5.4398
4228927,Los Banos,Philippines,2019,Dry,YLD,7.2075
4228929,Los Banos,Philippines,2019,Dry,YLD,6.4698
4229118,Los Banos,Philippines,2019,Dry,YLD,6.4494
4229178,Los Banos,Philippines,2019,Dry,YLD,6.5701
4535979,Los Banos,Philippines,2019,Dry,YLD,6.1602
4609623,Los Banos,Philippines,2019,Dry,YLD,6.1244
4609631,Los Banos,Philippines,2019,Dry,YLD,6.578
4789033,Los Banos,Philippines,2019,Dry,YLD,7.3996
4789041,Los Banos,Philippines,2019,Dry,YLD,6.8947
4789051,Los Banos,Philippines,2019,Dry,YLD,7.5286
4789056,Los Banos,Philippines,2019,Dry,YLD,6.7151
4789719,Los Banos,Philippines,2019,Dry,YLD,6.5469
4789765,Los Banos,Philippines,2019,Dry,YLD,7.2742
4789819,Los Banos,Philippines,2019,Dry,YLD,6.3699
4815752,Los Banos,Philippines,2019,Dry,YLD,6.5822
4815880,Los Banos,Philippines,2019,Dry,YLD,6.7232
1201260,Los Banos,Philippines,2019,Dry,DTF,92.8018
1253957,Los Banos,Philippines,2019,Dry,DTF,92.7982
1253961,Los Banos,Philippines,2019,Dry,DTF,92.2808
1384968,Los Banos,Philippines,2019,Dry,DTF,95.9874
1401800,Los Banos,Philippines,2019,Dry,DTF,91.7159
1960929,Los Banos,Philippines,2019,Dry,DTF,92.0634
2337754,Los Banos,Philippines,2019,Dry,DTF,92.8859
2433533,Los Banos,Philippines,2019,Dry,DTF,83.1467
2451001,Los Banos,Philippines,2019,Dry,DTF,85.0132
2472106,Los Banos,Philippines,2019,Dry,DTF,87.7295
2642849,Los Banos,Philippines,2019,Dry,DTF,92.5478
2696701,Los Banos,Philippines,2019,Dry,DTF,86.44
2697231,Los Banos,Philippines,2019,Dry,DTF,90.2564
2697338,Los Banos,Philippines,2019,Dry,DTF,92.1292
2697419,Los Banos,Philippines,2019,Dry,DTF,87.096
2697451,Los Banos,Philippines,2019,Dry,DTF,88.9032
2697797,Los Banos,Philippines,2019,Dry,DTF,92.52
2858722,Los Banos,Philippines,2019,Dry,DTF,92.4698
2971736,Los Banos,Philippines,2019,Dry,DTF,84.0967
2972293,Los Banos,Philippines,2019,Dry,DTF,90.6069
2972309,Los Banos,Philippines,2019,Dry,DTF,90.4817
2972722,Los Banos,Philippines,2019,Dry,DTF,93.1485
2972796,Los Banos,Philippines,2019,Dry,DTF,95.9659
300034581,Los Banos,Philippines,2019,Dry,DTF,85.6849
300035917,Los Banos,Philippines,2019,Dry,DTF,82.4672
300038124,Los Banos,Philippines,2019,Dry,DTF,89.2551
300038265,Los Banos,Philippines,2019,Dry,DTF,84.8463
300038266,Los Banos,Philippines,2019,Dry,DTF,85.0954
300038744,Los Banos,Philippines,2019,Dry,DTF,85.8674
300038775,Los Banos,Philippines,2019,Dry,DTF,85.2799
300039577,Los Banos,Philippines,2019,Dry,DTF,91.0772
300040799,Los Banos,Philippines,2019,Dry,DTF,84.2457
300041295,Los Banos,Philippines,2019,Dry,DTF,82.6977
300041329,Los Banos,Philippines,2019,Dry,DTF,90.6605
300080502,Los Banos,Philippines,2019,Dry,DTF,86.9919
300080634,Los Banos,Philippines,2019,Dry,DTF,91.3693
300166640,Los Banos,Philippines,2019,Dry,DTF,91.0033
300166641,Los Banos,Philippines,2019,Dry,DTF,84.2242
300170400,Los Banos,Philippines,2019,Dry,DTF,87.0654
300172737,Los Banos,Philippines,2019,Dry,DTF,86.8916
300173154,Los Banos,Philippines,2019,Dry,DTF,84.4784
300174086,Los Banos,Philippines,2019,Dry,DTF,82.1964
300174380,Los Banos,Philippines,2019,Dry,DTF,80.6061
300233098,Los Banos,Philippines,2019,Dry,DTF,85.966
300233776,Los Banos,Philippines,2019,Dry,DTF,79.3882
300252036,Los Banos,Philippines,2019,Dry,DTF,81.8517
300258387,Los Banos,Philippines,2019,Dry,DTF,86.9904
300266828,Los Banos,Philippines,2019,Dry,DTF,91.2516
300266831,Los Banos,Philippines,2019,Dry,DTF,93.6451
300266832,Los Banos,Philippines,2019,Dry,DTF,92.4059
300266835,Los Banos,Philippines,2019,Dry,DTF,91.6862
300266839,Los Banos,Philippines,2019,Dry,DTF,90.3268
300266846,Los Banos,Philippines,2019,Dry,DTF,86.4238
300266848,Los Banos,Philippines,2019,Dry,DTF,90.6226
300279864,Los Banos,Philippines,2019,Dry,DTF,91.9977
300279868,Los Banos,Philippines,2019,Dry,DTF,86.5249
300287234,Los Banos,Philippines,2019,Dry,DTF,89.716
300293456,Los Banos,Philippines,2019,Dry,DTF,85.6705
300293539,Los Banos,Philippines,2019,Dry,DTF,85.5602
300293562,Los Banos,Philippines,2019,Dry,DTF,81.9561
300294018,Los Banos,Philippines,2019,Dry,DTF,85.9743
300294074,Los Banos,Philippines,2019,Dry,DTF,82.9469
300294080,Los Banos,Philippines,2019,Dry,DTF,82.6236
300296708,Los Banos,Philippines,2019,Dry,DTF,82.3432
300431704,Los Banos,Philippines,2019,Dry,DTF,81.0727
300764175,Los Banos,Philippines,2019,Dry,DTF,90.1655
300764179,Los Banos,Philippines,2019,Dry,DTF,89.191
300764184,Los Banos,Philippines,2019,Dry,DTF,85.9546
3022947,Los Banos,Philippines,2019,Dry,DTF,98.9314
3173051,Los Banos,Philippines,2019,Dry,DTF,92.8264
3272808,Los Banos,Philippines,2019,Dry,DTF,91.4118
3423716,Los Banos,Philippines,2019,Dry,DTF,85.3763
3425601,Los Banos,Philippines,2019,Dry,DTF,91.9104
3425772,Los Banos,Philippines,2019,Dry,DTF,85.53
3425923,Los Banos,Philippines,2019,Dry,DTF,85.1451
3426973,Los Banos,Philippines,2019,Dry,DTF,91.8599
3427347,Los Banos,Philippines,2019,Dry,DTF,89.5644
3523215,Los Banos,Philippines,2019,Dry,DTF,94.1612
3592078,Los Banos,Philippines,2019,Dry,DTF,95.5194
3592657,Los Banos,Philippines,2019,Dry,DTF,91.4983
3593039,Los Banos,Philippines,2019,Dry,DTF,83.0522
3658769,Los Banos,Philippines,2019,Dry,DTF,85.8559
3806774,Los Banos,Philippines,2019,Dry,DTF,84.4151
3806855,Los Banos,Philippines,2019,Dry,DTF,88.8245
4016512,Los Banos,Philippines,2019,Dry,DTF,86.8098
4016513,Los Banos,Philippines,2019,Dry,DTF,89.6799
4189053,Los Banos,Philippines,2019,Dry,DTF,86.2293
4193103,Los Banos,Philippines,2019,Dry,DTF,85.9161
4214820,Los Banos,Philippines,2019,Dry,DTF,81.3571
4220423,Los Banos,Philippines,2019,Dry,DTF,84.126
4226523,Los Banos,Philippines,2019,Dry,DTF,93.418
4228927,Los Banos,Philippines,2019,Dry,DTF,85.7402
4228929,Los Banos,Philippines,2019,Dry,DTF,85.4815
4229118,Los Banos,Philippines,2019,Dry,DTF,89.814
4229178,Los Banos,Philippines,2019,Dry,DTF,77.5067
4535979,Los Banos,Philippines,2019,Dry,DTF,83.1199
4609623,Los Banos,Philippines,2019,Dry,DTF,87.6553
4609631,Los Banos,Philippines,2019,Dry,DTF,85.0624
4789033,Los Banos,Philippines,2019,Dry,DTF,81.8392
4789041,Los Banos,Philippines,2019,Dry,DTF,87.2742
4789051,Los Banos,Philippines,2019,Dry,DTF,79.8714
4789056,Los Banos,Philippines,2019,Dry,DTF,83.4958
4789719,Los Banos,Philippines,2019,Dry,DTF,79.8984
4789765,Los Banos,Philippines,2019,Dry,DTF,83.3736
4789819,Los Banos,Philippines,2019,Dry,DTF,89.5856
4815752,Los Banos,Philippines,2019,Dry,DTF,84.5292
4815880,Los Banos,Philippines,2019,Dry,DTF,84.9616
1201260,Los Banos,Philippines,2019,Dry,HT,111.873
1253957,Los Banos,Philippines,2019,Dry,HT,102.8211
1253961,Los Banos,Philippines,2019,Dry,HT,111.4564
1384968,Los Banos,Philippines,2019,Dry,HT,100.68
1401800,Los Banos,Philippines,2019,Dry,HT,110.2609
1960929,Los Banos,Philippines,2019,Dry,HT,102.1435
2337754,Los Banos,Philippines,2019,Dry,HT,107.7915
2433533,Los Banos,Philippines,2019,Dry,HT,97.7605
2451001,Los Banos,Philippines,2019,Dry,HT,109.6564
2472106,Los Banos,Philippines,2019,Dry,HT,105.3474
2642849,Los Banos,Philippines,2019,Dry,HT,106.3336
2696701,Los Banos,Philippines,2019,Dry,HT,110.807
2697231,Los Banos,Philippines,2019,Dry,HT,109.8137
2697338,Los Banos,Philippines,2019,Dry,HT,119.0337
2697419,Los Banos,Philippines,2019,Dry,HT,116.0621
2697451,Los Banos,Philippines,2019,Dry,HT,100.8626
2697797,Los Banos,Philippines,2019,Dry,HT,115.807
2858722,Los Banos,Philippines,2019,Dry,HT,109.699
2971736,Los Banos,Philippines,2019,Dry,HT,104.9639
2972293,Los Banos,Philippines,2019,Dry,HT,108.9811
2972309,Los Banos,Philippines,2019,Dry,HT,104.2745
2972722,Los Banos,Philippines,2019,Dry,HT,115.3612
2972796,Los Banos,Philippines,2019,Dry,HT,123.7452
300034581,Los Banos,Philippines,2019,Dry,HT,106.1404
300035917,Los Banos,Philippines,2019,Dry,HT,97.725
300038124,Los Banos,Philippines,2019,Dry,HT,111.9808
300038265,Los Banos,Philippines,2019,Dry,HT,111.2146
300038266,Los Banos,Philippines,2019,Dry,HT,106.643
300038744,Los Banos,Philippines,2019,Dry,HT,104.3184
300038775,Los Banos,Philippines,2019,Dry,HT,107.0066
300039577,Los Banos,Philippines,2019,Dry,HT,116.1953
300040799,Los Banos,Philippines,2019,Dry,HT,90.5264
300041295,Los Banos,Philippines,2019,Dry,HT,114.6333
300041329,Los Banos,Philippines,2019,Dry,HT,107.4236
300080502,Los Banos,Philippines,2019,Dry,HT,119.5085
300080634,Los Banos,Philippines,2019,Dry,HT,102.0168
300166640,Los Banos,Philippines,2019,Dry,HT,103.7746
300166641,Los Banos,Philippines,2019,Dry,HT,97.434
300170400,Los Banos,Philippines,2019,Dry,HT,102.3389
300172737,Los Banos,Philippines,2019,Dry,HT,103.8028
300173154,Los Banos,Philippines,2019,Dry,HT,100.7895
300174086,Los Banos,Philippines,2019,Dry,HT,102.25
300174380,Los Banos,Philippines,2019,Dry,HT,95.6792
300233098,Los Banos,Philippines,2019,Dry,HT,101.3158
300233776,Los Banos,Philippines,2019,Dry,HT,106.1571
300252036,Los Banos,Philippines,2019,Dry,HT,105.6235
300258387,Los Banos,Philippines,2019,Dry,HT,110.3834
300266828,Los Banos,Philippines,2019,Dry,HT,104.7511
300266831,Los Banos,Philippines,2019,Dry,HT,124.3117
300266832,Los Banos,Philippines,2019,Dry,HT,102.8974
300266835,Los Banos,Philippines,2019,Dry,HT,108.2716
300266839,Los Banos,Philippines,2019,Dry,HT,109.4887
300266846,Los Banos,Philippines,2019,Dry,HT,104.9692
300266848,Los Banos,Philippines,2019,Dry,HT,111.1995
300279864,Los Banos,Philippines,2019,Dry,HT,106.5857
300279868,Los Banos,Philippines,2019,Dry,HT,105.6452
300287234,Los Banos,Philippines,2019,Dry,HT,113.127
300293456,Los Banos,Philippines,2019,Dry,HT,106.728
300293539,Los Banos,Philippines,2019,Dry,HT,107.3261
300293562,Los Banos,Philippines,2019,Dry,HT,99.2054
300294018,Los Banos,Philippines,2019,Dry,HT,102.4589
300294074,Los Banos,Philippines,2019,Dry,HT,104.3529
300294080,Los Banos,Philippines,2019,Dry,HT,99.867
300296708,Los Banos,Philippines,2019,Dry,HT,99.6212
300431704,Los Banos,Philippines,2019,Dry,HT,107.3533
300764175,Los Banos,Philippines,2019,Dry,HT,99.9057
300764179,Los Banos,Philippines,2019,Dry,HT,107.8166
300764184,Los Banos,Philippines,2019,Dry,HT,122.7711
3022947,Los Banos,Philippines,2019,Dry,HT,122.4066
3173051,Los Banos,Philippines,2019,Dry,HT,102.8752
3272808,Los Banos,Philippines,2019,Dry,HT,122.6508
3423716,Los Banos,Philippines,2019,Dry,HT,104.6253
3425601,Los Banos,Philippines,2019,Dry,HT,114.8145
3425772,Los Banos,Philippines,2019,Dry,HT,121.5456
3425923,Los Banos,Philippines,2019,Dry,HT,108.9109
3426973,Los Banos,Philippines,2019,Dry,HT,113.7013
3427347,Los Banos,Philippines,2019,Dry,HT,109.7927
3523215,Los Banos,Philippines,2019,Dry,HT,103.4492
3592078,Los Banos,Philippines,2019,Dry,HT,102.424
3592657,Los Banos,Philippines,2019,Dry,HT,114.8678
3593039,Los Banos,Philippines,2019,Dry,HT,110.3027
3658769,Los Banos,Philippines,2019,Dry,HT,100.7766
3806774,Los Banos,Philippines,2019,Dry,HT,100.3182
3806855,Los Banos,Philippines,2019,Dry,HT,106.9278
4016512,Los Banos,Philippines,2019,Dry,HT,102.3085
4016513,Los Banos,Philippines,2019,Dry,HT,109.041
4189053,Los Banos,Philippines,2019,Dry,HT,102.7723
4193103,Los Banos,Philippines,2019,Dry,HT,111.996
4214820,Los Banos,Philippines,2019,Dry,HT,116.2707
4220423,Los Banos,Philippines,2019,Dry,HT,91.3489
4226523,Los Banos,Philippines,2019,Dry,HT,95.0979
4228927,Los Banos,Philippines,2019,Dry,HT,108.6545
4228929,Los Banos,Philippines,2019,Dry,HT,100.0659
4229118,Los Banos,Philippines,2019,Dry,HT,98.974
4229178,Los Banos,Philippines,2019,Dry,HT,79.4119
4535979,Los Banos,Philippines,2019,Dry,HT,100.1487
4609623,Los Banos,Philippines,2019,Dry,HT,104.1865
4609631,Los Banos,Philippines,2019,Dry,HT,99.7679
4789033,Los Banos,Philippines,2019,Dry,HT,105.7362
4789041,Los Banos,Philippines,2019,Dry,HT,107.3364
4789051,Los Banos,Philippines,2019,Dry,HT,110.0225
4789056,Los Banos,Philippines,2019,Dry,HT,104.9624
4789719,Los Banos,Philippines,2019,Dry,HT,107.8399
4789765,Los Banos,Philippines,2019,Dry,HT,116.5001
4789819,Los Banos,Philippines,2019,Dry,HT,112.5495
4815752,Los Banos,Philippines,2019,Dry,HT,110.8217
4815880,Los Banos,Philippines,2019,Dry,HT,105.3485
1253957,Ahero,Kenya,2019,Dry,YLD,4.3133
1384968,Ahero,Kenya,2019,Dry,YLD,5.0935
1401800,Ahero,Kenya,2019,Dry,YLD,5.1442
2337754,Ahero,Kenya,2019,Dry,YLD,5.1144
2451001,Ahero,Kenya,2019,Dry,YLD,4.7637
3173051,Ahero,Kenya,2019,Dry,YLD,4.7226
2642849,Ahero,Kenya,2019,Dry,YLD,5.1085
2696701,Ahero,Kenya,2019,Dry,YLD,5.4451
2697338,Ahero,Kenya,2019,Dry,YLD,4.8269
2697419,Ahero,Kenya,2019,Dry,YLD,5.2446
2697451,Ahero,Kenya,2019,Dry,YLD,4.8435
2697797,Ahero,Kenya,2019,Dry,YLD,3.9961
2858722,Ahero,Kenya,2019,Dry,YLD,5.08
2971736,Ahero,Kenya,2019,Dry,YLD,4.6111
2972293,Ahero,Kenya,2019,Dry,YLD,5.3587
2972309,Ahero,Kenya,2019,Dry,YLD,4.4785
2972722,Ahero,Kenya,2019,Dry,YLD,4.8796
2972796,Ahero,Kenya,2019,Dry,YLD,4.4253
300034581,Ahero,Kenya,2019,Dry,YLD,4.3537
300035917,Ahero,Kenya,2019,Dry,YLD,4.9696
300038124,Ahero,Kenya,2019,Dry,YLD,4.8199
300038265,Ahero,Kenya,2019,Dry,YLD,4.9196
300038266,Ahero,Kenya,2019,Dry,YLD,5.2202
300038744,Ahero,Kenya,2019,Dry,YLD,4.8623
300039577,Ahero,Kenya,2019,Dry,YLD,4.3369
300040799,Ahero,Kenya,2019,Dry,YLD,5.245
300080634,Ahero,Kenya,2019,Dry,YLD,5.1386
300166640,Ahero,Kenya,2019,Dry,YLD,5.2481
300166641,Ahero,Kenya,2019,Dry,YLD,4.7948
300172737,Ahero,Kenya,2019,Dry,YLD,4.9649
300173154,Ahero,Kenya,2019,Dry,YLD,4.777
300174086,Ahero,Kenya,2019,Dry,YLD,4.6843
300174380,Ahero,Kenya,2019,Dry,YLD,4.4409
300252036,Ahero,Kenya,2019,Dry,YLD,4.3544
300258387,Ahero,Kenya,2019,Dry,YLD,4.9207
300266828,Ahero,Kenya,2019,Dry,YLD,4.842
300266831,Ahero,Kenya,2019,Dry,YLD,4.8293
300266832,Ahero,Kenya,2019,Dry,YLD,5.144
300266835,Ahero,Kenya,2019,Dry,YLD,5.1034
300266839,Ahero,Kenya,2019,Dry,YLD,5.0046
300266846,Ahero,Kenya,2019,Dry,YLD,4.7477
300266848,Ahero,Kenya,2019,Dry,YLD,4.5594
300287234,Ahero,Kenya,2019,Dry,YLD,5.0625
300293456,Ahero,Kenya,2019,Dry,YLD,4.9959
300293539,Ahero,Kenya,2019,Dry,YLD,4.4253
300293562,Ahero,Kenya,2019,Dry,YLD,4.8542
300294018,Ahero,Kenya,2019,Dry,YLD,4.9162
300294074,Ahero,Kenya,2019,Dry,YLD,5.0744
300294080,Ahero,Kenya,2019,Dry,YLD,5.1339
300296708,Ahero,Kenya,2019,Dry,YLD,4.4376
300431704,Ahero,Kenya,2019,Dry,YLD,4.9839
300764175,Ahero,Kenya,2019,Dry,YLD,5.0535
300764179,Ahero,Kenya,2019,Dry,YLD,4.9176
300764184,Ahero,Kenya,2019,Dry,YLD,5.1707
3022947,Ahero,Kenya,2019,Dry,YLD,4.2342
300279864,Ahero,Kenya,2019,Dry,YLD,4.4454
3272808,Ahero,Kenya,2019,Dry,YLD,4.7659
3423716,Ahero,Kenya,2019,Dry,YLD,4.9408
3425601,Ahero,Kenya,2019,Dry,YLD,4.1864
3425772,Ahero,Kenya,2019,Dry,YLD,5.2724
3425923,Ahero,Kenya,2019,Dry,YLD,4.5367
3426973,Ahero,Kenya,2019,Dry,YLD,4.67
3427347,Ahero,Kenya,2019,Dry,YLD,4.7705
3523215,Ahero,Kenya,2019,Dry,YLD,4.8641
3592078,Ahero,Kenya,2019,Dry,YLD,3.9806
3592657,Ahero,Kenya,2019,Dry,YLD,4.6694
3593039,Ahero,Kenya,2019,Dry,YLD,5.0643
3658769,Ahero,Kenya,2019,Dry,YLD,5.0889
3806774,Ahero,Kenya,2019,Dry,YLD,5.1442
3806855,Ahero,Kenya,2019,Dry,YLD,4.2027
4016512,Ahero,Kenya,2019,Dry,YLD,4.8833
4016513,Ahero,Kenya,2019,Dry,YLD,4.1665
4189053,Ahero,Kenya,2019,Dry,YLD,4.6708
4193103,Ahero,Kenya,2019,Dry,YLD,4.7941
4214820,Ahero,Kenya,2019,Dry,YLD,4.808
4220423,Ahero,Kenya,2019,Dry,YLD,4.1423
4226523,Ahero,Kenya,2019,Dry,YLD,5.1566
4228927,Ahero,Kenya,2019,Dry,YLD,5.0416
4229118,Ahero,Kenya,2019,Dry,YLD,5.3806
4229178,Ahero,Kenya,2019,Dry,YLD,5.2459
4609623,Ahero,Kenya,2019,Dry,YLD,4.5891
4789041,Ahero,Kenya,2019,Dry,YLD,4.9683
4789051,Ahero,Kenya,2019,Dry,YLD,4.6409
4789056,Ahero,Kenya,2019,Dry,YLD,4.5168
4789719,Ahero,Kenya,2019,Dry,YLD,4.9492
4789765,Ahero,Kenya,2019,Dry,YLD,5.257
4789819,Ahero,Kenya,2019,Dry,YLD,4.4532
4815752,Ahero,Kenya,2019,Dry,YLD,4.9849
4815880,Ahero,Kenya,2019,Dry,YLD,5.1263
1253957,Ahero,Kenya,2019,Dry,DTF,98.0875
1384968,Ahero,Kenya,2019,Dry,DTF,99.1132
1401800,Ahero,Kenya,2019,Dry,DTF,102.8741
2337754,Ahero,Kenya,2019,Dry,DTF,98.4294
2451001,Ahero,Kenya,2019,Dry,DTF,99.1132
3173051,Ahero,Kenya,2019,Dry,DTF,98.0875
2642849,Ahero,Kenya,2019,Dry,DTF,98.0875
2696701,Ahero,Kenya,2019,Dry,DTF,99.4551
2697338,Ahero,Kenya,2019,Dry,DTF,95.0104
2697419,Ahero,Kenya,2019,Dry,DTF,95.3523
2697451,Ahero,Kenya,2019,Dry,DTF,98.7713
2697797,Ahero,Kenya,2019,Dry,DTF,97.7456
2858722,Ahero,Kenya,2019,Dry,DTF,98.0875
2971736,Ahero,Kenya,2019,Dry,DTF,96.7199
2972293,Ahero,Kenya,2019,Dry,DTF,98.7713
2972309,Ahero,Kenya,2019,Dry,DTF,96.378
2972722,Ahero,Kenya,2019,Dry,DTF,97.0618
2972796,Ahero,Kenya,2019,Dry,DTF,98.7713
300034581,Ahero,Kenya,2019,Dry,DTF,95.0104
300035917,Ahero,Kenya,2019,Dry,DTF,96.378
300038124,Ahero,Kenya,2019,Dry,DTF,96.378
300038265,Ahero,Kenya,2019,Dry,DTF,100.4808
300038266,Ahero,Kenya,2019,Dry,DTF,101.1646
300038744,Ahero,Kenya,2019,Dry,DTF,98.2767
300039577,Ahero,Kenya,2019,Dry,DTF,97.4037
300040799,Ahero,Kenya,2019,Dry,DTF,97.0618
300080634,Ahero,Kenya,2019,Dry,DTF,96.7199
300166640,Ahero,Kenya,2019,Dry,DTF,98.4294
300166641,Ahero,Kenya,2019,Dry,DTF,98.7713
300172737,Ahero,Kenya,2019,Dry,DTF,95.3523
300173154,Ahero,Kenya,2019,Dry,DTF,95.6942
300174086,Ahero,Kenya,2019,Dry,DTF,122.0204
300174380,Ahero,Kenya,2019,Dry,DTF,96.2597
300252036,Ahero,Kenya,2019,Dry,DTF,96.378
300258387,Ahero,Kenya,2019,Dry,DTF,97.7456
300266828,Ahero,Kenya,2019,Dry,DTF,97.7456
300266831,Ahero,Kenya,2019,Dry,DTF,99.1132
300266832,Ahero,Kenya,2019,Dry,DTF,99.797
300266835,Ahero,Kenya,2019,Dry,DTF,99.797
300266839,Ahero,Kenya,2019,Dry,DTF,97.7456
300266846,Ahero,Kenya,2019,Dry,DTF,97.7456
300266848,Ahero,Kenya,2019,Dry,DTF,101.5065
300287234,Ahero,Kenya,2019,Dry,DTF,99.1132
300293456,Ahero,Kenya,2019,Dry,DTF,99.797
300293539,Ahero,Kenya,2019,Dry,DTF,100.8227
300293562,Ahero,Kenya,2019,Dry,DTF,97.4037
300294018,Ahero,Kenya,2019,Dry,DTF,97.7456
300294074,Ahero,Kenya,2019,Dry,DTF,98.4294
300294080,Ahero,Kenya,2019,Dry,DTF,96.0361
300296708,Ahero,Kenya,2019,Dry,DTF,95.6942
300431704,Ahero,Kenya,2019,Dry,DTF,95.6942
300764175,Ahero,Kenya,2019,Dry,DTF,99.797
300764179,Ahero,Kenya,2019,Dry,DTF,101.1646
300764184,Ahero,Kenya,2019,Dry,DTF,95.3523
3022947,Ahero,Kenya,2019,Dry,DTF,101.5065
300279864,Ahero,Kenya,2019,Dry,DTF,100.8227
3272808,Ahero,Kenya,2019,Dry,DTF,97.0618
3423716,Ahero,Kenya,2019,Dry,DTF,96.0361
3425601,Ahero,Kenya,2019,Dry,DTF,102.8741
3425772,Ahero,Kenya,2019,Dry,DTF,100.4808
3425923,Ahero,Kenya,2019,Dry,DTF,96.0361
3426973,Ahero,Kenya,2019,Dry,DTF,103.5579
3427347,Ahero,Kenya,2019,Dry,DTF,97.4037
3523215,Ahero,Kenya,2019,Dry,DTF,103.8998
3592078,Ahero,Kenya,2019,Dry,DTF,99.1132
3592657,Ahero,Kenya,2019,Dry,DTF,97.7456
3593039,Ahero,Kenya,2019,Dry,DTF,95.3523
3658769,Ahero,Kenya,2019,Dry,DTF,103.8998
3806774,Ahero,Kenya,2019,Dry,DTF,96.0361
3806855,Ahero,Kenya,2019,Dry,DTF,100.1389
4016512,Ahero,Kenya,2019,Dry,DTF,100.2855
4016513,Ahero,Kenya,2019,Dry,DTF,95.3523
4189053,Ahero,Kenya,2019,Dry,DTF,97.7456
4193103,Ahero,Kenya,2019,Dry,DTF,96.0361
4214820,Ahero,Kenya,2019,Dry,DTF,95.6942
4220423,Ahero,Kenya,2019,Dry,DTF,97.7456
4226523,Ahero,Kenya,2019,Dry,DTF,99.1132
4228927,Ahero,Kenya,2019,Dry,DTF,99.4551
4229118,Ahero,Kenya,2019,Dry,DTF,98.7713
4229178,Ahero,Kenya,2019,Dry,DTF,95.3523
4609623,Ahero,Kenya,2019,Dry,DTF,97.8489
4789041,Ahero,Kenya,2019,Dry,DTF,97.4037
4789051,Ahero,Kenya,2019,Dry,DTF,98.2767
4789056,Ahero,Kenya,2019,Dry,DTF,95.3523
4789719,Ahero,Kenya,2019,Dry,DTF,96.0361
4789765,Ahero,Kenya,2019,Dry,DTF,97.0618
4789819,Ahero,Kenya,2019,Dry,DTF,98.4294
4815752,Ahero,Kenya,2019,Dry,DTF,95.6942
4815880,Ahero,Kenya,2019,Dry,DTF,96.0361
1253957,Ahero,Kenya,2019,Dry,HT,96.4488
1384968,Ahero,Kenya,2019,Dry,HT,102.3913
1401800,Ahero,Kenya,2019,Dry,HT,99.7411
2337754,Ahero,Kenya,2019,Dry,HT,97.6777
2451001,Ahero,Kenya,2019,Dry,HT,98.4352
3173051,Ahero,Kenya,2019,Dry,HT,97.0523
2642849,Ahero,Kenya,2019,Dry,HT,97.3128
2696701,Ahero,Kenya,2019,Dry,HT,100.8354
2697338,Ahero,Kenya,2019,Dry,HT,96.4591
2697419,Ahero,Kenya,2019,Dry,HT,99.0885
2697451,Ahero,Kenya,2019,Dry,HT,91.3007
2697797,Ahero,Kenya,2019,Dry,HT,98.7763
2858722,Ahero,Kenya,2019,Dry,HT,99.286
2971736,Ahero,Kenya,2019,Dry,HT,98.8139
2972293,Ahero,Kenya,2019,Dry,HT,92.4778
2972309,Ahero,Kenya,2019,Dry,HT,96.0208
2972722,Ahero,Kenya,2019,Dry,HT,98.6591
2972796,Ahero,Kenya,2019,Dry,HT,109.2772
300034581,Ahero,Kenya,2019,Dry,HT,100.6584
300035917,Ahero,Kenya,2019,Dry,HT,97.7624
300038124,Ahero,Kenya,2019,Dry,HT,95.96
300038265,Ahero,Kenya,2019,Dry,HT,105.5255
300038266,Ahero,Kenya,2019,Dry,HT,98.4519
300038744,Ahero,Kenya,2019,Dry,HT,101.0181
300039577,Ahero,Kenya,2019,Dry,HT,109.9233
300040799,Ahero,Kenya,2019,Dry,HT,96.4227
300080634,Ahero,Kenya,2019,Dry,HT,91.0661
300166640,Ahero,Kenya,2019,Dry,HT,93.007
300166641,Ahero,Kenya,2019,Dry,HT,97.4658
300172737,Ahero,Kenya,2019,Dry,HT,104.7407
300173154,Ahero,Kenya,2019,Dry,HT,87.566
300174086,Ahero,Kenya,2019,Dry,HT,105.6543
300174380,Ahero,Kenya,2019,Dry,HT,101.0135
300252036,Ahero,Kenya,2019,Dry,HT,99.7038
300258387,Ahero,Kenya,2019,Dry,HT,98.404
300266828,Ahero,Kenya,2019,Dry,HT,99.2991
300266831,Ahero,Kenya,2019,Dry,HT,98.2751
300266832,Ahero,Kenya,2019,Dry,HT,96.1418
300266835,Ahero,Kenya,2019,Dry,HT,92.714
300266839,Ahero,Kenya,2019,Dry,HT,102.0658
300266846,Ahero,Kenya,2019,Dry,HT,95.3099
300266848,Ahero,Kenya,2019,Dry,HT,99.6901
300287234,Ahero,Kenya,2019,Dry,HT,101.6636
300293456,Ahero,Kenya,2019,Dry,HT,97.3337
300293539,Ahero,Kenya,2019,Dry,HT,94.2645
300293562,Ahero,Kenya,2019,Dry,HT,91.6422
300294018,Ahero,Kenya,2019,Dry,HT,95.3951
300294074,Ahero,Kenya,2019,Dry,HT,97.9797
300294080,Ahero,Kenya,2019,Dry,HT,98.8815
300296708,Ahero,Kenya,2019,Dry,HT,96.998
300431704,Ahero,Kenya,2019,Dry,HT,100.6829
300764175,Ahero,Kenya,2019,Dry,HT,95.591
300764179,Ahero,Kenya,2019,Dry,HT,105.7138
300764184,Ahero,Kenya,2019,Dry,HT,102.2868
3022947,Ahero,Kenya,2019,Dry,HT,103.3888
300279864,Ahero,Kenya,2019,Dry,HT,98.6532
3272808,Ahero,Kenya,2019,Dry,HT,101.3677
3423716,Ahero,Kenya,2019,Dry,HT,98.5218
3425601,Ahero,Kenya,2019,Dry,HT,103.0575
3425772,Ahero,Kenya,2019,Dry,HT,96.1106
3425923,Ahero,Kenya,2019,Dry,HT,100.3257
3426973,Ahero,Kenya,2019,Dry,HT,96.2982
3427347,Ahero,Kenya,2019,Dry,HT,95.9762
3523215,Ahero,Kenya,2019,Dry,HT,98.5585
3592078,Ahero,Kenya,2019,Dry,HT,109.6395
3592657,Ahero,Kenya,2019,Dry,HT,104.509
3593039,Ahero,Kenya,2019,Dry,HT,96.7383
3658769,Ahero,Kenya,2019,Dry,HT,98.7634
3806774,Ahero,Kenya,2019,Dry,HT,99.9181
3806855,Ahero,Kenya,2019,Dry,HT,98.3171
4016512,Ahero,Kenya,2019,Dry,HT,91.8941
4016513,Ahero,Kenya,2019,Dry,HT,100.0835
4189053,Ahero,Kenya,2019,Dry,HT,94.7579
4193103,Ahero,Kenya,2019,Dry,HT,94.1861
4214820,Ahero,Kenya,2019,Dry,HT,94.3107
4220423,Ahero,Kenya,2019,Dry,HT,97.4479
4226523,Ahero,Kenya,2019,Dry,HT,86.2987
4228927,Ahero,Kenya,2019,Dry,HT,101.0745
4229118,Ahero,Kenya,2019,Dry,HT,95.3525
4229178,Ahero,Kenya,2019,Dry,HT,93.007
4609623,Ahero,Kenya,2019,Dry,HT,94.5595
4789041,Ahero,Kenya,2019,Dry,HT,92.9588
4789051,Ahero,Kenya,2019,Dry,HT,101.6482
4789056,Ahero,Kenya,2019,Dry,HT,95.644
4789719,Ahero,Kenya,2019,Dry,HT,98.4579
4789765,Ahero,Kenya,2019,Dry,HT,96.9628
4789819,Ahero,Kenya,2019,Dry,HT,87.9752
4815752,Ahero,Kenya,2019,Dry,HT,97.3087
4815880,Ahero,Kenya,2019,Dry,HT,95.6147
1201260,Los Banos,Philippines,2019,Wet,YLD,5.4454
1253957,Los Banos,Philippines,2019,Wet,YLD,5.0428
1253961,Los Banos,Philippines,2019,Wet,YLD,6.151
1384968,Los Banos,Philippines,2019,Wet,YLD,5.8603
1401800,Los Banos,Philippines,2019,Wet,YLD,5.7041
1960929,Los Banos,Philippines,2019,Wet,YLD,5.8306
2337754,Los Banos,Philippines,2019,Wet,YLD,5.1413
2433533,Los Banos,Philippines,2019,Wet,YLD,6.2461
2451001,Los Banos,Philippines,2019,Wet,YLD,5.2032
2472106,Los Banos,Philippines,2019,Wet,YLD,5.9008
2642849,Los Banos,Philippines,2019,Wet,YLD,6.1206
2696701,Los Banos,Philippines,2019,Wet,YLD,5.4584
2697231,Los Banos,Philippines,2019,Wet,YLD,5.6504
2697338,Los Banos,Philippines,2019,Wet,YLD,5.006
2697419,Los Banos,Philippines,2019,Wet,YLD,5.1554
2697451,Los Banos,Philippines,2019,Wet,YLD,5.9685
2697797,Los Banos,Philippines,2019,Wet,YLD,5.887
2858722,Los Banos,Philippines,2019,Wet,YLD,5.9731
2971736,Los Banos,Philippines,2019,Wet,YLD,5.8147
2972293,Los Banos,Philippines,2019,Wet,YLD,5.7683
2972309,Los Banos,Philippines,2019,Wet,YLD,5.2512
2972722,Los Banos,Philippines,2019,Wet,YLD,5.0656
2972796,Los Banos,Philippines,2019,Wet,YLD,5.417
300034581,Los Banos,Philippines,2019,Wet,YLD,5.5589
300035917,Los Banos,Philippines,2019,Wet,YLD,5.4488
300038124,Los Banos,Philippines,2019,Wet,YLD,5.0365
300038265,Los Banos,Philippines,2019,Wet,YLD,5.7033
300038266,Los Banos,Philippines,2019,Wet,YLD,5.9618
300038744,Los Banos,Philippines,2019,Wet,YLD,5.6142
300038775,Los Banos,Philippines,2019,Wet,YLD,6.1403
300039577,Los Banos,Philippines,2019,Wet,YLD,5.2234
300040799,Los Banos,Philippines,2019,Wet,YLD,5.6833
300041295,Los Banos,Philippines,2019,Wet,YLD,5.0328
300041329,Los Banos,Philippines,2019,Wet,YLD,5.0289
300080502,Los Banos,Philippines,2019,Wet,YLD,5.3305
300080634,Los Banos,Philippines,2019,Wet,YLD,4.7497
300166640,Los Banos,Philippines,2019,Wet,YLD,5.6488
300166641,Los Banos,Philippines,2019,Wet,YLD,5.8634
300170400,Los Banos,Philippines,2019,Wet,YLD,5.3347
300172737,Los Banos,Philippines,2019,Wet,YLD,4.6842
300173154,Los Banos,Philippines,2019,Wet,YLD,5.7575
300174086,Los Banos,Philippines,2019,Wet,YLD,5.7828
300174380,Los Banos,Philippines,2019,Wet,YLD,5.3266
300233098,Los Banos,Philippines,2019,Wet,YLD,3.6838
300233776,Los Banos,Philippines,2019,Wet,YLD,5.3675
300252036,Los Banos,Philippines,2019,Wet,YLD,4.9901
300258387,Los Banos,Philippines,2019,Wet,YLD,5.4287
300266828,Los Banos,Philippines,2019,Wet,YLD,4.7865
300266831,Los Banos,Philippines,2019,Wet,YLD,4.9264
300266832,Los Banos,Philippines,2019,Wet,YLD,4.9362
300266835,Los Banos,Philippines,2019,Wet,YLD,5.5971
300266839,Los Banos,Philippines,2019,Wet,YLD,3.9518
300266846,Los Banos,Philippines,2019,Wet,YLD,4.838
300266848,Los Banos,Philippines,2019,Wet,YLD,5.2123
300279864,Los Banos,Philippines,2019,Wet,YLD,5.5679
300279868,Los Banos,Philippines,2019,Wet,YLD,5.4778
300287234,Los Banos,Philippines,2019,Wet,YLD,5.1829
300293456,Los Banos,Philippines,2019,Wet,YLD,5.6562
300293539,Los Banos,Philippines,2019,Wet,YLD,6.6791
300293562,Los Banos,Philippines,2019,Wet,YLD,5.6817
300294018,Los Banos,Philippines,2019,Wet,YLD,4.0186
300294074,Los Banos,Philippines,2019,Wet,YLD,4.938
300294080,Los Banos,Philippines,2019,Wet,YLD,5.9943
300296708,Los Banos,Philippines,2019,Wet,YLD,5.1899
300431704,Los Banos,Philippines,2019,Wet,YLD,5.7508
300764175,Los Banos,Philippines,2019,Wet,YLD,5.5069
300764179,Los Banos,Philippines,2019,Wet,YLD,4.188
300764184,Los Banos,Philippines,2019,Wet,YLD,4.7405
3022947,Los Banos,Philippines,2019,Wet,YLD,5.0615
3173051,Los Banos,Philippines,2019,Wet,YLD,5.0606
3272808,Los Banos,Philippines,2019,Wet,YLD,4.6936
3423716,Los Banos,Philippines,2019,Wet,YLD,5.8454
3425601,Los Banos,Philippines,2019,Wet,YLD,4.7996
3425772,Los Banos,Philippines,2019,Wet,YLD,5.7719
3425923,Los Banos,Philippines,2019,Wet,YLD,5.5942
3426973,Los Banos,Philippines,2019,Wet,YLD,4.9751
3427347,Los Banos,Philippines,2019,Wet,YLD,3.8276
3523215,Los Banos,Philippines,2019,Wet,YLD,4.9719
3592078,Los Banos,Philippines,2019,Wet,YLD,3.931
3592657,Los Banos,Philippines,2019,Wet,YLD,4.7293
3593039,Los Banos,Philippines,2019,Wet,YLD,4.9708
3658769,Los Banos,Philippines,2019,Wet,YLD,5.856
3806774,Los Banos,Philippines,2019,Wet,YLD,4.9095
3806855,Los Banos,Philippines,2019,Wet,YLD,4.9124
4016512,Los Banos,Philippines,2019,Wet,YLD,5.8033
4016513,Los Banos,Philippines,2019,Wet,YLD,5.4124
4189053,Los Banos,Philippines,2019,Wet,YLD,5.6857
4193103,Los Banos,Philippines,2019,Wet,YLD,6.0483
4214820,Los Banos,Philippines,2019,Wet,YLD,5.5014
4220423,Los Banos,Philippines,2019,Wet,YLD,3.563
4226523,Los Banos,Philippines,2019,Wet,YLD,4.5571
4228927,Los Banos,Philippines,2019,Wet,YLD,5.8261
4228929,Los Banos,Philippines,2019,Wet,YLD,5.8261
4229118,Los Banos,Philippines,2019,Wet,YLD,5.6697
4229178,Los Banos,Philippines,2019,Wet,YLD,5.3637
4535979,Los Banos,Philippines,2019,Wet,YLD,4.9643
4609623,Los Banos,Philippines,2019,Wet,YLD,5.7356
4609631,Los Banos,Philippines,2019,Wet,YLD,4.6642
4789033,Los Banos,Philippines,2019,Wet,YLD,5.7536
4789041,Los Banos,Philippines,2019,Wet,YLD,5.296
4789051,Los Banos,Philippines,2019,Wet,YLD,6.0989
4789056,Los Banos,Philippines,2019,Wet,YLD,5.6641
4789719,Los Banos,Philippines,2019,Wet,YLD,5.9017
4789765,Los Banos,Philippines,2019,Wet,YLD,5.6189
4789819,Los Banos,Philippines,2019,Wet,YLD,5.5998
4815752,Los Banos,Philippines,2019,Wet,YLD,4.9276
4815880,Los Banos,Philippines,2019,Wet,YLD,5.4703
1201260,Los Banos,Philippines,2019,Wet,DTF,90.9968
1253957,Los Banos,Philippines,2019,Wet,DTF,90.5556
1253961,Los Banos,Philippines,2019,Wet,DTF,86.837
1384968,Los Banos,Philippines,2019,Wet,DTF,90.6155
1401800,Los Banos,Philippines,2019,Wet,DTF,88.743
1960929,Los Banos,Philippines,2019,Wet,DTF,88.1191
2337754,Los Banos,Philippines,2019,Wet,DTF,88.8265
2433533,Los Banos,Philippines,2019,Wet,DTF,81.5638
2451001,Los Banos,Philippines,2019,Wet,DTF,74.312
2472106,Los Banos,Philippines,2019,Wet,DTF,79.188
2642849,Los Banos,Philippines,2019,Wet,DTF,88.6178
2696701,Los Banos,Philippines,2019,Wet,DTF,84.2444
2697231,Los Banos,Philippines,2019,Wet,DTF,90.0336
2697338,Los Banos,Philippines,2019,Wet,DTF,91.6611
2697419,Los Banos,Philippines,2019,Wet,DTF,88.4799
2697451,Los Banos,Philippines,2019,Wet,DTF,88.824
2697797,Los Banos,Philippines,2019,Wet,DTF,87.997
2858722,Los Banos,Philippines,2019,Wet,DTF,86.3917
2971736,Los Banos,Philippines,2019,Wet,DTF,83.3546
2972293,Los Banos,Philippines,2019,Wet,DTF,86.7748
2972309,Los Banos,Philippines,2019,Wet,DTF,88.2633
2972722,Los Banos,Philippines,2019,Wet,DTF,89.3963
2972796,Los Banos,Philippines,2019,Wet,DTF,89.4536
300034581,Los Banos,Philippines,2019,Wet,DTF,90.2219
300035917,Los Banos,Philippines,2019,Wet,DTF,88.1717
300038124,Los Banos,Philippines,2019,Wet,DTF,88.1634
300038265,Los Banos,Philippines,2019,Wet,DTF,87.1012
300038266,Los Banos,Philippines,2019,Wet,DTF,82.9419
300038744,Los Banos,Philippines,2019,Wet,DTF,83.3512
300038775,Los Banos,Philippines,2019,Wet,DTF,86.2472
300039577,Los Banos,Philippines,2019,Wet,DTF,87.3846
300040799,Los Banos,Philippines,2019,Wet,DTF,84.9661
300041295,Los Banos,Philippines,2019,Wet,DTF,83.3129
300041329,Los Banos,Philippines,2019,Wet,DTF,97.772
300080502,Los Banos,Philippines,2019,Wet,DTF,81.6286
300080634,Los Banos,Philippines,2019,Wet,DTF,90.9575
300166640,Los Banos,Philippines,2019,Wet,DTF,91.7375
300166641,Los Banos,Philippines,2019,Wet,DTF,83.9972
300170400,Los Banos,Philippines,2019,Wet,DTF,83.6464
300172737,Los Banos,Philippines,2019,Wet,DTF,89.1085
300173154,Los Banos,Philippines,2019,Wet,DTF,82.2144
300174086,Los Banos,Philippines,2019,Wet,DTF,86.133
300174380,Los Banos,Philippines,2019,Wet,DTF,81.6443
300233098,Los Banos,Philippines,2019,Wet,DTF,82.7352
300233776,Los Banos,Philippines,2019,Wet,DTF,77.1292
300252036,Los Banos,Philippines,2019,Wet,DTF,82.2321
300258387,Los Banos,Philippines,2019,Wet,DTF,86.977
300266828,Los Banos,Philippines,2019,Wet,DTF,86.1273
300266831,Los Banos,Philippines,2019,Wet,DTF,89.8877
300266832,Los Banos,Philippines,2019,Wet,DTF,89.075
300266835,Los Banos,Philippines,2019,Wet,DTF,90.0053
300266839,Los Banos,Philippines,2019,Wet,DTF,96.399
300266846,Los Banos,Philippines,2019,Wet,DTF,84.2422
300266848,Los Banos,Philippines,2019,Wet,DTF,78.4711
300279864,Los Banos,Philippines,2019,Wet,DTF,84.6609
300279868,Los Banos,Philippines,2019,Wet,DTF,89.1162
300287234,Los Banos,Philippines,2019,Wet,DTF,85.3735
300293456,Los Banos,Philippines,2019,Wet,DTF,84.899
300293539,Los Banos,Philippines,2019,Wet,DTF,80.1399
300293562,Los Banos,Philippines,2019,Wet,DTF,85.896
300294018,Los Banos,Philippines,2019,Wet,DTF,86.9428
300294074,Los Banos,Philippines,2019,Wet,DTF,83.3046
300294080,Los Banos,Philippines,2019,Wet,DTF,83.9834
300296708,Los Banos,Philippines,2019,Wet,DTF,85.419
300431704,Los Banos,Philippines,2019,Wet,DTF,81.4671
300764175,Los Banos,Philippines,2019,Wet,DTF,85.8189
300764179,Los Banos,Philippines,2019,Wet,DTF,87.5892
300764184,Los Banos,Philippines,2019,Wet,DTF,83.55
3022947,Los Banos,Philippines,2019,Wet,DTF,92.938
3173051,Los Banos,Philippines,2019,Wet,DTF,86.2112
3272808,Los Banos,Philippines,2019,Wet,DTF,90.336
3423716,Los Banos,Philippines,2019,Wet,DTF,86.8413
3425601,Los Banos,Philippines,2019,Wet,DTF,92.9413
3425772,Los Banos,Philippines,2019,Wet,DTF,85.6669
3425923,Los Banos,Philippines,2019,Wet,DTF,83.5954
3426973,Los Banos,Philippines,2019,Wet,DTF,86.9723
3427347,Los Banos,Philippines,2019,Wet,DTF,91.848
3523215,Los Banos,Philippines,2019,Wet,DTF,90.3518
3592078,Los Banos,Philippines,2019,Wet,DTF,97.1749
3592657,Los Banos,Philippines,2019,Wet,DTF,84.1777
3593039,Los Banos,Philippines,2019,Wet,DTF,82.6558
3658769,Los Banos,Philippines,2019,Wet,DTF,86.3208
3806774,Los Banos,Philippines,2019,Wet,DTF,79.2533
3806855,Los Banos,Philippines,2019,Wet,DTF,84.2766
4016512,Los Banos,Philippines,2019,Wet,DTF,85.5014
4016513,Los Banos,Philippines,2019,Wet,DTF,84.0752
4189053,Los Banos,Philippines,2019,Wet,DTF,87.6807
4193103,Los Banos,Philippines,2019,Wet,DTF,82.9536
4214820,Los Banos,Philippines,2019,Wet,DTF,85.644
4220423,Los Banos,Philippines,2019,Wet,DTF,72.7741
4226523,Los Banos,Philippines,2019,Wet,DTF,88.0966
4228927,Los Banos,Philippines,2019,Wet,DTF,83.6505
4228929,Los Banos,Philippines,2019,Wet,DTF,87.76
4229118,Los Banos,Philippines,2019,Wet,DTF,89.7863
4229178,Los Banos,Philippines,2019,Wet,DTF,72.3695
4535979,Los Banos,Philippines,2019,Wet,DTF,85.0731
4609623,Los Banos,Philippines,2019,Wet,DTF,84.1163
4609631,Los Banos,Philippines,2019,Wet,DTF,82.567
4789033,Los Banos,Philippines,2019,Wet,DTF,84.3373
4789041,Los Banos,Philippines,2019,Wet,DTF,93.1272
4789051,Los Banos,Philippines,2019,Wet,DTF,80.2071
4789056,Los Banos,Philippines,2019,Wet,DTF,84.7003
4789719,Los Banos,Philippines,2019,Wet,DTF,86.6982
4789765,Los Banos,Philippines,2019,Wet,DTF,83.7484
4789819,Los Banos,Philippines,2019,Wet,DTF,89.8655
4815752,Los Banos,Philippines,2019,Wet,DTF,83.4528
4815880,Los Banos,Philippines,2019,Wet,DTF,82.1374
1201260,Los Banos,Philippines,2019,Wet,HT,117.9835
1253957,Los Banos,Philippines,2019,Wet,HT,114.1903
1253961,Los Banos,Philippines,2019,Wet,HT,117.663
1384968,Los Banos,Philippines,2019,Wet,HT,116.1775
1401800,Los Banos,Philippines,2019,Wet,HT,122.7239
1960929,Los Banos,Philippines,2019,Wet,HT,122.4601
2337754,Los Banos,Philippines,2019,Wet,HT,127.2568
2433533,Los Banos,Philippines,2019,Wet,HT,108.4565
2451001,Los Banos,Philippines,2019,Wet,HT,115.6198
2472106,Los Banos,Philippines,2019,Wet,HT,123.8161
2642849,Los Banos,Philippines,2019,Wet,HT,124.7399
2696701,Los Banos,Philippines,2019,Wet,HT,117.2608
2697231,Los Banos,Philippines,2019,Wet,HT,107.0688
2697338,Los Banos,Philippines,2019,Wet,HT,124.626
2697419,Los Banos,Philippines,2019,Wet,HT,120.569
2697451,Los Banos,Philippines,2019,Wet,HT,123.4147
2697797,Los Banos,Philippines,2019,Wet,HT,129.3674
2858722,Los Banos,Philippines,2019,Wet,HT,119.4152
2971736,Los Banos,Philippines,2019,Wet,HT,113.4856
2972293,Los Banos,Philippines,2019,Wet,HT,118.2953
2972309,Los Banos,Philippines,2019,Wet,HT,117.3814
2972722,Los Banos,Philippines,2019,Wet,HT,121.2534
2972796,Los Banos,Philippines,2019,Wet,HT,115.4906
300034581,Los Banos,Philippines,2019,Wet,HT,122.2302
300035917,Los Banos,Philippines,2019,Wet,HT,119.9305
300038124,Los Banos,Philippines,2019,Wet,HT,124.8675
300038265,Los Banos,Philippines,2019,Wet,HT,119.7381
300038266,Los Banos,Philippines,2019,Wet,HT,117.9217
300038744,Los Banos,Philippines,2019,Wet,HT,121.0769
300038775,Los Banos,Philippines,2019,Wet,HT,114.906
300039577,Los Banos,Philippines,2019,Wet,HT,115.6388
300040799,Los Banos,Philippines,2019,Wet,HT,115.4448
300041295,Los Banos,Philippines,2019,Wet,HT,122.059
300041329,Los Banos,Philippines,2019,Wet,HT,121.2789
300080502,Los Banos,Philippines,2019,Wet,HT,122.2725
300080634,Los Banos,Philippines,2019,Wet,HT,114.3351
300166640,Los Banos,Philippines,2019,Wet,HT,119.2842
300166641,Los Banos,Philippines,2019,Wet,HT,117.8182
300170400,Los Banos,Philippines,2019,Wet,HT,119.1784
300172737,Los Banos,Philippines,2019,Wet,HT,115.6453
300173154,Los Banos,Philippines,2019,Wet,HT,111.6856
300174086,Los Banos,Philippines,2019,Wet,HT,117.251
300174380,Los Banos,Philippines,2019,Wet,HT,119.1551
300233098,Los Banos,Philippines,2019,Wet,HT,119.6143
300233776,Los Banos,Philippines,2019,Wet,HT,121.0994
300252036,Los Banos,Philippines,2019,Wet,HT,124.0417
300258387,Los Banos,Philippines,2019,Wet,HT,123.1448
300266828,Los Banos,Philippines,2019,Wet,HT,122.4717
300266831,Los Banos,Philippines,2019,Wet,HT,128.2821
300266832,Los Banos,Philippines,2019,Wet,HT,117.0222
300266835,Los Banos,Philippines,2019,Wet,HT,123.3516
300266839,Los Banos,Philippines,2019,Wet,HT,124.1131
300266846,Los Banos,Philippines,2019,Wet,HT,121.4927
300266848,Los Banos,Philippines,2019,Wet,HT,117.8852
300279864,Los Banos,Philippines,2019,Wet,HT,120.9659
300279868,Los Banos,Philippines,2019,Wet,HT,115.2256
300287234,Los Banos,Philippines,2019,Wet,HT,115.4285
300293456,Los Banos,Philippines,2019,Wet,HT,112.4765
300293539,Los Banos,Philippines,2019,Wet,HT,117.1065
300293562,Los Banos,Philippines,2019,Wet,HT,117.2228
300294018,Los Banos,Philippines,2019,Wet,HT,121.5067
300294074,Los Banos,Philippines,2019,Wet,HT,115.4776
300294080,Los Banos,Philippines,2019,Wet,HT,115.8147
300296708,Los Banos,Philippines,2019,Wet,HT,115.9873
300431704,Los Banos,Philippines,2019,Wet,HT,116.5386
300764175,Los Banos,Philippines,2019,Wet,HT,116.6875
300764179,Los Banos,Philippines,2019,Wet,HT,112.5027
300764184,Los Banos,Philippines,2019,Wet,HT,120.205
3022947,Los Banos,Philippines,2019,Wet,HT,138.4187
3173051,Los Banos,Philippines,2019,Wet,HT,122.3577
3272808,Los Banos,Philippines,2019,Wet,HT,126.7104
3423716,Los Banos,Philippines,2019,Wet,HT,124.8746
3425601,Los Banos,Philippines,2019,Wet,HT,134.9562
3425772,Los Banos,Philippines,2019,Wet,HT,129.796
3425923,Los Banos,Philippines,2019,Wet,HT,116.9606
3426973,Los Banos,Philippines,2019,Wet,HT,117.8185
3427347,Los Banos,Philippines,2019,Wet,HT,120.7998
3523215,Los Banos,Philippines,2019,Wet,HT,121.8774
3592078,Los Banos,Philippines,2019,Wet,HT,118.4099
3592657,Los Banos,Philippines,2019,Wet,HT,105.7574
3593039,Los Banos,Philippines,2019,Wet,HT,117.2948
3658769,Los Banos,Philippines,2019,Wet,HT,119.1669
3806774,Los Banos,Philippines,2019,Wet,HT,118.4998
3806855,Los Banos,Philippines,2019,Wet,HT,122.7869
4016512,Los Banos,Philippines,2019,Wet,HT,119.5353
4016513,Los Banos,Philippines,2019,Wet,HT,117.379
4189053,Los Banos,Philippines,2019,Wet,HT,114.1981
4193103,Los Banos,Philippines,2019,Wet,HT,124.272
4214820,Los Banos,Philippines,2019,Wet,HT,131.3383
4220423,Los Banos,Philippines,2019,Wet,HT,100.8107
4226523,Los Banos,Philippines,2019,Wet,HT,115.4532
4228927,Los Banos,Philippines,2019,Wet,HT,125.0188
4228929,Los Banos,Philippines,2019,Wet,HT,116.3519
4229118,Los Banos,Philippines,2019,Wet,HT,110.2765
4229178,Los Banos,Philippines,2019,Wet,HT,110.6264
4535979,Los Banos,Philippines,2019,Wet,HT,120.2466
4609623,Los Banos,Philippines,2019,Wet,HT,120.0314
4609631,Los Banos,Philippines,2019,Wet,HT,114.4181
4789033,Los Banos,Philippines,2019,Wet,HT,115.0225
4789041,Los Banos,Philippines,2019,Wet,HT,125.824
4789051,Los Banos,Philippines,2019,Wet,HT,123.2626
4789056,Los Banos,Philippines,2019,Wet,HT,123.9263
4789719,Los Banos,Philippines,2019,Wet,HT,125.2059
4789765,Los Banos,Philippines,2019,Wet,HT,120.6221
4789819,Los Banos,Philippines,2019,Wet,HT,107.9428
4815752,Los Banos,Philippines,2019,Wet,HT,123.3853
4815880,Los Banos,Philippines,2019,Wet,HT,114.096
1253957,Chokwe,Mozambique,2020,Wet,YLD,5.9488
1384968,Chokwe,Mozambique,2020,Wet,YLD,5.9327
1401800,Chokwe,Mozambique,2020,Wet,YLD,6.0306
2337754,Chokwe,Mozambique,2020,Wet,YLD,6.02
2451001,Chokwe,Mozambique,2020,Wet,YLD,5.8466
2642849,Chokwe,Mozambique,2020,Wet,YLD,6.1673
2696701,Chokwe,Mozambique,2020,Wet,YLD,5.6848
2697338,Chokwe,Mozambique,2020,Wet,YLD,6.4461
2697419,Chokwe,Mozambique,2020,Wet,YLD,6.0243
2697451,Chokwe,Mozambique,2020,Wet,YLD,6.1104
2697797,Chokwe,Mozambique,2020,Wet,YLD,5.8876
2858722,Chokwe,Mozambique,2020,Wet,YLD,5.9586
2971736,Chokwe,Mozambique,2020,Wet,YLD,6.0869
2972293,Chokwe,Mozambique,2020,Wet,YLD,6.232
2972309,Chokwe,Mozambique,2020,Wet,YLD,5.9892
2972722,Chokwe,Mozambique,2020,Wet,YLD,5.7311
2972796,Chokwe,Mozambique,2020,Wet,YLD,5.9831
300034581,Chokwe,Mozambique,2020,Wet,YLD,6.4116
300035917,Chokwe,Mozambique,2020,Wet,YLD,6.0048
300038124,Chokwe,Mozambique,2020,Wet,YLD,6.2891
300038265,Chokwe,Mozambique,2020,Wet,YLD,6.0139
300038266,Chokwe,Mozambique,2020,Wet,YLD,5.7446
300038744,Chokwe,Mozambique,2020,Wet,YLD,6.0806
300039577,Chokwe,Mozambique,2020,Wet,YLD,5.8371
300040799,Chokwe,Mozambique,2020,Wet,YLD,6.0848
300080634,Chokwe,Mozambique,2020,Wet,YLD,5.7487
300166640,Chokwe,Mozambique,2020,Wet,YLD,6.0036
300166641,Chokwe,Mozambique,2020,Wet,YLD,5.9927
300172737,Chokwe,Mozambique,2020,Wet,YLD,6.4213
300173154,Chokwe,Mozambique,2020,Wet,YLD,5.9636
300174086,Chokwe,Mozambique,2020,Wet,YLD,5.9299
300174380,Chokwe,Mozambique,2020,Wet,YLD,6.1294
300252036,Chokwe,Mozambique,2020,Wet,YLD,5.8291
300258387,Chokwe,Mozambique,2020,Wet,YLD,5.4201
300266828,Chokwe,Mozambique,2020,Wet,YLD,5.6995
300266831,Chokwe,Mozambique,2020,Wet,YLD,5.9785
300266832,Chokwe,Mozambique,2020,Wet,YLD,5.881
300266835,Chokwe,Mozambique,2020,Wet,YLD,6.2866
300266839,Chokwe,Mozambique,2020,Wet,YLD,6.3704
300266846,Chokwe,Mozambique,2020,Wet,YLD,5.4168
300266848,Chokwe,Mozambique,2020,Wet,YLD,5.7875
300279864,Chokwe,Mozambique,2020,Wet,YLD,5.8362
300287234,Chokwe,Mozambique,2020,Wet,YLD,5.8466
300293456,Chokwe,Mozambique,2020,Wet,YLD,6.278
300293539,Chokwe,Mozambique,2020,Wet,YLD,6.4267
300293562,Chokwe,Mozambique,2020,Wet,YLD,5.7672
300294018,Chokwe,Mozambique,2020,Wet,YLD,5.7475
300294074,Chokwe,Mozambique,2020,Wet,YLD,6.174
300294080,Chokwe,Mozambique,2020,Wet,YLD,6.3199
300296708,Chokwe,Mozambique,2020,Wet,YLD,6.2959
300431704,Chokwe,Mozambique,2020,Wet,YLD,6.2832
300764175,Chokwe,Mozambique,2020,Wet,YLD,6.5412
300764179,Chokwe,Mozambique,2020,Wet,YLD,5.2405
300764184,Chokwe,Mozambique,2020,Wet,YLD,5.741
3022947,Chokwe,Mozambique,2020,Wet,YLD,6.4443
3173051,Chokwe,Mozambique,2020,Wet,YLD,5.6434
3272808,Chokwe,Mozambique,2020,Wet,YLD,5.8125
3423716,Chokwe,Mozambique,2020,Wet,YLD,6.4749
3425601,Chokwe,Mozambique,2020,Wet,YLD,6.2002
3425772,Chokwe,Mozambique,2020,Wet,YLD,6.0915
3425923,Chokwe,Mozambique,2020,Wet,YLD,5.9252
3426973,Chokwe,Mozambique,2020,Wet,YLD,5.5948
3427347,Chokwe,Mozambique,2020,Wet,YLD,6.2772
3523215,Chokwe,Mozambique,2020,Wet,YLD,5.887
3592078,Chokwe,Mozambique,2020,Wet,YLD,6.0067
3592657,Chokwe,Mozambique,2020,Wet,YLD,6.3443
3593039,Chokwe,Mozambique,2020,Wet,YLD,6.0512
3658769,Chokwe,Mozambique,2020,Wet,YLD,5.9613
3806774,Chokwe,Mozambique,2020,Wet,YLD,6.0489
3806855,Chokwe,Mozambique,2020,Wet,YLD,5.8513
4016512,Chokwe,Mozambique,2020,Wet,YLD,6.3804
4016513,Chokwe,Mozambique,2020,Wet,YLD,6.277
4189053,Chokwe,Mozambique,2020,Wet,YLD,5.8295
4193103,Chokwe,Mozambique,2020,Wet,YLD,5.9953
4214820,Chokwe,Mozambique,2020,Wet,YLD,6.0337
4220423,Chokwe,Mozambique,2020,Wet,YLD,4.4394
4226523,Chokwe,Mozambique,2020,Wet,YLD,5.9258
4228927,Chokwe,Mozambique,2020,Wet,YLD,5.9608
4229118,Chokwe,Mozambique,2020,Wet,YLD,5.921
4229178,Chokwe,Mozambique,2020,Wet,YLD,5.1325
4609623,Chokwe,Mozambique,2020,Wet,YLD,6.5206
4789041,Chokwe,Mozambique,2020,Wet,YLD,6.3375
4789051,Chokwe,Mozambique,2020,Wet,YLD,6.337
4789056,Chokwe,Mozambique,2020,Wet,YLD,6.0637
4789719,Chokwe,Mozambique,2020,Wet,YLD,6.3418
4789765,Chokwe,Mozambique,2020,Wet,YLD,6.0974
4789819,Chokwe,Mozambique,2020,Wet,YLD,6.508
4815752,Chokwe,Mozambique,2020,Wet,YLD,6.2206
4815880,Chokwe,Mozambique,2020,Wet,YLD,6.2248
4016512,Chokwe,Mozambique,2020,Wet,YLD,6.107
1253957,Chokwe,Mozambique,2020,Wet,DTF,116.1071
1384968,Chokwe,Mozambique,2020,Wet,DTF,120.9106
1401800,Chokwe,Mozambique,2020,Wet,DTF,120.5296
2337754,Chokwe,Mozambique,2020,Wet,DTF,123.3829
2451001,Chokwe,Mozambique,2020,Wet,DTF,118.0699
2642849,Chokwe,Mozambique,2020,Wet,DTF,116.0724
2696701,Chokwe,Mozambique,2020,Wet,DTF,116.1634
2697338,Chokwe,Mozambique,2020,Wet,DTF,120.8059
2697419,Chokwe,Mozambique,2020,Wet,DTF,120.9143
2697451,Chokwe,Mozambique,2020,Wet,DTF,119.495
2697797,Chokwe,Mozambique,2020,Wet,DTF,121.453
2858722,Chokwe,Mozambique,2020,Wet,DTF,115.6954
2971736,Chokwe,Mozambique,2020,Wet,DTF,114.095
2972293,Chokwe,Mozambique,2020,Wet,DTF,120.9659
2972309,Chokwe,Mozambique,2020,Wet,DTF,124.591
2972722,Chokwe,Mozambique,2020,Wet,DTF,117.0617
2972796,Chokwe,Mozambique,2020,Wet,DTF,120.7912
300034581,Chokwe,Mozambique,2020,Wet,DTF,118.4974
300035917,Chokwe,Mozambique,2020,Wet,DTF,117.4732
300038124,Chokwe,Mozambique,2020,Wet,DTF,122.6668
300038265,Chokwe,Mozambique,2020,Wet,DTF,117.3361
300038266,Chokwe,Mozambique,2020,Wet,DTF,117.5451
300038744,Chokwe,Mozambique,2020,Wet,DTF,116.4307
300039577,Chokwe,Mozambique,2020,Wet,DTF,118.9322
300040799,Chokwe,Mozambique,2020,Wet,DTF,119.0121
300080634,Chokwe,Mozambique,2020,Wet,DTF,125.5889
300166640,Chokwe,Mozambique,2020,Wet,DTF,125.1244
300166641,Chokwe,Mozambique,2020,Wet,DTF,121.0335
300172737,Chokwe,Mozambique,2020,Wet,DTF,120.7503
300173154,Chokwe,Mozambique,2020,Wet,DTF,113.2397
300174086,Chokwe,Mozambique,2020,Wet,DTF,113.2938
300174380,Chokwe,Mozambique,2020,Wet,DTF,125.5328
300252036,Chokwe,Mozambique,2020,Wet,DTF,112.6862
300258387,Chokwe,Mozambique,2020,Wet,DTF,119.0705
300266828,Chokwe,Mozambique,2020,Wet,DTF,121.7626
300266831,Chokwe,Mozambique,2020,Wet,DTF,121.3084
300266832,Chokwe,Mozambique,2020,Wet,DTF,124.2005
300266835,Chokwe,Mozambique,2020,Wet,DTF,121.8162
300266839,Chokwe,Mozambique,2020,Wet,DTF,113.8108
300266846,Chokwe,Mozambique,2020,Wet,DTF,111.7987
300266848,Chokwe,Mozambique,2020,Wet,DTF,110.2857
300279864,Chokwe,Mozambique,2020,Wet,DTF,116.2101
300287234,Chokwe,Mozambique,2020,Wet,DTF,126.6019
300293456,Chokwe,Mozambique,2020,Wet,DTF,119.3959
300293539,Chokwe,Mozambique,2020,Wet,DTF,116.8611
300293562,Chokwe,Mozambique,2020,Wet,DTF,117.5778
300294018,Chokwe,Mozambique,2020,Wet,DTF,118.8287
300294074,Chokwe,Mozambique,2020,Wet,DTF,114.1598
300294080,Chokwe,Mozambique,2020,Wet,DTF,114.7613
300296708,Chokwe,Mozambique,2020,Wet,DTF,116.4315
300431704,Chokwe,Mozambique,2020,Wet,DTF,117.0075
300764175,Chokwe,Mozambique,2020,Wet,DTF,123.428
300764179,Chokwe,Mozambique,2020,Wet,DTF,116.1759
300764184,Chokwe,Mozambique,2020,Wet,DTF,116.0904
3022947,Chokwe,Mozambique,2020,Wet,DTF,124.6576
3173051,Chokwe,Mozambique,2020,Wet,DTF,123.8335
3272808,Chokwe,Mozambique,2020,Wet,DTF,118.3778
3423716,Chokwe,Mozambique,2020,Wet,DTF,116.1294
3425601,Chokwe,Mozambique,2020,Wet,DTF,124.7317
3425772,Chokwe,Mozambique,2020,Wet,DTF,119.908
3425923,Chokwe,Mozambique,2020,Wet,DTF,115.1787
3426973,Chokwe,Mozambique,2020,Wet,DTF,119.0389
3427347,Chokwe,Mozambique,2020,Wet,DTF,128.278
3523215,Chokwe,Mozambique,2020,Wet,DTF,121.6541
3592078,Chokwe,Mozambique,2020,Wet,DTF,116.0492
3592657,Chokwe,Mozambique,2020,Wet,DTF,117.5309
3593039,Chokwe,Mozambique,2020,Wet,DTF,116.0496
3658769,Chokwe,Mozambique,2020,Wet,DTF,119.2837
3806774,Chokwe,Mozambique,2020,Wet,DTF,118.1414
3806855,Chokwe,Mozambique,2020,Wet,DTF,117.4348
4016512,Chokwe,Mozambique,2020,Wet,DTF,112.5973
4016513,Chokwe,Mozambique,2020,Wet,DTF,117.0394
4189053,Chokwe,Mozambique,2020,Wet,DTF,118.4727
4193103,Chokwe,Mozambique,2020,Wet,DTF,117.8666
4214820,Chokwe,Mozambique,2020,Wet,DTF,116.6029
4220423,Chokwe,Mozambique,2020,Wet,DTF,106.5369
4226523,Chokwe,Mozambique,2020,Wet,DTF,113.1981
4228927,Chokwe,Mozambique,2020,Wet,DTF,116.1259
4229118,Chokwe,Mozambique,2020,Wet,DTF,111.792
4229178,Chokwe,Mozambique,2020,Wet,DTF,105.7168
4609623,Chokwe,Mozambique,2020,Wet,DTF,121.187
4789041,Chokwe,Mozambique,2020,Wet,DTF,119.9207
4789051,Chokwe,Mozambique,2020,Wet,DTF,116.1327
4789056,Chokwe,Mozambique,2020,Wet,DTF,116.0888
4789719,Chokwe,Mozambique,2020,Wet,DTF,112.8413
4789765,Chokwe,Mozambique,2020,Wet,DTF,113.6872
4789819,Chokwe,Mozambique,2020,Wet,DTF,113.3416
4815752,Chokwe,Mozambique,2020,Wet,DTF,117.801
4815880,Chokwe,Mozambique,2020,Wet,DTF,116.116
4016512,Chokwe,Mozambique,2020,Wet,DTF,119.3998
1253957,Chokwe,Mozambique,2020,Wet,HT,74.5987
1384968,Chokwe,Mozambique,2020,Wet,HT,76.6016
1401800,Chokwe,Mozambique,2020,Wet,HT,76.6074
2337754,Chokwe,Mozambique,2020,Wet,HT,82.7678
2451001,Chokwe,Mozambique,2020,Wet,HT,76.1376
2642849,Chokwe,Mozambique,2020,Wet,HT,76.8744
2696701,Chokwe,Mozambique,2020,Wet,HT,79.9541
2697338,Chokwe,Mozambique,2020,Wet,HT,85.0876
2697419,Chokwe,Mozambique,2020,Wet,HT,82.8202
2697451,Chokwe,Mozambique,2020,Wet,HT,79.8144
2697797,Chokwe,Mozambique,2020,Wet,HT,70.2315
2858722,Chokwe,Mozambique,2020,Wet,HT,74.9899
2971736,Chokwe,Mozambique,2020,Wet,HT,81.8494
2972293,Chokwe,Mozambique,2020,Wet,HT,79.699
2972309,Chokwe,Mozambique,2020,Wet,HT,73.3616
2972722,Chokwe,Mozambique,2020,Wet,HT,85.9062
2972796,Chokwe,Mozambique,2020,Wet,HT,91.0877
300034581,Chokwe,Mozambique,2020,Wet,HT,85.0316
300035917,Chokwe,Mozambique,2020,Wet,HT,76.7042
300038124,Chokwe,Mozambique,2020,Wet,HT,70.9007
300038265,Chokwe,Mozambique,2020,Wet,HT,80.6932
300038266,Chokwe,Mozambique,2020,Wet,HT,73.8202
300038744,Chokwe,Mozambique,2020,Wet,HT,79.1042
300039577,Chokwe,Mozambique,2020,Wet,HT,80.034
300040799,Chokwe,Mozambique,2020,Wet,HT,73.8703
300080634,Chokwe,Mozambique,2020,Wet,HT,73.351
300166640,Chokwe,Mozambique,2020,Wet,HT,73.7387
300166641,Chokwe,Mozambique,2020,Wet,HT,76.9618
300172737,Chokwe,Mozambique,2020,Wet,HT,75.4291
300173154,Chokwe,Mozambique,2020,Wet,HT,70.9421
300174086,Chokwe,Mozambique,2020,Wet,HT,75.4807
300174380,Chokwe,Mozambique,2020,Wet,HT,82.5339
300252036,Chokwe,Mozambique,2020,Wet,HT,82.3959
300258387,Chokwe,Mozambique,2020,Wet,HT,80.9206
300266828,Chokwe,Mozambique,2020,Wet,HT,92.8914
300266831,Chokwe,Mozambique,2020,Wet,HT,85.1336
300266832,Chokwe,Mozambique,2020,Wet,HT,77.113
300266835,Chokwe,Mozambique,2020,Wet,HT,71.5176
300266839,Chokwe,Mozambique,2020,Wet,HT,83.7531
300266846,Chokwe,Mozambique,2020,Wet,HT,90.172
300266848,Chokwe,Mozambique,2020,Wet,HT,86.2655
300279864,Chokwe,Mozambique,2020,Wet,HT,80.5126
300287234,Chokwe,Mozambique,2020,Wet,HT,87.9718
300293456,Chokwe,Mozambique,2020,Wet,HT,67.3685
300293539,Chokwe,Mozambique,2020,Wet,HT,80.3664
300293562,Chokwe,Mozambique,2020,Wet,HT,72.2551
300294018,Chokwe,Mozambique,2020,Wet,HT,78.5747
300294074,Chokwe,Mozambique,2020,Wet,HT,76.4166
300294080,Chokwe,Mozambique,2020,Wet,HT,80.4582
300296708,Chokwe,Mozambique,2020,Wet,HT,76.9178
300431704,Chokwe,Mozambique,2020,Wet,HT,79.2035
300764175,Chokwe,Mozambique,2020,Wet,HT,79.0356
300764179,Chokwe,Mozambique,2020,Wet,HT,86.8238
300764184,Chokwe,Mozambique,2020,Wet,HT,88.3999
3022947,Chokwe,Mozambique,2020,Wet,HT,92.7942
3173051,Chokwe,Mozambique,2020,Wet,HT,81.6891
3272808,Chokwe,Mozambique,2020,Wet,HT,88.0194
3423716,Chokwe,Mozambique,2020,Wet,HT,85.7844
3425601,Chokwe,Mozambique,2020,Wet,HT,85.1332
3425772,Chokwe,Mozambique,2020,Wet,HT,84.6769
3425923,Chokwe,Mozambique,2020,Wet,HT,80.8217
3426973,Chokwe,Mozambique,2020,Wet,HT,90.5557
3427347,Chokwe,Mozambique,2020,Wet,HT,85.116
3523215,Chokwe,Mozambique,2020,Wet,HT,77.3531
3592078,Chokwe,Mozambique,2020,Wet,HT,80.4489
3592657,Chokwe,Mozambique,2020,Wet,HT,86.8695
3593039,Chokwe,Mozambique,2020,Wet,HT,82.8308
3658769,Chokwe,Mozambique,2020,Wet,HT,72.4095
3806774,Chokwe,Mozambique,2020,Wet,HT,73.3952
3806855,Chokwe,Mozambique,2020,Wet,HT,70.5669
4016512,Chokwe,Mozambique,2020,Wet,HT,79.2531
4016513,Chokwe,Mozambique,2020,Wet,HT,90.4489
4189053,Chokwe,Mozambique,2020,Wet,HT,79.8293
4193103,Chokwe,Mozambique,2020,Wet,HT,80.1581
4214820,Chokwe,Mozambique,2020,Wet,HT,88.2278
4220423,Chokwe,Mozambique,2020,Wet,HT,77.9113
4226523,Chokwe,Mozambique,2020,Wet,HT,70.84
4228927,Chokwe,Mozambique,2020,Wet,HT,83.7908
4229118,Chokwe,Mozambique,2020,Wet,HT,76.9134
4229178,Chokwe,Mozambique,2020,Wet,HT,65.0636
4609623,Chokwe,Mozambique,2020,Wet,HT,79.3653
4789041,Chokwe,Mozambique,2020,Wet,HT,84.6899
4789051,Chokwe,Mozambique,2020,Wet,HT,75.5609
4789056,Chokwe,Mozambique,2020,Wet,HT,80.908
4789719,Chokwe,Mozambique,2020,Wet,HT,89.6143
4789765,Chokwe,Mozambique,2020,Wet,HT,87.0794
4789819,Chokwe,Mozambique,2020,Wet,HT,77.3019
4815752,Chokwe,Mozambique,2020,Wet,HT,80.3076
4815880,Chokwe,Mozambique,2020,Wet,HT,75.9642
4016512,Chokwe,Mozambique,2020,Wet,HT,76.6356
1253957,Maputo,Mozambique,2020,Wet,YLD,4.6885
1384968,Maputo,Mozambique,2020,Wet,YLD,4.254
1401800,Maputo,Mozambique,2020,Wet,YLD,4.8467
2337754,Maputo,Mozambique,2020,Wet,YLD,4.7504
2451001,Maputo,Mozambique,2020,Wet,YLD,4.9556
2642849,Maputo,Mozambique,2020,Wet,YLD,4.7671
2696701,Maputo,Mozambique,2020,Wet,YLD,4.9897
2697338,Maputo,Mozambique,2020,Wet,YLD,4.7968
2697419,Maputo,Mozambique,2020,Wet,YLD,4.1768
2697451,Maputo,Mozambique,2020,Wet,YLD,4.9968
2697797,Maputo,Mozambique,2020,Wet,YLD,5.0753
2858722,Maputo,Mozambique,2020,Wet,YLD,4.5399
2971736,Maputo,Mozambique,2020,Wet,YLD,4.5361
2972293,Maputo,Mozambique,2020,Wet,YLD,4.9855
2972309,Maputo,Mozambique,2020,Wet,YLD,4.6963
2972722,Maputo,Mozambique,2020,Wet,YLD,4.164
2972796,Maputo,Mozambique,2020,Wet,YLD,4.9283
300034581,Maputo,Mozambique,2020,Wet,YLD,5.0838
300035917,Maputo,Mozambique,2020,Wet,YLD,4.7982
300038124,Maputo,Mozambique,2020,Wet,YLD,4.9966
300038265,Maputo,Mozambique,2020,Wet,YLD,4.6134
300038266,Maputo,Mozambique,2020,Wet,YLD,5.0136
300038744,Maputo,Mozambique,2020,Wet,YLD,5.055
300039577,Maputo,Mozambique,2020,Wet,YLD,4.6908
300040799,Maputo,Mozambique,2020,Wet,YLD,4.7573
300080634,Maputo,Mozambique,2020,Wet,YLD,4.16
300166640,Maputo,Mozambique,2020,Wet,YLD,4.722
300166641,Maputo,Mozambique,2020,Wet,YLD,4.3993
300172737,Maputo,Mozambique,2020,Wet,YLD,4.7595
300173154,Maputo,Mozambique,2020,Wet,YLD,4.9709
300174086,Maputo,Mozambique,2020,Wet,YLD,4.3913
300174380,Maputo,Mozambique,2020,Wet,YLD,4.4724
300252036,Maputo,Mozambique,2020,Wet,YLD,4.9258
300258387,Maputo,Mozambique,2020,Wet,YLD,4.8706
300266828,Maputo,Mozambique,2020,Wet,YLD,4.6185
300266831,Maputo,Mozambique,2020,Wet,YLD,4.1388
300266832,Maputo,Mozambique,2020,Wet,YLD,4.9197
300266835,Maputo,Mozambique,2020,Wet,YLD,4.5304
300266839,Maputo,Mozambique,2020,Wet,YLD,4.0701
300266846,Maputo,Mozambique,2020,Wet,YLD,4.8536
300266848,Maputo,Mozambique,2020,Wet,YLD,5.1476
300279864,Maputo,Mozambique,2020,Wet,YLD,4.6561
300287234,Maputo,Mozambique,2020,Wet,YLD,4.7097
300293456,Maputo,Mozambique,2020,Wet,YLD,4.7594
300293539,Maputo,Mozambique,2020,Wet,YLD,4.253
300293562,Maputo,Mozambique,2020,Wet,YLD,4.4691
300294018,Maputo,Mozambique,2020,Wet,YLD,4.4895
300294074,Maputo,Mozambique,2020,Wet,YLD,4.0079
300294080,Maputo,Mozambique,2020,Wet,YLD,4.684
300296708,Maputo,Mozambique,2020,Wet,YLD,4.5734
300431704,Maputo,Mozambique,2020,Wet,YLD,5.1353
300764175,Maputo,Mozambique,2020,Wet,YLD,4.9351
300764179,Maputo,Mozambique,2020,Wet,YLD,4.3588
300764184,Maputo,Mozambique,2020,Wet,YLD,4.4099
3022947,Maputo,Mozambique,2020,Wet,YLD,4.7687
3173051,Maputo,Mozambique,2020,Wet,YLD,4.776
3272808,Maputo,Mozambique,2020,Wet,YLD,4.6284
3423716,Maputo,Mozambique,2020,Wet,YLD,4.7863
3425601,Maputo,Mozambique,2020,Wet,YLD,4.6492
3425772,Maputo,Mozambique,2020,Wet,YLD,5.3558
3425923,Maputo,Mozambique,2020,Wet,YLD,4.701
3426973,Maputo,Mozambique,2020,Wet,YLD,4.517
3427347,Maputo,Mozambique,2020,Wet,YLD,4.5149
3523215,Maputo,Mozambique,2020,Wet,YLD,4.1462
3592078,Maputo,Mozambique,2020,Wet,YLD,4.5062
3592657,Maputo,Mozambique,2020,Wet,YLD,4.979
3593039,Maputo,Mozambique,2020,Wet,YLD,5.3988
3658769,Maputo,Mozambique,2020,Wet,YLD,4.587
3806774,Maputo,Mozambique,2020,Wet,YLD,4.7621
3806855,Maputo,Mozambique,2020,Wet,YLD,4.8037
4016512,Maputo,Mozambique,2020,Wet,YLD,4.6891
4016513,Maputo,Mozambique,2020,Wet,YLD,4.2997
4189053,Maputo,Mozambique,2020,Wet,YLD,4.8347
4193103,Maputo,Mozambique,2020,Wet,YLD,4.838
4214820,Maputo,Mozambique,2020,Wet,YLD,5.1837
4220423,Maputo,Mozambique,2020,Wet,YLD,4.9695
4226523,Maputo,Mozambique,2020,Wet,YLD,4.7026
4228927,Maputo,Mozambique,2020,Wet,YLD,5.0036
4229118,Maputo,Mozambique,2020,Wet,YLD,4.7553
4229178,Maputo,Mozambique,2020,Wet,YLD,4.0929
4609623,Maputo,Mozambique,2020,Wet,YLD,4.7604
4789041,Maputo,Mozambique,2020,Wet,YLD,4.0832
4789051,Maputo,Mozambique,2020,Wet,YLD,4.8248
4789056,Maputo,Mozambique,2020,Wet,YLD,5.2006
4789719,Maputo,Mozambique,2020,Wet,YLD,5.1916
4789765,Maputo,Mozambique,2020,Wet,YLD,3.7449
4789819,Maputo,Mozambique,2020,Wet,YLD,4.701
4815752,Maputo,Mozambique,2020,Wet,YLD,4.7664
4815880,Maputo,Mozambique,2020,Wet,YLD,4.9094
4016512,Maputo,Mozambique,2020,Wet,YLD,4.8656
1253957,Maputo,Mozambique,2020,Wet,DTF,112.2398
1384968,Maputo,Mozambique,2020,Wet,DTF,118.9821
1401800,Maputo,Mozambique,2020,Wet,DTF,112.0126
2337754,Maputo,Mozambique,2020,Wet,DTF,113.0696
2451001,Maputo,Mozambique,2020,Wet,DTF,104.5683
2642849,Maputo,Mozambique,2020,Wet,DTF,111.0978
2696701,Maputo,Mozambique,2020,Wet,DTF,107.7233
2697338,Maputo,Mozambique,2020,Wet,DTF,116.3692
2697419,Maputo,Mozambique,2020,Wet,DTF,108.6745
2697451,Maputo,Mozambique,2020,Wet,DTF,115.0904
2697797,Maputo,Mozambique,2020,Wet,DTF,102.2217
2858722,Maputo,Mozambique,2020,Wet,DTF,102.0512
2971736,Maputo,Mozambique,2020,Wet,DTF,105.1067
2972293,Maputo,Mozambique,2020,Wet,DTF,111.8628
2972309,Maputo,Mozambique,2020,Wet,DTF,119.3637
2972722,Maputo,Mozambique,2020,Wet,DTF,115.7714
2972796,Maputo,Mozambique,2020,Wet,DTF,115.8267
300034581,Maputo,Mozambique,2020,Wet,DTF,109.0686
300035917,Maputo,Mozambique,2020,Wet,DTF,106.1663
300038124,Maputo,Mozambique,2020,Wet,DTF,108.2785
300038265,Maputo,Mozambique,2020,Wet,DTF,104.0212
300038266,Maputo,Mozambique,2020,Wet,DTF,106.0794
300038744,Maputo,Mozambique,2020,Wet,DTF,103.4271
300039577,Maputo,Mozambique,2020,Wet,DTF,107.0333
300040799,Maputo,Mozambique,2020,Wet,DTF,107.2991
300080634,Maputo,Mozambique,2020,Wet,DTF,111.7281
300166640,Maputo,Mozambique,2020,Wet,DTF,111.1832
300166641,Maputo,Mozambique,2020,Wet,DTF,108.7444
300172737,Maputo,Mozambique,2020,Wet,DTF,103.8365
300173154,Maputo,Mozambique,2020,Wet,DTF,98.9106
300174086,Maputo,Mozambique,2020,Wet,DTF,98.2498
300174380,Maputo,Mozambique,2020,Wet,DTF,104.8106
300252036,Maputo,Mozambique,2020,Wet,DTF,93.9853
300258387,Maputo,Mozambique,2020,Wet,DTF,107.3804
300266828,Maputo,Mozambique,2020,Wet,DTF,119.6504
300266831,Maputo,Mozambique,2020,Wet,DTF,119.3504
300266832,Maputo,Mozambique,2020,Wet,DTF,105.8941
300266835,Maputo,Mozambique,2020,Wet,DTF,112.691
300266839,Maputo,Mozambique,2020,Wet,DTF,123.9066
300266846,Maputo,Mozambique,2020,Wet,DTF,109.7553
300266848,Maputo,Mozambique,2020,Wet,DTF,100.2055
300279864,Maputo,Mozambique,2020,Wet,DTF,106.949
300287234,Maputo,Mozambique,2020,Wet,DTF,121.0111
300293456,Maputo,Mozambique,2020,Wet,DTF,106.1553
300293539,Maputo,Mozambique,2020,Wet,DTF,108.9853
300293562,Maputo,Mozambique,2020,Wet,DTF,103.1369
300294018,Maputo,Mozambique,2020,Wet,DTF,104.1205
300294074,Maputo,Mozambique,2020,Wet,DTF,103.5595
300294080,Maputo,Mozambique,2020,Wet,DTF,100.7004
300296708,Maputo,Mozambique,2020,Wet,DTF,103.69
300431704,Maputo,Mozambique,2020,Wet,DTF,108.1806
300764175,Maputo,Mozambique,2020,Wet,DTF,121.6981
300764179,Maputo,Mozambique,2020,Wet,DTF,103.1904
300764184,Maputo,Mozambique,2020,Wet,DTF,108.2606
3022947,Maputo,Mozambique,2020,Wet,DTF,123.8315
3173051,Maputo,Mozambique,2020,Wet,DTF,110.6994
3272808,Maputo,Mozambique,2020,Wet,DTF,114.4688
3423716,Maputo,Mozambique,2020,Wet,DTF,106.4877
3425601,Maputo,Mozambique,2020,Wet,DTF,115.5144
3425772,Maputo,Mozambique,2020,Wet,DTF,98.601
3425923,Maputo,Mozambique,2020,Wet,DTF,99.823
3426973,Maputo,Mozambique,2020,Wet,DTF,119.4537
3427347,Maputo,Mozambique,2020,Wet,DTF,94.8385
3523215,Maputo,Mozambique,2020,Wet,DTF,115.908
3592078,Maputo,Mozambique,2020,Wet,DTF,96.6982
3592657,Maputo,Mozambique,2020,Wet,DTF,111.3278
3593039,Maputo,Mozambique,2020,Wet,DTF,100.564
3658769,Maputo,Mozambique,2020,Wet,DTF,109.9332
3806774,Maputo,Mozambique,2020,Wet,DTF,100.9343
3806855,Maputo,Mozambique,2020,Wet,DTF,111.9771
4016512,Maputo,Mozambique,2020,Wet,DTF,99.7671
4016513,Maputo,Mozambique,2020,Wet,DTF,111.4267
4189053,Maputo,Mozambique,2020,Wet,DTF,105.4957
4193103,Maputo,Mozambique,2020,Wet,DTF,102.6707
4214820,Maputo,Mozambique,2020,Wet,DTF,104.4855
4220423,Maputo,Mozambique,2020,Wet,DTF,98.379
4226523,Maputo,Mozambique,2020,Wet,DTF,105.1134
4228927,Maputo,Mozambique,2020,Wet,DTF,103.2344
4229118,Maputo,Mozambique,2020,Wet,DTF,110.3906
4229178,Maputo,Mozambique,2020,Wet,DTF,91.5481
4609623,Maputo,Mozambique,2020,Wet,DTF,105.9709
4789041,Maputo,Mozambique,2020,Wet,DTF,110.1219
4789051,Maputo,Mozambique,2020,Wet,DTF,103.0297
4789056,Maputo,Mozambique,2020,Wet,DTF,98.8936
4789719,Maputo,Mozambique,2020,Wet,DTF,100.5357
4789765,Maputo,Mozambique,2020,Wet,DTF,103.6063
4789819,Maputo,Mozambique,2020,Wet,DTF,99.3084
4815752,Maputo,Mozambique,2020,Wet,DTF,108.3848
4815880,Maputo,Mozambique,2020,Wet,DTF,100.2076
4016512,Maputo,Mozambique,2020,Wet,DTF,110.592
1253957,Maputo,Mozambique,2020,Wet,HT,76.101
1384968,Maputo,Mozambique,2020,Wet,HT,87.1622
1401800,Maputo,Mozambique,2020,Wet,HT,78.6942
2337754,Maputo,Mozambique,2020,Wet,HT,79.7596
2451001,Maputo,Mozambique,2020,Wet,HT,77.2536
2642849,Maputo,Mozambique,2020,Wet,HT,81.0172
2696701,Maputo,Mozambique,2020,Wet,HT,80.712
2697338,Maputo,Mozambique,2020,Wet,HT,84.6463
2697419,Maputo,Mozambique,2020,Wet,HT,75.0709
2697451,Maputo,Mozambique,2020,Wet,HT,73.2201
2697797,Maputo,Mozambique,2020,Wet,HT,83.7296
2858722,Maputo,Mozambique,2020,Wet,HT,77.4742
2971736,Maputo,Mozambique,2020,Wet,HT,69.6769
2972293,Maputo,Mozambique,2020,Wet,HT,77.0242
2972309,Maputo,Mozambique,2020,Wet,HT,79.7053
2972722,Maputo,Mozambique,2020,Wet,HT,77.5198
2972796,Maputo,Mozambique,2020,Wet,HT,85.7865
300034581,Maputo,Mozambique,2020,Wet,HT,80.9332
300035917,Maputo,Mozambique,2020,Wet,HT,70.7765
300038124,Maputo,Mozambique,2020,Wet,HT,72.6693
300038265,Maputo,Mozambique,2020,Wet,HT,75.4889
300038266,Maputo,Mozambique,2020,Wet,HT,71.9118
300038744,Maputo,Mozambique,2020,Wet,HT,73.4177
300039577,Maputo,Mozambique,2020,Wet,HT,75.8253
300040799,Maputo,Mozambique,2020,Wet,HT,65.9815
300080634,Maputo,Mozambique,2020,Wet,HT,72.6818
300166640,Maputo,Mozambique,2020,Wet,HT,75.9224
300166641,Maputo,Mozambique,2020,Wet,HT,73.1694
300172737,Maputo,Mozambique,2020,Wet,HT,71.6969
300173154,Maputo,Mozambique,2020,Wet,HT,71.7374
300174086,Maputo,Mozambique,2020,Wet,HT,78.5098
300174380,Maputo,Mozambique,2020,Wet,HT,77.5327
300252036,Maputo,Mozambique,2020,Wet,HT,78.9272
300258387,Maputo,Mozambique,2020,Wet,HT,80.2234
300266828,Maputo,Mozambique,2020,Wet,HT,83.1909
300266831,Maputo,Mozambique,2020,Wet,HT,86.5297
300266832,Maputo,Mozambique,2020,Wet,HT,74.7794
300266835,Maputo,Mozambique,2020,Wet,HT,80.1901
300266839,Maputo,Mozambique,2020,Wet,HT,98.2893
300266846,Maputo,Mozambique,2020,Wet,HT,78.4939
300266848,Maputo,Mozambique,2020,Wet,HT,78.892
300279864,Maputo,Mozambique,2020,Wet,HT,84.5376
300287234,Maputo,Mozambique,2020,Wet,HT,102.0547
300293456,Maputo,Mozambique,2020,Wet,HT,75.7251
300293539,Maputo,Mozambique,2020,Wet,HT,73.4805
300293562,Maputo,Mozambique,2020,Wet,HT,73.6151
300294018,Maputo,Mozambique,2020,Wet,HT,76.1364
300294074,Maputo,Mozambique,2020,Wet,HT,75.0764
300294080,Maputo,Mozambique,2020,Wet,HT,70.9719
300296708,Maputo,Mozambique,2020,Wet,HT,70.5379
300431704,Maputo,Mozambique,2020,Wet,HT,81.1737
300764175,Maputo,Mozambique,2020,Wet,HT,74.1368
300764179,Maputo,Mozambique,2020,Wet,HT,76.8925
300764184,Maputo,Mozambique,2020,Wet,HT,92.8979
3022947,Maputo,Mozambique,2020,Wet,HT,92.8868
3173051,Maputo,Mozambique,2020,Wet,HT,76.0054
3272808,Maputo,Mozambique,2020,Wet,HT,87.0193
3423716,Maputo,Mozambique,2020,Wet,HT,82.3766
3425601,Maputo,Mozambique,2020,Wet,HT,83.2656
3425772,Maputo,Mozambique,2020,Wet,HT,86.4718
3425923,Maputo,Mozambique,2020,Wet,HT,81.0936
3426973,Maputo,Mozambique,2020,Wet,HT,88.1488
3427347,Maputo,Mozambique,2020,Wet,HT,82.4521
3523215,Maputo,Mozambique,2020,Wet,HT,74.2534
3592078,Maputo,Mozambique,2020,Wet,HT,79.0518
3592657,Maputo,Mozambique,2020,Wet,HT,99.1741
3593039,Maputo,Mozambique,2020,Wet,HT,74.0058
3658769,Maputo,Mozambique,2020,Wet,HT,78.1018
3806774,Maputo,Mozambique,2020,Wet,HT,67.3888
3806855,Maputo,Mozambique,2020,Wet,HT,83.3911
4016512,Maputo,Mozambique,2020,Wet,HT,75.9184
4016513,Maputo,Mozambique,2020,Wet,HT,73.6513
4189053,Maputo,Mozambique,2020,Wet,HT,70.3533
4193103,Maputo,Mozambique,2020,Wet,HT,78.9709
4214820,Maputo,Mozambique,2020,Wet,HT,81.0387
4220423,Maputo,Mozambique,2020,Wet,HT,77.3727
4226523,Maputo,Mozambique,2020,Wet,HT,72.467
4228927,Maputo,Mozambique,2020,Wet,HT,80.0447
4229118,Maputo,Mozambique,2020,Wet,HT,72.8345
4229178,Maputo,Mozambique,2020,Wet,HT,87.0345
4609623,Maputo,Mozambique,2020,Wet,HT,72.2192
4789041,Maputo,Mozambique,2020,Wet,HT,79.6477
4789051,Maputo,Mozambique,2020,Wet,HT,77.0924
4789056,Maputo,Mozambique,2020,Wet,HT,75.8228
4789719,Maputo,Mozambique,2020,Wet,HT,80.9415
4789765,Maputo,Mozambique,2020,Wet,HT,77.9041
4789819,Maputo,Mozambique,2020,Wet,HT,75.767
4815752,Maputo,Mozambique,2020,Wet,HT,83.3137
4815880,Maputo,Mozambique,2020,Wet,HT,75.0157
4016512,Maputo,Mozambique,2020,Wet,HT,72.986
1201260,Hyderabad,India,2018,Wet,YLD,5.6541
1401800,Hyderabad,India,2018,Wet,YLD,5.7342
1960929,Hyderabad,India,2018,Wet,YLD,5.7683
2433533,Hyderabad,India,2018,Wet,YLD,5.5339
2451001,Hyderabad,India,2018,Wet,YLD,6.8369
2696701,Hyderabad,India,2018,Wet,YLD,6.0963
2697451,Hyderabad,India,2018,Wet,YLD,6.0147
2971736,Hyderabad,India,2018,Wet,YLD,5.6422
2972293,Hyderabad,India,2018,Wet,YLD,6.4377
300038124,Hyderabad,India,2018,Wet,YLD,6.776
300039577,Hyderabad,India,2018,Wet,YLD,6.8562
300166640,Hyderabad,India,2018,Wet,YLD,5.2534
300233098,Hyderabad,India,2018,Wet,YLD,5.3365
300258387,Hyderabad,India,2018,Wet,YLD,5.9746
300266828,Hyderabad,India,2018,Wet,YLD,6.0147
300266831,Hyderabad,India,2018,Wet,YLD,5.8559
300266839,Hyderabad,India,2018,Wet,YLD,6.871
300266846,Hyderabad,India,2018,Wet,YLD,5.519
300287234,Hyderabad,India,2018,Wet,YLD,5.8945
300293456,Hyderabad,India,2018,Wet,YLD,5.0931
300294018,Hyderabad,India,2018,Wet,YLD,5.9746
300296708,Hyderabad,India,2018,Wet,YLD,6.0548
300764175,Hyderabad,India,2018,Wet,YLD,5.1851
3423716,Hyderabad,India,2018,Wet,YLD,6.3753
3425923,Hyderabad,India,2018,Wet,YLD,6.4985
3426973,Hyderabad,India,2018,Wet,YLD,5.9405
3592078,Hyderabad,India,2018,Wet,YLD,6.2551
3593039,Hyderabad,India,2018,Wet,YLD,6.0948
3658769,Hyderabad,India,2018,Wet,YLD,6.0281
3806855,Hyderabad,India,2018,Wet,YLD,6.776
4189053,Hyderabad,India,2018,Wet,YLD,4.9328
4193103,Hyderabad,India,2018,Wet,YLD,5.6941
4226523,Hyderabad,India,2018,Wet,YLD,5.7342
4228927,Hyderabad,India,2018,Wet,YLD,6.8161
4229118,Hyderabad,India,2018,Wet,YLD,5.013
4229178,Hyderabad,India,2018,Wet,YLD,5.4537
4609623,Hyderabad,India,2018,Wet,YLD,5.4137
1201260,Hyderabad,India,2018,Wet,DTF,103.143
1401800,Hyderabad,India,2018,Wet,DTF,110.4849
1960929,Hyderabad,India,2018,Wet,DTF,113.2381
2433533,Hyderabad,India,2018,Wet,DTF,101.3076
2451001,Hyderabad,India,2018,Wet,DTF,100.8487
2696701,Hyderabad,India,2018,Wet,DTF,108.6495
2697451,Hyderabad,India,2018,Wet,DTF,107.7317
2971736,Hyderabad,India,2018,Wet,DTF,96.26
2972293,Hyderabad,India,2018,Wet,DTF,105.8963
300038124,Hyderabad,India,2018,Wet,DTF,108.1906
300039577,Hyderabad,India,2018,Wet,DTF,104.5196
300166640,Hyderabad,India,2018,Wet,DTF,110.9438
300233098,Hyderabad,India,2018,Wet,DTF,100.3898
300258387,Hyderabad,India,2018,Wet,DTF,108.6495
300266828,Hyderabad,India,2018,Wet,DTF,115.9913
300266831,Hyderabad,India,2018,Wet,DTF,108.6495
300266839,Hyderabad,India,2018,Wet,DTF,110.9438
300266846,Hyderabad,India,2018,Wet,DTF,104.0608
300287234,Hyderabad,India,2018,Wet,DTF,108.1906
300293456,Hyderabad,India,2018,Wet,DTF,105.4374
300294018,Hyderabad,India,2018,Wet,DTF,100.8487
300296708,Hyderabad,India,2018,Wet,DTF,99.4721
300764175,Hyderabad,India,2018,Wet,DTF,110.9438
3423716,Hyderabad,India,2018,Wet,DTF,101.3076
3425923,Hyderabad,India,2018,Wet,DTF,98.5544
3426973,Hyderabad,India,2018,Wet,DTF,103.4669
3592078,Hyderabad,India,2018,Wet,DTF,103.143
3593039,Hyderabad,India,2018,Wet,DTF,101.3076
3658769,Hyderabad,India,2018,Wet,DTF,105.4374
3806855,Hyderabad,India,2018,Wet,DTF,103.6019
4189053,Hyderabad,India,2018,Wet,DTF,108.6495
4193103,Hyderabad,India,2018,Wet,DTF,104.5196
4226523,Hyderabad,India,2018,Wet,DTF,110.0261
4228927,Hyderabad,India,2018,Wet,DTF,99.931
4229118,Hyderabad,India,2018,Wet,DTF,106.3551
4229178,Hyderabad,India,2018,Wet,DTF,97.1778
4609623,Hyderabad,India,2018,Wet,DTF,111.4027
1201260,Hyderabad,India,2018,Wet,HT,87.2227
1401800,Hyderabad,India,2018,Wet,HT,92.3076
1960929,Hyderabad,India,2018,Wet,HT,84.82
2433533,Hyderabad,India,2018,Wet,HT,76.3494
2451001,Hyderabad,India,2018,Wet,HT,82.8411
2696701,Hyderabad,India,2018,Wet,HT,81.2902
2697451,Hyderabad,India,2018,Wet,HT,77.9003
2971736,Hyderabad,India,2018,Wet,HT,81.1504
2972293,Hyderabad,India,2018,Wet,HT,84.6802
300038124,Hyderabad,India,2018,Wet,HT,86.3752
300039577,Hyderabad,India,2018,Wet,HT,93.1551
300166640,Hyderabad,India,2018,Wet,HT,76.629
300233098,Hyderabad,India,2018,Wet,HT,85.6675
300258387,Hyderabad,India,2018,Wet,HT,88.4939
300266828,Hyderabad,India,2018,Wet,HT,95.5577
300266831,Hyderabad,India,2018,Wet,HT,93.439
300266839,Hyderabad,India,2018,Wet,HT,101.63
300266846,Hyderabad,India,2018,Wet,HT,89.9092
300287234,Hyderabad,India,2018,Wet,HT,93.439
300293456,Hyderabad,India,2018,Wet,HT,83.1293
300294018,Hyderabad,India,2018,Wet,HT,78.8918
300296708,Hyderabad,India,2018,Wet,HT,77.0528
300764175,Hyderabad,India,2018,Wet,HT,89.905
3423716,Hyderabad,India,2018,Wet,HT,88.7778
3425923,Hyderabad,India,2018,Wet,HT,91.744
3426973,Hyderabad,India,2018,Wet,HT,91.744
3592078,Hyderabad,India,2018,Wet,HT,90.049
3593039,Hyderabad,India,2018,Wet,HT,80.7266
3658769,Hyderabad,India,2018,Wet,HT,83.2691
3806855,Hyderabad,India,2018,Wet,HT,88.7778
4189053,Hyderabad,India,2018,Wet,HT,83.8327
4193103,Hyderabad,India,2018,Wet,HT,86.2353
4226523,Hyderabad,India,2018,Wet,HT,74.0866
4228927,Hyderabad,India,2018,Wet,HT,87.0786
4229118,Hyderabad,India,2018,Wet,HT,78.6079
4229178,Hyderabad,India,2018,Wet,HT,77.4765
4609623,Hyderabad,India,2018,Wet,HT,88.21
1201260,Maruteru,India,2019,Wet,YLD,5.91
1401800,Maruteru,India,2019,Wet,YLD,5.0272
1960929,Maruteru,India,2019,Wet,YLD,3.0931
2433533,Maruteru,India,2019,Wet,YLD,4.1092
2451001,Maruteru,India,2019,Wet,YLD,4.0765
2696701,Maruteru,India,2019,Wet,YLD,3.4083
2697451,Maruteru,India,2019,Wet,YLD,4.8282
2971736,Maruteru,India,2019,Wet,YLD,3.1304
2972293,Maruteru,India,2019,Wet,YLD,4.5313
300038124,Maruteru,India,2019,Wet,YLD,5.7043
300039577,Maruteru,India,2019,Wet,YLD,3.1276
300166640,Maruteru,India,2019,Wet,YLD,4.1143
300233098,Maruteru,India,2019,Wet,YLD,3.6614
300258387,Maruteru,India,2019,Wet,YLD,3.3656
300266828,Maruteru,India,2019,Wet,YLD,3.6442
300266831,Maruteru,India,2019,Wet,YLD,3.3403
300266839,Maruteru,India,2019,Wet,YLD,4.1953
300266846,Maruteru,India,2019,Wet,YLD,4.8524
300287234,Maruteru,India,2019,Wet,YLD,3.9349
300293456,Maruteru,India,2019,Wet,YLD,3.357
300294018,Maruteru,India,2019,Wet,YLD,3.2738
300296708,Maruteru,India,2019,Wet,YLD,4.4424
300764175,Maruteru,India,2019,Wet,YLD,3.9818
3423716,Maruteru,India,2019,Wet,YLD,3.4861
3425923,Maruteru,India,2019,Wet,YLD,3.3451
3426973,Maruteru,India,2019,Wet,YLD,3.8115
3592078,Maruteru,India,2019,Wet,YLD,3.4525
3593039,Maruteru,India,2019,Wet,YLD,3.4614
3658769,Maruteru,India,2019,Wet,YLD,4.6336
3806855,Maruteru,India,2019,Wet,YLD,3.6962
4016512,Maruteru,India,2019,Wet,YLD,4.7534
4189053,Maruteru,India,2019,Wet,YLD,5.0865
4193103,Maruteru,India,2019,Wet,YLD,4.0533
4226523,Maruteru,India,2019,Wet,YLD,4.0781
4228927,Maruteru,India,2019,Wet,YLD,3.9574
4229118,Maruteru,India,2019,Wet,YLD,4.2678
4229178,Maruteru,India,2019,Wet,YLD,4.091
4609623,Maruteru,India,2019,Wet,YLD,3.939
1201260,Maruteru,India,2019,Wet,DTF,94.0627
1401800,Maruteru,India,2019,Wet,DTF,95.2799
1960929,Maruteru,India,2019,Wet,DTF,92.9373
2433533,Maruteru,India,2019,Wet,DTF,91.6609
2451001,Maruteru,India,2019,Wet,DTF,96.3106
2696701,Maruteru,India,2019,Wet,DTF,100.1758
2697451,Maruteru,India,2019,Wet,DTF,97.1645
2971736,Maruteru,India,2019,Wet,DTF,94.1556
2972293,Maruteru,India,2019,Wet,DTF,93.8667
300038124,Maruteru,India,2019,Wet,DTF,100.2881
300039577,Maruteru,India,2019,Wet,DTF,97.0043
300166640,Maruteru,India,2019,Wet,DTF,96.8401
300233098,Maruteru,India,2019,Wet,DTF,92.0522
300258387,Maruteru,India,2019,Wet,DTF,98.7548
300266828,Maruteru,India,2019,Wet,DTF,99.2784
300266831,Maruteru,India,2019,Wet,DTF,93.2589
300266839,Maruteru,India,2019,Wet,DTF,99.3243
300266846,Maruteru,India,2019,Wet,DTF,91.9904
300287234,Maruteru,India,2019,Wet,DTF,95.2796
300293456,Maruteru,India,2019,Wet,DTF,96.8894
300294018,Maruteru,India,2019,Wet,DTF,92.6595
300296708,Maruteru,India,2019,Wet,DTF,94.2296
300764175,Maruteru,India,2019,Wet,DTF,91.1407
3423716,Maruteru,India,2019,Wet,DTF,92.607
3425923,Maruteru,India,2019,Wet,DTF,91.2761
3426973,Maruteru,India,2019,Wet,DTF,99.1342
3592078,Maruteru,India,2019,Wet,DTF,94.2603
3593039,Maruteru,India,2019,Wet,DTF,92.7545
3658769,Maruteru,India,2019,Wet,DTF,95.6843
3806855,Maruteru,India,2019,Wet,DTF,92.6214
4016512,Maruteru,India,2019,Wet,DTF,100.7766
4189053,Maruteru,India,2019,Wet,DTF,95.1239
4193103,Maruteru,India,2019,Wet,DTF,91.4566
4226523,Maruteru,India,2019,Wet,DTF,95.8171
4228927,Maruteru,India,2019,Wet,DTF,94.752
4229118,Maruteru,India,2019,Wet,DTF,98.928
4229178,Maruteru,India,2019,Wet,DTF,88.8948
4609623,Maruteru,India,2019,Wet,DTF,96.4156
1201260,Maruteru,India,2019,Wet,HT,128.2052
1401800,Maruteru,India,2019,Wet,HT,135.8089
1960929,Maruteru,India,2019,Wet,HT,126.9177
2433533,Maruteru,India,2019,Wet,HT,114.4216
2451001,Maruteru,India,2019,Wet,HT,122.9102
2696701,Maruteru,India,2019,Wet,HT,127.9905
2697451,Maruteru,India,2019,Wet,HT,126.68
2971736,Maruteru,India,2019,Wet,HT,133.6751
2972293,Maruteru,India,2019,Wet,HT,123.9175
300038124,Maruteru,India,2019,Wet,HT,134.6099
300039577,Maruteru,India,2019,Wet,HT,137.6189
300166640,Maruteru,India,2019,Wet,HT,124.5459
300233098,Maruteru,India,2019,Wet,HT,137.1742
300258387,Maruteru,India,2019,Wet,HT,126.2105
300266828,Maruteru,India,2019,Wet,HT,141.6507
300266831,Maruteru,India,2019,Wet,HT,145.4325
300266839,Maruteru,India,2019,Wet,HT,133.9293
300266846,Maruteru,India,2019,Wet,HT,126.3184
300287234,Maruteru,India,2019,Wet,HT,137.6112
300293456,Maruteru,India,2019,Wet,HT,135.5615
300294018,Maruteru,India,2019,Wet,HT,129.3064
300296708,Maruteru,India,2019,Wet,HT,128.6606
300764175,Maruteru,India,2019,Wet,HT,125.1656
3423716,Maruteru,India,2019,Wet,HT,135.0692
3425923,Maruteru,India,2019,Wet,HT,130.2947
3426973,Maruteru,India,2019,Wet,HT,137.1128
3592078,Maruteru,India,2019,Wet,HT,117.4347
3593039,Maruteru,India,2019,Wet,HT,135.9076
3658769,Maruteru,India,2019,Wet,HT,131.1674
3806855,Maruteru,India,2019,Wet,HT,131.7629
4016512,Maruteru,India,2019,Wet,HT,109.8684
4189053,Maruteru,India,2019,Wet,HT,130.7886
4193103,Maruteru,India,2019,Wet,HT,130.5974
4226523,Maruteru,India,2019,Wet,HT,113.941
4228927,Maruteru,India,2019,Wet,HT,137.5488
4229118,Maruteru,India,2019,Wet,HT,128.1829
4229178,Maruteru,India,2019,Wet,HT,129.4823
4609623,Maruteru,India,2019,Wet,HT,131.7059
1253957,Dakawa,Tanzania,2020,Wet,YLD,4.4722
1384968,Dakawa,Tanzania,2020,Wet,YLD,4.5324
1401800,Dakawa,Tanzania,2020,Wet,YLD,5.4041
2337754,Dakawa,Tanzania,2020,Wet,YLD,5.3571
2451001,Dakawa,Tanzania,2020,Wet,YLD,5.1466
2642849,Dakawa,Tanzania,2020,Wet,YLD,5.1013
2696701,Dakawa,Tanzania,2020,Wet,YLD,4.2689
2697338,Dakawa,Tanzania,2020,Wet,YLD,4.7965
2697419,Dakawa,Tanzania,2020,Wet,YLD,5.2468
2697451,Dakawa,Tanzania,2020,Wet,YLD,5.5365
2697797,Dakawa,Tanzania,2020,Wet,YLD,3.9317
2858722,Dakawa,Tanzania,2020,Wet,YLD,4.8008
2971736,Dakawa,Tanzania,2020,Wet,YLD,4.523
2972293,Dakawa,Tanzania,2020,Wet,YLD,5.2465
2972309,Dakawa,Tanzania,2020,Wet,YLD,5.3283
2972722,Dakawa,Tanzania,2020,Wet,YLD,4.8848
2972796,Dakawa,Tanzania,2020,Wet,YLD,4.7378
300034581,Dakawa,Tanzania,2020,Wet,YLD,3.8078
300035917,Dakawa,Tanzania,2020,Wet,YLD,4.1079
300038124,Dakawa,Tanzania,2020,Wet,YLD,5.1532
300038265,Dakawa,Tanzania,2020,Wet,YLD,4.8776
300038266,Dakawa,Tanzania,2020,Wet,YLD,5.4875
300038744,Dakawa,Tanzania,2020,Wet,YLD,4.6378
300039577,Dakawa,Tanzania,2020,Wet,YLD,5.0468
300080634,Dakawa,Tanzania,2020,Wet,YLD,4.9737
300166640,Dakawa,Tanzania,2020,Wet,YLD,5.5537
300166641,Dakawa,Tanzania,2020,Wet,YLD,5.3718
300172737,Dakawa,Tanzania,2020,Wet,YLD,4.2506
300173154,Dakawa,Tanzania,2020,Wet,YLD,4.3766
300174086,Dakawa,Tanzania,2020,Wet,YLD,5.0914
300174380,Dakawa,Tanzania,2020,Wet,YLD,4.097
300252036,Dakawa,Tanzania,2020,Wet,YLD,3.3616
300258387,Dakawa,Tanzania,2020,Wet,YLD,5.2092
300266828,Dakawa,Tanzania,2020,Wet,YLD,5.2711
300266831,Dakawa,Tanzania,2020,Wet,YLD,4.8738
300266832,Dakawa,Tanzania,2020,Wet,YLD,5.0807
300266835,Dakawa,Tanzania,2020,Wet,YLD,3.7469
300266839,Dakawa,Tanzania,2020,Wet,YLD,5.6817
300266846,Dakawa,Tanzania,2020,Wet,YLD,5.5342
300266848,Dakawa,Tanzania,2020,Wet,YLD,4.3572
4016512,Dakawa,Tanzania,2020,Wet,YLD,5.5213
4016513,Dakawa,Tanzania,2020,Wet,YLD,4.8069
300279864,Dakawa,Tanzania,2020,Wet,YLD,4.8149
300287234,Dakawa,Tanzania,2020,Wet,YLD,4.495
300293456,Dakawa,Tanzania,2020,Wet,YLD,5.0243
300293539,Dakawa,Tanzania,2020,Wet,YLD,4.9804
300293562,Dakawa,Tanzania,2020,Wet,YLD,5.2871
300294018,Dakawa,Tanzania,2020,Wet,YLD,4.7914
300294074,Dakawa,Tanzania,2020,Wet,YLD,4.8269
300294080,Dakawa,Tanzania,2020,Wet,YLD,5.4557
300296708,Dakawa,Tanzania,2020,Wet,YLD,3.9301
300431704,Dakawa,Tanzania,2020,Wet,YLD,4.3864
300764175,Dakawa,Tanzania,2020,Wet,YLD,4.4471
300764179,Dakawa,Tanzania,2020,Wet,YLD,5.7212
300764184,Dakawa,Tanzania,2020,Wet,YLD,4.5246
3173051,Dakawa,Tanzania,2020,Wet,YLD,4.7381
3272808,Dakawa,Tanzania,2020,Wet,YLD,4.924
3423716,Dakawa,Tanzania,2020,Wet,YLD,5.1316
3425601,Dakawa,Tanzania,2020,Wet,YLD,4.8465
3425772,Dakawa,Tanzania,2020,Wet,YLD,5.3496
3425923,Dakawa,Tanzania,2020,Wet,YLD,5.0251
3426973,Dakawa,Tanzania,2020,Wet,YLD,4.7727
3427347,Dakawa,Tanzania,2020,Wet,YLD,4.9953
3523215,Dakawa,Tanzania,2020,Wet,YLD,5.0623
3592078,Dakawa,Tanzania,2020,Wet,YLD,4.7313
3592657,Dakawa,Tanzania,2020,Wet,YLD,4.4801
3593039,Dakawa,Tanzania,2020,Wet,YLD,4.6952
3658769,Dakawa,Tanzania,2020,Wet,YLD,5.2768
3806774,Dakawa,Tanzania,2020,Wet,YLD,4.8047
3806855,Dakawa,Tanzania,2020,Wet,YLD,5.1769
4016512,Dakawa,Tanzania,2020,Wet,YLD,5.6348
4189053,Dakawa,Tanzania,2020,Wet,YLD,5.4177
4193103,Dakawa,Tanzania,2020,Wet,YLD,5.189
4214820,Dakawa,Tanzania,2020,Wet,YLD,3.8217
4220423,Dakawa,Tanzania,2020,Wet,YLD,3.8315
4226523,Dakawa,Tanzania,2020,Wet,YLD,4.8254
4228927,Dakawa,Tanzania,2020,Wet,YLD,5.0376
4229118,Dakawa,Tanzania,2020,Wet,YLD,5.5554
4229178,Dakawa,Tanzania,2020,Wet,YLD,3.6987
4609623,Dakawa,Tanzania,2020,Wet,YLD,5.6553
4789041,Dakawa,Tanzania,2020,Wet,YLD,5.4375
4789051,Dakawa,Tanzania,2020,Wet,YLD,5.4494
4789056,Dakawa,Tanzania,2020,Wet,YLD,4.7225
4789719,Dakawa,Tanzania,2020,Wet,YLD,3.8646
4789765,Dakawa,Tanzania,2020,Wet,YLD,5.7157
4789819,Dakawa,Tanzania,2020,Wet,YLD,4.6887
4815752,Dakawa,Tanzania,2020,Wet,YLD,5.33
4815880,Dakawa,Tanzania,2020,Wet,YLD,4.9481
1253957,Dakawa,Tanzania,2020,Wet,DTF,95.5373
1384968,Dakawa,Tanzania,2020,Wet,DTF,95.6361
1401800,Dakawa,Tanzania,2020,Wet,DTF,93.527
2337754,Dakawa,Tanzania,2020,Wet,DTF,87.6765
2451001,Dakawa,Tanzania,2020,Wet,DTF,87.1935
2642849,Dakawa,Tanzania,2020,Wet,DTF,92.7854
2696701,Dakawa,Tanzania,2020,Wet,DTF,89.6203
2697338,Dakawa,Tanzania,2020,Wet,DTF,94.9335
2697419,Dakawa,Tanzania,2020,Wet,DTF,88.3671
2697451,Dakawa,Tanzania,2020,Wet,DTF,89.9557
2697797,Dakawa,Tanzania,2020,Wet,DTF,91.9028
2858722,Dakawa,Tanzania,2020,Wet,DTF,86.2702
2971736,Dakawa,Tanzania,2020,Wet,DTF,81.518
2972293,Dakawa,Tanzania,2020,Wet,DTF,92.6081
2972309,Dakawa,Tanzania,2020,Wet,DTF,93.623
2972722,Dakawa,Tanzania,2020,Wet,DTF,95.6193
2972796,Dakawa,Tanzania,2020,Wet,DTF,95.7171
300034581,Dakawa,Tanzania,2020,Wet,DTF,79.8212
300035917,Dakawa,Tanzania,2020,Wet,DTF,85.2277
300038124,Dakawa,Tanzania,2020,Wet,DTF,89.5456
300038265,Dakawa,Tanzania,2020,Wet,DTF,86.4846
300038266,Dakawa,Tanzania,2020,Wet,DTF,86.3381
300038744,Dakawa,Tanzania,2020,Wet,DTF,80.6566
300039577,Dakawa,Tanzania,2020,Wet,DTF,92.5167
300080634,Dakawa,Tanzania,2020,Wet,DTF,90.8971
300166640,Dakawa,Tanzania,2020,Wet,DTF,90.85
300166641,Dakawa,Tanzania,2020,Wet,DTF,89.6252
300172737,Dakawa,Tanzania,2020,Wet,DTF,84.8956
300173154,Dakawa,Tanzania,2020,Wet,DTF,82.7598
300174086,Dakawa,Tanzania,2020,Wet,DTF,82.9294
300174380,Dakawa,Tanzania,2020,Wet,DTF,83.4068
300252036,Dakawa,Tanzania,2020,Wet,DTF,79.6768
300258387,Dakawa,Tanzania,2020,Wet,DTF,86.7436
300266828,Dakawa,Tanzania,2020,Wet,DTF,96.2476
300266831,Dakawa,Tanzania,2020,Wet,DTF,93.5612
300266832,Dakawa,Tanzania,2020,Wet,DTF,89.8772
300266835,Dakawa,Tanzania,2020,Wet,DTF,93.9136
300266839,Dakawa,Tanzania,2020,Wet,DTF,92.89
300266846,Dakawa,Tanzania,2020,Wet,DTF,89.027
300266848,Dakawa,Tanzania,2020,Wet,DTF,84.378
4016512,Dakawa,Tanzania,2020,Wet,DTF,87.7061
4016513,Dakawa,Tanzania,2020,Wet,DTF,85.6121
300279864,Dakawa,Tanzania,2020,Wet,DTF,95.6153
300287234,Dakawa,Tanzania,2020,Wet,DTF,88.8059
300293456,Dakawa,Tanzania,2020,Wet,DTF,84.6469
300293539,Dakawa,Tanzania,2020,Wet,DTF,86.9224
300293562,Dakawa,Tanzania,2020,Wet,DTF,81.6574
300294018,Dakawa,Tanzania,2020,Wet,DTF,82.8454
300294074,Dakawa,Tanzania,2020,Wet,DTF,82.6424
300294080,Dakawa,Tanzania,2020,Wet,DTF,85.2182
300296708,Dakawa,Tanzania,2020,Wet,DTF,83.5777
300431704,Dakawa,Tanzania,2020,Wet,DTF,86.7006
300764175,Dakawa,Tanzania,2020,Wet,DTF,94.862
300764179,Dakawa,Tanzania,2020,Wet,DTF,88.6318
300764184,Dakawa,Tanzania,2020,Wet,DTF,86.3869
3173051,Dakawa,Tanzania,2020,Wet,DTF,94.8945
3272808,Dakawa,Tanzania,2020,Wet,DTF,94.4077
3423716,Dakawa,Tanzania,2020,Wet,DTF,85.9846
3425601,Dakawa,Tanzania,2020,Wet,DTF,94.4278
3425772,Dakawa,Tanzania,2020,Wet,DTF,87.3718
3425923,Dakawa,Tanzania,2020,Wet,DTF,83.7309
3426973,Dakawa,Tanzania,2020,Wet,DTF,100.8241
3427347,Dakawa,Tanzania,2020,Wet,DTF,89.9394
3523215,Dakawa,Tanzania,2020,Wet,DTF,94.5303
3592078,Dakawa,Tanzania,2020,Wet,DTF,94.6725
3592657,Dakawa,Tanzania,2020,Wet,DTF,95.5482
3593039,Dakawa,Tanzania,2020,Wet,DTF,82.9763
3658769,Dakawa,Tanzania,2020,Wet,DTF,88.2951
3806774,Dakawa,Tanzania,2020,Wet,DTF,85.3132
3806855,Dakawa,Tanzania,2020,Wet,DTF,93.4158
4016512,Dakawa,Tanzania,2020,Wet,DTF,90.6048
4189053,Dakawa,Tanzania,2020,Wet,DTF,85.8718
4193103,Dakawa,Tanzania,2020,Wet,DTF,83.3403
4214820,Dakawa,Tanzania,2020,Wet,DTF,79.7544
4220423,Dakawa,Tanzania,2020,Wet,DTF,85.9948
4226523,Dakawa,Tanzania,2020,Wet,DTF,93.8979
4228927,Dakawa,Tanzania,2020,Wet,DTF,84.7827
4229118,Dakawa,Tanzania,2020,Wet,DTF,89.944
4229178,Dakawa,Tanzania,2020,Wet,DTF,77.528
4609623,Dakawa,Tanzania,2020,Wet,DTF,87.9344
4789041,Dakawa,Tanzania,2020,Wet,DTF,88.4734
4789051,Dakawa,Tanzania,2020,Wet,DTF,84.9039
4789056,Dakawa,Tanzania,2020,Wet,DTF,82.4253
4789719,Dakawa,Tanzania,2020,Wet,DTF,80.6797
4789765,Dakawa,Tanzania,2020,Wet,DTF,89.0382
4789819,Dakawa,Tanzania,2020,Wet,DTF,83.94
4815752,Dakawa,Tanzania,2020,Wet,DTF,87.7847
4815880,Dakawa,Tanzania,2020,Wet,DTF,85.9407
1253957,Dakawa,Tanzania,2020,Wet,HT,102.0446
1384968,Dakawa,Tanzania,2020,Wet,HT,99.2894
1401800,Dakawa,Tanzania,2020,Wet,HT,112.717
2337754,Dakawa,Tanzania,2020,Wet,HT,108.4715
2451001,Dakawa,Tanzania,2020,Wet,HT,105.3444
2642849,Dakawa,Tanzania,2020,Wet,HT,105.4125
2696701,Dakawa,Tanzania,2020,Wet,HT,104.0357
2697338,Dakawa,Tanzania,2020,Wet,HT,113.0754
2697419,Dakawa,Tanzania,2020,Wet,HT,106.354
2697451,Dakawa,Tanzania,2020,Wet,HT,97.4384
2697797,Dakawa,Tanzania,2020,Wet,HT,107.6795
2858722,Dakawa,Tanzania,2020,Wet,HT,108.5168
2971736,Dakawa,Tanzania,2020,Wet,HT,104.3147
2972293,Dakawa,Tanzania,2020,Wet,HT,104.785
2972309,Dakawa,Tanzania,2020,Wet,HT,101.729
2972722,Dakawa,Tanzania,2020,Wet,HT,104.0287
2972796,Dakawa,Tanzania,2020,Wet,HT,119.0366
300034581,Dakawa,Tanzania,2020,Wet,HT,100.2885
300035917,Dakawa,Tanzania,2020,Wet,HT,95.988
300038124,Dakawa,Tanzania,2020,Wet,HT,101.9877
300038265,Dakawa,Tanzania,2020,Wet,HT,102.7239
300038266,Dakawa,Tanzania,2020,Wet,HT,96.8628
300038744,Dakawa,Tanzania,2020,Wet,HT,99.5451
300039577,Dakawa,Tanzania,2020,Wet,HT,112.9928
300080634,Dakawa,Tanzania,2020,Wet,HT,97.2634
300166640,Dakawa,Tanzania,2020,Wet,HT,101.0448
300166641,Dakawa,Tanzania,2020,Wet,HT,99.1885
300172737,Dakawa,Tanzania,2020,Wet,HT,101.8703
300173154,Dakawa,Tanzania,2020,Wet,HT,98.9589
300174086,Dakawa,Tanzania,2020,Wet,HT,101.2383
300174380,Dakawa,Tanzania,2020,Wet,HT,101.8695
300252036,Dakawa,Tanzania,2020,Wet,HT,94.4457
300258387,Dakawa,Tanzania,2020,Wet,HT,106.7651
300266828,Dakawa,Tanzania,2020,Wet,HT,106.3304
300266831,Dakawa,Tanzania,2020,Wet,HT,119.6898
300266832,Dakawa,Tanzania,2020,Wet,HT,101.3945
300266835,Dakawa,Tanzania,2020,Wet,HT,106.9657
300266839,Dakawa,Tanzania,2020,Wet,HT,118.6729
300266846,Dakawa,Tanzania,2020,Wet,HT,103.4694
300266848,Dakawa,Tanzania,2020,Wet,HT,109.3301
4016512,Dakawa,Tanzania,2020,Wet,HT,105.9125
4016513,Dakawa,Tanzania,2020,Wet,HT,109.356
300279864,Dakawa,Tanzania,2020,Wet,HT,103.2099
300287234,Dakawa,Tanzania,2020,Wet,HT,114.0427
300293456,Dakawa,Tanzania,2020,Wet,HT,93.1303
300293539,Dakawa,Tanzania,2020,Wet,HT,105.2218
300293562,Dakawa,Tanzania,2020,Wet,HT,96.2235
300294018,Dakawa,Tanzania,2020,Wet,HT,105.9781
300294074,Dakawa,Tanzania,2020,Wet,HT,94.25
300294080,Dakawa,Tanzania,2020,Wet,HT,99.875
300296708,Dakawa,Tanzania,2020,Wet,HT,100.5311
300431704,Dakawa,Tanzania,2020,Wet,HT,102.7029
300764175,Dakawa,Tanzania,2020,Wet,HT,104.6224
300764179,Dakawa,Tanzania,2020,Wet,HT,108.1157
300764184,Dakawa,Tanzania,2020,Wet,HT,119.1584
3173051,Dakawa,Tanzania,2020,Wet,HT,107.8758
3272808,Dakawa,Tanzania,2020,Wet,HT,111.0209
3423716,Dakawa,Tanzania,2020,Wet,HT,108.5694
3425601,Dakawa,Tanzania,2020,Wet,HT,111.7464
3425772,Dakawa,Tanzania,2020,Wet,HT,115.4756
3425923,Dakawa,Tanzania,2020,Wet,HT,104.7228
3426973,Dakawa,Tanzania,2020,Wet,HT,112.5332
3427347,Dakawa,Tanzania,2020,Wet,HT,111.0777
3523215,Dakawa,Tanzania,2020,Wet,HT,113.6201
3592078,Dakawa,Tanzania,2020,Wet,HT,104.5176
3592657,Dakawa,Tanzania,2020,Wet,HT,117.2874
3593039,Dakawa,Tanzania,2020,Wet,HT,104.1901
3658769,Dakawa,Tanzania,2020,Wet,HT,110.8586
3806774,Dakawa,Tanzania,2020,Wet,HT,99.2588
3806855,Dakawa,Tanzania,2020,Wet,HT,106.1346
4016512,Dakawa,Tanzania,2020,Wet,HT,100.2977
4189053,Dakawa,Tanzania,2020,Wet,HT,103.7681
4193103,Dakawa,Tanzania,2020,Wet,HT,105.6907
4214820,Dakawa,Tanzania,2020,Wet,HT,104.1669
4220423,Dakawa,Tanzania,2020,Wet,HT,94.4255
4226523,Dakawa,Tanzania,2020,Wet,HT,93.4403
4228927,Dakawa,Tanzania,2020,Wet,HT,106.9059
4229118,Dakawa,Tanzania,2020,Wet,HT,102.1612
4229178,Dakawa,Tanzania,2020,Wet,HT,88.3639
4609623,Dakawa,Tanzania,2020,Wet,HT,103.8493
4789041,Dakawa,Tanzania,2020,Wet,HT,105.5764
4789051,Dakawa,Tanzania,2020,Wet,HT,105.7996
4789056,Dakawa,Tanzania,2020,Wet,HT,109.4598
4789719,Dakawa,Tanzania,2020,Wet,HT,102.394
4789765,Dakawa,Tanzania,2020,Wet,HT,106.2886
4789819,Dakawa,Tanzania,2020,Wet,HT,106.3352
4815752,Dakawa,Tanzania,2020,Wet,HT,108.3116
4815880,Dakawa,Tanzania,2020,Wet,HT,102.7405
1201260,Cuttack,India,2019,Wet,YLD,5.7131
1401800,Cuttack,India,2019,Wet,YLD,6.0023
1960929,Cuttack,India,2019,Wet,YLD,4.6853
2433533,Cuttack,India,2019,Wet,YLD,6.7076
2451001,Cuttack,India,2019,Wet,YLD,5.1423
2696701,Cuttack,India,2019,Wet,YLD,4.5826
2697451,Cuttack,India,2019,Wet,YLD,5.0464
2971736,Cuttack,India,2019,Wet,YLD,6.2911
2972293,Cuttack,India,2019,Wet,YLD,4.3261
300038124,Cuttack,India,2019,Wet,YLD,4.2779
300039577,Cuttack,India,2019,Wet,YLD,4.2653
300166640,Cuttack,India,2019,Wet,YLD,3.7462
300233098,Cuttack,India,2019,Wet,YLD,4.9818
300258387,Cuttack,India,2019,Wet,YLD,3.9226
300266828,Cuttack,India,2019,Wet,YLD,5.9347
300266831,Cuttack,India,2019,Wet,YLD,5.174
300266839,Cuttack,India,2019,Wet,YLD,4.8438
300266846,Cuttack,India,2019,Wet,YLD,5.2316
300287234,Cuttack,India,2019,Wet,YLD,5.5713
300293456,Cuttack,India,2019,Wet,YLD,5.4227
300294018,Cuttack,India,2019,Wet,YLD,3.7942
300296708,Cuttack,India,2019,Wet,YLD,4.8935
300764175,Cuttack,India,2019,Wet,YLD,4.6962
3423716,Cuttack,India,2019,Wet,YLD,4.905
3425923,Cuttack,India,2019,Wet,YLD,4.8909
3426973,Cuttack,India,2019,Wet,YLD,6.6636
3592078,Cuttack,India,2019,Wet,YLD,4.9243
3593039,Cuttack,India,2019,Wet,YLD,5.4792
3658769,Cuttack,India,2019,Wet,YLD,5.0546
3806855,Cuttack,India,2019,Wet,YLD,5.5838
4016512,Cuttack,India,2019,Wet,YLD,4.6777
4189053,Cuttack,India,2019,Wet,YLD,4.6754
4193103,Cuttack,India,2019,Wet,YLD,5.6204
4226523,Cuttack,India,2019,Wet,YLD,2.5547
4228927,Cuttack,India,2019,Wet,YLD,3.8499
4229118,Cuttack,India,2019,Wet,YLD,4.6427
4229178,Cuttack,India,2019,Wet,YLD,3.3446
4609623,Cuttack,India,2019,Wet,YLD,5.0874
1201260,Cuttack,India,2019,Wet,DTF,101.8532
1401800,Cuttack,India,2019,Wet,DTF,98.9968
1960929,Cuttack,India,2019,Wet,DTF,102.4401
2433533,Cuttack,India,2019,Wet,DTF,92.5492
2451001,Cuttack,India,2019,Wet,DTF,91.1247
2696701,Cuttack,India,2019,Wet,DTF,96.5472
2697451,Cuttack,India,2019,Wet,DTF,98.9151
2971736,Cuttack,India,2019,Wet,DTF,89.1853
2972293,Cuttack,India,2019,Wet,DTF,91.9624
300038124,Cuttack,India,2019,Wet,DTF,97.8998
300039577,Cuttack,India,2019,Wet,DTF,98.979
300166640,Cuttack,India,2019,Wet,DTF,101.3635
300233098,Cuttack,India,2019,Wet,DTF,96.0432
300258387,Cuttack,India,2019,Wet,DTF,92.6104
300266828,Cuttack,India,2019,Wet,DTF,105.7707
300266831,Cuttack,India,2019,Wet,DTF,100.94
300266839,Cuttack,India,2019,Wet,DTF,98.8985
300266846,Cuttack,India,2019,Wet,DTF,92.1207
300287234,Cuttack,India,2019,Wet,DTF,98.4866
300293456,Cuttack,India,2019,Wet,DTF,95.9604
300294018,Cuttack,India,2019,Wet,DTF,99.4698
300296708,Cuttack,India,2019,Wet,DTF,91.5699
300764175,Cuttack,India,2019,Wet,DTF,96.0575
3423716,Cuttack,India,2019,Wet,DTF,95.977
3425923,Cuttack,India,2019,Wet,DTF,92.0429
3426973,Cuttack,India,2019,Wet,DTF,105.7959
3592078,Cuttack,India,2019,Wet,DTF,98.979
3593039,Cuttack,India,2019,Wet,DTF,92.1041
3658769,Cuttack,India,2019,Wet,DTF,100.3842
3806855,Cuttack,India,2019,Wet,DTF,91.1247
4016512,Cuttack,India,2019,Wet,DTF,99.4686
4189053,Cuttack,India,2019,Wet,DTF,101.7561
4193103,Cuttack,India,2019,Wet,DTF,90.1647
4226523,Cuttack,India,2019,Wet,DTF,93.0223
4228927,Cuttack,India,2019,Wet,DTF,94.5692
4229118,Cuttack,India,2019,Wet,DTF,105.3255
4229178,Cuttack,India,2019,Wet,DTF,105.8164
4609623,Cuttack,India,2019,Wet,DTF,98.9956
1201260,Cuttack,India,2019,Wet,HT,119.3977
1401800,Cuttack,India,2019,Wet,HT,122.1961
1960929,Cuttack,India,2019,Wet,HT,110.003
2433533,Cuttack,India,2019,Wet,HT,110.7026
2451001,Cuttack,India,2019,Wet,HT,106.2051
2696701,Cuttack,India,2019,Wet,HT,107.6043
2697451,Cuttack,India,2019,Wet,HT,112.0018
2971736,Cuttack,India,2019,Wet,HT,111.0024
2972293,Cuttack,India,2019,Wet,HT,96.6105
300038124,Cuttack,India,2019,Wet,HT,122.1961
300039577,Cuttack,India,2019,Wet,HT,127.2932
300166640,Cuttack,India,2019,Wet,HT,101.3079
300233098,Cuttack,India,2019,Wet,HT,111.702
300258387,Cuttack,India,2019,Wet,HT,108.6037
300266828,Cuttack,India,2019,Wet,HT,123.4953
300266831,Cuttack,India,2019,Wet,HT,129.9917
300266839,Cuttack,India,2019,Wet,HT,130.4914
300266846,Cuttack,India,2019,Wet,HT,115.7997
300287234,Cuttack,India,2019,Wet,HT,128.2926
300293456,Cuttack,India,2019,Wet,HT,120.0973
300294018,Cuttack,India,2019,Wet,HT,106.0052
300296708,Cuttack,India,2019,Wet,HT,120.1972
300764175,Cuttack,India,2019,Wet,HT,120.1972
3423716,Cuttack,India,2019,Wet,HT,115.1001
3425923,Cuttack,India,2019,Wet,HT,123.5953
3426973,Cuttack,India,2019,Wet,HT,135.0888
3592078,Cuttack,India,2019,Wet,HT,121.3965
3593039,Cuttack,India,2019,Wet,HT,122.1961
3658769,Cuttack,India,2019,Wet,HT,107.0047
3806855,Cuttack,India,2019,Wet,HT,116.7991
4016512,Cuttack,India,2019,Wet,HT,116.0995
4189053,Cuttack,India,2019,Wet,HT,123.2955
4193103,Cuttack,India,2019,Wet,HT,113.0013
4226523,Cuttack,India,2019,Wet,HT,94.3118
4228927,Cuttack,India,2019,Wet,HT,117.9984
4229118,Cuttack,India,2019,Wet,HT,109.6032
4229178,Cuttack,India,2019,Wet,HT,101.9075
4609623,Cuttack,India,2019,Wet,HT,117.1989
1201260,Raipur,India,2019,Wet,YLD,5.1488
1401800,Raipur,India,2019,Wet,YLD,5.5473
1960929,Raipur,India,2019,Wet,YLD,5.6972
2433533,Raipur,India,2019,Wet,YLD,5.2447
2451001,Raipur,India,2019,Wet,YLD,5.2233
2696701,Raipur,India,2019,Wet,YLD,5.0877
2697451,Raipur,India,2019,Wet,YLD,5.8981
2971736,Raipur,India,2019,Wet,YLD,5.0057
2972293,Raipur,India,2019,Wet,YLD,5.5714
300038124,Raipur,India,2019,Wet,YLD,5.0444
300039577,Raipur,India,2019,Wet,YLD,5.3299
300166640,Raipur,India,2019,Wet,YLD,5.4497
300233098,Raipur,India,2019,Wet,YLD,4.4626
300258387,Raipur,India,2019,Wet,YLD,4.7865
300266828,Raipur,India,2019,Wet,YLD,5.8128
300266831,Raipur,India,2019,Wet,YLD,5.534
300266839,Raipur,India,2019,Wet,YLD,5.8792
300266846,Raipur,India,2019,Wet,YLD,4.8762
300287234,Raipur,India,2019,Wet,YLD,5.301
300293456,Raipur,India,2019,Wet,YLD,5.7778
300294018,Raipur,India,2019,Wet,YLD,4.1488
300296708,Raipur,India,2019,Wet,YLD,4.7186
300764175,Raipur,India,2019,Wet,YLD,5.6654
3423716,Raipur,India,2019,Wet,YLD,6.3554
3425923,Raipur,India,2019,Wet,YLD,4.8623
3426973,Raipur,India,2019,Wet,YLD,4.682
3592078,Raipur,India,2019,Wet,YLD,5.3485
3593039,Raipur,India,2019,Wet,YLD,5.711
3658769,Raipur,India,2019,Wet,YLD,5.3082
3806855,Raipur,India,2019,Wet,YLD,5.1609
4016512,Raipur,India,2019,Wet,YLD,4.8327
4189053,Raipur,India,2019,Wet,YLD,4.8145
4193103,Raipur,India,2019,Wet,YLD,4.8814
4226523,Raipur,India,2019,Wet,YLD,4.8046
4228927,Raipur,India,2019,Wet,YLD,6.3204
4229118,Raipur,India,2019,Wet,YLD,4.9049
4229178,Raipur,India,2019,Wet,YLD,4.8488
4609623,Raipur,India,2019,Wet,YLD,4.634
1201260,Raipur,India,2019,Wet,DTF,111.155
1401800,Raipur,India,2019,Wet,DTF,102.124
1960929,Raipur,India,2019,Wet,DTF,113.6996
2433533,Raipur,India,2019,Wet,DTF,106.7182
2451001,Raipur,India,2019,Wet,DTF,99.3413
2696701,Raipur,India,2019,Wet,DTF,106.2724
2697451,Raipur,India,2019,Wet,DTF,105.7994
2971736,Raipur,India,2019,Wet,DTF,102.4315
2972293,Raipur,India,2019,Wet,DTF,109.4486
300038124,Raipur,India,2019,Wet,DTF,111.0066
300039577,Raipur,India,2019,Wet,DTF,103.1277
300166640,Raipur,India,2019,Wet,DTF,110.9086
300233098,Raipur,India,2019,Wet,DTF,106.5608
300258387,Raipur,India,2019,Wet,DTF,105.7256
300266828,Raipur,India,2019,Wet,DTF,112.2051
300266831,Raipur,India,2019,Wet,DTF,105.7678
300266839,Raipur,India,2019,Wet,DTF,115.8751
300266846,Raipur,India,2019,Wet,DTF,103.345
300287234,Raipur,India,2019,Wet,DTF,105.6163
300293456,Raipur,India,2019,Wet,DTF,103.9301
300294018,Raipur,India,2019,Wet,DTF,106.0724
300296708,Raipur,India,2019,Wet,DTF,105.8842
300764175,Raipur,India,2019,Wet,DTF,105.7678
3423716,Raipur,India,2019,Wet,DTF,104.8543
3425923,Raipur,India,2019,Wet,DTF,98.9216
3426973,Raipur,India,2019,Wet,DTF,116.6681
3592078,Raipur,India,2019,Wet,DTF,106.2724
3593039,Raipur,India,2019,Wet,DTF,107.6109
3658769,Raipur,India,2019,Wet,DTF,107.7219
3806855,Raipur,India,2019,Wet,DTF,101.941
4016512,Raipur,India,2019,Wet,DTF,112.5309
4189053,Raipur,India,2019,Wet,DTF,111.3125
4193103,Raipur,India,2019,Wet,DTF,101.3342
4226523,Raipur,India,2019,Wet,DTF,105.6163
4228927,Raipur,India,2019,Wet,DTF,112.0739
4229118,Raipur,India,2019,Wet,DTF,107.6371
4229178,Raipur,India,2019,Wet,DTF,106.2945
4609623,Raipur,India,2019,Wet,DTF,109.4419
1201260,Raipur,India,2019,Wet,HT,115.1638
1401800,Raipur,India,2019,Wet,HT,118.6142
1960929,Raipur,India,2019,Wet,HT,117.3414
2433533,Raipur,India,2019,Wet,HT,107.7074
2451001,Raipur,India,2019,Wet,HT,109.6832
2696701,Raipur,India,2019,Wet,HT,108.5199
2697451,Raipur,India,2019,Wet,HT,116.8312
2971736,Raipur,India,2019,Wet,HT,108.7179
2972293,Raipur,India,2019,Wet,HT,111.8484
300038124,Raipur,India,2019,Wet,HT,114.1028
300039577,Raipur,India,2019,Wet,HT,128.7513
300166640,Raipur,India,2019,Wet,HT,109.668
300233098,Raipur,India,2019,Wet,HT,109.9191
300258387,Raipur,India,2019,Wet,HT,116.8568
300266828,Raipur,India,2019,Wet,HT,126.0285
300266831,Raipur,India,2019,Wet,HT,134.1046
300266839,Raipur,India,2019,Wet,HT,124.3273
300266846,Raipur,India,2019,Wet,HT,114.6115
300287234,Raipur,India,2019,Wet,HT,123.5545
300293456,Raipur,India,2019,Wet,HT,112.3349
300294018,Raipur,India,2019,Wet,HT,108.0197
300296708,Raipur,India,2019,Wet,HT,106.3294
300764175,Raipur,India,2019,Wet,HT,110.0099
3423716,Raipur,India,2019,Wet,HT,117.102
3425923,Raipur,India,2019,Wet,HT,111.1625
3426973,Raipur,India,2019,Wet,HT,124.7869
3592078,Raipur,India,2019,Wet,HT,118.6516
3593039,Raipur,India,2019,Wet,HT,111.9247
3658769,Raipur,India,2019,Wet,HT,114.6962
3806855,Raipur,India,2019,Wet,HT,113.9887
4016512,Raipur,India,2019,Wet,HT,109.3817
4189053,Raipur,India,2019,Wet,HT,111.3151
4193103,Raipur,India,2019,Wet,HT,110.8023
4226523,Raipur,India,2019,Wet,HT,98.7298
4228927,Raipur,India,2019,Wet,HT,114.7511
4229118,Raipur,India,2019,Wet,HT,115.453
4229178,Raipur,India,2019,Wet,HT,108.4852
4609623,Raipur,India,2019,Wet,HT,114.46
1253957,Mwea,Kenya,2020,Wet,YLD,3.9116
1384968,Mwea,Kenya,2020,Wet,YLD,5.0853
1401800,Mwea,Kenya,2020,Wet,YLD,3.8379
2337754,Mwea,Kenya,2020,Wet,YLD,4.2431
2451001,Mwea,Kenya,2020,Wet,YLD,5.3423
2642849,Mwea,Kenya,2020,Wet,YLD,4.2277
2696701,Mwea,Kenya,2020,Wet,YLD,3.8549
2697338,Mwea,Kenya,2020,Wet,YLD,5.1801
2697419,Mwea,Kenya,2020,Wet,YLD,5.4655
2697451,Mwea,Kenya,2020,Wet,YLD,4.3579
2697797,Mwea,Kenya,2020,Wet,YLD,2.4722
2858722,Mwea,Kenya,2020,Wet,YLD,3.6746
2971736,Mwea,Kenya,2020,Wet,YLD,3.864
2972293,Mwea,Kenya,2020,Wet,YLD,3.9705
2972309,Mwea,Kenya,2020,Wet,YLD,4.3278
2972722,Mwea,Kenya,2020,Wet,YLD,4.0937
2972796,Mwea,Kenya,2020,Wet,YLD,4.8919
300034581,Mwea,Kenya,2020,Wet,YLD,4.2629
300035917,Mwea,Kenya,2020,Wet,YLD,4.8343
300038124,Mwea,Kenya,2020,Wet,YLD,5.0864
300038265,Mwea,Kenya,2020,Wet,YLD,5.1964
300038266,Mwea,Kenya,2020,Wet,YLD,3.8899
300038744,Mwea,Kenya,2020,Wet,YLD,4.0536
300039577,Mwea,Kenya,2020,Wet,YLD,4.1493
300040799,Mwea,Kenya,2020,Wet,YLD,3.9007
300080634,Mwea,Kenya,2020,Wet,YLD,4.3231
300166640,Mwea,Kenya,2020,Wet,YLD,4.3609
300166641,Mwea,Kenya,2020,Wet,YLD,4.2435
300172737,Mwea,Kenya,2020,Wet,YLD,4.3096
300173154,Mwea,Kenya,2020,Wet,YLD,3.4223
300174086,Mwea,Kenya,2020,Wet,YLD,3.5086
300174380,Mwea,Kenya,2020,Wet,YLD,3.12
300252036,Mwea,Kenya,2020,Wet,YLD,3.4486
300258387,Mwea,Kenya,2020,Wet,YLD,4.155
300266828,Mwea,Kenya,2020,Wet,YLD,4.2619
300266831,Mwea,Kenya,2020,Wet,YLD,4.1213
300266832,Mwea,Kenya,2020,Wet,YLD,3.8489
300266835,Mwea,Kenya,2020,Wet,YLD,4.1416
300266839,Mwea,Kenya,2020,Wet,YLD,4.8093
300266846,Mwea,Kenya,2020,Wet,YLD,4.652
300266848,Mwea,Kenya,2020,Wet,YLD,4.0048
300279864,Mwea,Kenya,2020,Wet,YLD,4.4266
300287234,Mwea,Kenya,2020,Wet,YLD,3.9438
300293456,Mwea,Kenya,2020,Wet,YLD,3.8492
300293539,Mwea,Kenya,2020,Wet,YLD,4.608
300293562,Mwea,Kenya,2020,Wet,YLD,4.3754
300294018,Mwea,Kenya,2020,Wet,YLD,4.1454
300294074,Mwea,Kenya,2020,Wet,YLD,4.0593
300294080,Mwea,Kenya,2020,Wet,YLD,4.7022
300296708,Mwea,Kenya,2020,Wet,YLD,3.5233
300431704,Mwea,Kenya,2020,Wet,YLD,3.7009
300764175,Mwea,Kenya,2020,Wet,YLD,3.4396
300764179,Mwea,Kenya,2020,Wet,YLD,4.5052
300764184,Mwea,Kenya,2020,Wet,YLD,3.7163
3022947,Mwea,Kenya,2020,Wet,YLD,4.3964
3173051,Mwea,Kenya,2020,Wet,YLD,4.5108
3272808,Mwea,Kenya,2020,Wet,YLD,4.7315
3423716,Mwea,Kenya,2020,Wet,YLD,4.9831
3425601,Mwea,Kenya,2020,Wet,YLD,4.4202
3425772,Mwea,Kenya,2020,Wet,YLD,4.0328
3425923,Mwea,Kenya,2020,Wet,YLD,5.5151
3426973,Mwea,Kenya,2020,Wet,YLD,3.5995
3427347,Mwea,Kenya,2020,Wet,YLD,5.1944
3523215,Mwea,Kenya,2020,Wet,YLD,4.2629
3592078,Mwea,Kenya,2020,Wet,YLD,3.5523
3592657,Mwea,Kenya,2020,Wet,YLD,4.2911
3593039,Mwea,Kenya,2020,Wet,YLD,4.3554
3658769,Mwea,Kenya,2020,Wet,YLD,4.0802
3806774,Mwea,Kenya,2020,Wet,YLD,5.0304
3806855,Mwea,Kenya,2020,Wet,YLD,4.9045
4016512,Mwea,Kenya,2020,Wet,YLD,3.7103
4016513,Mwea,Kenya,2020,Wet,YLD,4.3368
4189053,Mwea,Kenya,2020,Wet,YLD,3.4699
4193103,Mwea,Kenya,2020,Wet,YLD,4.7762
4214820,Mwea,Kenya,2020,Wet,YLD,4.7585
4220423,Mwea,Kenya,2020,Wet,YLD,3.2459
4226523,Mwea,Kenya,2020,Wet,YLD,3.7735
4228927,Mwea,Kenya,2020,Wet,YLD,4.7864
4229118,Mwea,Kenya,2020,Wet,YLD,3.7125
4229178,Mwea,Kenya,2020,Wet,YLD,4.178
4609623,Mwea,Kenya,2020,Wet,YLD,4.1889
4789041,Mwea,Kenya,2020,Wet,YLD,4.7473
4789051,Mwea,Kenya,2020,Wet,YLD,4.5809
4789056,Mwea,Kenya,2020,Wet,YLD,4.852
4789719,Mwea,Kenya,2020,Wet,YLD,4.3168
4789765,Mwea,Kenya,2020,Wet,YLD,4.437
4789819,Mwea,Kenya,2020,Wet,YLD,4.1173
4815752,Mwea,Kenya,2020,Wet,YLD,4.3753
4815880,Mwea,Kenya,2020,Wet,YLD,4.1685
1253957,Mwea,Kenya,2020,Wet,DTF,107.2016
1384968,Mwea,Kenya,2020,Wet,DTF,108.9215
1401800,Mwea,Kenya,2020,Wet,DTF,109.4063
2337754,Mwea,Kenya,2020,Wet,DTF,107.0491
2451001,Mwea,Kenya,2020,Wet,DTF,99.6386
2642849,Mwea,Kenya,2020,Wet,DTF,100.8158
2696701,Mwea,Kenya,2020,Wet,DTF,104.5056
2697338,Mwea,Kenya,2020,Wet,DTF,102.3461
2697419,Mwea,Kenya,2020,Wet,DTF,99.4176
2697451,Mwea,Kenya,2020,Wet,DTF,105.6096
2697797,Mwea,Kenya,2020,Wet,DTF,107.2299
2858722,Mwea,Kenya,2020,Wet,DTF,106.9394
2971736,Mwea,Kenya,2020,Wet,DTF,97.1171
2972293,Mwea,Kenya,2020,Wet,DTF,101.9198
2972309,Mwea,Kenya,2020,Wet,DTF,106.2618
2972722,Mwea,Kenya,2020,Wet,DTF,101.1728
2972796,Mwea,Kenya,2020,Wet,DTF,103.319
300034581,Mwea,Kenya,2020,Wet,DTF,100.7706
300035917,Mwea,Kenya,2020,Wet,DTF,95.0468
300038124,Mwea,Kenya,2020,Wet,DTF,99.7316
300038265,Mwea,Kenya,2020,Wet,DTF,106.9015
300038266,Mwea,Kenya,2020,Wet,DTF,102.0009
300038744,Mwea,Kenya,2020,Wet,DTF,98.311
300039577,Mwea,Kenya,2020,Wet,DTF,104.5871
300040799,Mwea,Kenya,2020,Wet,DTF,100.2063
300080634,Mwea,Kenya,2020,Wet,DTF,102.8309
300166640,Mwea,Kenya,2020,Wet,DTF,104.1321
300166641,Mwea,Kenya,2020,Wet,DTF,104.798
300172737,Mwea,Kenya,2020,Wet,DTF,97.9754
300173154,Mwea,Kenya,2020,Wet,DTF,96.5911
300174086,Mwea,Kenya,2020,Wet,DTF,103.7421
300174380,Mwea,Kenya,2020,Wet,DTF,95.437
300252036,Mwea,Kenya,2020,Wet,DTF,104.9889
300258387,Mwea,Kenya,2020,Wet,DTF,105.1816
300266828,Mwea,Kenya,2020,Wet,DTF,111.9046
300266831,Mwea,Kenya,2020,Wet,DTF,108.0081
300266832,Mwea,Kenya,2020,Wet,DTF,99.6501
300266835,Mwea,Kenya,2020,Wet,DTF,105.9881
300266839,Mwea,Kenya,2020,Wet,DTF,111.8543
300266846,Mwea,Kenya,2020,Wet,DTF,102.9406
300266848,Mwea,Kenya,2020,Wet,DTF,108.769
300279864,Mwea,Kenya,2020,Wet,DTF,100.4434
300287234,Mwea,Kenya,2020,Wet,DTF,104.813
300293456,Mwea,Kenya,2020,Wet,DTF,100.4786
300293539,Mwea,Kenya,2020,Wet,DTF,106.3616
300293562,Mwea,Kenya,2020,Wet,DTF,97.5501
300294018,Mwea,Kenya,2020,Wet,DTF,100.9634
300294074,Mwea,Kenya,2020,Wet,DTF,97.9236
300294080,Mwea,Kenya,2020,Wet,DTF,97.4906
300296708,Mwea,Kenya,2020,Wet,DTF,103.319
300431704,Mwea,Kenya,2020,Wet,DTF,99.1553
300764175,Mwea,Kenya,2020,Wet,DTF,110.0966
300764179,Mwea,Kenya,2020,Wet,DTF,101.2539
300764184,Mwea,Kenya,2020,Wet,DTF,100.9116
3022947,Mwea,Kenya,2020,Wet,DTF,117.2861
3173051,Mwea,Kenya,2020,Wet,DTF,99.805
3272808,Mwea,Kenya,2020,Wet,DTF,103.1214
3423716,Mwea,Kenya,2020,Wet,DTF,101.8911
3425601,Mwea,Kenya,2020,Wet,DTF,108.1293
3425772,Mwea,Kenya,2020,Wet,DTF,103.3851
3425923,Mwea,Kenya,2020,Wet,DTF,100.3815
3426973,Mwea,Kenya,2020,Wet,DTF,108.6956
3427347,Mwea,Kenya,2020,Wet,DTF,102.2646
3523215,Mwea,Kenya,2020,Wet,DTF,107.9486
3592078,Mwea,Kenya,2020,Wet,DTF,104.4346
3592657,Mwea,Kenya,2020,Wet,DTF,107.7558
3593039,Mwea,Kenya,2020,Wet,DTF,97.1905
3658769,Mwea,Kenya,2020,Wet,DTF,104.2419
3806774,Mwea,Kenya,2020,Wet,DTF,98.9031
3806855,Mwea,Kenya,2020,Wet,DTF,106.3021
4016512,Mwea,Kenya,2020,Wet,DTF,105.6866
4016513,Mwea,Kenya,2020,Wet,DTF,102.3744
4189053,Mwea,Kenya,2020,Wet,DTF,101.7798
4193103,Mwea,Kenya,2020,Wet,DTF,105.781
4214820,Mwea,Kenya,2020,Wet,DTF,98.5181
4220423,Mwea,Kenya,2020,Wet,DTF,103.7421
4226523,Mwea,Kenya,2020,Wet,DTF,108.0599
4228927,Mwea,Kenya,2020,Wet,DTF,97.4906
4229118,Mwea,Kenya,2020,Wet,DTF,104.3249
4229178,Mwea,Kenya,2020,Wet,DTF,97.3976
4609623,Mwea,Kenya,2020,Wet,DTF,104.4581
4789041,Mwea,Kenya,2020,Wet,DTF,101.9726
4789051,Mwea,Kenya,2020,Wet,DTF,98.2376
4789056,Mwea,Kenya,2020,Wet,DTF,96.7073
4789719,Mwea,Kenya,2020,Wet,DTF,98.0348
4789765,Mwea,Kenya,2020,Wet,DTF,97.3976
4789819,Mwea,Kenya,2020,Wet,DTF,98.1446
4815752,Mwea,Kenya,2020,Wet,DTF,105.9831
4815880,Mwea,Kenya,2020,Wet,DTF,99.4176
1253957,Mwea,Kenya,2020,Wet,HT,80.5814
1384968,Mwea,Kenya,2020,Wet,HT,101.2048
1401800,Mwea,Kenya,2020,Wet,HT,84.0929
2337754,Mwea,Kenya,2020,Wet,HT,84.5978
2451001,Mwea,Kenya,2020,Wet,HT,87.1133
2642849,Mwea,Kenya,2020,Wet,HT,97.0223
2696701,Mwea,Kenya,2020,Wet,HT,93.6441
2697338,Mwea,Kenya,2020,Wet,HT,84.6264
2697419,Mwea,Kenya,2020,Wet,HT,92.6107
2697451,Mwea,Kenya,2020,Wet,HT,76.8689
2697797,Mwea,Kenya,2020,Wet,HT,93.6781
2858722,Mwea,Kenya,2020,Wet,HT,93.5737
2971736,Mwea,Kenya,2020,Wet,HT,82.3915
2972293,Mwea,Kenya,2020,Wet,HT,84.9111
2972309,Mwea,Kenya,2020,Wet,HT,86.5894
2972722,Mwea,Kenya,2020,Wet,HT,83.4092
2972796,Mwea,Kenya,2020,Wet,HT,98.5315
300034581,Mwea,Kenya,2020,Wet,HT,84.5726
300035917,Mwea,Kenya,2020,Wet,HT,88.0712
300038124,Mwea,Kenya,2020,Wet,HT,83.7201
300038265,Mwea,Kenya,2020,Wet,HT,87.4066
300038266,Mwea,Kenya,2020,Wet,HT,83.0646
300038744,Mwea,Kenya,2020,Wet,HT,81.984
300039577,Mwea,Kenya,2020,Wet,HT,84.2618
300040799,Mwea,Kenya,2020,Wet,HT,74.917
300080634,Mwea,Kenya,2020,Wet,HT,80.4088
300166640,Mwea,Kenya,2020,Wet,HT,73.1765
300166641,Mwea,Kenya,2020,Wet,HT,82.1426
300172737,Mwea,Kenya,2020,Wet,HT,85.1944
300173154,Mwea,Kenya,2020,Wet,HT,81.8004
300174086,Mwea,Kenya,2020,Wet,HT,78.5051
300174380,Mwea,Kenya,2020,Wet,HT,80.9131
300252036,Mwea,Kenya,2020,Wet,HT,98.9322
300258387,Mwea,Kenya,2020,Wet,HT,80.2024
300266828,Mwea,Kenya,2020,Wet,HT,99.9767
300266831,Mwea,Kenya,2020,Wet,HT,92.8349
300266832,Mwea,Kenya,2020,Wet,HT,84.5278
300266835,Mwea,Kenya,2020,Wet,HT,83.0251
300266839,Mwea,Kenya,2020,Wet,HT,103.8418
300266846,Mwea,Kenya,2020,Wet,HT,91.2022
300266848,Mwea,Kenya,2020,Wet,HT,89.3287
300279864,Mwea,Kenya,2020,Wet,HT,88.7266
300287234,Mwea,Kenya,2020,Wet,HT,85.0888
300293456,Mwea,Kenya,2020,Wet,HT,81.9052
300293539,Mwea,Kenya,2020,Wet,HT,87.8046
300293562,Mwea,Kenya,2020,Wet,HT,79.9587
300294018,Mwea,Kenya,2020,Wet,HT,84.5273
300294074,Mwea,Kenya,2020,Wet,HT,83.0987
300294080,Mwea,Kenya,2020,Wet,HT,89.0202
300296708,Mwea,Kenya,2020,Wet,HT,84.974
300431704,Mwea,Kenya,2020,Wet,HT,82.2659
300764175,Mwea,Kenya,2020,Wet,HT,88.6233
300764179,Mwea,Kenya,2020,Wet,HT,90.7877
300764184,Mwea,Kenya,2020,Wet,HT,88.8934
3022947,Mwea,Kenya,2020,Wet,HT,93.6967
3173051,Mwea,Kenya,2020,Wet,HT,88.5249
3272808,Mwea,Kenya,2020,Wet,HT,91.5161
3423716,Mwea,Kenya,2020,Wet,HT,85.5835
3425601,Mwea,Kenya,2020,Wet,HT,92.8338
3425772,Mwea,Kenya,2020,Wet,HT,92.1668
3425923,Mwea,Kenya,2020,Wet,HT,87.1887
3426973,Mwea,Kenya,2020,Wet,HT,97.801
3427347,Mwea,Kenya,2020,Wet,HT,92.2686
3523215,Mwea,Kenya,2020,Wet,HT,91.0053
3592078,Mwea,Kenya,2020,Wet,HT,85.9673
3592657,Mwea,Kenya,2020,Wet,HT,99.5912
3593039,Mwea,Kenya,2020,Wet,HT,83.2291
3658769,Mwea,Kenya,2020,Wet,HT,87.1067
3806774,Mwea,Kenya,2020,Wet,HT,84.5676
3806855,Mwea,Kenya,2020,Wet,HT,84.835
4016512,Mwea,Kenya,2020,Wet,HT,80.7882
4016513,Mwea,Kenya,2020,Wet,HT,82.2826
4189053,Mwea,Kenya,2020,Wet,HT,81.8305
4193103,Mwea,Kenya,2020,Wet,HT,84.2961
4214820,Mwea,Kenya,2020,Wet,HT,82.9741
4220423,Mwea,Kenya,2020,Wet,HT,78.2267
4226523,Mwea,Kenya,2020,Wet,HT,75.728
4228927,Mwea,Kenya,2020,Wet,HT,87.7053
4229118,Mwea,Kenya,2020,Wet,HT,78.5104
4229178,Mwea,Kenya,2020,Wet,HT,73.3292
4609623,Mwea,Kenya,2020,Wet,HT,84.6943
4789041,Mwea,Kenya,2020,Wet,HT,91.0155
4789051,Mwea,Kenya,2020,Wet,HT,89.1769
4789056,Mwea,Kenya,2020,Wet,HT,92.377
4789719,Mwea,Kenya,2020,Wet,HT,89.6455
4789765,Mwea,Kenya,2020,Wet,HT,91.5852
4789819,Mwea,Kenya,2020,Wet,HT,88.4694
4815752,Mwea,Kenya,2020,Wet,HT,86.778
4815880,Mwea,Kenya,2020,Wet,HT,86.2309
1201260,Hyderabad,India,2019,Dry,YLD,6.3503
1401800,Hyderabad,India,2019,Dry,YLD,5.4928
1960929,Hyderabad,India,2019,Dry,YLD,7.215
2433533,Hyderabad,India,2019,Dry,YLD,5.6188
2451001,Hyderabad,India,2019,Dry,YLD,5.9688
2696701,Hyderabad,India,2019,Dry,YLD,6.6253
2697451,Hyderabad,India,2019,Dry,YLD,7.579
2971736,Hyderabad,India,2019,Dry,YLD,5.4747
2972293,Hyderabad,India,2019,Dry,YLD,6.6482
300038124,Hyderabad,India,2019,Dry,YLD,5.7485
300039577,Hyderabad,India,2019,Dry,YLD,6.6727
300166640,Hyderabad,India,2019,Dry,YLD,3.8956
300233098,Hyderabad,India,2019,Dry,YLD,5.2085
300258387,Hyderabad,India,2019,Dry,YLD,6.5057
300266828,Hyderabad,India,2019,Dry,YLD,4.4676
300266831,Hyderabad,India,2019,Dry,YLD,6.4036
300266839,Hyderabad,India,2019,Dry,YLD,7.3425
300266846,Hyderabad,India,2019,Dry,YLD,7.2159
300287234,Hyderabad,India,2019,Dry,YLD,7.3802
300293456,Hyderabad,India,2019,Dry,YLD,6.3142
300294018,Hyderabad,India,2019,Dry,YLD,6.3353
300296708,Hyderabad,India,2019,Dry,YLD,5.033
300764175,Hyderabad,India,2019,Dry,YLD,6.189
3423716,Hyderabad,India,2019,Dry,YLD,5.8525
3425923,Hyderabad,India,2019,Dry,YLD,6.4053
3426973,Hyderabad,India,2019,Dry,YLD,6.6894
3592078,Hyderabad,India,2019,Dry,YLD,6.2518
3593039,Hyderabad,India,2019,Dry,YLD,5.436
3658769,Hyderabad,India,2019,Dry,YLD,4.914
3806855,Hyderabad,India,2019,Dry,YLD,6.7413
4189053,Hyderabad,India,2019,Dry,YLD,5.5694
4193103,Hyderabad,India,2019,Dry,YLD,5.8508
4226523,Hyderabad,India,2019,Dry,YLD,4.8769
4228927,Hyderabad,India,2019,Dry,YLD,5.6143
4229118,Hyderabad,India,2019,Dry,YLD,5.2367
4229178,Hyderabad,India,2019,Dry,YLD,4.7422
4609623,Hyderabad,India,2019,Dry,YLD,5.8216
1201260,Hyderabad,India,2019,Dry,DTF,85.874
1401800,Hyderabad,India,2019,Dry,DTF,94.1097
1960929,Hyderabad,India,2019,Dry,DTF,92.5852
2433533,Hyderabad,India,2019,Dry,DTF,86.7429
2451001,Hyderabad,India,2019,Dry,DTF,87.3256
2696701,Hyderabad,India,2019,Dry,DTF,89.5563
2697451,Hyderabad,India,2019,Dry,DTF,90.1622
2971736,Hyderabad,India,2019,Dry,DTF,86.4451
2972293,Hyderabad,India,2019,Dry,DTF,90.9812
300038124,Hyderabad,India,2019,Dry,DTF,89.776
300039577,Hyderabad,India,2019,Dry,DTF,92.7216
300166640,Hyderabad,India,2019,Dry,DTF,89.9759
300233098,Hyderabad,India,2019,Dry,DTF,88.2657
300258387,Hyderabad,India,2019,Dry,DTF,88.4169
300266828,Hyderabad,India,2019,Dry,DTF,95.9913
300266831,Hyderabad,India,2019,Dry,DTF,96.8464
300266839,Hyderabad,India,2019,Dry,DTF,89.7026
300266846,Hyderabad,India,2019,Dry,DTF,92.7088
300287234,Hyderabad,India,2019,Dry,DTF,91.6735
300293456,Hyderabad,India,2019,Dry,DTF,89.0054
300294018,Hyderabad,India,2019,Dry,DTF,89.7393
300296708,Hyderabad,India,2019,Dry,DTF,87.4774
300764175,Hyderabad,India,2019,Dry,DTF,91.245
3423716,Hyderabad,India,2019,Dry,DTF,88.734
3425923,Hyderabad,India,2019,Dry,DTF,87.0773
3426973,Hyderabad,India,2019,Dry,DTF,95.649
3592078,Hyderabad,India,2019,Dry,DTF,94.2425
3593039,Hyderabad,India,2019,Dry,DTF,89.0645
3658769,Hyderabad,India,2019,Dry,DTF,88.3334
3806855,Hyderabad,India,2019,Dry,DTF,88.5223
4189053,Hyderabad,India,2019,Dry,DTF,88.9681
4193103,Hyderabad,India,2019,Dry,DTF,87.1358
4226523,Hyderabad,India,2019,Dry,DTF,96.3892
4228927,Hyderabad,India,2019,Dry,DTF,87.8602
4229118,Hyderabad,India,2019,Dry,DTF,88.0267
4229178,Hyderabad,India,2019,Dry,DTF,85.9518
4609623,Hyderabad,India,2019,Dry,DTF,89.1906
1201260,Hyderabad,India,2019,Dry,HT,85.4041
1401800,Hyderabad,India,2019,Dry,HT,87.4225
1960929,Hyderabad,India,2019,Dry,HT,87.1216
2433533,Hyderabad,India,2019,Dry,HT,84.0816
2451001,Hyderabad,India,2019,Dry,HT,84.7676
2696701,Hyderabad,India,2019,Dry,HT,82.1325
2697451,Hyderabad,India,2019,Dry,HT,84.4318
2971736,Hyderabad,India,2019,Dry,HT,88.5981
2972293,Hyderabad,India,2019,Dry,HT,84.3881
300038124,Hyderabad,India,2019,Dry,HT,90.5148
300039577,Hyderabad,India,2019,Dry,HT,91.1852
300166640,Hyderabad,India,2019,Dry,HT,74.8158
300233098,Hyderabad,India,2019,Dry,HT,88.8838
300258387,Hyderabad,India,2019,Dry,HT,88.4336
300266828,Hyderabad,India,2019,Dry,HT,94.9336
300266831,Hyderabad,India,2019,Dry,HT,103.7278
300266839,Hyderabad,India,2019,Dry,HT,92.1961
300266846,Hyderabad,India,2019,Dry,HT,88.3926
300287234,Hyderabad,India,2019,Dry,HT,93.2707
300293456,Hyderabad,India,2019,Dry,HT,85.4778
300294018,Hyderabad,India,2019,Dry,HT,83.9203
300296708,Hyderabad,India,2019,Dry,HT,80.5961
300764175,Hyderabad,India,2019,Dry,HT,88.3279
3423716,Hyderabad,India,2019,Dry,HT,88.378
3425923,Hyderabad,India,2019,Dry,HT,91.7044
3426973,Hyderabad,India,2019,Dry,HT,87.8394
3592078,Hyderabad,India,2019,Dry,HT,91.5277
3593039,Hyderabad,India,2019,Dry,HT,87.3827
3658769,Hyderabad,India,2019,Dry,HT,87.3223
3806855,Hyderabad,India,2019,Dry,HT,84.3655
4189053,Hyderabad,India,2019,Dry,HT,84.4658
4193103,Hyderabad,India,2019,Dry,HT,86.6489
4226523,Hyderabad,India,2019,Dry,HT,78.7723
4228927,Hyderabad,India,2019,Dry,HT,87.7456
4229118,Hyderabad,India,2019,Dry,HT,78.7091
4229178,Hyderabad,India,2019,Dry,HT,76.7532
4609623,Hyderabad,India,2019,Dry,HT,87.2447
1253957,Gazipur,Bangladesh,2019,Wet,YLD,3.648
1384968,Gazipur,Bangladesh,2019,Wet,YLD,3.836
1401800,Gazipur,Bangladesh,2019,Wet,YLD,3.8946
2337754,Gazipur,Bangladesh,2019,Wet,YLD,3.7533
2451001,Gazipur,Bangladesh,2019,Wet,YLD,3.6504
2642849,Gazipur,Bangladesh,2019,Wet,YLD,4.0157
2696701,Gazipur,Bangladesh,2019,Wet,YLD,3.6968
2697338,Gazipur,Bangladesh,2019,Wet,YLD,3.8107
2697419,Gazipur,Bangladesh,2019,Wet,YLD,3.8052
2697451,Gazipur,Bangladesh,2019,Wet,YLD,3.7873
2697797,Gazipur,Bangladesh,2019,Wet,YLD,3.5367
2858722,Gazipur,Bangladesh,2019,Wet,YLD,3.9975
2971736,Gazipur,Bangladesh,2019,Wet,YLD,3.6346
2972293,Gazipur,Bangladesh,2019,Wet,YLD,3.859
2972309,Gazipur,Bangladesh,2019,Wet,YLD,3.946
2972722,Gazipur,Bangladesh,2019,Wet,YLD,3.7337
2972796,Gazipur,Bangladesh,2019,Wet,YLD,3.985
300034581,Gazipur,Bangladesh,2019,Wet,YLD,3.7924
300035917,Gazipur,Bangladesh,2019,Wet,YLD,4.0104
300038124,Gazipur,Bangladesh,2019,Wet,YLD,4.0892
300038265,Gazipur,Bangladesh,2019,Wet,YLD,3.8648
300038266,Gazipur,Bangladesh,2019,Wet,YLD,3.6872
300038744,Gazipur,Bangladesh,2019,Wet,YLD,3.9053
300039577,Gazipur,Bangladesh,2019,Wet,YLD,3.6471
300040799,Gazipur,Bangladesh,2019,Wet,YLD,3.9215
300080634,Gazipur,Bangladesh,2019,Wet,YLD,3.7347
300166640,Gazipur,Bangladesh,2019,Wet,YLD,3.9098
300166641,Gazipur,Bangladesh,2019,Wet,YLD,3.7648
300172737,Gazipur,Bangladesh,2019,Wet,YLD,3.8682
300173154,Gazipur,Bangladesh,2019,Wet,YLD,3.7786
300174086,Gazipur,Bangladesh,2019,Wet,YLD,3.7628
300174380,Gazipur,Bangladesh,2019,Wet,YLD,3.7465
300252036,Gazipur,Bangladesh,2019,Wet,YLD,3.5356
300258387,Gazipur,Bangladesh,2019,Wet,YLD,3.9021
300266828,Gazipur,Bangladesh,2019,Wet,YLD,3.902
300266831,Gazipur,Bangladesh,2019,Wet,YLD,3.7731
300266832,Gazipur,Bangladesh,2019,Wet,YLD,3.7175
300266835,Gazipur,Bangladesh,2019,Wet,YLD,3.8633
300266839,Gazipur,Bangladesh,2019,Wet,YLD,3.4746
300266846,Gazipur,Bangladesh,2019,Wet,YLD,3.7547
300266848,Gazipur,Bangladesh,2019,Wet,YLD,3.6426
300279864,Gazipur,Bangladesh,2019,Wet,YLD,3.8463
300287234,Gazipur,Bangladesh,2019,Wet,YLD,3.7231
300293456,Gazipur,Bangladesh,2019,Wet,YLD,3.7616
300293539,Gazipur,Bangladesh,2019,Wet,YLD,3.9112
300293562,Gazipur,Bangladesh,2019,Wet,YLD,3.7026
300294018,Gazipur,Bangladesh,2019,Wet,YLD,3.7465
300294074,Gazipur,Bangladesh,2019,Wet,YLD,3.9338
300294080,Gazipur,Bangladesh,2019,Wet,YLD,3.6209
300296708,Gazipur,Bangladesh,2019,Wet,YLD,3.8122
300431704,Gazipur,Bangladesh,2019,Wet,YLD,3.898
300764175,Gazipur,Bangladesh,2019,Wet,YLD,3.5752
300764179,Gazipur,Bangladesh,2019,Wet,YLD,3.4967
300764184,Gazipur,Bangladesh,2019,Wet,YLD,3.6716
3022947,Gazipur,Bangladesh,2019,Wet,YLD,3.8358
3173051,Gazipur,Bangladesh,2019,Wet,YLD,3.5712
3272808,Gazipur,Bangladesh,2019,Wet,YLD,3.827
3423716,Gazipur,Bangladesh,2019,Wet,YLD,3.6237
3425601,Gazipur,Bangladesh,2019,Wet,YLD,4.0069
3425772,Gazipur,Bangladesh,2019,Wet,YLD,3.6941
3425923,Gazipur,Bangladesh,2019,Wet,YLD,3.7988
3426973,Gazipur,Bangladesh,2019,Wet,YLD,3.9706
3427347,Gazipur,Bangladesh,2019,Wet,YLD,3.6735
3523215,Gazipur,Bangladesh,2019,Wet,YLD,3.6518
3592078,Gazipur,Bangladesh,2019,Wet,YLD,3.5645
3592657,Gazipur,Bangladesh,2019,Wet,YLD,3.712
3593039,Gazipur,Bangladesh,2019,Wet,YLD,3.7793
3658769,Gazipur,Bangladesh,2019,Wet,YLD,3.6329
3806774,Gazipur,Bangladesh,2019,Wet,YLD,3.6941
3806855,Gazipur,Bangladesh,2019,Wet,YLD,3.6372
4016512,Gazipur,Bangladesh,2019,Wet,YLD,3.693
4016513,Gazipur,Bangladesh,2019,Wet,YLD,3.7368
4189053,Gazipur,Bangladesh,2019,Wet,YLD,3.7492
4193103,Gazipur,Bangladesh,2019,Wet,YLD,3.7651
4214820,Gazipur,Bangladesh,2019,Wet,YLD,3.5926
4220423,Gazipur,Bangladesh,2019,Wet,YLD,3.3358
4226523,Gazipur,Bangladesh,2019,Wet,YLD,3.277
4228927,Gazipur,Bangladesh,2019,Wet,YLD,3.7931
4229118,Gazipur,Bangladesh,2019,Wet,YLD,3.7883
4229178,Gazipur,Bangladesh,2019,Wet,YLD,3.7465
4609623,Gazipur,Bangladesh,2019,Wet,YLD,3.8749
4789041,Gazipur,Bangladesh,2019,Wet,YLD,3.7599
4789051,Gazipur,Bangladesh,2019,Wet,YLD,3.7762
4789056,Gazipur,Bangladesh,2019,Wet,YLD,3.582
4789719,Gazipur,Bangladesh,2019,Wet,YLD,3.7555
4789765,Gazipur,Bangladesh,2019,Wet,YLD,3.8308
4789819,Gazipur,Bangladesh,2019,Wet,YLD,3.9202
4815752,Gazipur,Bangladesh,2019,Wet,YLD,3.6177
4815880,Gazipur,Bangladesh,2019,Wet,YLD,3.8363
4016512,Gazipur,Bangladesh,2019,Wet,YLD,3.9373
1253957,Gazipur,Bangladesh,2019,Wet,DTF,90.3082
1384968,Gazipur,Bangladesh,2019,Wet,DTF,90.1161
1401800,Gazipur,Bangladesh,2019,Wet,DTF,88.242
2337754,Gazipur,Bangladesh,2019,Wet,DTF,90.0749
2451001,Gazipur,Bangladesh,2019,Wet,DTF,82.0298
2642849,Gazipur,Bangladesh,2019,Wet,DTF,88.8325
2696701,Gazipur,Bangladesh,2019,Wet,DTF,87.4187
2697338,Gazipur,Bangladesh,2019,Wet,DTF,91.4041
2697419,Gazipur,Bangladesh,2019,Wet,DTF,95.4012
2697451,Gazipur,Bangladesh,2019,Wet,DTF,98.7124
2697797,Gazipur,Bangladesh,2019,Wet,DTF,84.757
2858722,Gazipur,Bangladesh,2019,Wet,DTF,90.6402
2971736,Gazipur,Bangladesh,2019,Wet,DTF,83.463
2972293,Gazipur,Bangladesh,2019,Wet,DTF,89.2169
2972309,Gazipur,Bangladesh,2019,Wet,DTF,96.1163
2972722,Gazipur,Bangladesh,2019,Wet,DTF,87.4307
2972796,Gazipur,Bangladesh,2019,Wet,DTF,91.4938
300034581,Gazipur,Bangladesh,2019,Wet,DTF,85.3882
300035917,Gazipur,Bangladesh,2019,Wet,DTF,89.7484
300038124,Gazipur,Bangladesh,2019,Wet,DTF,92.4329
300038265,Gazipur,Bangladesh,2019,Wet,DTF,88.6162
300038266,Gazipur,Bangladesh,2019,Wet,DTF,86.9497
300038744,Gazipur,Bangladesh,2019,Wet,DTF,89.0964
300039577,Gazipur,Bangladesh,2019,Wet,DTF,92.3332
300040799,Gazipur,Bangladesh,2019,Wet,DTF,86.5601
300080634,Gazipur,Bangladesh,2019,Wet,DTF,91.6872
300166640,Gazipur,Bangladesh,2019,Wet,DTF,94.9791
300166641,Gazipur,Bangladesh,2019,Wet,DTF,88.2855
300172737,Gazipur,Bangladesh,2019,Wet,DTF,93.3209
300173154,Gazipur,Bangladesh,2019,Wet,DTF,84.9378
300174086,Gazipur,Bangladesh,2019,Wet,DTF,85.4664
300174380,Gazipur,Bangladesh,2019,Wet,DTF,90.2933
300252036,Gazipur,Bangladesh,2019,Wet,DTF,86.0831
300258387,Gazipur,Bangladesh,2019,Wet,DTF,90.9048
300266828,Gazipur,Bangladesh,2019,Wet,DTF,95.6746
300266831,Gazipur,Bangladesh,2019,Wet,DTF,94.9288
300266832,Gazipur,Bangladesh,2019,Wet,DTF,88.4241
300266835,Gazipur,Bangladesh,2019,Wet,DTF,89.8305
300266839,Gazipur,Bangladesh,2019,Wet,DTF,101.5791
300266846,Gazipur,Bangladesh,2019,Wet,DTF,82.6051
300266848,Gazipur,Bangladesh,2019,Wet,DTF,82.6257
300279864,Gazipur,Bangladesh,2019,Wet,DTF,86.6866
300287234,Gazipur,Bangladesh,2019,Wet,DTF,93.0771
300293456,Gazipur,Bangladesh,2019,Wet,DTF,92.0762
300293539,Gazipur,Bangladesh,2019,Wet,DTF,96.2397
300293562,Gazipur,Bangladesh,2019,Wet,DTF,84.1387
300294018,Gazipur,Bangladesh,2019,Wet,DTF,90.2933
300294074,Gazipur,Bangladesh,2019,Wet,DTF,98.4978
300294080,Gazipur,Bangladesh,2019,Wet,DTF,85.9452
300296708,Gazipur,Bangladesh,2019,Wet,DTF,87.0459
300431704,Gazipur,Bangladesh,2019,Wet,DTF,84.4162
300764175,Gazipur,Bangladesh,2019,Wet,DTF,88.621
300764179,Gazipur,Bangladesh,2019,Wet,DTF,89.8264
300764184,Gazipur,Bangladesh,2019,Wet,DTF,92.7464
3022947,Gazipur,Bangladesh,2019,Wet,DTF,96.2982
3173051,Gazipur,Bangladesh,2019,Wet,DTF,89.8145
3272808,Gazipur,Bangladesh,2019,Wet,DTF,91.089
3423716,Gazipur,Bangladesh,2019,Wet,DTF,84.657
3425601,Gazipur,Bangladesh,2019,Wet,DTF,92.2579
3425772,Gazipur,Bangladesh,2019,Wet,DTF,87.7633
3425923,Gazipur,Bangladesh,2019,Wet,DTF,87.4565
3426973,Gazipur,Bangladesh,2019,Wet,DTF,95.3138
3427347,Gazipur,Bangladesh,2019,Wet,DTF,96.9508
3523215,Gazipur,Bangladesh,2019,Wet,DTF,90.2494
3592078,Gazipur,Bangladesh,2019,Wet,DTF,95.0361
3592657,Gazipur,Bangladesh,2019,Wet,DTF,89.8474
3593039,Gazipur,Bangladesh,2019,Wet,DTF,89.3901
3658769,Gazipur,Bangladesh,2019,Wet,DTF,96.0758
3806774,Gazipur,Bangladesh,2019,Wet,DTF,87.429
3806855,Gazipur,Bangladesh,2019,Wet,DTF,91.3504
4016512,Gazipur,Bangladesh,2019,Wet,DTF,90.4705
4016513,Gazipur,Bangladesh,2019,Wet,DTF,87.4291
4189053,Gazipur,Bangladesh,2019,Wet,DTF,97.0788
4193103,Gazipur,Bangladesh,2019,Wet,DTF,82.6734
4214820,Gazipur,Bangladesh,2019,Wet,DTF,89.5041
4220423,Gazipur,Bangladesh,2019,Wet,DTF,90.2933
4226523,Gazipur,Bangladesh,2019,Wet,DTF,92.3321
4228927,Gazipur,Bangladesh,2019,Wet,DTF,89.5542
4229118,Gazipur,Bangladesh,2019,Wet,DTF,94.8011
4229178,Gazipur,Bangladesh,2019,Wet,DTF,81.7707
4609623,Gazipur,Bangladesh,2019,Wet,DTF,91.9245
4789041,Gazipur,Bangladesh,2019,Wet,DTF,94.1291
4789051,Gazipur,Bangladesh,2019,Wet,DTF,90.9276
4789056,Gazipur,Bangladesh,2019,Wet,DTF,85.6153
4789719,Gazipur,Bangladesh,2019,Wet,DTF,86.0311
4789765,Gazipur,Bangladesh,2019,Wet,DTF,86.1462
4789819,Gazipur,Bangladesh,2019,Wet,DTF,84.7431
4815752,Gazipur,Bangladesh,2019,Wet,DTF,87.6412
4815880,Gazipur,Bangladesh,2019,Wet,DTF,85.0915
4016512,Gazipur,Bangladesh,2019,Wet,DTF,95.3498
1253957,Gazipur,Bangladesh,2019,Wet,HT,118.0008
1384968,Gazipur,Bangladesh,2019,Wet,HT,134.0024
1401800,Gazipur,Bangladesh,2019,Wet,HT,124.566
2337754,Gazipur,Bangladesh,2019,Wet,HT,120.9678
2451001,Gazipur,Bangladesh,2019,Wet,HT,124.5294
2642849,Gazipur,Bangladesh,2019,Wet,HT,121.6121
2696701,Gazipur,Bangladesh,2019,Wet,HT,121.4045
2697338,Gazipur,Bangladesh,2019,Wet,HT,126.7691
2697419,Gazipur,Bangladesh,2019,Wet,HT,117.9404
2697451,Gazipur,Bangladesh,2019,Wet,HT,120.2954
2697797,Gazipur,Bangladesh,2019,Wet,HT,128.572
2858722,Gazipur,Bangladesh,2019,Wet,HT,120.6391
2971736,Gazipur,Bangladesh,2019,Wet,HT,119.7843
2972293,Gazipur,Bangladesh,2019,Wet,HT,118.3198
2972309,Gazipur,Bangladesh,2019,Wet,HT,119.5886
2972722,Gazipur,Bangladesh,2019,Wet,HT,122.6809
2972796,Gazipur,Bangladesh,2019,Wet,HT,133.6368
300034581,Gazipur,Bangladesh,2019,Wet,HT,122.2601
300035917,Gazipur,Bangladesh,2019,Wet,HT,123.5324
300038124,Gazipur,Bangladesh,2019,Wet,HT,125.2263
300038265,Gazipur,Bangladesh,2019,Wet,HT,125.3025
300038266,Gazipur,Bangladesh,2019,Wet,HT,122.7407
300038744,Gazipur,Bangladesh,2019,Wet,HT,122.5422
300039577,Gazipur,Bangladesh,2019,Wet,HT,128.9185
300040799,Gazipur,Bangladesh,2019,Wet,HT,117.1104
300080634,Gazipur,Bangladesh,2019,Wet,HT,121.4799
300166640,Gazipur,Bangladesh,2019,Wet,HT,114.7744
300166641,Gazipur,Bangladesh,2019,Wet,HT,117.1312
300172737,Gazipur,Bangladesh,2019,Wet,HT,122.6477
300173154,Gazipur,Bangladesh,2019,Wet,HT,120.0833
300174086,Gazipur,Bangladesh,2019,Wet,HT,121.9962
300174380,Gazipur,Bangladesh,2019,Wet,HT,122.7652
300252036,Gazipur,Bangladesh,2019,Wet,HT,117.2478
300258387,Gazipur,Bangladesh,2019,Wet,HT,124.1804
300266828,Gazipur,Bangladesh,2019,Wet,HT,130.0724
300266831,Gazipur,Bangladesh,2019,Wet,HT,128.8441
300266832,Gazipur,Bangladesh,2019,Wet,HT,122.6849
300266835,Gazipur,Bangladesh,2019,Wet,HT,125.418
300266839,Gazipur,Bangladesh,2019,Wet,HT,125.0557
300266846,Gazipur,Bangladesh,2019,Wet,HT,121.0838
300266848,Gazipur,Bangladesh,2019,Wet,HT,124.3401
300279864,Gazipur,Bangladesh,2019,Wet,HT,121.7443
300287234,Gazipur,Bangladesh,2019,Wet,HT,125.3629
300293456,Gazipur,Bangladesh,2019,Wet,HT,120.99
300293539,Gazipur,Bangladesh,2019,Wet,HT,119.8165
300293562,Gazipur,Bangladesh,2019,Wet,HT,112.5147
300294018,Gazipur,Bangladesh,2019,Wet,HT,122.7652
300294074,Gazipur,Bangladesh,2019,Wet,HT,118.068
300294080,Gazipur,Bangladesh,2019,Wet,HT,124.2621
300296708,Gazipur,Bangladesh,2019,Wet,HT,114.707
300431704,Gazipur,Bangladesh,2019,Wet,HT,119.5761
300764175,Gazipur,Bangladesh,2019,Wet,HT,119.7296
300764179,Gazipur,Bangladesh,2019,Wet,HT,125.3838
300764184,Gazipur,Bangladesh,2019,Wet,HT,130.9721
3022947,Gazipur,Bangladesh,2019,Wet,HT,125.8521
3173051,Gazipur,Bangladesh,2019,Wet,HT,118.7678
3272808,Gazipur,Bangladesh,2019,Wet,HT,137.2322
3423716,Gazipur,Bangladesh,2019,Wet,HT,117.2446
3425601,Gazipur,Bangladesh,2019,Wet,HT,125.9238
3425772,Gazipur,Bangladesh,2019,Wet,HT,132.8964
3425923,Gazipur,Bangladesh,2019,Wet,HT,120.661
3426973,Gazipur,Bangladesh,2019,Wet,HT,125.2685
3427347,Gazipur,Bangladesh,2019,Wet,HT,127.4013
3523215,Gazipur,Bangladesh,2019,Wet,HT,117.727
3592078,Gazipur,Bangladesh,2019,Wet,HT,119.433
3592657,Gazipur,Bangladesh,2019,Wet,HT,133.373
3593039,Gazipur,Bangladesh,2019,Wet,HT,117.5174
3658769,Gazipur,Bangladesh,2019,Wet,HT,115.6606
3806774,Gazipur,Bangladesh,2019,Wet,HT,120.7763
3806855,Gazipur,Bangladesh,2019,Wet,HT,121.6425
4016512,Gazipur,Bangladesh,2019,Wet,HT,116.9693
4016513,Gazipur,Bangladesh,2019,Wet,HT,121.2974
4189053,Gazipur,Bangladesh,2019,Wet,HT,121.9623
4193103,Gazipur,Bangladesh,2019,Wet,HT,121.0454
4214820,Gazipur,Bangladesh,2019,Wet,HT,131.1795
4220423,Gazipur,Bangladesh,2019,Wet,HT,122.7652
4226523,Gazipur,Bangladesh,2019,Wet,HT,111.6239
4228927,Gazipur,Bangladesh,2019,Wet,HT,121.1644
4229118,Gazipur,Bangladesh,2019,Wet,HT,117.5425
4229178,Gazipur,Bangladesh,2019,Wet,HT,122.7652
4609623,Gazipur,Bangladesh,2019,Wet,HT,118.8592
4789041,Gazipur,Bangladesh,2019,Wet,HT,126.1766
4789051,Gazipur,Bangladesh,2019,Wet,HT,131.0967
4789056,Gazipur,Bangladesh,2019,Wet,HT,121.5976
4789719,Gazipur,Bangladesh,2019,Wet,HT,124.7452
4789765,Gazipur,Bangladesh,2019,Wet,HT,121.606
4789819,Gazipur,Bangladesh,2019,Wet,HT,117.508
4815752,Gazipur,Bangladesh,2019,Wet,HT,124.9778
4815880,Gazipur,Bangladesh,2019,Wet,HT,122.9191
4016512,Gazipur,Bangladesh,2019,Wet,HT,118.2667
1201260,Hyderabad,India,2019,Wet,YLD,6.51
1401800,Hyderabad,India,2019,Wet,YLD,5.47
1960929,Hyderabad,India,2019,Wet,YLD,4.77
2451001,Hyderabad,India,2019,Wet,YLD,5.73
2696701,Hyderabad,India,2019,Wet,YLD,5.85
2971736,Hyderabad,India,2019,Wet,YLD,6.42
2972293,Hyderabad,India,2019,Wet,YLD,7.41
300038124,Hyderabad,India,2019,Wet,YLD,7.1
300039577,Hyderabad,India,2019,Wet,YLD,5.18
300166640,Hyderabad,India,2019,Wet,YLD,3.92
300233098,Hyderabad,India,2019,Wet,YLD,4.57
300258387,Hyderabad,India,2019,Wet,YLD,3.1
300266846,Hyderabad,India,2019,Wet,YLD,4.76
300287234,Hyderabad,India,2019,Wet,YLD,8.01
300293456,Hyderabad,India,2019,Wet,YLD,5.58
300294018,Hyderabad,India,2019,Wet,YLD,5.94
300296708,Hyderabad,India,2019,Wet,YLD,3.93
300764175,Hyderabad,India,2019,Wet,YLD,5.63
3423716,Hyderabad,India,2019,Wet,YLD,6.42
3425923,Hyderabad,India,2019,Wet,YLD,7.99
3592078,Hyderabad,India,2019,Wet,YLD,6.31
3593039,Hyderabad,India,2019,Wet,YLD,4.55
3658769,Hyderabad,India,2019,Wet,YLD,4.61
3806855,Hyderabad,India,2019,Wet,YLD,6.78
4016512,Hyderabad,India,2019,Wet,YLD,4.21
4189053,Hyderabad,India,2019,Wet,YLD,1.97
4193103,Hyderabad,India,2019,Wet,YLD,5.75
4226523,Hyderabad,India,2019,Wet,YLD,5.53
4228927,Hyderabad,India,2019,Wet,YLD,8.34
4229118,Hyderabad,India,2019,Wet,YLD,4.15
4609623,Hyderabad,India,2019,Wet,YLD,4.19
1201260,Hyderabad,India,2019,Wet,DTF,110
1401800,Hyderabad,India,2019,Wet,DTF,117
1960929,Hyderabad,India,2019,Wet,DTF,118
2433533,Hyderabad,India,2019,Wet,DTF,99
2451001,Hyderabad,India,2019,Wet,DTF,105
2696701,Hyderabad,India,2019,Wet,DTF,113
2697451,Hyderabad,India,2019,Wet,DTF,112
2971736,Hyderabad,India,2019,Wet,DTF,104
2972293,Hyderabad,India,2019,Wet,DTF,110
300038124,Hyderabad,India,2019,Wet,DTF,117
300039577,Hyderabad,India,2019,Wet,DTF,116
300166640,Hyderabad,India,2019,Wet,DTF,106
300233098,Hyderabad,India,2019,Wet,DTF,103
300258387,Hyderabad,India,2019,Wet,DTF,102
300266828,Hyderabad,India,2019,Wet,DTF,110
300266831,Hyderabad,India,2019,Wet,DTF,112
300266839,Hyderabad,India,2019,Wet,DTF,109
300266846,Hyderabad,India,2019,Wet,DTF,107
300287234,Hyderabad,India,2019,Wet,DTF,109
300293456,Hyderabad,India,2019,Wet,DTF,109
300294018,Hyderabad,India,2019,Wet,DTF,114
300296708,Hyderabad,India,2019,Wet,DTF,108
300764175,Hyderabad,India,2019,Wet,DTF,112
3423716,Hyderabad,India,2019,Wet,DTF,105
3425923,Hyderabad,India,2019,Wet,DTF,102
3426973,Hyderabad,India,2019,Wet,DTF,113
3592078,Hyderabad,India,2019,Wet,DTF,108
3593039,Hyderabad,India,2019,Wet,DTF,101
3658769,Hyderabad,India,2019,Wet,DTF,108
3806855,Hyderabad,India,2019,Wet,DTF,109
4016512,Hyderabad,India,2019,Wet,DTF,112
4189053,Hyderabad,India,2019,Wet,DTF,113
4193103,Hyderabad,India,2019,Wet,DTF,111
4226523,Hyderabad,India,2019,Wet,DTF,116
4228927,Hyderabad,India,2019,Wet,DTF,103
4229118,Hyderabad,India,2019,Wet,DTF,112
4229178,Hyderabad,India,2019,Wet,DTF,105
4609623,Hyderabad,India,2019,Wet,DTF,108
1201260,Hyderabad,India,2019,Wet,HT,97
1401800,Hyderabad,India,2019,Wet,HT,108.33
1960929,Hyderabad,India,2019,Wet,HT,101.33
2433533,Hyderabad,India,2019,Wet,HT,88.33
2451001,Hyderabad,India,2019,Wet,HT,121.67
2696701,Hyderabad,India,2019,Wet,HT,112.33
2697451,Hyderabad,India,2019,Wet,HT,102.33
2971736,Hyderabad,India,2019,Wet,HT,98.33
2972293,Hyderabad,India,2019,Wet,HT,66.33
300038124,Hyderabad,India,2019,Wet,HT,101.67
300039577,Hyderabad,India,2019,Wet,HT,127.67
300166640,Hyderabad,India,2019,Wet,HT,102.33
300233098,Hyderabad,India,2019,Wet,HT,101.33
300258387,Hyderabad,India,2019,Wet,HT,108.67
300266828,Hyderabad,India,2019,Wet,HT,116.67
300266831,Hyderabad,India,2019,Wet,HT,111.67
300266839,Hyderabad,India,2019,Wet,HT,133.33
300266846,Hyderabad,India,2019,Wet,HT,100.33
300287234,Hyderabad,India,2019,Wet,HT,77.67
300293456,Hyderabad,India,2019,Wet,HT,119
300294018,Hyderabad,India,2019,Wet,HT,103.67
300296708,Hyderabad,India,2019,Wet,HT,83.67
300764175,Hyderabad,India,2019,Wet,HT,132
3423716,Hyderabad,India,2019,Wet,HT,107.33
3425923,Hyderabad,India,2019,Wet,HT,107.33
3426973,Hyderabad,India,2019,Wet,HT,116.67
3592078,Hyderabad,India,2019,Wet,HT,108.33
3593039,Hyderabad,India,2019,Wet,HT,93
3658769,Hyderabad,India,2019,Wet,HT,75
3806855,Hyderabad,India,2019,Wet,HT,107.67
4016512,Hyderabad,India,2019,Wet,HT,115
4189053,Hyderabad,India,2019,Wet,HT,105
4193103,Hyderabad,India,2019,Wet,HT,110
4226523,Hyderabad,India,2019,Wet,HT,98
4228927,Hyderabad,India,2019,Wet,HT,91.33
4229118,Hyderabad,India,2019,Wet,HT,83
4229178,Hyderabad,India,2019,Wet,HT,91.67
4609623,Hyderabad,India,2019,Wet,HT,106
1253957,Nizmawna,Bangladesh,2019,Wet,YLD,4.42
1384968,Nizmawna,Bangladesh,2019,Wet,YLD,4.72
1401800,Nizmawna,Bangladesh,2019,Wet,YLD,5.43
2337754,Nizmawna,Bangladesh,2019,Wet,YLD,4.71
2451001,Nizmawna,Bangladesh,2019,Wet,YLD,5.11
2642849,Nizmawna,Bangladesh,2019,Wet,YLD,5.46
2696701,Nizmawna,Bangladesh,2019,Wet,YLD,4.71
2697338,Nizmawna,Bangladesh,2019,Wet,YLD,4.93
2697419,Nizmawna,Bangladesh,2019,Wet,YLD,5.69
2697451,Nizmawna,Bangladesh,2019,Wet,YLD,5.11
2697797,Nizmawna,Bangladesh,2019,Wet,YLD,5.66
2858722,Nizmawna,Bangladesh,2019,Wet,YLD,4.52
2971736,Nizmawna,Bangladesh,2019,Wet,YLD,5.1
2972293,Nizmawna,Bangladesh,2019,Wet,YLD,5.87
2972309,Nizmawna,Bangladesh,2019,Wet,YLD,4.9
2972722,Nizmawna,Bangladesh,2019,Wet,YLD,4.93
2972796,Nizmawna,Bangladesh,2019,Wet,YLD,5.66
300034581,Nizmawna,Bangladesh,2019,Wet,YLD,4.54
300035917,Nizmawna,Bangladesh,2019,Wet,YLD,6.06
300038124,Nizmawna,Bangladesh,2019,Wet,YLD,4.15
300038744,Nizmawna,Bangladesh,2019,Wet,YLD,4.9
300039577,Nizmawna,Bangladesh,2019,Wet,YLD,5.28
300040799,Nizmawna,Bangladesh,2019,Wet,YLD,4.91
300080634,Nizmawna,Bangladesh,2019,Wet,YLD,5.29
300166640,Nizmawna,Bangladesh,2019,Wet,YLD,4.73
300166641,Nizmawna,Bangladesh,2019,Wet,YLD,4.93
300172737,Nizmawna,Bangladesh,2019,Wet,YLD,4.08
300173154,Nizmawna,Bangladesh,2019,Wet,YLD,4.54
300174086,Nizmawna,Bangladesh,2019,Wet,YLD,5.29
300174380,Nizmawna,Bangladesh,2019,Wet,YLD,4.54
300252036,Nizmawna,Bangladesh,2019,Wet,YLD,5.46
300258387,Nizmawna,Bangladesh,2019,Wet,YLD,4.9
300266828,Nizmawna,Bangladesh,2019,Wet,YLD,4.89
300266831,Nizmawna,Bangladesh,2019,Wet,YLD,4.53
300266832,Nizmawna,Bangladesh,2019,Wet,YLD,4.71
300266835,Nizmawna,Bangladesh,2019,Wet,YLD,5.29
300266839,Nizmawna,Bangladesh,2019,Wet,YLD,4.71
300266846,Nizmawna,Bangladesh,2019,Wet,YLD,5.3
300266848,Nizmawna,Bangladesh,2019,Wet,YLD,5.3
300279864,Nizmawna,Bangladesh,2019,Wet,YLD,3.75
300287234,Nizmawna,Bangladesh,2019,Wet,YLD,5.66
300293456,Nizmawna,Bangladesh,2019,Wet,YLD,5.66
300293539,Nizmawna,Bangladesh,2019,Wet,YLD,4.74
300293562,Nizmawna,Bangladesh,2019,Wet,YLD,4.93
300294018,Nizmawna,Bangladesh,2019,Wet,YLD,5.11
300294074,Nizmawna,Bangladesh,2019,Wet,YLD,5.84
300294080,Nizmawna,Bangladesh,2019,Wet,YLD,4.34
300296708,Nizmawna,Bangladesh,2019,Wet,YLD,5.29
300431704,Nizmawna,Bangladesh,2019,Wet,YLD,4.17
300764175,Nizmawna,Bangladesh,2019,Wet,YLD,4.73
300764179,Nizmawna,Bangladesh,2019,Wet,YLD,4.53
300764184,Nizmawna,Bangladesh,2019,Wet,YLD,5.66
3022947,Nizmawna,Bangladesh,2019,Wet,YLD,4.73
3173051,Nizmawna,Bangladesh,2019,Wet,YLD,4.91
3272808,Nizmawna,Bangladesh,2019,Wet,YLD,4.54
3423716,Nizmawna,Bangladesh,2019,Wet,YLD,4.71
3425601,Nizmawna,Bangladesh,2019,Wet,YLD,4.35
3425772,Nizmawna,Bangladesh,2019,Wet,YLD,4.49
3425923,Nizmawna,Bangladesh,2019,Wet,YLD,5.29
3426973,Nizmawna,Bangladesh,2019,Wet,YLD,5.48
3427347,Nizmawna,Bangladesh,2019,Wet,YLD,5.86
3523215,Nizmawna,Bangladesh,2019,Wet,YLD,5.31
3592078,Nizmawna,Bangladesh,2019,Wet,YLD,5.49
3592657,Nizmawna,Bangladesh,2019,Wet,YLD,4.87
3593039,Nizmawna,Bangladesh,2019,Wet,YLD,5.48
3658769,Nizmawna,Bangladesh,2019,Wet,YLD,5.48
3806774,Nizmawna,Bangladesh,2019,Wet,YLD,5.12
3806855,Nizmawna,Bangladesh,2019,Wet,YLD,3.78
4016512,Nizmawna,Bangladesh,2019,Wet,YLD,5.65
4016513,Nizmawna,Bangladesh,2019,Wet,YLD,5.11
4189053,Nizmawna,Bangladesh,2019,Wet,YLD,3.96
4193103,Nizmawna,Bangladesh,2019,Wet,YLD,5.48
4214820,Nizmawna,Bangladesh,2019,Wet,YLD,5.28
4220423,Nizmawna,Bangladesh,2019,Wet,YLD,4.72
4226523,Nizmawna,Bangladesh,2019,Wet,YLD,5.23
4228927,Nizmawna,Bangladesh,2019,Wet,YLD,4.54
4229118,Nizmawna,Bangladesh,2019,Wet,YLD,4.91
4229178,Nizmawna,Bangladesh,2019,Wet,YLD,5.48
4609623,Nizmawna,Bangladesh,2019,Wet,YLD,5.48
4789041,Nizmawna,Bangladesh,2019,Wet,YLD,5.48
4789056,Nizmawna,Bangladesh,2019,Wet,YLD,5.09
4789719,Nizmawna,Bangladesh,2019,Wet,YLD,5.84
4789765,Nizmawna,Bangladesh,2019,Wet,YLD,4.9
4789819,Nizmawna,Bangladesh,2019,Wet,YLD,4.54
4815752,Nizmawna,Bangladesh,2019,Wet,YLD,5.81
4815880,Nizmawna,Bangladesh,2019,Wet,YLD,5.29
4016512,Nizmawna,Bangladesh,2019,Wet,YLD,4.34
1253957,Nizmawna,Bangladesh,2019,Wet,DTF,95
1384968,Nizmawna,Bangladesh,2019,Wet,DTF,95
1401800,Nizmawna,Bangladesh,2019,Wet,DTF,90
2337754,Nizmawna,Bangladesh,2019,Wet,DTF,93
2451001,Nizmawna,Bangladesh,2019,Wet,DTF,87
2642849,Nizmawna,Bangladesh,2019,Wet,DTF,91
2696701,Nizmawna,Bangladesh,2019,Wet,DTF,91
2697338,Nizmawna,Bangladesh,2019,Wet,DTF,95
2697419,Nizmawna,Bangladesh,2019,Wet,DTF,96
2697451,Nizmawna,Bangladesh,2019,Wet,DTF,95
2697797,Nizmawna,Bangladesh,2019,Wet,DTF,88
2858722,Nizmawna,Bangladesh,2019,Wet,DTF,96
2971736,Nizmawna,Bangladesh,2019,Wet,DTF,90
2972293,Nizmawna,Bangladesh,2019,Wet,DTF,90
2972309,Nizmawna,Bangladesh,2019,Wet,DTF,96
2972722,Nizmawna,Bangladesh,2019,Wet,DTF,90
2972796,Nizmawna,Bangladesh,2019,Wet,DTF,95
300034581,Nizmawna,Bangladesh,2019,Wet,DTF,90
300035917,Nizmawna,Bangladesh,2019,Wet,DTF,91
300038124,Nizmawna,Bangladesh,2019,Wet,DTF,95
300038265,Nizmawna,Bangladesh,2019,Wet,DTF,91
300038266,Nizmawna,Bangladesh,2019,Wet,DTF,88
300038744,Nizmawna,Bangladesh,2019,Wet,DTF,91
300039577,Nizmawna,Bangladesh,2019,Wet,DTF,93
300040799,Nizmawna,Bangladesh,2019,Wet,DTF,95
300080634,Nizmawna,Bangladesh,2019,Wet,DTF,96
300166640,Nizmawna,Bangladesh,2019,Wet,DTF,97
300166641,Nizmawna,Bangladesh,2019,Wet,DTF,88
300172737,Nizmawna,Bangladesh,2019,Wet,DTF,96
300173154,Nizmawna,Bangladesh,2019,Wet,DTF,90
300174086,Nizmawna,Bangladesh,2019,Wet,DTF,88
300174380,Nizmawna,Bangladesh,2019,Wet,DTF,88
300252036,Nizmawna,Bangladesh,2019,Wet,DTF,86
300258387,Nizmawna,Bangladesh,2019,Wet,DTF,92
300266828,Nizmawna,Bangladesh,2019,Wet,DTF,104
300266831,Nizmawna,Bangladesh,2019,Wet,DTF,92
300266832,Nizmawna,Bangladesh,2019,Wet,DTF,91
300266835,Nizmawna,Bangladesh,2019,Wet,DTF,92
300266839,Nizmawna,Bangladesh,2019,Wet,DTF,105
300266846,Nizmawna,Bangladesh,2019,Wet,DTF,89
300266848,Nizmawna,Bangladesh,2019,Wet,DTF,87
300279864,Nizmawna,Bangladesh,2019,Wet,DTF,90
300287234,Nizmawna,Bangladesh,2019,Wet,DTF,92
300293456,Nizmawna,Bangladesh,2019,Wet,DTF,97
300293539,Nizmawna,Bangladesh,2019,Wet,DTF,97
300293562,Nizmawna,Bangladesh,2019,Wet,DTF,90
300294018,Nizmawna,Bangladesh,2019,Wet,DTF,90
300294074,Nizmawna,Bangladesh,2019,Wet,DTF,87
300294080,Nizmawna,Bangladesh,2019,Wet,DTF,88
300296708,Nizmawna,Bangladesh,2019,Wet,DTF,95
300431704,Nizmawna,Bangladesh,2019,Wet,DTF,87
300764175,Nizmawna,Bangladesh,2019,Wet,DTF,91
300764179,Nizmawna,Bangladesh,2019,Wet,DTF,89
300764184,Nizmawna,Bangladesh,2019,Wet,DTF,89
3022947,Nizmawna,Bangladesh,2019,Wet,DTF,96
3173051,Nizmawna,Bangladesh,2019,Wet,DTF,95
3272808,Nizmawna,Bangladesh,2019,Wet,DTF,91
3423716,Nizmawna,Bangladesh,2019,Wet,DTF,90
3425601,Nizmawna,Bangladesh,2019,Wet,DTF,97
3425772,Nizmawna,Bangladesh,2019,Wet,DTF,94
3425923,Nizmawna,Bangladesh,2019,Wet,DTF,87
3426973,Nizmawna,Bangladesh,2019,Wet,DTF,104
3427347,Nizmawna,Bangladesh,2019,Wet,DTF,102
3523215,Nizmawna,Bangladesh,2019,Wet,DTF,97
3592078,Nizmawna,Bangladesh,2019,Wet,DTF,98
3592657,Nizmawna,Bangladesh,2019,Wet,DTF,91
3593039,Nizmawna,Bangladesh,2019,Wet,DTF,88
3658769,Nizmawna,Bangladesh,2019,Wet,DTF,96
3806774,Nizmawna,Bangladesh,2019,Wet,DTF,88
3806855,Nizmawna,Bangladesh,2019,Wet,DTF,87
4016512,Nizmawna,Bangladesh,2019,Wet,DTF,96
4016513,Nizmawna,Bangladesh,2019,Wet,DTF,92
4189053,Nizmawna,Bangladesh,2019,Wet,DTF,96
4193103,Nizmawna,Bangladesh,2019,Wet,DTF,86
4214820,Nizmawna,Bangladesh,2019,Wet,DTF,96
4226523,Nizmawna,Bangladesh,2019,Wet,DTF,89
4228927,Nizmawna,Bangladesh,2019,Wet,DTF,91
4229118,Nizmawna,Bangladesh,2019,Wet,DTF,103
4609623,Nizmawna,Bangladesh,2019,Wet,DTF,93.5
4789041,Nizmawna,Bangladesh,2019,Wet,DTF,96
4789051,Nizmawna,Bangladesh,2019,Wet,DTF,88
4789056,Nizmawna,Bangladesh,2019,Wet,DTF,93
4789719,Nizmawna,Bangladesh,2019,Wet,DTF,87
4789765,Nizmawna,Bangladesh,2019,Wet,DTF,87
4789819,Nizmawna,Bangladesh,2019,Wet,DTF,86
4815752,Nizmawna,Bangladesh,2019,Wet,DTF,89
4815880,Nizmawna,Bangladesh,2019,Wet,DTF,92
4016512,Nizmawna,Bangladesh,2019,Wet,DTF,93
1253957,Nizmawna,Bangladesh,2019,Wet,HT,119.8
1384968,Nizmawna,Bangladesh,2019,Wet,HT,127.2
1401800,Nizmawna,Bangladesh,2019,Wet,HT,121.6
2337754,Nizmawna,Bangladesh,2019,Wet,HT,129.8
2451001,Nizmawna,Bangladesh,2019,Wet,HT,119.2
2642849,Nizmawna,Bangladesh,2019,Wet,HT,120.8
2696701,Nizmawna,Bangladesh,2019,Wet,HT,120.8
2697338,Nizmawna,Bangladesh,2019,Wet,HT,127.2
2697419,Nizmawna,Bangladesh,2019,Wet,HT,125.2
2697451,Nizmawna,Bangladesh,2019,Wet,HT,141
2697797,Nizmawna,Bangladesh,2019,Wet,HT,127.8
2858722,Nizmawna,Bangladesh,2019,Wet,HT,117.8
2971736,Nizmawna,Bangladesh,2019,Wet,HT,112.8
2972293,Nizmawna,Bangladesh,2019,Wet,HT,125.8
2972309,Nizmawna,Bangladesh,2019,Wet,HT,116
2972722,Nizmawna,Bangladesh,2019,Wet,HT,125.8
2972796,Nizmawna,Bangladesh,2019,Wet,HT,129.2
300034581,Nizmawna,Bangladesh,2019,Wet,HT,123
300035917,Nizmawna,Bangladesh,2019,Wet,HT,116.4
300038124,Nizmawna,Bangladesh,2019,Wet,HT,126.2
300038265,Nizmawna,Bangladesh,2019,Wet,HT,114.2
300038266,Nizmawna,Bangladesh,2019,Wet,HT,118.8
300038744,Nizmawna,Bangladesh,2019,Wet,HT,120.8
300039577,Nizmawna,Bangladesh,2019,Wet,HT,134.8
300040799,Nizmawna,Bangladesh,2019,Wet,HT,112.2
300080634,Nizmawna,Bangladesh,2019,Wet,HT,115.8
300166640,Nizmawna,Bangladesh,2019,Wet,HT,111.2
300166641,Nizmawna,Bangladesh,2019,Wet,HT,108.8
300172737,Nizmawna,Bangladesh,2019,Wet,HT,121.6
300173154,Nizmawna,Bangladesh,2019,Wet,HT,109.6
300174086,Nizmawna,Bangladesh,2019,Wet,HT,121.6
300174380,Nizmawna,Bangladesh,2019,Wet,HT,123.8
300252036,Nizmawna,Bangladesh,2019,Wet,HT,119.8
300258387,Nizmawna,Bangladesh,2019,Wet,HT,121
300266828,Nizmawna,Bangladesh,2019,Wet,HT,139.6
300266831,Nizmawna,Bangladesh,2019,Wet,HT,145.8
300266832,Nizmawna,Bangladesh,2019,Wet,HT,115.8
300266835,Nizmawna,Bangladesh,2019,Wet,HT,130.2
300266839,Nizmawna,Bangladesh,2019,Wet,HT,139.8
300266846,Nizmawna,Bangladesh,2019,Wet,HT,125
300266848,Nizmawna,Bangladesh,2019,Wet,HT,115.6
300279864,Nizmawna,Bangladesh,2019,Wet,HT,116.8
300287234,Nizmawna,Bangladesh,2019,Wet,HT,146.8
300293456,Nizmawna,Bangladesh,2019,Wet,HT,104.6
300293539,Nizmawna,Bangladesh,2019,Wet,HT,110.8
300293562,Nizmawna,Bangladesh,2019,Wet,HT,105.8
300294018,Nizmawna,Bangladesh,2019,Wet,HT,113
300294074,Nizmawna,Bangladesh,2019,Wet,HT,111.2
300294080,Nizmawna,Bangladesh,2019,Wet,HT,120.6
300296708,Nizmawna,Bangladesh,2019,Wet,HT,110.4
300431704,Nizmawna,Bangladesh,2019,Wet,HT,106.6
300764175,Nizmawna,Bangladesh,2019,Wet,HT,119.8
300764179,Nizmawna,Bangladesh,2019,Wet,HT,110.4
300764184,Nizmawna,Bangladesh,2019,Wet,HT,125.8
3022947,Nizmawna,Bangladesh,2019,Wet,HT,129
3173051,Nizmawna,Bangladesh,2019,Wet,HT,127
3272808,Nizmawna,Bangladesh,2019,Wet,HT,135.8
3423716,Nizmawna,Bangladesh,2019,Wet,HT,120.8
3425601,Nizmawna,Bangladesh,2019,Wet,HT,127.2
3425772,Nizmawna,Bangladesh,2019,Wet,HT,129.6
3425923,Nizmawna,Bangladesh,2019,Wet,HT,122.6
3426973,Nizmawna,Bangladesh,2019,Wet,HT,134.6
3427347,Nizmawna,Bangladesh,2019,Wet,HT,128.6
3523215,Nizmawna,Bangladesh,2019,Wet,HT,103.8
3592078,Nizmawna,Bangladesh,2019,Wet,HT,119.8
3592657,Nizmawna,Bangladesh,2019,Wet,HT,123.2
3593039,Nizmawna,Bangladesh,2019,Wet,HT,116.8
3658769,Nizmawna,Bangladesh,2019,Wet,HT,113.2
3806774,Nizmawna,Bangladesh,2019,Wet,HT,108.4
3806855,Nizmawna,Bangladesh,2019,Wet,HT,115.4
4016512,Nizmawna,Bangladesh,2019,Wet,HT,112
4016513,Nizmawna,Bangladesh,2019,Wet,HT,129.6
4189053,Nizmawna,Bangladesh,2019,Wet,HT,116.6
4193103,Nizmawna,Bangladesh,2019,Wet,HT,117.8
4214820,Nizmawna,Bangladesh,2019,Wet,HT,131.6
4220423,Nizmawna,Bangladesh,2019,Wet,HT,103
4226523,Nizmawna,Bangladesh,2019,Wet,HT,100.2
4228927,Nizmawna,Bangladesh,2019,Wet,HT,131.6
4229118,Nizmawna,Bangladesh,2019,Wet,HT,110
4229178,Nizmawna,Bangladesh,2019,Wet,HT,102
4609623,Nizmawna,Bangladesh,2019,Wet,HT,126.3
4789041,Nizmawna,Bangladesh,2019,Wet,HT,113
4789051,Nizmawna,Bangladesh,2019,Wet,HT,118.6
4789056,Nizmawna,Bangladesh,2019,Wet,HT,109.8
4789719,Nizmawna,Bangladesh,2019,Wet,HT,119.6
4789765,Nizmawna,Bangladesh,2019,Wet,HT,130.8
4789819,Nizmawna,Bangladesh,2019,Wet,HT,130.8
4815752,Nizmawna,Bangladesh,2019,Wet,HT,115.8
4815880,Nizmawna,Bangladesh,2019,Wet,HT,115.6
4016512,Nizmawna,Bangladesh,2019,Wet,HT,118.6