line	organization	isCheck	year	location	loc_code	env_code	DIS	VSK
PI182561	SDSU	FALSE	2000	Brookings	BRK	BRK_00	34	22.5
PI382161	SDSU	FALSE	2000	Brookings	BRK	BRK_00	7.5	20
PI382167	SDSU	FALSE	2000	Brookings	BRK	BRK_00	28	7.5
PI81791	SDSU	FALSE	2000	Brookings	BRK	BRK_00	29.5	10
MN97039	UMN	FALSE	2000	Brookings	BRK	BRK_00	34.5	32.5
MN97561	UMN	FALSE	2000	Brookings	BRK	BRK_00	37.5	40
MN98037	UMN	FALSE	2000	Brookings	BRK	BRK_00	36.5	45
MN98092	UMN	FALSE	2000	Brookings	BRK	BRK_00	39	35
MN98208	UMN	FALSE	2000	Brookings	BRK	BRK_00	20	22.5
MN98389	UMN	FALSE	2000	Brookings	BRK	BRK_00	26	47.5
2375	NDSU	TRUE	2000	Brookings	BRK	BRK_00	29	35
ND2710	NDSU	TRUE	2000	Brookings	BRK	BRK_00	7.5	20
BACUP	UMN	TRUE	2000	Brookings	BRK	BRK_00	33.5	27.5
WHEATON	UMN	TRUE	2000	Brookings	BRK	BRK_00	35	55
PI104131	SDSU	FALSE	2001	Brookings	BRK	BRK_01	66.1	33
PI185380	SDSU	FALSE	2001	Brookings	BRK	BRK_01	69.5	58
PI349478	SDSU	FALSE	2001	Brookings	BRK	BRK_01	40.7	61.7
PI382140	SDSU	FALSE	2001	Brookings	BRK	BRK_01	51.6	28
MN99109	UMN	FALSE	2001	Brookings	BRK	BRK_01	60.6	56.7
MN99112	UMN	FALSE	2001	Brookings	BRK	BRK_01	61.8	37.5
MN99126	UMN	FALSE	2001	Brookings	BRK	BRK_01	55.2	58.3
MN99192	UMN	FALSE	2001	Brookings	BRK	BRK_01	59.5	46.7
MN99322	UMN	FALSE	2001	Brookings	BRK	BRK_01	59	41.7
2375	NDSU	TRUE	2001	Brookings	BRK	BRK_01	64	63.3
ND2710	NDSU	TRUE	2001	Brookings	BRK	BRK_01	51.6	41.7
BACUP	UMN	TRUE	2001	Brookings	BRK	BRK_01	54.4	66.7
WHEATON	UMN	TRUE	2001	Brookings	BRK	BRK_01	77.7	70
PI163429	Argentina	FALSE	2002	Brookings	BRK	BRK_02	62.5	30
PI168727	Argentina	FALSE	2002	Brookings	BRK	BRK_02	54.4	26.7
PI345731	Argentina	FALSE	2002	Brookings	BRK	BRK_02	53.5	10
PI185843	Brazil	FALSE	2002	Brookings	BRK	BRK_02	42.5	15
PI264940	Greece	FALSE	2002	Brookings	BRK	BRK_02	39.7	28.3
SD3533	SDSU	FALSE	2002	Brookings	BRK	BRK_02	53.7	16.7
MN00021	UMN	FALSE	2002	Brookings	BRK	BRK_02	34	20
MN00173	UMN	FALSE	2002	Brookings	BRK	BRK_02	56.8	21.7
MN00274	UMN	FALSE	2002	Brookings	BRK	BRK_02	41.5	36.7
MN99225	UMN	FALSE	2002	Brookings	BRK	BRK_02	35.8	21.7
MN99408	UMN	FALSE	2002	Brookings	BRK	BRK_02	33.5	18.3
2375	NDSU	TRUE	2002	Brookings	BRK	BRK_02	51.8	40
ND2710	NDSU	TRUE	2002	Brookings	BRK	BRK_02	18	20
BACUP	UMN	TRUE	2002	Brookings	BRK	BRK_02	40.8	20
WHEATON	UMN	TRUE	2002	Brookings	BRK	BRK_02	60.5	65
BUCKAUSTRAL	Argentina	FALSE	2003	Brookings	BRK	BRK_03	38.2	8.3
KLEINCONDOR	Argentina	FALSE	2003	Brookings	BRK	BRK_03	34.8	16.7
ARTEMOWSKA	Bulgaria	FALSE	2003	Brookings	BRK	BRK_03	26.8	4.7
ALBIDUM43	Russia	FALSE	2003	Brookings	BRK	BRK_03	60.5	11.7
SD3746	SDSU	FALSE	2003	Brookings	BRK	BRK_03	53	50
STEPNJACHKA	Ukraine	FALSE	2003	Brookings	BRK	BRK_03	26.8	5.3
MN01116	UMN	FALSE	2003	Brookings	BRK	BRK_03	42	6.7
MN01180	UMN	FALSE	2003	Brookings	BRK	BRK_03	17.6	3.7
MN01281	UMN	FALSE	2003	Brookings	BRK	BRK_03	18.3	4.7
MN99433-1	UMN	FALSE	2003	Brookings	BRK	BRK_03	48	15
ND03_1-15	NDSU	FALSE	2003	Brookings	BRK	BRK_03	44.2	6.7
ND03_1-9	NDSU	FALSE	2003	Brookings	BRK	BRK_03	21.9	3
2375	NDSU	TRUE	2003	Brookings	BRK	BRK_03	38.2	10
ND2710	NDSU	TRUE	2003	Brookings	BRK	BRK_03	3.1	1
BACUP	UMN	TRUE	2003	Brookings	BRK	BRK_03	14.6	1
WHEATON	UMN	TRUE	2003	Brookings	BRK	BRK_03	78.8	83.3
MN00187-3	UMN	FALSE	2004	Brookings	BRK	BRK_04	27.8767	1.6667
MN01164	UMN	FALSE	2004	Brookings	BRK	BRK_04	26.6333	7.3333
MN01NIL84-5-5-15	UMN	FALSE	2004	Brookings	BRK	BRK_04	34.1667	11.6667
MN99220-4	UMN	FALSE	2004	Brookings	BRK	BRK_04	42.11	4.3333
MN99341-2-5	UMN	FALSE	2004	Brookings	BRK	BRK_04	37.5	7.3333
ND03_1-15	NDSU	FALSE	2004	Brookings	BRK	BRK_04	54.6667	18.3333
ND03_1-9	NDSU	FALSE	2004	Brookings	BRK	BRK_04	43.2667	5
NDSW0345	NDSU	FALSE	2004	Brookings	BRK	BRK_04	52.1833	18.3333
RUGBY	NDSU	TRUE	2004	Brookings	BRK	BRK_04	53.8667	25
2375	NDSU	TRUE	2004	Brookings	BRK	BRK_04	43.3333	21.6667
ND2710	NDSU	TRUE	2004	Brookings	BRK	BRK_04	23.0167	3
BACUP	UMN	TRUE	2004	Brookings	BRK	BRK_04	35.6867	10
WHEATON	UMN	TRUE	2004	Brookings	BRK	BRK_04	58.0333	60
NDSW0350	NDSU	FALSE	2005	Brookings	BRK	BRK_05	41.6667	26.6667
MN01057-3-1	UMN	FALSE	2005	Brookings	BRK	BRK_05	21.0833	3
MN01380-2-1	UMN	FALSE	2005	Brookings	BRK	BRK_05	27.71	3
MN02051-1	UMN	FALSE	2005	Brookings	BRK	BRK_05	30.06	5.6667
MN02219-1	UMN	FALSE	2005	Brookings	BRK	BRK_05	31.9933	6
MN02306-2	UMN	FALSE	2005	Brookings	BRK	BRK_05	24.4433	4.3333
NDSW0345	NDSU	FALSE	2005	Brookings	BRK	BRK_05	49	9.6667
RUGBY	NDSU	TRUE	2005	Brookings	BRK	BRK_05	55.6667	23.3333
2375	NDSU	TRUE	2005	Brookings	BRK	BRK_05	50.05	10
ND2710	NDSU	TRUE	2005	Brookings	BRK	BRK_05	24.6433	4.3333
BACUP	UMN	TRUE	2005	Brookings	BRK	BRK_05	32.62	7.6667
WHEATON	UMN	TRUE	2005	Brookings	BRK	BRK_05	49.35	70
WASKADA	AAFC	FALSE	2006	Brookings	BRK	BRK_06	20.075	15
CROMWELL	UMN	FALSE	2006	Brookings	BRK	BRK_06	39.8333	7.3333
MN02268-A-4	UMN	FALSE	2006	Brookings	BRK	BRK_06	21.0583	15
TOM	UMN	FALSE	2006	Brookings	BRK	BRK_06	19.175	6.6667
NDSW0430	NDSU	FALSE	2006	Brookings	BRK	BRK_06	15.5833	9.3333
MN00209-3-1	UMN	FALSE	2006	Brookings	BRK	BRK_06	7.3167	7.6667
MN02222-1	UMN	FALSE	2006	Brookings	BRK	BRK_06	13.5333	6
RUGBY	NDSU	TRUE	2006	Brookings	BRK	BRK_06	59.6667	63.3333
2375	NDSU	TRUE	2006	Brookings	BRK	BRK_06	20.0917	43.3333
ND2710	NDSU	TRUE	2006	Brookings	BRK	BRK_06	12.1667	4.3333
BACUP	UMN	TRUE	2006	Brookings	BRK	BRK_06	21.575	16
WHEATON	UMN	TRUE	2006	Brookings	BRK	BRK_06	55.3333	88.3333
ES101	AAFC	FALSE	2007	Brookings	BRK	BRK_07	32.6333333	14
MN03013-3-2	UMN	FALSE	2007	Brookings	BRK	BRK_07	37.9666667	1.66666667
MN03191-2-1	UMN	FALSE	2007	Brookings	BRK	BRK_07	44.1666667	2.33333333
NDSW0430	NDSU	FALSE	2007	Brookings	BRK	BRK_07	29.3333333	1
MN00209-3-1	UMN	FALSE	2007	Brookings	BRK	BRK_07	39.7333333	1.66666667
MN02222-1	UMN	FALSE	2007	Brookings	BRK	BRK_07	31.8333333	1
RUGBY	NDSU	TRUE	2007	Brookings	BRK	BRK_07	38.3333333	88.3333333
BRICK	SDSU	FALSE	2007	Brookings	BRK	BRK_07	36.6666667	1
2375	NDSU	TRUE	2007	Brookings	BRK	BRK_07	42.0416667	3
ND2710	NDSU	TRUE	2007	Brookings	BRK	BRK_07	32	1.66666667
BACUP	UMN	TRUE	2007	Brookings	BRK	BRK_07	37.275	5.66666667
WHEATON	UMN	TRUE	2007	Brookings	BRK	BRK_07	72.8333333	88.3333333
SD3942	SDSU	FALSE	2008	Brookings	BRK	BRK_08	15.37	6.33333333
SD4181	SDSU	FALSE	2008	Brookings	BRK	BRK_08	24.6666667	4.66666667
MN03342-4	UMN	FALSE	2008	Brookings	BRK	BRK_08	40.1666667	16.6666667
MN05117-7	UMN	FALSE	2008	Brookings	BRK	BRK_08	28.1266667	7.33333333
MN05149-5	UMN	FALSE	2008	Brookings	BRK	BRK_08	19	3
SABIN	UMN	FALSE	2008	Brookings	BRK	BRK_08	32.1666667	5.33333333
RUGBY	NDSU	TRUE	2008	Brookings	BRK	BRK_08	55.6666667	4
2375	NDSU	TRUE	2008	Brookings	BRK	BRK_08	37.6	9
ND2710	NDSU	TRUE	2008	Brookings	BRK	BRK_08	20.2	1.66666667
BACUP	UMN	TRUE	2008	Brookings	BRK	BRK_08	28.2266667	2.66666667
WHEATON	UMN	TRUE	2008	Brookings	BRK	BRK_08	70.9933333	85
FOREFRONT	SDSU	FALSE	2009	Brookings	BRK	BRK_09	42.8333333	33.3333333
SD4011	SDSU	FALSE	2009	Brookings	BRK	BRK_09	30.3333333	28.3333333
SD4027	SDSU	FALSE	2009	Brookings	BRK	BRK_09	35.1666667	43.3333333
SELECT	SDSU	FALSE	2009	Brookings	BRK	BRK_09	30.8333333	25
MN05152-1-1	UMN	FALSE	2009	Brookings	BRK	BRK_09	34.6666667	21.6666667
MN06049-1-3	UMN	FALSE	2009	Brookings	BRK	BRK_09	28.3333333	23.3333333
MN06202-3-1	UMN	FALSE	2009	Brookings	BRK	BRK_09	40	31.6666667
MN06213-6-2-4	UMN	FALSE	2009	Brookings	BRK	BRK_09	33.8333333	13.3333333
MN06219-2-2	UMN	FALSE	2009	Brookings	BRK	BRK_09	46.8333333	26.6666667
2375	NDSU	TRUE	2009	Brookings	BRK	BRK_09	47.3333333	31.6666667
ND2710	NDSU	TRUE	2009	Brookings	BRK	BRK_09	28.5	16.6666667
BACUP	UMN	TRUE	2009	Brookings	BRK	BRK_09	31.6666667	20
WHEATON	UMN	TRUE	2009	Brookings	BRK	BRK_09	50.6666667	60
MT09SCAB16	MSU	FALSE	2010	Brookings	BRK	BRK_10	39.55	61.6666667
MT09SCAB3	MSU	FALSE	2010	Brookings	BRK	BRK_10	44.5833333	65
MT09SCAB5	MSU	FALSE	2010	Brookings	BRK	BRK_10	45.2083333	65
MT09SCAB9	MSU	FALSE	2010	Brookings	BRK	BRK_10	56.5	73.3333333
FN09-17017	SDSU	FALSE	2010	Brookings	BRK	BRK_10	14.7416667	35
FN09-17210	SDSU	FALSE	2010	Brookings	BRK	BRK_10	14.2	10
FN09-17213	SDSU	FALSE	2010	Brookings	BRK	BRK_10	8.74166667	18.3333333
FN09-17270	SDSU	FALSE	2010	Brookings	BRK	BRK_10	8.64166667	30
FN09-17275	SDSU	FALSE	2010	Brookings	BRK	BRK_10	7.89166667	8.33333333
MN06216-6-2-4	UMN	FALSE	2010	Brookings	BRK	BRK_10	46.3333333	8.33333333
MN07049-7-3	UMN	FALSE	2010	Brookings	BRK	BRK_10	13.075	38.3333333
MN07183-3	UMN	FALSE	2010	Brookings	BRK	BRK_10	35.8333333	21.6666667
BW928	AAFC	FALSE	2010	Brookings	BRK	BRK_10	29.775	38.3333333
BRICK	SDSU	FALSE	2010	Brookings	BRK	BRK_10	10.77916665	23.3333333
2375	NDSU	TRUE	2010	Brookings	BRK	BRK_10	39.85	45
ND2710	NDSU	TRUE	2010	Brookings	BRK	BRK_10	26.4083333	31.6666667
BACUP	UMN	TRUE	2010	Brookings	BRK	BRK_10	23.7666667	28.3333333
WHEATON	UMN	TRUE	2010	Brookings	BRK	BRK_10	47.5	76.6666667
10EXP13-16	NDSU	FALSE	2011	Brookings	BRK	BRK_11	52.3333333	11.6666667
10EXP13-24	NDSU	FALSE	2011	Brookings	BRK	BRK_11	49.3333333	5
10EXP13-44	NDSU	FALSE	2011	Brookings	BRK	BRK_11	33.2333333	5
10EXP13-87	NDSU	FALSE	2011	Brookings	BRK	BRK_11	57.6666667	5
10EXPSW13-19	NDSU	FALSE	2011	Brookings	BRK	BRK_11	56.1666667	6.66666667
10EXPSW13-28	NDSU	FALSE	2011	Brookings	BRK	BRK_11	29.2833333	3.33333333
10EXPSW13-9	NDSU	FALSE	2011	Brookings	BRK	BRK_11	54.8333333	8.33333333
SD4313	SDSU	FALSE	2011	Brookings	BRK	BRK_11	26.8	5
SD4331	SDSU	FALSE	2011	Brookings	BRK	BRK_11	37.1583333	8.33333333
SD4337	SDSU	FALSE	2011	Brookings	BRK	BRK_11	52.5	6.66666667
SD4338	SDSU	FALSE	2011	Brookings	BRK	BRK_11	53.5	5
SD4343	SDSU	FALSE	2011	Brookings	BRK	BRK_11	39.1666667	5
MN07057-6-4	UMN	FALSE	2011	Brookings	BRK	BRK_11	45.2166667	5
MN07167W-2-1	UMN	FALSE	2011	Brookings	BRK	BRK_11	50.5	5
MN09023	UMN	FALSE	2011	Brookings	BRK	BRK_11	50.05	5
MN09092	UMN	FALSE	2011	Brookings	BRK	BRK_11	49	5
X00009-16	UMN	FALSE	2011	Brookings	BRK	BRK_11	43	6.66666667
BW928	AAFC	FALSE	2011	Brookings	BRK	BRK_11	48.3333333	5
BRICK	SDSU	FALSE	2011	Brookings	BRK	BRK_11	24.7666667	5
2375	NDSU	TRUE	2011	Brookings	BRK	BRK_11	53.6666667	15
ND2710	NDSU	TRUE	2011	Brookings	BRK	BRK_11	39.5	5
BACUP	UMN	TRUE	2011	Brookings	BRK	BRK_11	37.95	5
WHEATON	UMN	TRUE	2011	Brookings	BRK	BRK_11	61.8333333	21.6666667
11EXP13-105	NDSU	FALSE	2012	Brookings	BRK	BRK_12	10.308333333	1.6666666667
11EXP13-107	NDSU	FALSE	2012	Brookings	BRK	BRK_12	19.533333333	1.3333333333
11EXP13-43	NDSU	FALSE	2012	Brookings	BRK	BRK_12	5.675	1.3333333333
11EXP13-65	NDSU	FALSE	2012	Brookings	BRK	BRK_12	18.216666667	5.3333333333
11EXP13-78	NDSU	FALSE	2012	Brookings	BRK	BRK_12	14.016666667	1
SD4361	SDSU	FALSE	2012	Brookings	BRK	BRK_12	14.291666667	1.3333333333
SD4366	SDSU	FALSE	2012	Brookings	BRK	BRK_12	4.6833333333	1
SD4388	SDSU	FALSE	2012	Brookings	BRK	BRK_12	13.283333333	2
SD4394	SDSU	FALSE	2012	Brookings	BRK	BRK_12	16.925	1
SD4397	SDSU	FALSE	2012	Brookings	BRK	BRK_12	17.033333333	1
MN08166	UMN	FALSE	2012	Brookings	BRK	BRK_12	14.966666667	1.6666666667
MN08173	UMN	FALSE	2012	Brookings	BRK	BRK_12	6.4333333333	1.6666666667
MN09027	UMN	FALSE	2012	Brookings	BRK	BRK_12	7.8333333333	1
MN09071	UMN	FALSE	2012	Brookings	BRK	BRK_12	17.45	1
MN09121	UMN	FALSE	2012	Brookings	BRK	BRK_12	6.8333333333	2
BW928	AAFC	FALSE	2012	Brookings	BRK	BRK_12	10.916666667	1.6666666667
BRICK	SDSU	FALSE	2012	Brookings	BRK	BRK_12	11.0194444444333	1
2375	NDSU	TRUE	2012	Brookings	BRK	BRK_12	3.8083333333	1.3333333333
ND2710	NDSU	TRUE	2012	Brookings	BRK	BRK_12	8.75	1.3333333333
BACUP	UMN	TRUE	2012	Brookings	BRK	BRK_12	14.65	1
WHEATON	UMN	TRUE	2012	Brookings	BRK	BRK_12	5.6333333333	3.3333333333
SD4487	SDSU	FALSE	2013	Brookings	BRK	BRK_13	18.895833333	36.666666667
SD4518	SDSU	FALSE	2013	Brookings	BRK	BRK_13	19.15	21.666666667
SD4536	SDSU	FALSE	2013	Brookings	BRK	BRK_13	18.6875	40
SD4541	SDSU	FALSE	2013	Brookings	BRK	BRK_13	15.033333333	28.333333333
SD4544	SDSU	FALSE	2013	Brookings	BRK	BRK_13	16.5875	40
MN09157	UMN	FALSE	2013	Brookings	BRK	BRK_13	16.304166667	10
MN10055	UMN	FALSE	2013	Brookings	BRK	BRK_13	16.529166667	18.333333333
MN10285	UMN	FALSE	2013	Brookings	BRK	BRK_13	14.683333333	15
MN10362	UMN	FALSE	2013	Brookings	BRK	BRK_13	14.141666667	21.666666667
MN10368	UMN	FALSE	2013	Brookings	BRK	BRK_13	14.079166667	20
12-14-147	NDSU	FALSE	2013	Brookings	BRK	BRK_13	13.529166667	26.666666667
12-14-158	NDSU	FALSE	2013	Brookings	BRK	BRK_13	18.904166667	20
12-14-172	NDSU	FALSE	2013	Brookings	BRK	BRK_13	11.8875	36.666666667
12-14-97	NDSU	FALSE	2013	Brookings	BRK	BRK_13	20.766666667	31.666666667
BRICK	SDSU	FALSE	2013	Brookings	BRK	BRK_13	8.775	23.333333333
2375	NDSU	TRUE	2013	Brookings	BRK	BRK_13	15.908333333	26.666666667
ND2710	NDSU	TRUE	2013	Brookings	BRK	BRK_13	9.3208333333	23.333333333
BACUP	UMN	TRUE	2013	Brookings	BRK	BRK_13	15.9625	45
WHEATON	UMN	TRUE	2013	Brookings	BRK	BRK_13	31.191666667	71.666666667
SD4504	SDSU	FALSE	2014	Brookings	BRK	BRK_14	17.808333333	31.666666667
SD4508	SDSU	FALSE	2014	Brookings	BRK	BRK_14	22.5	21.666666667
SD4510	SDSU	FALSE	2014	Brookings	BRK	BRK_14	23.833333333	21.666666667
SD4514	SDSU	FALSE	2014	Brookings	BRK	BRK_14	21.875	26.666666667
SD4546	SDSU	FALSE	2014	Brookings	BRK	BRK_14	15.15	16.666666667
MN10021	UMN	FALSE	2014	Brookings	BRK	BRK_14	20.45	13.333333333
MN10388	UMN	FALSE	2014	Brookings	BRK	BRK_14	26.5	10
MN11074	UMN	FALSE	2014	Brookings	BRK	BRK_14	19.7	13.333333333
MN11397-1	UMN	FALSE	2014	Brookings	BRK	BRK_14	33.283333333	35
MN11405	UMN	FALSE	2014	Brookings	BRK	BRK_14	15.75	16.666666667
12-14-147	NDSU	FALSE	2014	Brookings	BRK	BRK_14	29.566666667	18.333333333
12-14-158	NDSU	FALSE	2014	Brookings	BRK	BRK_14	30.166666667	16.666666667
12-14-172	NDSU	FALSE	2014	Brookings	BRK	BRK_14	26.633333333	30
12-14-97	NDSU	FALSE	2014	Brookings	BRK	BRK_14	25.066666667	21.666666667
2375	NDSU	TRUE	2014	Brookings	BRK	BRK_14	29.833333333	30
ND2710	NDSU	TRUE	2014	Brookings	BRK	BRK_14	12.166666667	13.333333333
BACUP	UMN	TRUE	2014	Brookings	BRK	BRK_14	30.5	41.67
WHEATON	UMN	TRUE	2014	Brookings	BRK	BRK_14	21.3	50
BW483	AAFC	FALSE	2015	Brookings	BRK	BRK_15	47	51.666666667
BW485	AAFC	FALSE	2015	Brookings	BRK	BRK_15	47.166666667	48.333333333
BW499	AAFC	FALSE	2015	Brookings	BRK	BRK_15	32.866666667	86.666666667
BW961	AAFC	FALSE	2015	Brookings	BRK	BRK_15	42.666666667	50
MT1219	MSU	FALSE	2015	Brookings	BRK	BRK_15	50.333333333	55
MT1337	MSU	FALSE	2015	Brookings	BRK	BRK_15	47	36.666666667
MT1338	MSU	FALSE	2015	Brookings	BRK	BRK_15	44.841666667	41.666666667
14-13-106	NDSU	FALSE	2015	Brookings	BRK	BRK_15	40.333333333	40
14-13-135	NDSU	FALSE	2015	Brookings	BRK	BRK_15	36.666666667	28.333333333
14-13-14	NDSU	FALSE	2015	Brookings	BRK	BRK_15	33.133333333	40
14-13-21	NDSU	FALSE	2015	Brookings	BRK	BRK_15	44.166666667	48.333333333
14-13-97	NDSU	FALSE	2015	Brookings	BRK	BRK_15	41.166666667	43.333333333
SD4559	SDSU	FALSE	2015	Brookings	BRK	BRK_15	35	30
SD4582	SDSU	FALSE	2015	Brookings	BRK	BRK_15	18.791666667	20
SD4595	SDSU	FALSE	2015	Brookings	BRK	BRK_15	28.275	26.666666667
SD4605	SDSU	FALSE	2015	Brookings	BRK	BRK_15	31.833333333	35
SD4607	SDSU	FALSE	2015	Brookings	BRK	BRK_15	41.166666667	33.333333333
MN11326-3	UMN	FALSE	2015	Brookings	BRK	BRK_15	31.116666667	31.666666667
MN12265-1	UMN	FALSE	2015	Brookings	BRK	BRK_15	34.691666667	50
MN12307-3	UMN	FALSE	2015	Brookings	BRK	BRK_15	33	33.333333333
MN12423-5	UMN	FALSE	2015	Brookings	BRK	BRK_15	23.316666667	28.333333333
MN12545-3	UMN	FALSE	2015	Brookings	BRK	BRK_15	36.625	53.333333333
MT1316	MSU	FALSE	2015	Brookings	BRK	BRK_15	43	41.666666667
2375	NDSU	TRUE	2015	Brookings	BRK	BRK_15	36.833333333	38.333333333
ND2710	NDSU	TRUE	2015	Brookings	BRK	BRK_15	30.275	40
BACUP	UMN	TRUE	2015	Brookings	BRK	BRK_15	46.666666667	81.666666667
WHEATON	UMN	TRUE	2015	Brookings	BRK	BRK_15	50	80
ND820	NDSU	FALSE	2016	Brookings	BRK	BRK_16	20.258333333	18.333333333
ND822	NDSU	FALSE	2016	Brookings	BRK	BRK_16	18.2875	16.333333333
ND824	NDSU	FALSE	2016	Brookings	BRK	BRK_16	18	14.166666667
SD4587	SDSU	FALSE	2016	Brookings	BRK	BRK_16	14.6125	13
SD4589	SDSU	FALSE	2016	Brookings	BRK	BRK_16	17.733333333	17.166666667
SD4621	SDSU	FALSE	2016	Brookings	BRK	BRK_16	15.85	13.5
SD4645	SDSU	FALSE	2016	Brookings	BRK	BRK_16	18.075	15.333333333
SD4675	SDSU	FALSE	2016	Brookings	BRK	BRK_16	21.670833333	14.666666667
IDO1403S	UIDO	FALSE	2016	Brookings	BRK	BRK_16	40.083333333	40.833333333
IDO1405S	UIDO	FALSE	2016	Brookings	BRK	BRK_16	37.833333333	39.166666667
IDO1601S	UIDO	FALSE	2016	Brookings	BRK	BRK_16	34.35	33.333333333
IDO1603S	UIDO	FALSE	2016	Brookings	BRK	BRK_16	39.333333333	41.666666667
UISTONE	UIDO	FALSE	2016	Brookings	BRK	BRK_16	33.225	26.666666667
LANG-MN	UMN	FALSE	2016	Brookings	BRK	BRK_16	21.5125	18.333333333
MN11394-6	UMN	FALSE	2016	Brookings	BRK	BRK_16	16	16.5
MN13056-7	UMN	FALSE	2016	Brookings	BRK	BRK_16	13.879166667	12
MN13064-2	UMN	FALSE	2016	Brookings	BRK	BRK_16	19.483333333	22.5
MN13515-8	UMN	FALSE	2016	Brookings	BRK	BRK_16	16.520833333	17.5
ND-VITPRO	NDSU	FALSE	2016	Brookings	BRK	BRK_16	17.954166667	18
ND828	NDSU	FALSE	2016	Brookings	BRK	BRK_16	18.079166667	12.833333333
2375	NDSU	TRUE	2016	Brookings	BRK	BRK_16	23.9	30
ND2710	NDSU	TRUE	2016	Brookings	BRK	BRK_16	19.008333333	20.5
BACUP	UMN	TRUE	2016	Brookings	BRK	BRK_16	26.491666667	31.666666667
WHEATON	UMN	TRUE	2016	Brookings	BRK	BRK_16	43.9	45.833333333
ND830	NDSU	FALSE	2017	Brookings	BRK	BRK_17	14.2	35
ND833	NDSU	FALSE	2017	Brookings	BRK	BRK_17	16.2	28.3
NDHRS16-12-19	NDSU	FALSE	2017	Brookings	BRK	BRK_17	20.1	40
NDHRS16-12-31	NDSU	FALSE	2017	Brookings	BRK	BRK_17	15.3	31.7
NDHRS16-12-52	NDSU	FALSE	2017	Brookings	BRK	BRK_17	18	41.7
SD4691	SDSU	FALSE	2017	Brookings	BRK	BRK_17	14.2	25
SD4705	SDSU	FALSE	2017	Brookings	BRK	BRK_17	11.4	20
SD4710	SDSU	FALSE	2017	Brookings	BRK	BRK_17	13.7	25
SD4724	SDSU	FALSE	2017	Brookings	BRK	BRK_17	14	40
SD4741	SDSU	FALSE	2017	Brookings	BRK	BRK_17	12.3	13.3
MN13304-5	UMN	FALSE	2017	Brookings	BRK	BRK_17	18.6	33.3
MN14138-4	UMN	FALSE	2017	Brookings	BRK	BRK_17	14.7	21.7
MN14470-5	UMN	FALSE	2017	Brookings	BRK	BRK_17	20	28.3
MN14669-1	UMN	FALSE	2017	Brookings	BRK	BRK_17	23.2	30
2375	NDSU	TRUE	2017	Brookings	BRK	BRK_17	25.6	48.3
ND2710	NDSU	TRUE	2017	Brookings	BRK	BRK_17	15.5	28.3
BACUP	UMN	TRUE	2017	Brookings	BRK	BRK_17	21.8	51.7
WHEATON	UMN	TRUE	2017	Brookings	BRK	BRK_17	31.5	73.3
MT1673	MSU	FALSE	2018	Brookings	BRK	BRK_18	26.4	37.5
NDHRS16-13-13	NDSU	FALSE	2018	Brookings	BRK	BRK_18	19	25.8
NDHRS16-13-89	NDSU	FALSE	2018	Brookings	BRK	BRK_18	20.6	30
NDHRS16-13-97	NDSU	FALSE	2018	Brookings	BRK	BRK_18	19.1	35
NDHRS16-14-12	NDSU	FALSE	2018	Brookings	BRK	BRK_18	17.1	25
NDHRS16-14-91	NDSU	FALSE	2018	Brookings	BRK	BRK_18	20	35.8
SD4756	SDSU	FALSE	2018	Brookings	BRK	BRK_18	21.5	34.2
SD4758	SDSU	FALSE	2018	Brookings	BRK	BRK_18	19.2	29.2
SD4787	SDSU	FALSE	2018	Brookings	BRK	BRK_18	16.9	20
SD4819	SDSU	FALSE	2018	Brookings	BRK	BRK_18	16.3	25.8
SD4822	SDSU	FALSE	2018	Brookings	BRK	BRK_18	23.9	28.3
MN15008-7	UMN	FALSE	2018	Brookings	BRK	BRK_18	22.9	19.2
MN15029-8	UMN	FALSE	2018	Brookings	BRK	BRK_18	19.8	22.5
MN15089-2	UMN	FALSE	2018	Brookings	BRK	BRK_18	18.1	13.3
MN15219-2	UMN	FALSE	2018	Brookings	BRK	BRK_18	19.1	20
MN15501-4	UMN	FALSE	2018	Brookings	BRK	BRK_18	19.1	15
MT1621	MSU	FALSE	2018	Brookings	BRK	BRK_18	30	35.8
2375	NDSU	TRUE	2018	Brookings	BRK	BRK_18	31	35
ND2710	NDSU	TRUE	2018	Brookings	BRK	BRK_18	15.1	23.3
BACUP	UMN	TRUE	2018	Brookings	BRK	BRK_18	19.4	23.3
WHEATON	UMN	TRUE	2018	Brookings	BRK	BRK_18	42	60
LANNING	MSU	FALSE	2019	Brookings	BRK	BRK_19	23.9	23.3
MT1767	MSU	FALSE	2019	Brookings	BRK	BRK_19	20.6	41.7
VIDA	MSU	FALSE	2019	Brookings	BRK	BRK_19	26.4	24.2
NDHRS14-0136-C06	NDSU	FALSE	2019	Brookings	BRK	BRK_19	23.8	30.8
NDHRS16-14-36	NDSU	FALSE	2019	Brookings	BRK	BRK_19	24.8	27.5
NDHRS16-16-665	NDSU	FALSE	2019	Brookings	BRK	BRK_19	19.3	12.5
SD4740	SDSU	FALSE	2019	Brookings	BRK	BRK_19	24.1	28.3
SD4834	SDSU	FALSE	2019	Brookings	BRK	BRK_19	22.1	28.3
SD4859	SDSU	FALSE	2019	Brookings	BRK	BRK_19	22.7	31.7
SD4865	SDSU	FALSE	2019	Brookings	BRK	BRK_19	20.8	29.2
SD4868	SDSU	FALSE	2019	Brookings	BRK	BRK_19	19.8	25.8
MN15155-2	UMN	FALSE	2019	Brookings	BRK	BRK_19	19.4	19.2
MN16028	UMN	FALSE	2019	Brookings	BRK	BRK_19	22.4	14.2
MN16040	UMN	FALSE	2019	Brookings	BRK	BRK_19	21.3	25
MN16262-3	UMN	FALSE	2019	Brookings	BRK	BRK_19	18.8	17.5
MN16317-5	UMN	FALSE	2019	Brookings	BRK	BRK_19	17.5	13.3
MT1621	MSU	FALSE	2019	Brookings	BRK	BRK_19	33.7	36.7
NDHRS13-0170-0004	NDSU	FALSE	2019	Brookings	BRK	BRK_19	23.4	24.2
MT1716	MSU	FALSE	2019	Brookings	BRK	BRK_19	24.8	25.8
ND-HERON	NDSU	FALSE	2019	Brookings	BRK	BRK_19	21.2	31.7
ND2710	NDSU	TRUE	2019	Brookings	BRK	BRK_19	17.5	23.3
BACUP	UMN	TRUE	2019	Brookings	BRK	BRK_19	29.8	37.5
WHEATON	UMN	TRUE	2019	Brookings	BRK	BRK_19	39.4	48.3
MT1775	MSU	FALSE	2020	Brookings	BRK	BRK_20	27.8	41.7
MT1809	MSU	FALSE	2020	Brookings	BRK	BRK_20	21.1	34.2
MT1866	MSU	FALSE	2020	Brookings	BRK	BRK_20	29.8	33.3
MT1871	MSU	FALSE	2020	Brookings	BRK	BRK_20	31.9	41.7
MT1872	MSU	FALSE	2020	Brookings	BRK	BRK_20	23	42.5
NDHRS13-0114-C06	NDSU	FALSE	2020	Brookings	BRK	BRK_20	18.9	41.7
NDHRS13-0121-C05	NDSU	FALSE	2020	Brookings	BRK	BRK_20	15.7	33.3
NDHRS13-0215-C03	NDSU	FALSE	2020	Brookings	BRK	BRK_20	19.7	34.2
NDHRS13-0318-0003	NDSU	FALSE	2020	Brookings	BRK	BRK_20	18.8	28.3
SD4848	SDSU	FALSE	2020	Brookings	BRK	BRK_20	24.9	27.5
SD4917	SDSU	FALSE	2020	Brookings	BRK	BRK_20	19.8	30
SD4926	SDSU	FALSE	2020	Brookings	BRK	BRK_20	19	20.8
SD4947	SDSU	FALSE	2020	Brookings	BRK	BRK_20	31.4	26.7
SD4950	SDSU	FALSE	2020	Brookings	BRK	BRK_20	30.8	20
MN16103-1	UMN	FALSE	2020	Brookings	BRK	BRK_20	19.8	22.5
MN16277-3	UMN	FALSE	2020	Brookings	BRK	BRK_20	21.4	25.8
MN16340-8	UMN	FALSE	2020	Brookings	BRK	BRK_20	21.2	27.5
MN16360-1	UMN	FALSE	2020	Brookings	BRK	BRK_20	26.3	25
MN16408-5	UMN	FALSE	2020	Brookings	BRK	BRK_20	23.8	23.3
NDHRS13-0170-0004	NDSU	FALSE	2020	Brookings	BRK	BRK_20	18.1	30
MT1855	MSU	FALSE	2020	Brookings	BRK	BRK_20	37.1	39.2
MT1716	MSU	FALSE	2020	Brookings	BRK	BRK_20	21.8	33.3
ND-HERON	NDSU	FALSE	2020	Brookings	BRK	BRK_20	19.2	36.7
ND2710	NDSU	TRUE	2020	Brookings	BRK	BRK_20	18.8	33.3
BACUP	UMN	TRUE	2020	Brookings	BRK	BRK_20	23.1	37.5
WHEATON	UMN	TRUE	2020	Brookings	BRK	BRK_20	43.7	52.5
MT2007	MSU	FALSE	2021	Brookings	BRK	BRK_21	22.7	27.5
MT2013	MSU	FALSE	2021	Brookings	BRK	BRK_21	25.8	37.5
MT2018	MSU	FALSE	2021	Brookings	BRK	BRK_21	25.1	29.2
MT2022	MSU	FALSE	2021	Brookings	BRK	BRK_21	20.8	27.5
NDHRS17DH-0467-056	NDSU	FALSE	2021	Brookings	BRK	BRK_21	24.7	24.2
SD4871	SDSU	FALSE	2021	Brookings	BRK	BRK_21	15.9	22.5
SD4933	SDSU	FALSE	2021	Brookings	BRK	BRK_21	17	18.3
SD4968	SDSU	FALSE	2021	Brookings	BRK	BRK_21	16.8	25.8
SD4976	SDSU	FALSE	2021	Brookings	BRK	BRK_21	20.7	29.2
SD4991	SDSU	FALSE	2021	Brookings	BRK	BRK_21	17.7	15
SD5012	SDSU	FALSE	2021	Brookings	BRK	BRK_21	14.3	24.2
MN17033-1	UMN	FALSE	2021	Brookings	BRK	BRK_21	17.7	21.7
MN17038-5	UMN	FALSE	2021	Brookings	BRK	BRK_21	23.9	23.3
MN17271-1	UMN	FALSE	2021	Brookings	BRK	BRK_21	18.6	22.5
MN17332-2	UMN	FALSE	2021	Brookings	BRK	BRK_21	19.3	21.7
MT1855	MSU	FALSE	2021	Brookings	BRK	BRK_21	29.8	25
NDHRS13-0156-C04	NDSU	FALSE	2021	Brookings	BRK	BRK_21	22.5	31.7
NDHRS13-0177-0001	NDSU	FALSE	2021	Brookings	BRK	BRK_21	17.1	22.5
NDHRS13-0309-B03	NDSU	FALSE	2021	Brookings	BRK	BRK_21	17.5	19.2
NDHRS17-0596-B28	NDSU	FALSE	2021	Brookings	BRK	BRK_21	15.3	20.8
MT1716	MSU	FALSE	2021	Brookings	BRK	BRK_21	22.8	25
ND2710	NDSU	TRUE	2021	Brookings	BRK	BRK_21	13	27.5
BACUP	UMN	TRUE	2021	Brookings	BRK	BRK_21	18.7	28.3
WHEATON	UMN	TRUE	2021	Brookings	BRK	BRK_21	41.3	40
MT21076	MSU	FALSE	2022	Brookings	BRK	BRK_22	20.8	18.3
MT21082	MSU	FALSE	2022	Brookings	BRK	BRK_22	32.7	30
MT21089	MSU	FALSE	2022	Brookings	BRK	BRK_22	22.5	23.3
MT21091	MSU	FALSE	2022	Brookings	BRK	BRK_22	21.7	20
MT21102	MSU	FALSE	2022	Brookings	BRK	BRK_22	25.2	23.3
MT21111	MSU	FALSE	2022	Brookings	BRK	BRK_22	27.3	21.7
SD4893	SDSU	FALSE	2022	Brookings	BRK	BRK_22	21.5	20
SD4924	SDSU	FALSE	2022	Brookings	BRK	BRK_22	29.7	31.7
SD5030	SDSU	FALSE	2022	Brookings	BRK	BRK_22	24.8	21.7
SD5038	SDSU	FALSE	2022	Brookings	BRK	BRK_22	24.8	26.7
SD5051	SDSU	FALSE	2022	Brookings	BRK	BRK_22	22.7	23.3
MN17065-2	UMN	FALSE	2022	Brookings	BRK	BRK_22	21.3	13.3
MN18081-5	UMN	FALSE	2022	Brookings	BRK	BRK_22	22	23.3
MN18163-5	UMN	FALSE	2022	Brookings	BRK	BRK_22	24	18.3
MN18179-4	UMN	FALSE	2022	Brookings	BRK	BRK_22	16.8	20
MN18292-3	UMN	FALSE	2022	Brookings	BRK	BRK_22	23.7	15
NDHRS13-0156-C04	NDSU	FALSE	2022	Brookings	BRK	BRK_22	26.8	28.3
NDHRS13-0177-0001	NDSU	FALSE	2022	Brookings	BRK	BRK_22	22.3	23.3
NDHRS13-0309-B03	NDSU	FALSE	2022	Brookings	BRK	BRK_22	17.3	21.7
NDHRS17-0596-B28	NDSU	FALSE	2022	Brookings	BRK	BRK_22	21.5	23.3
ND2710	NDSU	TRUE	2022	Brookings	BRK	BRK_22	17.5	20
BACUP	UMN	TRUE	2022	Brookings	BRK	BRK_22	23.7	26.7
WHEATON	UMN	TRUE	2022	Brookings	BRK	BRK_22	35.3	35
MT21214	MSU	FALSE	2023	Brookings	BRK	BRK_23	15.5	26.7
MT21222	MSU	FALSE	2023	Brookings	BRK	BRK_23	16.9	25
MT21305	MSU	FALSE	2023	Brookings	BRK	BRK_23	17.1	23.3
MT21352	MSU	FALSE	2023	Brookings	BRK	BRK_23	20.6	27.5
MT21384	MSU	FALSE	2023	Brookings	BRK	BRK_23	23.5	25
NDHRS15-0006-B02	NDSU	FALSE	2023	Brookings	BRK	BRK_23	8.5	15
NDHRS15-0006-C29	NDSU	FALSE	2023	Brookings	BRK	BRK_23	18.3	10
NDHRS15-0037-C52	NDSU	FALSE	2023	Brookings	BRK	BRK_23	14.4	8.3
NDHRS15-0405-C34	NDSU	FALSE	2023	Brookings	BRK	BRK_23	12.5	17.5
NDHRS16RIL-0190-019	NDSU	FALSE	2023	Brookings	BRK	BRK_23	13.6	16.7
SD5101	SDSU	FALSE	2023	Brookings	BRK	BRK_23	15	15
SD5117	SDSU	FALSE	2023	Brookings	BRK	BRK_23	18.1	13.3
SD5127	SDSU	FALSE	2023	Brookings	BRK	BRK_23	13.7	22.5
SD5132	SDSU	FALSE	2023	Brookings	BRK	BRK_23	13.3	9
SD5145	SDSU	FALSE	2023	Brookings	BRK	BRK_23	16.8	15
SD5159	SDSU	FALSE	2023	Brookings	BRK	BRK_23	16.2	13
MN18091-2	UMN	FALSE	2023	Brookings	BRK	BRK_23	15.2	12.3
MN19114-3	UMN	FALSE	2023	Brookings	BRK	BRK_23	14.8	13.5
MN19146-4	UMN	FALSE	2023	Brookings	BRK	BRK_23	9.5	16.7
MN19257-1	UMN	FALSE	2023	Brookings	BRK	BRK_23	12	5
MN20231-2	UMN	FALSE	2023	Brookings	BRK	BRK_23	15.5	9.7
MT21220	MSU	FALSE	2023	Brookings	BRK	BRK_23	13	25
ND2710	NDSU	TRUE	2023	Brookings	BRK	BRK_23	7.5	7.5
BACUP	UMN	TRUE	2023	Brookings	BRK	BRK_23	13	22.5
WHEATON	UMN	TRUE	2023	Brookings	BRK	BRK_23	25.3	58.3
AAC_HODGE	AAFC	FALSE	2024	Brookings	BRK	BRK_24	28.7	35
AAC_SPIKE	AAFC	FALSE	2024	Brookings	BRK	BRK_24	29.8	38.3
AAC_WESTKING	AAFC	FALSE	2024	Brookings	BRK	BRK_24	30.3	33.3
BW5095	AAFC	FALSE	2024	Brookings	BRK	BRK_24	40.2	26.7
HY2136	AAFC	FALSE	2024	Brookings	BRK	BRK_24	42.3	31.7
MT21224	MSU	FALSE	2024	Brookings	BRK	BRK_24	46.5	50
MT22071	MSU	FALSE	2024	Brookings	BRK	BRK_24	38.5	56.7
MT22345	MSU	FALSE	2024	Brookings	BRK	BRK_24	56	58.3
MT22361	MSU	FALSE	2024	Brookings	BRK	BRK_24	44.3	48.3
MT23004	MSU	FALSE	2024	Brookings	BRK	BRK_24	43.3	63.3
MT23297	MSU	FALSE	2024	Brookings	BRK	BRK_24	43.3	40
NDHRS18-0069-B077	NDSU	FALSE	2024	Brookings	BRK	BRK_24	25	26.7
NDHRS18-0105-B080	NDSU	FALSE	2024	Brookings	BRK	BRK_24	17.4	20
NDHRS18-0178-B057	NDSU	FALSE	2024	Brookings	BRK	BRK_24	33	26.7
NDHRS18-0180-B101	NDSU	FALSE	2024	Brookings	BRK	BRK_24	22.4	23.3
NDHRS18-0261-B234	NDSU	FALSE	2024	Brookings	BRK	BRK_24	26.9	35
NDHRS19RIL-0121-212-1	NDSU	FALSE	2024	Brookings	BRK	BRK_24	20.4	30
SD5050	SDSU	FALSE	2024	Brookings	BRK	BRK_24	32.8	35
SD5153	SDSU	FALSE	2024	Brookings	BRK	BRK_24	29	13.3
SD5158	SDSU	FALSE	2024	Brookings	BRK	BRK_24	18.2	25
SD5193	SDSU	FALSE	2024	Brookings	BRK	BRK_24	31.7	23.3
SD5195	SDSU	FALSE	2024	Brookings	BRK	BRK_24	24.1	30
SD5203	SDSU	FALSE	2024	Brookings	BRK	BRK_24	24.1	21.7
SD5223	SDSU	FALSE	2024	Brookings	BRK	BRK_24	23.3	25
MN19342-1	UMN	FALSE	2024	Brookings	BRK	BRK_24	33.5	31.7
MN20080-3	UMN	FALSE	2024	Brookings	BRK	BRK_24	30.3	26.7
MN20081-2	UMN	FALSE	2024	Brookings	BRK	BRK_24	30.8	26.7
MN20171-1	UMN	FALSE	2024	Brookings	BRK	BRK_24	26.5	28.3
MN20172-2	UMN	FALSE	2024	Brookings	BRK	BRK_24	37.5	20
MT21220	MSU	FALSE	2024	Brookings	BRK	BRK_24	43.7	38.3
ND2710	NDSU	TRUE	2024	Brookings	BRK	BRK_24	21.6	31.7
BACUP	UMN	TRUE	2024	Brookings	BRK	BRK_24	38.8	33.3
WHEATON	UMN	TRUE	2024	Brookings	BRK	BRK_24	58.2	61.7
MT9354	MSU	FALSE	1995	Brookings	BRK	BRK_95	70	NA
MT9360	MSU	FALSE	1995	Brookings	BRK	BRK_95	11	NA
INGOT	SDSU	FALSE	1995	Brookings	BRK	BRK_95	12.8	NA
SD8089	SDSU	FALSE	1995	Brookings	BRK	BRK_95	4.7	NA
2398	NDSU	FALSE	1995	Brookings	BRK	BRK_95	82.7	NA
2375	NDSU	TRUE	1995	Brookings	BRK	BRK_95	16.4	NA
WHEATON	UMN	TRUE	1995	Brookings	BRK	BRK_95	79	NA
HY417	AAFC	FALSE	1996	Brookings	BRK	BRK_96	51.4	85
MN94351	UMN	FALSE	1996	Brookings	BRK	BRK_96	6.8	35
MN94382	UMN	FALSE	1996	Brookings	BRK	BRK_96	28.9	25
SCHOLAR	MSU	FALSE	1996	Brookings	BRK	BRK_96	55.5	78
2375	NDSU	TRUE	1996	Brookings	BRK	BRK_96	47.4	75
ND2710	NDSU	TRUE	1996	Brookings	BRK	BRK_96	15.5	15
BACUP	UMN	TRUE	1996	Brookings	BRK	BRK_96	27.1	23
WHEATON	UMN	TRUE	1996	Brookings	BRK	BRK_96	63.8	80
ND691	NDSU	FALSE	1997	Brookings	BRK	BRK_97	54.5	70
PARSHALL	NDSU	FALSE	1997	Brookings	BRK	BRK_97	70	56.7
MN94346	UMN	FALSE	1997	Brookings	BRK	BRK_97	44.8	63.3
MN95124	UMN	FALSE	1997	Brookings	BRK	BRK_97	51.8	50
MN95211	UMN	FALSE	1997	Brookings	BRK	BRK_97	42.2	63.3
SCHOLAR	MSU	FALSE	1997	Brookings	BRK	BRK_97	65.8	68.3
MCVEY	UMN	FALSE	1997	Brookings	BRK	BRK_97	62.7	81.7
D87-240	NDSU	FALSE	1997	Brookings	BRK	BRK_97	75.3	81.7
2375	NDSU	TRUE	1997	Brookings	BRK	BRK_97	66	71.7
ND2710	NDSU	TRUE	1997	Brookings	BRK	BRK_97	18.8	33.3
BACUP	UMN	TRUE	1997	Brookings	BRK	BRK_97	22.8	56.7
WHEATON	UMN	TRUE	1997	Brookings	BRK	BRK_97	78.7	86.7
LANGDON	NDSU	FALSE	1998	Brookings	BRK	BRK_98	77.3	73.3
BRIGGS	SDSU	FALSE	1998	Brookings	BRK	BRK_98	64.3	50
SD3345	SDSU	FALSE	1998	Brookings	BRK	BRK_98	76.7	53.3
MN97237	UMN	FALSE	1998	Brookings	BRK	BRK_98	69.7	56.7
MN97762	UMN	FALSE	1998	Brookings	BRK	BRK_98	78	63.3
MN97847	UMN	FALSE	1998	Brookings	BRK	BRK_98	62	63.3
MCVEY	UMN	FALSE	1998	Brookings	BRK	BRK_98	66.7	60
ND2891	NDSU	FALSE	1998	Brookings	BRK	BRK_98	60	35
2375	NDSU	TRUE	1998	Brookings	BRK	BRK_98	72.7	55
ND2710	NDSU	TRUE	1998	Brookings	BRK	BRK_98	44	45
BACUP	UMN	TRUE	1998	Brookings	BRK	BRK_98	51.7	48.3
WHEATON	UMN	TRUE	1998	Brookings	BRK	BRK_98	87	90
ACBARRIE	AAFC	FALSE	1999	Brookings	BRK	BRK_99	87	50
SD3310	SDSU	FALSE	1999	Brookings	BRK	BRK_99	39	22
SD3407	SDSU	FALSE	1999	Brookings	BRK	BRK_99	56	42
SD3414	SDSU	FALSE	1999	Brookings	BRK	BRK_99	45	32
MN97518	UMN	FALSE	1999	Brookings	BRK	BRK_99	53	40
MN97596	UMN	FALSE	1999	Brookings	BRK	BRK_99	68	55
MN97603	UMN	FALSE	1999	Brookings	BRK	BRK_99	63	48
MN98068	UMN	FALSE	1999	Brookings	BRK	BRK_99	66	47
MN98513	UMN	FALSE	1999	Brookings	BRK	BRK_99	54	42
ND2891	NDSU	FALSE	1999	Brookings	BRK	BRK_99	48	32
2375	NDSU	TRUE	1999	Brookings	BRK	BRK_99	71	50
ND2710	NDSU	TRUE	1999	Brookings	BRK	BRK_99	34	25
BACUP	UMN	TRUE	1999	Brookings	BRK	BRK_99	56	38
WHEATON	UMN	TRUE	1999	Brookings	BRK	BRK_99	84	90
PI182561	SDSU	FALSE	2000	Crookston	CRK	CRK_00	7.8	9.3
PI382161	SDSU	FALSE	2000	Crookston	CRK	CRK_00	5.8	2.7
PI382167	SDSU	FALSE	2000	Crookston	CRK	CRK_00	8	6.9
PI81791	SDSU	FALSE	2000	Crookston	CRK	CRK_00	11.3	5.9
MN97039	UMN	FALSE	2000	Crookston	CRK	CRK_00	25.3	15.7
MN97561	UMN	FALSE	2000	Crookston	CRK	CRK_00	26.7	14
MN98037	UMN	FALSE	2000	Crookston	CRK	CRK_00	17.5	8.7
MN98092	UMN	FALSE	2000	Crookston	CRK	CRK_00	26.8	14
MN98208	UMN	FALSE	2000	Crookston	CRK	CRK_00	34.5	19
MN98389	UMN	FALSE	2000	Crookston	CRK	CRK_00	17.3	11
2375	NDSU	TRUE	2000	Crookston	CRK	CRK_00	33	19
ND2710	NDSU	TRUE	2000	Crookston	CRK	CRK_00	16.7	5.3
BACUP	UMN	TRUE	2000	Crookston	CRK	CRK_00	19.8	8
WHEATON	UMN	TRUE	2000	Crookston	CRK	CRK_00	47.3	50
PI104131	SDSU	FALSE	2001	Crookston	CRK	CRK_01	6.7	5.3
PI185380	SDSU	FALSE	2001	Crookston	CRK	CRK_01	10.3	25.6
PI349478	SDSU	FALSE	2001	Crookston	CRK	CRK_01	2	13
PI382140	SDSU	FALSE	2001	Crookston	CRK	CRK_01	13.6	16
MN99109	UMN	FALSE	2001	Crookston	CRK	CRK_01	11.1	9.3
MN99112	UMN	FALSE	2001	Crookston	CRK	CRK_01	8.9	5.3
MN99126	UMN	FALSE	2001	Crookston	CRK	CRK_01	6.8	9.7
MN99192	UMN	FALSE	2001	Crookston	CRK	CRK_01	5	10
MN99322	UMN	FALSE	2001	Crookston	CRK	CRK_01	17	15
2375	NDSU	TRUE	2001	Crookston	CRK	CRK_01	25.7	38.3
ND2710	NDSU	TRUE	2001	Crookston	CRK	CRK_01	11.8	13
BACUP	UMN	TRUE	2001	Crookston	CRK	CRK_01	5.1	12.7
WHEATON	UMN	TRUE	2001	Crookston	CRK	CRK_01	28.6	50
SD3533	SDSU	FALSE	2002	Crookston	CRK	CRK_02	1.5	10
MN00021	UMN	FALSE	2002	Crookston	CRK	CRK_02	1.8	6
MN00173	UMN	FALSE	2002	Crookston	CRK	CRK_02	0.3	6
MN00274	UMN	FALSE	2002	Crookston	CRK	CRK_02	1.7	4
MN99225	UMN	FALSE	2002	Crookston	CRK	CRK_02	5	4
MN99408	UMN	FALSE	2002	Crookston	CRK	CRK_02	4.5	6
2375	NDSU	TRUE	2002	Crookston	CRK	CRK_02	24.2	15
ND2710	NDSU	TRUE	2002	Crookston	CRK	CRK_02	1.7	2
BACUP	UMN	TRUE	2002	Crookston	CRK	CRK_02	8	4
WHEATON	UMN	TRUE	2002	Crookston	CRK	CRK_02	65.8	40
BUCKAUSTRAL	Argentina	FALSE	2003	Crookston	CRK	CRK_03	57.9	20
KLEINCONDOR	Argentina	FALSE	2003	Crookston	CRK	CRK_03	63.9	20.5
ARTEMOWSKA	Bulgaria	FALSE	2003	Crookston	CRK	CRK_03	34.7	27
ALBIDUM43	Russia	FALSE	2003	Crookston	CRK	CRK_03	37	12.3
SD3746	SDSU	FALSE	2003	Crookston	CRK	CRK_03	62.9	31
STEPNJACHKA	Ukraine	FALSE	2003	Crookston	CRK	CRK_03	37.6	40
MN01116	UMN	FALSE	2003	Crookston	CRK	CRK_03	9.9	4.5
MN01180	UMN	FALSE	2003	Crookston	CRK	CRK_03	6.7	11.3
MN01281	UMN	FALSE	2003	Crookston	CRK	CRK_03	12.1	6.3
MN99433-1	UMN	FALSE	2003	Crookston	CRK	CRK_03	28.5	12
ND03_1-15	NDSU	FALSE	2003	Crookston	CRK	CRK_03	36.9	18.7
ND03_1-9	NDSU	FALSE	2003	Crookston	CRK	CRK_03	28	13
2375	NDSU	TRUE	2003	Crookston	CRK	CRK_03	42.7	21
ND2710	NDSU	TRUE	2003	Crookston	CRK	CRK_03	5.7	3.5
BACUP	UMN	TRUE	2003	Crookston	CRK	CRK_03	30.3	9
WHEATON	UMN	TRUE	2003	Crookston	CRK	CRK_03	69.5	53.7
MN00187-3	UMN	FALSE	2004	Crookston	CRK	CRK_04	2	2.5
MN01164	UMN	FALSE	2004	Crookston	CRK	CRK_04	12	5
MN01NIL84-5-5-15	UMN	FALSE	2004	Crookston	CRK	CRK_04	3.9	6
MN99220-4	UMN	FALSE	2004	Crookston	CRK	CRK_04	10.3333	6
MN99341-2-5	UMN	FALSE	2004	Crookston	CRK	CRK_04	5.36667	8.5
ND03_1-15	NDSU	FALSE	2004	Crookston	CRK	CRK_04	38.9	12
ND03_1-9	NDSU	FALSE	2004	Crookston	CRK	CRK_04	13.4667	6.5
NDSW0345	NDSU	FALSE	2004	Crookston	CRK	CRK_04	41	8
RUGBY	NDSU	TRUE	2004	Crookston	CRK	CRK_04	40.3	22.5
2375	NDSU	TRUE	2004	Crookston	CRK	CRK_04	49.3	12.5
ND2710	NDSU	TRUE	2004	Crookston	CRK	CRK_04	3.56667	4
BACUP	UMN	TRUE	2004	Crookston	CRK	CRK_04	22.7	7.5
WHEATON	UMN	TRUE	2004	Crookston	CRK	CRK_04	81.4667	55
WASKADA	AAFC	FALSE	2006	Crookston	CRK	CRK_06	28.5	16.3333
CROMWELL	UMN	FALSE	2006	Crookston	CRK	CRK_06	10.4667	15
MN02268-A-4	UMN	FALSE	2006	Crookston	CRK	CRK_06	14.9667	31.6667
TOM	UMN	FALSE	2006	Crookston	CRK	CRK_06	17.3333	17.3333
NDSW0430	NDSU	FALSE	2006	Crookston	CRK	CRK_06	16.6333	15.6667
MN00209-3-1	UMN	FALSE	2006	Crookston	CRK	CRK_06	4.36667	7.33333
MN02222-1	UMN	FALSE	2006	Crookston	CRK	CRK_06	6.43333	9
RUGBY	NDSU	TRUE	2006	Crookston	CRK	CRK_06	NA	21.6667
2375	NDSU	TRUE	2006	Crookston	CRK	CRK_06	21.5667	26.6667
ND2710	NDSU	TRUE	2006	Crookston	CRK	CRK_06	3.15	8
BACUP	UMN	TRUE	2006	Crookston	CRK	CRK_06	21.1333	15.6667
WHEATON	UMN	TRUE	2006	Crookston	CRK	CRK_06	65.6667	66.6667
ES101	AAFC	FALSE	2007	Crookston	CRK	CRK_07	77	30
MN03013-3-2	UMN	FALSE	2007	Crookston	CRK	CRK_07	20.5	17.3
MN03191-2-1	UMN	FALSE	2007	Crookston	CRK	CRK_07	45.5	11.7
NDSW0430	NDSU	FALSE	2007	Crookston	CRK	CRK_07	26.2	15
MN00209-3-1	UMN	FALSE	2007	Crookston	CRK	CRK_07	13.4	13
MN02222-1	UMN	FALSE	2007	Crookston	CRK	CRK_07	15.4	10
RUGBY	NDSU	TRUE	2007	Crookston	CRK	CRK_07	71.3	30
BRICK	SDSU	FALSE	2007	Crookston	CRK	CRK_07	10.4	15.7
2375	NDSU	TRUE	2007	Crookston	CRK	CRK_07	38	36.7
ND2710	NDSU	TRUE	2007	Crookston	CRK	CRK_07	4.9	9.3
BACUP	UMN	TRUE	2007	Crookston	CRK	CRK_07	26.4	20
WHEATON	UMN	TRUE	2007	Crookston	CRK	CRK_07	81.2	71.7
SD3942	SDSU	FALSE	2008	Crookston	CRK	CRK_08	29.05	13.5
SD4181	SDSU	FALSE	2008	Crookston	CRK	CRK_08	9.65	10
MN03342-4	UMN	FALSE	2008	Crookston	CRK	CRK_08	6.7	13.5
MN05117-7	UMN	FALSE	2008	Crookston	CRK	CRK_08	18.75	11
MN05149-5	UMN	FALSE	2008	Crookston	CRK	CRK_08	7.4	8
SABIN	UMN	FALSE	2008	Crookston	CRK	CRK_08	22.9	16
RUGBY	NDSU	TRUE	2008	Crookston	CRK	CRK_08	37	40
2375	NDSU	TRUE	2008	Crookston	CRK	CRK_08	37.3	15
ND2710	NDSU	TRUE	2008	Crookston	CRK	CRK_08	18.4	11.5
BACUP	UMN	TRUE	2008	Crookston	CRK	CRK_08	47.45	18.5
WHEATON	UMN	TRUE	2008	Crookston	CRK	CRK_08	65.25	65
FOREFRONT	SDSU	FALSE	2009	Crookston	CRK	CRK_09	5.16666666666667	8
SD4011	SDSU	FALSE	2009	Crookston	CRK	CRK_09	9	11.3333333333333
SD4027	SDSU	FALSE	2009	Crookston	CRK	CRK_09	21.4	25.6666666666667
SELECT	SDSU	FALSE	2009	Crookston	CRK	CRK_09	5.9	10.6666666666667
MN05152-1-1	UMN	FALSE	2009	Crookston	CRK	CRK_09	8.03333333333333	5.33333333333333
MN06049-1-3	UMN	FALSE	2009	Crookston	CRK	CRK_09	5.03333333333333	7.33333333333333
MN06202-3-1	UMN	FALSE	2009	Crookston	CRK	CRK_09	7.53333333333333	11.6666666666667
MN06213-6-2-4	UMN	FALSE	2009	Crookston	CRK	CRK_09	11.6333333333333	8
MN06219-2-2	UMN	FALSE	2009	Crookston	CRK	CRK_09	13.4	10
2375	NDSU	TRUE	2009	Crookston	CRK	CRK_09	16.6666666666667	22.3333333333333
ND2710	NDSU	TRUE	2009	Crookston	CRK	CRK_09	5.03333333333333	9.33333333333333
BACUP	UMN	TRUE	2009	Crookston	CRK	CRK_09	8.63333333333333	16.3333333333333
WHEATON	UMN	TRUE	2009	Crookston	CRK	CRK_09	67.8333333333333	76.6666666666667
MT09SCAB16	MSU	FALSE	2010	Crookston	CRK	CRK_10	75.5	25
MT09SCAB3	MSU	FALSE	2010	Crookston	CRK	CRK_10	44.9	17.5
MT09SCAB5	MSU	FALSE	2010	Crookston	CRK	CRK_10	37.3	21.6667
MT09SCAB9	MSU	FALSE	2010	Crookston	CRK	CRK_10	42.2	30
FN09-17017	SDSU	FALSE	2010	Crookston	CRK	CRK_10	8.8	11.3333
FN09-17210	SDSU	FALSE	2010	Crookston	CRK	CRK_10	7	7.33333
FN09-17213	SDSU	FALSE	2010	Crookston	CRK	CRK_10	7.5	9.33333
FN09-17270	SDSU	FALSE	2010	Crookston	CRK	CRK_10	3.6	8
FN09-17275	SDSU	FALSE	2010	Crookston	CRK	CRK_10	3.5	5.33333
MN06216-6-2-4	UMN	FALSE	2010	Crookston	CRK	CRK_10	7.9	6.66667
MN07049-7-3	UMN	FALSE	2010	Crookston	CRK	CRK_10	8.9	11
MN07183-3	UMN	FALSE	2010	Crookston	CRK	CRK_10	15	11.3333
ALSEN	NDSU	TRUE	2010	Crookston	CRK	CRK_10	24.1	12.3333
2375	NDSU	TRUE	2010	Crookston	CRK	CRK_10	40.3	28.3333
ND2710	NDSU	TRUE	2010	Crookston	CRK	CRK_10	9.4	14
BACUP	UMN	TRUE	2010	Crookston	CRK	CRK_10	10	23
WHEATON	UMN	TRUE	2010	Crookston	CRK	CRK_10	75	52.5
10EXP13-16	NDSU	FALSE	2011	Crookston	CRK	CRK_11	NA	14.3333333333333
10EXP13-24	NDSU	FALSE	2011	Crookston	CRK	CRK_11	NA	9.33333333333333
10EXP13-44	NDSU	FALSE	2011	Crookston	CRK	CRK_11	NA	15.6666666666667
10EXP13-87	NDSU	FALSE	2011	Crookston	CRK	CRK_11	NA	10
10EXPSW13-19	NDSU	FALSE	2011	Crookston	CRK	CRK_11	NA	12.5
10EXPSW13-28	NDSU	FALSE	2011	Crookston	CRK	CRK_11	NA	30
10EXPSW13-9	NDSU	FALSE	2011	Crookston	CRK	CRK_11	NA	15.6666666666667
SD4313	SDSU	FALSE	2011	Crookston	CRK	CRK_11	NA	19
SD4331	SDSU	FALSE	2011	Crookston	CRK	CRK_11	NA	30
SD4337	SDSU	FALSE	2011	Crookston	CRK	CRK_11	NA	14
SD4338	SDSU	FALSE	2011	Crookston	CRK	CRK_11	NA	12.3333333333333
SD4343	SDSU	FALSE	2011	Crookston	CRK	CRK_11	NA	8
MN07057-6-4	UMN	FALSE	2011	Crookston	CRK	CRK_11	NA	8
MN07167W-2-1	UMN	FALSE	2011	Crookston	CRK	CRK_11	NA	8.66666666666667
MN09023	UMN	FALSE	2011	Crookston	CRK	CRK_11	NA	5.33333333333333
MN09092	UMN	FALSE	2011	Crookston	CRK	CRK_11	NA	8
X00009-16	UMN	FALSE	2011	Crookston	CRK	CRK_11	NA	16.6666666666667
BW928	AAFC	FALSE	2011	Crookston	CRK	CRK_11	NA	8
ALSEN	NDSU	TRUE	2011	Crookston	CRK	CRK_11	NA	6
2375	NDSU	TRUE	2011	Crookston	CRK	CRK_11	NA	17.3333333333333
ND2710	NDSU	TRUE	2011	Crookston	CRK	CRK_11	NA	14
BACUP	UMN	TRUE	2011	Crookston	CRK	CRK_11	NA	24
WHEATON	UMN	TRUE	2011	Crookston	CRK	CRK_11	NA	60
11EXP13-105	NDSU	FALSE	2012	Crookston	CRK	CRK_12	12.8	21.6666666666667
11EXP13-107	NDSU	FALSE	2012	Crookston	CRK	CRK_12	25.2	10
11EXP13-43	NDSU	FALSE	2012	Crookston	CRK	CRK_12	19.2333333333333	14.6666666666667
11EXP13-65	NDSU	FALSE	2012	Crookston	CRK	CRK_12	37.4	19
11EXP13-78	NDSU	FALSE	2012	Crookston	CRK	CRK_12	13.8	17.3333333333333
SD4361	SDSU	FALSE	2012	Crookston	CRK	CRK_12	14.7333333333333	14
SD4366	SDSU	FALSE	2012	Crookston	CRK	CRK_12	29.6333333333333	16.3333333333333
SD4388	SDSU	FALSE	2012	Crookston	CRK	CRK_12	28.0333333333333	19
SD4394	SDSU	FALSE	2012	Crookston	CRK	CRK_12	8.83333333333333	11
SD4397	SDSU	FALSE	2012	Crookston	CRK	CRK_12	7.86666666666667	11.5
MN08166	UMN	FALSE	2012	Crookston	CRK	CRK_12	7.3	19
MN08173	UMN	FALSE	2012	Crookston	CRK	CRK_12	21.8	11.6666666666667
MN09027	UMN	FALSE	2012	Crookston	CRK	CRK_12	3.33333333333333	13.3333333333333
MN09071	UMN	FALSE	2012	Crookston	CRK	CRK_12	27.4333333333333	17.3333333333333
MN09121	UMN	FALSE	2012	Crookston	CRK	CRK_12	15.5666666666667	16.3333333333333
BW928	AAFC	FALSE	2012	Crookston	CRK	CRK_12	18.8333333333333	19
ALSEN	NDSU	TRUE	2012	Crookston	CRK	CRK_12	21.9	12
2375	NDSU	TRUE	2012	Crookston	CRK	CRK_12	39.6	46.6666666666667
ND2710	NDSU	TRUE	2012	Crookston	CRK	CRK_12	6	21.3333333333333
BACUP	UMN	TRUE	2012	Crookston	CRK	CRK_12	12.8166666666667	21
WHEATON	UMN	TRUE	2012	Crookston	CRK	CRK_12	71.2833333333333	78.3333333333333
SD4487	SDSU	FALSE	2013	Crookston	CRK	CRK_13	37.9	27.5
SD4518	SDSU	FALSE	2013	Crookston	CRK	CRK_13	40.05	18.5
SD4536	SDSU	FALSE	2013	Crookston	CRK	CRK_13	43.7	18.5
SD4541	SDSU	FALSE	2013	Crookston	CRK	CRK_13	35.9	15
SD4544	SDSU	FALSE	2013	Crookston	CRK	CRK_13	38.9	37.5
MN09157	UMN	FALSE	2013	Crookston	CRK	CRK_13	8.4	5
MN10055	UMN	FALSE	2013	Crookston	CRK	CRK_13	9.2	9
MN10285	UMN	FALSE	2013	Crookston	CRK	CRK_13	4.8	6
MN10362	UMN	FALSE	2013	Crookston	CRK	CRK_13	3.45	5
MN10368	UMN	FALSE	2013	Crookston	CRK	CRK_13	18.55	5
12-14-147	NDSU	FALSE	2013	Crookston	CRK	CRK_13	16.2	15
12-14-158	NDSU	FALSE	2013	Crookston	CRK	CRK_13	28.5	13.5
12-14-172	NDSU	FALSE	2013	Crookston	CRK	CRK_13	22.75	17.5
12-14-97	NDSU	FALSE	2013	Crookston	CRK	CRK_13	20.2	12
ALSEN	NDSU	TRUE	2013	Crookston	CRK	CRK_13	25.8	12.5
2375	NDSU	TRUE	2013	Crookston	CRK	CRK_13	38.35	21
ND2710	NDSU	TRUE	2013	Crookston	CRK	CRK_13	6.5	11
BACUP	UMN	TRUE	2013	Crookston	CRK	CRK_13	18.275	21.75
WHEATON	UMN	TRUE	2013	Crookston	CRK	CRK_13	73.9	67.5
SD4504	SDSU	FALSE	2014	Crookston	CRK	CRK_14	12.3	9
SD4508	SDSU	FALSE	2014	Crookston	CRK	CRK_14	13.4	8
SD4510	SDSU	FALSE	2014	Crookston	CRK	CRK_14	13.5	10
SD4514	SDSU	FALSE	2014	Crookston	CRK	CRK_14	12	12.5
SD4546	SDSU	FALSE	2014	Crookston	CRK	CRK_14	12.35	7
MN10021	UMN	FALSE	2014	Crookston	CRK	CRK_14	2.35	2
MN10388	UMN	FALSE	2014	Crookston	CRK	CRK_14	4.9	8
MN11074	UMN	FALSE	2014	Crookston	CRK	CRK_14	16.9	10
MN11397-1	UMN	FALSE	2014	Crookston	CRK	CRK_14	13.15	7
MN11405	UMN	FALSE	2014	Crookston	CRK	CRK_14	9.3	6
12-14-147	NDSU	FALSE	2014	Crookston	CRK	CRK_14	12.4	12.5
12-14-158	NDSU	FALSE	2014	Crookston	CRK	CRK_14	16.05	12.5
12-14-172	NDSU	FALSE	2014	Crookston	CRK	CRK_14	24.25	12.5
12-14-97	NDSU	FALSE	2014	Crookston	CRK	CRK_14	15.5	11
ALSEN	NDSU	TRUE	2014	Crookston	CRK	CRK_14	15.85	8
2375	NDSU	TRUE	2014	Crookston	CRK	CRK_14	39.35	17
ND2710	NDSU	TRUE	2014	Crookston	CRK	CRK_14	9.25	8
BACUP	UMN	TRUE	2014	Crookston	CRK	CRK_14	13.9	17.75
WHEATON	UMN	TRUE	2014	Crookston	CRK	CRK_14	59.55	46.25
14-13-106	NDSU	FALSE	2015	Crookston	CRK	CRK_15	29.35	6.66666666666667
14-13-135	NDSU	FALSE	2015	Crookston	CRK	CRK_15	9.45	4
14-13-14	NDSU	FALSE	2015	Crookston	CRK	CRK_15	34.45	11.6666666666667
14-13-21	NDSU	FALSE	2015	Crookston	CRK	CRK_15	13.25	6
14-13-97	NDSU	FALSE	2015	Crookston	CRK	CRK_15	28.7	8.66666666666667
SD4559	SDSU	FALSE	2015	Crookston	CRK	CRK_15	34.35	8
SD4582	SDSU	FALSE	2015	Crookston	CRK	CRK_15	11.85	4.66666666666667
SD4595	SDSU	FALSE	2015	Crookston	CRK	CRK_15	33.75	10
SD4605	SDSU	FALSE	2015	Crookston	CRK	CRK_15	41.35	13
SD4607	SDSU	FALSE	2015	Crookston	CRK	CRK_15	42.7	10.6666666666667
MN11326-3	UMN	FALSE	2015	Crookston	CRK	CRK_15	13	6
MN12265-1	UMN	FALSE	2015	Crookston	CRK	CRK_15	33.55	8
MN12307-3	UMN	FALSE	2015	Crookston	CRK	CRK_15	14.95	7.33333333333333
MN12423-5	UMN	FALSE	2015	Crookston	CRK	CRK_15	9.25	5.33333333333333
MN12545-3	UMN	FALSE	2015	Crookston	CRK	CRK_15	15.9	5.33333333333333
ALSEN	NDSU	TRUE	2015	Crookston	CRK	CRK_15	39	6
2375	NDSU	TRUE	2015	Crookston	CRK	CRK_15	52.45	18.3333333333333
ND2710	NDSU	TRUE	2015	Crookston	CRK	CRK_15	9.75	6.66666666666667
BACUP	UMN	TRUE	2015	Crookston	CRK	CRK_15	26.8	10.6666666666667
WHEATON	UMN	TRUE	2015	Crookston	CRK	CRK_15	74.55	56.6666666666667
MT1348	MSU	FALSE	2016	Crookston	CRK	CRK_16	63.35	25
MT1401	MSU	FALSE	2016	Crookston	CRK	CRK_16	41	NA
ND820	NDSU	FALSE	2016	Crookston	CRK	CRK_16	23.25	11
ND822	NDSU	FALSE	2016	Crookston	CRK	CRK_16	37.05	18.5
ND824	NDSU	FALSE	2016	Crookston	CRK	CRK_16	9.3	8
SD4587	SDSU	FALSE	2016	Crookston	CRK	CRK_16	9.9	9
SD4589	SDSU	FALSE	2016	Crookston	CRK	CRK_16	16.65	15
SD4621	SDSU	FALSE	2016	Crookston	CRK	CRK_16	22.1	7
SD4645	SDSU	FALSE	2016	Crookston	CRK	CRK_16	19.5	11
SD4675	SDSU	FALSE	2016	Crookston	CRK	CRK_16	12.65	6
IDO1403S	UIDO	FALSE	2016	Crookston	CRK	CRK_16	61.15	NA
IDO1405S	UIDO	FALSE	2016	Crookston	CRK	CRK_16	95	32.5
IDO1601S	UIDO	FALSE	2016	Crookston	CRK	CRK_16	78.4	15
IDO1603S	UIDO	FALSE	2016	Crookston	CRK	CRK_16	78.25	NA
UISTONE	UIDO	FALSE	2016	Crookston	CRK	CRK_16	47.8	15
LANG-MN	UMN	FALSE	2016	Crookston	CRK	CRK_16	16.85	12.5
MN11394-6	UMN	FALSE	2016	Crookston	CRK	CRK_16	9.75	7
MN13056-7	UMN	FALSE	2016	Crookston	CRK	CRK_16	13.35	9
MN13064-2	UMN	FALSE	2016	Crookston	CRK	CRK_16	18.55	7
MN13515-8	UMN	FALSE	2016	Crookston	CRK	CRK_16	12.1	8
MT1316	MSU	FALSE	2016	Crookston	CRK	CRK_16	20.85	11.5
ND-VITPRO	NDSU	FALSE	2016	Crookston	CRK	CRK_16	16.15	7
ND828	NDSU	FALSE	2016	Crookston	CRK	CRK_16	18.6	6
ALSEN	NDSU	TRUE	2016	Crookston	CRK	CRK_16	23.15	7
2375	NDSU	TRUE	2016	Crookston	CRK	CRK_16	32.9	17.5
ND2710	NDSU	TRUE	2016	Crookston	CRK	CRK_16	10.8	8
BACUP	UMN	TRUE	2016	Crookston	CRK	CRK_16	19.3	14.5
WHEATON	UMN	TRUE	2016	Crookston	CRK	CRK_16	84.55	NA
ND830	NDSU	FALSE	2017	Crookston	CRK	CRK_17	19.95	11
ND833	NDSU	FALSE	2017	Crookston	CRK	CRK_17	24.55	11
NDHRS16-12-19	NDSU	FALSE	2017	Crookston	CRK	CRK_17	40.05	9
NDHRS16-12-31	NDSU	FALSE	2017	Crookston	CRK	CRK_17	16.15	10
NDHRS16-12-52	NDSU	FALSE	2017	Crookston	CRK	CRK_17	17.2	11
SD4691	SDSU	FALSE	2017	Crookston	CRK	CRK_17	9.05	6
SD4705	SDSU	FALSE	2017	Crookston	CRK	CRK_17	12.15	7
SD4710	SDSU	FALSE	2017	Crookston	CRK	CRK_17	11.7	11
SD4724	SDSU	FALSE	2017	Crookston	CRK	CRK_17	18.45	9
SD4741	SDSU	FALSE	2017	Crookston	CRK	CRK_17	21.45	9
MN13304-5	UMN	FALSE	2017	Crookston	CRK	CRK_17	24.5	12
MN14138-4	UMN	FALSE	2017	Crookston	CRK	CRK_17	13.15	6
MN14470-5	UMN	FALSE	2017	Crookston	CRK	CRK_17	20.05	9
MN14669-1	UMN	FALSE	2017	Crookston	CRK	CRK_17	11.95	7
ALSEN	NDSU	TRUE	2017	Crookston	CRK	CRK_17	17.05	10
2375	NDSU	TRUE	2017	Crookston	CRK	CRK_17	26.8	10
ND2710	NDSU	TRUE	2017	Crookston	CRK	CRK_17	9.5	8
BACUP	UMN	TRUE	2017	Crookston	CRK	CRK_17	14.95	13.5
WHEATON	UMN	TRUE	2017	Crookston	CRK	CRK_17	58.6	60
LANNING	MSU	FALSE	2019	Crookston	CRK	CRK_19	33.8	32.5
MT1767	MSU	FALSE	2019	Crookston	CRK	CRK_19	74.9	82.5
VIDA	MSU	FALSE	2019	Crookston	CRK	CRK_19	48.25	38.5
NDHRS14-0136-C06	NDSU	FALSE	2019	Crookston	CRK	CRK_19	40.4	21
NDHRS16-14-36	NDSU	FALSE	2019	Crookston	CRK	CRK_19	31.05	14.5
NDHRS16-16-665	NDSU	FALSE	2019	Crookston	CRK	CRK_19	7.05	8
SD4740	SDSU	FALSE	2019	Crookston	CRK	CRK_19	33.05	12.5
SD4834	SDSU	FALSE	2019	Crookston	CRK	CRK_19	21.15	17.5
SD4859	SDSU	FALSE	2019	Crookston	CRK	CRK_19	20.15	19.5
SD4865	SDSU	FALSE	2019	Crookston	CRK	CRK_19	23.15	20
SD4868	SDSU	FALSE	2019	Crookston	CRK	CRK_19	32.2	18.5
MN15155-2	UMN	FALSE	2019	Crookston	CRK	CRK_19	19.4	11.5
MN16028	UMN	FALSE	2019	Crookston	CRK	CRK_19	35.2	11
MN16040	UMN	FALSE	2019	Crookston	CRK	CRK_19	18.2	11
MN16262-3	UMN	FALSE	2019	Crookston	CRK	CRK_19	15.75	12.5
MN16317-5	UMN	FALSE	2019	Crookston	CRK	CRK_19	3.6	7
MT1621	MSU	FALSE	2019	Crookston	CRK	CRK_19	54.65	42.5
NDHRS13-0170-0004	NDSU	FALSE	2019	Crookston	CRK	CRK_19	29.4	12
MT1716	MSU	FALSE	2019	Crookston	CRK	CRK_19	44.9	32.5
ND-HERON	NDSU	FALSE	2019	Crookston	CRK	CRK_19	24.6	16
ALSEN	NDSU	TRUE	2019	Crookston	CRK	CRK_19	25.15	13.5
ND2710	NDSU	TRUE	2019	Crookston	CRK	CRK_19	10.95	10
BACUP	UMN	TRUE	2019	Crookston	CRK	CRK_19	24.85	10
WHEATON	UMN	TRUE	2019	Crookston	CRK	CRK_19	80.65	85
MT1775	MSU	FALSE	2020	Crookston	CRK	CRK_20	40.2	50
MT1809	MSU	FALSE	2020	Crookston	CRK	CRK_20	21.2	10
MT1866	MSU	FALSE	2020	Crookston	CRK	CRK_20	14.75	9
MT1871	MSU	FALSE	2020	Crookston	CRK	CRK_20	46.7	47.5
MT1872	MSU	FALSE	2020	Crookston	CRK	CRK_20	37.2	35
NDHRS13-0114-C06	NDSU	FALSE	2020	Crookston	CRK	CRK_20	15.15	11.5
NDHRS13-0121-C05	NDSU	FALSE	2020	Crookston	CRK	CRK_20	26.35	8
NDHRS13-0215-C03	NDSU	FALSE	2020	Crookston	CRK	CRK_20	7.9	11
NDHRS13-0318-0003	NDSU	FALSE	2020	Crookston	CRK	CRK_20	17.85	12
SD4848	SDSU	FALSE	2020	Crookston	CRK	CRK_20	15.1	11.5
SD4917	SDSU	FALSE	2020	Crookston	CRK	CRK_20	19.8	6
SD4926	SDSU	FALSE	2020	Crookston	CRK	CRK_20	12.75	6
SD4947	SDSU	FALSE	2020	Crookston	CRK	CRK_20	8.85	11.5
SD4950	SDSU	FALSE	2020	Crookston	CRK	CRK_20	3.85	8
MN16103-1	UMN	FALSE	2020	Crookston	CRK	CRK_20	12.35	8
MN16277-3	UMN	FALSE	2020	Crookston	CRK	CRK_20	13.5	8
MN16340-8	UMN	FALSE	2020	Crookston	CRK	CRK_20	19.3	8
MN16360-1	UMN	FALSE	2020	Crookston	CRK	CRK_20	12	9
MN16408-5	UMN	FALSE	2020	Crookston	CRK	CRK_20	11.35	6
NDHRS13-0170-0004	NDSU	FALSE	2020	Crookston	CRK	CRK_20	15.5	7
MT1855	MSU	FALSE	2020	Crookston	CRK	CRK_20	37.1	20
MT1716	MSU	FALSE	2020	Crookston	CRK	CRK_20	28.15	12.5
ND-HERON	NDSU	FALSE	2020	Crookston	CRK	CRK_20	28.35	11
ALSEN	NDSU	TRUE	2020	Crookston	CRK	CRK_20	16.1	8
ND2710	NDSU	TRUE	2020	Crookston	CRK	CRK_20	7.6	9
BACUP	UMN	TRUE	2020	Crookston	CRK	CRK_20	7.7	9
WHEATON	UMN	TRUE	2020	Crookston	CRK	CRK_20	48.15	80
MT2007	MSU	FALSE	2021	Crookston	CRK	CRK_21	NA	20
MT2013	MSU	FALSE	2021	Crookston	CRK	CRK_21	NA	27.5
MT2018	MSU	FALSE	2021	Crookston	CRK	CRK_21	NA	26
MT2022	MSU	FALSE	2021	Crookston	CRK	CRK_21	NA	16
NDHRS17DH-0467-056	NDSU	FALSE	2021	Crookston	CRK	CRK_21	NA	9
SD4871	SDSU	FALSE	2021	Crookston	CRK	CRK_21	NA	8
SD4933	SDSU	FALSE	2021	Crookston	CRK	CRK_21	NA	5
SD4968	SDSU	FALSE	2021	Crookston	CRK	CRK_21	NA	8
SD4976	SDSU	FALSE	2021	Crookston	CRK	CRK_21	NA	22.5
SD4991	SDSU	FALSE	2021	Crookston	CRK	CRK_21	NA	7
SD5012	SDSU	FALSE	2021	Crookston	CRK	CRK_21	NA	9
MN17033-1	UMN	FALSE	2021	Crookston	CRK	CRK_21	NA	5
MN17038-5	UMN	FALSE	2021	Crookston	CRK	CRK_21	NA	8
MN17271-1	UMN	FALSE	2021	Crookston	CRK	CRK_21	NA	3
MN17332-2	UMN	FALSE	2021	Crookston	CRK	CRK_21	NA	5
MT1855	MSU	FALSE	2021	Crookston	CRK	CRK_21	NA	9
NDHRS13-0156-C04	NDSU	FALSE	2021	Crookston	CRK	CRK_21	NA	11
NDHRS13-0177-0001	NDSU	FALSE	2021	Crookston	CRK	CRK_21	NA	8
NDHRS13-0309-B03	NDSU	FALSE	2021	Crookston	CRK	CRK_21	NA	8
NDHRS17-0596-B28	NDSU	FALSE	2021	Crookston	CRK	CRK_21	NA	9
MT1716	MSU	FALSE	2021	Crookston	CRK	CRK_21	NA	13.5
ALSEN	NDSU	TRUE	2021	Crookston	CRK	CRK_21	NA	11
ND2710	NDSU	TRUE	2021	Crookston	CRK	CRK_21	NA	6
BACUP	UMN	TRUE	2021	Crookston	CRK	CRK_21	NA	8
WHEATON	UMN	TRUE	2021	Crookston	CRK	CRK_21	NA	75
MT21076	MSU	FALSE	2022	Crookston	CRK	CRK_22	42.85	50
MT21082	MSU	FALSE	2022	Crookston	CRK	CRK_22	72.4	14
MT21089	MSU	FALSE	2022	Crookston	CRK	CRK_22	59.7	28
MT21091	MSU	FALSE	2022	Crookston	CRK	CRK_22	40.75	14
MT21102	MSU	FALSE	2022	Crookston	CRK	CRK_22	45.85	37.5
MT21111	MSU	FALSE	2022	Crookston	CRK	CRK_22	39.1	9
SD4893	SDSU	FALSE	2022	Crookston	CRK	CRK_22	19.45	9
SD4924	SDSU	FALSE	2022	Crookston	CRK	CRK_22	19.35	21
SD5030	SDSU	FALSE	2022	Crookston	CRK	CRK_22	31.1	25
SD5038	SDSU	FALSE	2022	Crookston	CRK	CRK_22	38.35	20
SD5051	SDSU	FALSE	2022	Crookston	CRK	CRK_22	31.35	14
MN17065-2	UMN	FALSE	2022	Crookston	CRK	CRK_22	22.15	19
MN18081-5	UMN	FALSE	2022	Crookston	CRK	CRK_22	21.45	16
MN18163-5	UMN	FALSE	2022	Crookston	CRK	CRK_22	15.4	13
MN18179-4	UMN	FALSE	2022	Crookston	CRK	CRK_22	17.5	12.5
MN18292-3	UMN	FALSE	2022	Crookston	CRK	CRK_22	19.45	42.5
NDHRS13-0156-C04	NDSU	FALSE	2022	Crookston	CRK	CRK_22	19.1	11
NDHRS13-0177-0001	NDSU	FALSE	2022	Crookston	CRK	CRK_22	22.6	20
NDHRS13-0309-B03	NDSU	FALSE	2022	Crookston	CRK	CRK_22	18.75	15
NDHRS17-0596-B28	NDSU	FALSE	2022	Crookston	CRK	CRK_22	28	24
ALSEN	NDSU	TRUE	2022	Crookston	CRK	CRK_22	17.35	14
ND2710	NDSU	TRUE	2022	Crookston	CRK	CRK_22	17.1	10.5
BACUP	UMN	TRUE	2022	Crookston	CRK	CRK_22	8.75	12.5
WHEATON	UMN	TRUE	2022	Crookston	CRK	CRK_22	66.25	25
MT21214	MSU	FALSE	2023	Crookston	CRK	CRK_23	NA	35
MT21222	MSU	FALSE	2023	Crookston	CRK	CRK_23	NA	12
MT21305	MSU	FALSE	2023	Crookston	CRK	CRK_23	NA	13.5
MT21352	MSU	FALSE	2023	Crookston	CRK	CRK_23	NA	37.5
MT21384	MSU	FALSE	2023	Crookston	CRK	CRK_23	NA	20
NDHRS15-0006-B02	NDSU	FALSE	2023	Crookston	CRK	CRK_23	NA	9
NDHRS15-0006-C29	NDSU	FALSE	2023	Crookston	CRK	CRK_23	NA	16
NDHRS15-0037-C52	NDSU	FALSE	2023	Crookston	CRK	CRK_23	NA	8
NDHRS15-0405-C34	NDSU	FALSE	2023	Crookston	CRK	CRK_23	NA	11
NDHRS16RIL-0190-019	NDSU	FALSE	2023	Crookston	CRK	CRK_23	NA	9
SD5101	SDSU	FALSE	2023	Crookston	CRK	CRK_23	NA	13.5
SD5117	SDSU	FALSE	2023	Crookston	CRK	CRK_23	NA	13.5
SD5127	SDSU	FALSE	2023	Crookston	CRK	CRK_23	NA	14.5
SD5132	SDSU	FALSE	2023	Crookston	CRK	CRK_23	NA	9
SD5145	SDSU	FALSE	2023	Crookston	CRK	CRK_23	NA	10
SD5159	SDSU	FALSE	2023	Crookston	CRK	CRK_23	NA	9
MN18091-2	UMN	FALSE	2023	Crookston	CRK	CRK_23	NA	13.5
MN19114-3	UMN	FALSE	2023	Crookston	CRK	CRK_23	NA	14.5
MN19146-4	UMN	FALSE	2023	Crookston	CRK	CRK_23	NA	7
MN19257-1	UMN	FALSE	2023	Crookston	CRK	CRK_23	NA	8
MN20231-2	UMN	FALSE	2023	Crookston	CRK	CRK_23	NA	12.5
MT21220	MSU	FALSE	2023	Crookston	CRK	CRK_23	NA	17
ALSEN	NDSU	TRUE	2023	Crookston	CRK	CRK_23	NA	8
ND2710	NDSU	TRUE	2023	Crookston	CRK	CRK_23	NA	8
BACUP	UMN	TRUE	2023	Crookston	CRK	CRK_23	NA	10
WHEATON	UMN	TRUE	2023	Crookston	CRK	CRK_23	NA	70
AAC_HODGE	AAFC	FALSE	2024	Crookston	CRK	CRK_24	45.5	11
AAC_SPIKE	AAFC	FALSE	2024	Crookston	CRK	CRK_24	55.1	50
AAC_WESTKING	AAFC	FALSE	2024	Crookston	CRK	CRK_24	27.4	14.5
BW5095	AAFC	FALSE	2024	Crookston	CRK	CRK_24	23.0666666666667	12
HY2136	AAFC	FALSE	2024	Crookston	CRK	CRK_24	41.6	25
MT21224	MSU	FALSE	2024	Crookston	CRK	CRK_24	65.4	45
MT22071	MSU	FALSE	2024	Crookston	CRK	CRK_24	74.0666666666667	42.5
MT22345	MSU	FALSE	2024	Crookston	CRK	CRK_24	62.9333333333333	35
MT22361	MSU	FALSE	2024	Crookston	CRK	CRK_24	62.6	30
MT23004	MSU	FALSE	2024	Crookston	CRK	CRK_24	72.2333333333333	55
MT23297	MSU	FALSE	2024	Crookston	CRK	CRK_24	48	18.5
NDHRS18-0069-B077	NDSU	FALSE	2024	Crookston	CRK	CRK_24	26.5333333333333	20
NDHRS18-0105-B080	NDSU	FALSE	2024	Crookston	CRK	CRK_24	30.4333333333333	8
NDHRS18-0178-B057	NDSU	FALSE	2024	Crookston	CRK	CRK_24	52.6	20
NDHRS18-0180-B101	NDSU	FALSE	2024	Crookston	CRK	CRK_24	53.8333333333333	11
NDHRS18-0261-B234	NDSU	FALSE	2024	Crookston	CRK	CRK_24	45.3666666666667	30
NDHRS19RIL-0121-212-1	NDSU	FALSE	2024	Crookston	CRK	CRK_24	56.5333333333333	30
SD5050	SDSU	FALSE	2024	Crookston	CRK	CRK_24	65.4333333333333	21
SD5153	SDSU	FALSE	2024	Crookston	CRK	CRK_24	23.8	8
SD5158	SDSU	FALSE	2024	Crookston	CRK	CRK_24	44.3666666666667	17.5
SD5193	SDSU	FALSE	2024	Crookston	CRK	CRK_24	18.6666666666667	12.5
SD5195	SDSU	FALSE	2024	Crookston	CRK	CRK_24	34.1333333333333	12
SD5203	SDSU	FALSE	2024	Crookston	CRK	CRK_24	19.7333333333333	8
SD5223	SDSU	FALSE	2024	Crookston	CRK	CRK_24	29.4333333333333	13.5
MN19342-1	UMN	FALSE	2024	Crookston	CRK	CRK_24	32.3666666666667	14.5
MN20080-3	UMN	FALSE	2024	Crookston	CRK	CRK_24	35.5	10
MN20081-2	UMN	FALSE	2024	Crookston	CRK	CRK_24	26.7333333333333	10
MN20171-1	UMN	FALSE	2024	Crookston	CRK	CRK_24	24.2333333333333	10
MN20172-2	UMN	FALSE	2024	Crookston	CRK	CRK_24	28.1	9
MT21220	MSU	FALSE	2024	Crookston	CRK	CRK_24	45.4	23.5
ALSEN	NDSU	TRUE	2024	Crookston	CRK	CRK_24	31.9	10
ND2710	NDSU	TRUE	2024	Crookston	CRK	CRK_24	19.6	14
BACUP	UMN	TRUE	2024	Crookston	CRK	CRK_24	58.9333333333333	40
WHEATON	UMN	TRUE	2024	Crookston	CRK	CRK_24	71.4	72.5
ACBARRIE	AAFC	FALSE	1999	Crookston	CRK	CRK_99	45	26
SD3310	SDSU	FALSE	1999	Crookston	CRK	CRK_99	18	13
SD3407	SDSU	FALSE	1999	Crookston	CRK	CRK_99	27	18
SD3414	SDSU	FALSE	1999	Crookston	CRK	CRK_99	18	12
MN97518	UMN	FALSE	1999	Crookston	CRK	CRK_99	12	15
MN97596	UMN	FALSE	1999	Crookston	CRK	CRK_99	23	25
MN97603	UMN	FALSE	1999	Crookston	CRK	CRK_99	21	15
MN98068	UMN	FALSE	1999	Crookston	CRK	CRK_99	45	21
MN98513	UMN	FALSE	1999	Crookston	CRK	CRK_99	26	31
ND2891	NDSU	FALSE	1999	Crookston	CRK	CRK_99	28	23
2375	NDSU	TRUE	1999	Crookston	CRK	CRK_99	39	23
ND2710	NDSU	TRUE	1999	Crookston	CRK	CRK_99	13	11
BACUP	UMN	TRUE	1999	Crookston	CRK	CRK_99	43	11
WHEATON	UMN	TRUE	1999	Crookston	CRK	CRK_99	62	50
BW483	AAFC	FALSE	2015	Carrington	CRT	CRT_15	10.325	NA
BW485	AAFC	FALSE	2015	Carrington	CRT	CRT_15	22.3	NA
BW499	AAFC	FALSE	2015	Carrington	CRT	CRT_15	9.9	NA
BW961	AAFC	FALSE	2015	Carrington	CRT	CRT_15	21.85	NA
MT1219	MSU	FALSE	2015	Carrington	CRT	CRT_15	52.55	NA
MT1337	MSU	FALSE	2015	Carrington	CRT	CRT_15	24.85	NA
MT1338	MSU	FALSE	2015	Carrington	CRT	CRT_15	24.25	NA
14-13-106	NDSU	FALSE	2015	Carrington	CRT	CRT_15	16.675	NA
14-13-135	NDSU	FALSE	2015	Carrington	CRT	CRT_15	22.675	NA
14-13-14	NDSU	FALSE	2015	Carrington	CRT	CRT_15	32.375	NA
14-13-21	NDSU	FALSE	2015	Carrington	CRT	CRT_15	25.85	NA
14-13-97	NDSU	FALSE	2015	Carrington	CRT	CRT_15	20.325	NA
SD4559	SDSU	FALSE	2015	Carrington	CRT	CRT_15	11	NA
SD4582	SDSU	FALSE	2015	Carrington	CRT	CRT_15	10	NA
SD4595	SDSU	FALSE	2015	Carrington	CRT	CRT_15	12.975	NA
SD4605	SDSU	FALSE	2015	Carrington	CRT	CRT_15	18.525	NA
SD4607	SDSU	FALSE	2015	Carrington	CRT	CRT_15	10.3	NA
MN11326-3	UMN	FALSE	2015	Carrington	CRT	CRT_15	25.675	NA
MN12265-1	UMN	FALSE	2015	Carrington	CRT	CRT_15	47.6	NA
MN12307-3	UMN	FALSE	2015	Carrington	CRT	CRT_15	23.925	NA
MN12423-5	UMN	FALSE	2015	Carrington	CRT	CRT_15	30.525	NA
MN12545-3	UMN	FALSE	2015	Carrington	CRT	CRT_15	17.425	NA
MT1316	MSU	FALSE	2015	Carrington	CRT	CRT_15	45.125	NA
2375	NDSU	TRUE	2015	Carrington	CRT	CRT_15	29.225	NA
ND2710	NDSU	TRUE	2015	Carrington	CRT	CRT_15	13.675	NA
BACUP	UMN	TRUE	2015	Carrington	CRT	CRT_15	12.5	NA
WHEATON	UMN	TRUE	2015	Carrington	CRT	CRT_15	39.9	NA
MT1775	MSU	FALSE	2020	Fargo	FRG	FRG_20	NA	71.6666667
MT1809	MSU	FALSE	2020	Fargo	FRG	FRG_20	NA	53.3333333
MT1866	MSU	FALSE	2020	Fargo	FRG	FRG_20	NA	50
MT1871	MSU	FALSE	2020	Fargo	FRG	FRG_20	NA	66.6666667
MT1872	MSU	FALSE	2020	Fargo	FRG	FRG_20	NA	73.3333333
NDHRS13-0114-C06	NDSU	FALSE	2020	Fargo	FRG	FRG_20	NA	33.3333333
NDHRS13-0121-C05	NDSU	FALSE	2020	Fargo	FRG	FRG_20	NA	45
NDHRS13-0215-C03	NDSU	FALSE	2020	Fargo	FRG	FRG_20	NA	46.6666667
NDHRS13-0318-0003	NDSU	FALSE	2020	Fargo	FRG	FRG_20	NA	35
SD4848	SDSU	FALSE	2020	Fargo	FRG	FRG_20	NA	31.6666667
SD4917	SDSU	FALSE	2020	Fargo	FRG	FRG_20	NA	23.3333333
SD4926	SDSU	FALSE	2020	Fargo	FRG	FRG_20	NA	30
SD4947	SDSU	FALSE	2020	Fargo	FRG	FRG_20	NA	40
SD4950	SDSU	FALSE	2020	Fargo	FRG	FRG_20	NA	25
MN16103-1	UMN	FALSE	2020	Fargo	FRG	FRG_20	NA	38.3333333
MN16277-3	UMN	FALSE	2020	Fargo	FRG	FRG_20	NA	33.3333333
MN16340-8	UMN	FALSE	2020	Fargo	FRG	FRG_20	NA	36.6666667
MN16360-1	UMN	FALSE	2020	Fargo	FRG	FRG_20	NA	30
MN16408-5	UMN	FALSE	2020	Fargo	FRG	FRG_20	NA	26.6666667
NDHRS13-0170-0004	NDSU	FALSE	2020	Fargo	FRG	FRG_20	NA	30
MT1855	MSU	FALSE	2020	Fargo	FRG	FRG_20	NA	53.3333333
MT1716	MSU	FALSE	2020	Fargo	FRG	FRG_20	NA	45
ND-HERON	NDSU	FALSE	2020	Fargo	FRG	FRG_20	NA	46.6666667
ND2710	NDSU	TRUE	2020	Fargo	FRG	FRG_20	NA	17.5
BACUP	UMN	TRUE	2020	Fargo	FRG	FRG_20	NA	43.3333333
WHEATON	UMN	TRUE	2020	Fargo	FRG	FRG_20	NA	61.6666667
AAC_HODGE	AAFC	FALSE	2024	Fargo	FRG	FRG_24	NA	16.75
AAC_SPIKE	AAFC	FALSE	2024	Fargo	FRG	FRG_24	NA	24.43
AAC_WESTKING	AAFC	FALSE	2024	Fargo	FRG	FRG_24	NA	15.79
BW5095	AAFC	FALSE	2024	Fargo	FRG	FRG_24	NA	12.65
HY2136	AAFC	FALSE	2024	Fargo	FRG	FRG_24	NA	35.81
MT21224	MSU	FALSE	2024	Fargo	FRG	FRG_24	NA	35.23
MT22071	MSU	FALSE	2024	Fargo	FRG	FRG_24	NA	47.68
MT22345	MSU	FALSE	2024	Fargo	FRG	FRG_24	NA	48.02
MT22361	MSU	FALSE	2024	Fargo	FRG	FRG_24	NA	50.91
MT23004	MSU	FALSE	2024	Fargo	FRG	FRG_24	NA	48.07
MT23297	MSU	FALSE	2024	Fargo	FRG	FRG_24	NA	15.11
NDHRS18-0069-B077	NDSU	FALSE	2024	Fargo	FRG	FRG_24	NA	14.68
NDHRS18-0105-B080	NDSU	FALSE	2024	Fargo	FRG	FRG_24	NA	9.13
NDHRS18-0178-B057	NDSU	FALSE	2024	Fargo	FRG	FRG_24	NA	14.2
NDHRS18-0180-B101	NDSU	FALSE	2024	Fargo	FRG	FRG_24	NA	9.89
NDHRS18-0261-B234	NDSU	FALSE	2024	Fargo	FRG	FRG_24	NA	13.42
NDHRS19RIL-0121-212-1	NDSU	FALSE	2024	Fargo	FRG	FRG_24	NA	19.54
SD5050	SDSU	FALSE	2024	Fargo	FRG	FRG_24	NA	14.96
SD5153	SDSU	FALSE	2024	Fargo	FRG	FRG_24	NA	8.9
SD5158	SDSU	FALSE	2024	Fargo	FRG	FRG_24	NA	8.42
SD5193	SDSU	FALSE	2024	Fargo	FRG	FRG_24	NA	19.17
SD5195	SDSU	FALSE	2024	Fargo	FRG	FRG_24	NA	13.32
SD5203	SDSU	FALSE	2024	Fargo	FRG	FRG_24	NA	13.8
SD5223	SDSU	FALSE	2024	Fargo	FRG	FRG_24	NA	17.08
MN19342-1	UMN	FALSE	2024	Fargo	FRG	FRG_24	NA	19.39
MN20080-3	UMN	FALSE	2024	Fargo	FRG	FRG_24	NA	17.68
MN20081-2	UMN	FALSE	2024	Fargo	FRG	FRG_24	NA	25
MN20171-1	UMN	FALSE	2024	Fargo	FRG	FRG_24	NA	10.91
MN20172-2	UMN	FALSE	2024	Fargo	FRG	FRG_24	NA	15.14
MT21220	MSU	FALSE	2024	Fargo	FRG	FRG_24	NA	32.43
ND2710	NDSU	TRUE	2024	Fargo	FRG	FRG_24	NA	10.38
BACUP	UMN	TRUE	2024	Fargo	FRG	FRG_24	NA	20.19
WHEATON	UMN	TRUE	2024	Fargo	FRG	FRG_24	NA	25.87
ACBARRIE	AAFC	FALSE	1999	Fargo	FRG	FRG_99	59	28
SD3310	SDSU	FALSE	1999	Fargo	FRG	FRG_99	67	43
SD3407	SDSU	FALSE	1999	Fargo	FRG	FRG_99	61	30
SD3414	SDSU	FALSE	1999	Fargo	FRG	FRG_99	26	28
MN97518	UMN	FALSE	1999	Fargo	FRG	FRG_99	48	32
MN97596	UMN	FALSE	1999	Fargo	FRG	FRG_99	55	30
MN97603	UMN	FALSE	1999	Fargo	FRG	FRG_99	62	29
MN98068	UMN	FALSE	1999	Fargo	FRG	FRG_99	51	26
MN98513	UMN	FALSE	1999	Fargo	FRG	FRG_99	61	33
ND2891	NDSU	FALSE	1999	Fargo	FRG	FRG_99	69	26
2375	NDSU	TRUE	1999	Fargo	FRG	FRG_99	61	34
ND2710	NDSU	TRUE	1999	Fargo	FRG	FRG_99	68	21
BACUP	UMN	TRUE	1999	Fargo	FRG	FRG_99	42	24
WHEATON	UMN	TRUE	1999	Fargo	FRG	FRG_99	91	74
PI182561	SDSU	FALSE	2000	Glenlea	GLL	GLL_00	16.56	NA
PI382161	SDSU	FALSE	2000	Glenlea	GLL	GLL_00	14.76	NA
PI382167	SDSU	FALSE	2000	Glenlea	GLL	GLL_00	17.34	NA
PI81791	SDSU	FALSE	2000	Glenlea	GLL	GLL_00	20.62	NA
MN97039	UMN	FALSE	2000	Glenlea	GLL	GLL_00	24.25	NA
MN97561	UMN	FALSE	2000	Glenlea	GLL	GLL_00	21.11	NA
MN98037	UMN	FALSE	2000	Glenlea	GLL	GLL_00	16.95	NA
MN98092	UMN	FALSE	2000	Glenlea	GLL	GLL_00	17.54	NA
MN98208	UMN	FALSE	2000	Glenlea	GLL	GLL_00	16.39	NA
MN98389	UMN	FALSE	2000	Glenlea	GLL	GLL_00	12.55	NA
2375	NDSU	TRUE	2000	Glenlea	GLL	GLL_00	20.34	NA
ND2710	NDSU	TRUE	2000	Glenlea	GLL	GLL_00	4.68	NA
BACUP	UMN	TRUE	2000	Glenlea	GLL	GLL_00	12.35	NA
WHEATON	UMN	TRUE	2000	Glenlea	GLL	GLL_00	56.94	NA
PI104131	SDSU	FALSE	2001	Glenlea	GLL	GLL_01	20.8	NA
PI185380	SDSU	FALSE	2001	Glenlea	GLL	GLL_01	26.7	NA
PI349478	SDSU	FALSE	2001	Glenlea	GLL	GLL_01	8.6	NA
PI382140	SDSU	FALSE	2001	Glenlea	GLL	GLL_01	11.3	NA
MN99109	UMN	FALSE	2001	Glenlea	GLL	GLL_01	19	NA
MN99112	UMN	FALSE	2001	Glenlea	GLL	GLL_01	16.3	NA
MN99126	UMN	FALSE	2001	Glenlea	GLL	GLL_01	20.3	NA
MN99192	UMN	FALSE	2001	Glenlea	GLL	GLL_01	17.1	NA
MN99322	UMN	FALSE	2001	Glenlea	GLL	GLL_01	19	NA
2375	NDSU	TRUE	2001	Glenlea	GLL	GLL_01	23.2	NA
ND2710	NDSU	TRUE	2001	Glenlea	GLL	GLL_01	11.3	NA
BACUP	UMN	TRUE	2001	Glenlea	GLL	GLL_01	26	NA
WHEATON	UMN	TRUE	2001	Glenlea	GLL	GLL_01	45.2	NA
PI163429	Argentina	FALSE	2002	Glenlea	GLL	GLL_02	36.5	NA
PI168727	Argentina	FALSE	2002	Glenlea	GLL	GLL_02	44.5	NA
PI345731	Argentina	FALSE	2002	Glenlea	GLL	GLL_02	19	NA
PI185843	Brazil	FALSE	2002	Glenlea	GLL	GLL_02	29.8	NA
PI264940	Greece	FALSE	2002	Glenlea	GLL	GLL_02	36.6	NA
SD3533	SDSU	FALSE	2002	Glenlea	GLL	GLL_02	55.5	NA
MN00021	UMN	FALSE	2002	Glenlea	GLL	GLL_02	30.9	NA
MN00173	UMN	FALSE	2002	Glenlea	GLL	GLL_02	38	NA
MN00274	UMN	FALSE	2002	Glenlea	GLL	GLL_02	10.6	NA
MN99225	UMN	FALSE	2002	Glenlea	GLL	GLL_02	47.9	NA
MN99408	UMN	FALSE	2002	Glenlea	GLL	GLL_02	15.5	NA
2375	NDSU	TRUE	2002	Glenlea	GLL	GLL_02	64.1	NA
ND2710	NDSU	TRUE	2002	Glenlea	GLL	GLL_02	15.3	NA
BACUP	UMN	TRUE	2002	Glenlea	GLL	GLL_02	20.6	NA
WHEATON	UMN	TRUE	2002	Glenlea	GLL	GLL_02	65.6	NA
BUCKAUSTRAL	Argentina	FALSE	2003	Glenlea	GLL	GLL_03	18.8	5.8
KLEINCONDOR	Argentina	FALSE	2003	Glenlea	GLL	GLL_03	50.3	10
ARTEMOWSKA	Bulgaria	FALSE	2003	Glenlea	GLL	GLL_03	33.9	12.7
ALBIDUM43	Russia	FALSE	2003	Glenlea	GLL	GLL_03	41.4	7.7
SD3746	SDSU	FALSE	2003	Glenlea	GLL	GLL_03	30.5	19.5
STEPNJACHKA	Ukraine	FALSE	2003	Glenlea	GLL	GLL_03	33.6	6.2
MN01116	UMN	FALSE	2003	Glenlea	GLL	GLL_03	15.3	3
MN01180	UMN	FALSE	2003	Glenlea	GLL	GLL_03	5.3	6.5
MN01281	UMN	FALSE	2003	Glenlea	GLL	GLL_03	5.7	2.9
MN99433-1	UMN	FALSE	2003	Glenlea	GLL	GLL_03	40.4	7.8
ND03_1-15	NDSU	FALSE	2003	Glenlea	GLL	GLL_03	45.1	12.8
ND03_1-9	NDSU	FALSE	2003	Glenlea	GLL	GLL_03	9.4	8.6
2375	NDSU	TRUE	2003	Glenlea	GLL	GLL_03	23.3	10.6
ND2710	NDSU	TRUE	2003	Glenlea	GLL	GLL_03	1.3	1.6
BACUP	UMN	TRUE	2003	Glenlea	GLL	GLL_03	18	4.2
WHEATON	UMN	TRUE	2003	Glenlea	GLL	GLL_03	65.3	NA
WASKADA	AAFC	FALSE	2006	Glenlea	GLL	GLL_06	33.4375	7.625
CROMWELL	UMN	FALSE	2006	Glenlea	GLL	GLL_06	20.375	5.25
MN02268-A-4	UMN	FALSE	2006	Glenlea	GLL	GLL_06	16.75	5.5
TOM	UMN	FALSE	2006	Glenlea	GLL	GLL_06	NA	8
NDSW0430	NDSU	FALSE	2006	Glenlea	GLL	GLL_06	13.25	10.4375
MN00209-3-1	UMN	FALSE	2006	Glenlea	GLL	GLL_06	9.0625	2.9375
MN02222-1	UMN	FALSE	2006	Glenlea	GLL	GLL_06	6.875	2.375
2375	NDSU	TRUE	2006	Glenlea	GLL	GLL_06	43.8125	16.5625
ND2710	NDSU	TRUE	2006	Glenlea	GLL	GLL_06	NA	13.0625
BACUP	UMN	TRUE	2006	Glenlea	GLL	GLL_06	NA	3.4375
WHEATON	UMN	TRUE	2006	Glenlea	GLL	GLL_06	NA	28.3125
ES101	AAFC	FALSE	2007	Glenlea	GLL	GLL_07	36.25	12.2
MN03013-3-2	UMN	FALSE	2007	Glenlea	GLL	GLL_07	19.625	3.5
MN03191-2-1	UMN	FALSE	2007	Glenlea	GLL	GLL_07	20.75	2.4
NDSW0430	NDSU	FALSE	2007	Glenlea	GLL	GLL_07	15.5	3.3
MN00209-3-1	UMN	FALSE	2007	Glenlea	GLL	GLL_07	12.25	2.1
MN02222-1	UMN	FALSE	2007	Glenlea	GLL	GLL_07	14	1.7
RUGBY	NDSU	TRUE	2007	Glenlea	GLL	GLL_07	46	4.8
BRICK	SDSU	FALSE	2007	Glenlea	GLL	GLL_07	16.625	2.5
2375	NDSU	TRUE	2007	Glenlea	GLL	GLL_07	25.125	7.3
ND2710	NDSU	TRUE	2007	Glenlea	GLL	GLL_07	24.125	1.3
BACUP	UMN	TRUE	2007	Glenlea	GLL	GLL_07	36.5	2.7
WHEATON	UMN	TRUE	2007	Glenlea	GLL	GLL_07	39	17.6
SD3942	SDSU	FALSE	2008	Glenlea	GLL	GLL_08	0.375	1.66666666666667
SD4181	SDSU	FALSE	2008	Glenlea	GLL	GLL_08	1.5625	1.33333333333333
MN03342-4	UMN	FALSE	2008	Glenlea	GLL	GLL_08	1.75	1.54166666666667
MN05117-7	UMN	FALSE	2008	Glenlea	GLL	GLL_08	4.5	2.625
MN05149-5	UMN	FALSE	2008	Glenlea	GLL	GLL_08	0.375	NA
SABIN	UMN	FALSE	2008	Glenlea	GLL	GLL_08	4	2.41666666666667
RUGBY	NDSU	TRUE	2008	Glenlea	GLL	GLL_08	9.0625	5.25
2375	NDSU	TRUE	2008	Glenlea	GLL	GLL_08	10.625	9.91666666666667
ND2710	NDSU	TRUE	2008	Glenlea	GLL	GLL_08	21.5	9.75
BACUP	UMN	TRUE	2008	Glenlea	GLL	GLL_08	0.75	0.791666666666667
WHEATON	UMN	TRUE	2008	Glenlea	GLL	GLL_08	50.6875	32
FOREFRONT	SDSU	FALSE	2009	Glenlea	GLL	GLL_09	15.875	NA
SD4011	SDSU	FALSE	2009	Glenlea	GLL	GLL_09	13.5	NA
SD4027	SDSU	FALSE	2009	Glenlea	GLL	GLL_09	15.125	NA
SELECT	SDSU	FALSE	2009	Glenlea	GLL	GLL_09	18	NA
MN05152-1-1	UMN	FALSE	2009	Glenlea	GLL	GLL_09	10.125	NA
MN06049-1-3	UMN	FALSE	2009	Glenlea	GLL	GLL_09	11.625	NA
MN06202-3-1	UMN	FALSE	2009	Glenlea	GLL	GLL_09	14.0625	NA
MN06213-6-2-4	UMN	FALSE	2009	Glenlea	GLL	GLL_09	12	NA
MN06219-2-2	UMN	FALSE	2009	Glenlea	GLL	GLL_09	7.875	NA
2375	NDSU	TRUE	2009	Glenlea	GLL	GLL_09	15.25	NA
ND2710	NDSU	TRUE	2009	Glenlea	GLL	GLL_09	7.1875	NA
BACUP	UMN	TRUE	2009	Glenlea	GLL	GLL_09	18.9375	NA
WHEATON	UMN	TRUE	2009	Glenlea	GLL	GLL_09	35.375	NA
FN09-17017	SDSU	FALSE	2010	Glenlea	GLL	GLL_10	6.6875	1.95833333333333
FN09-17210	SDSU	FALSE	2010	Glenlea	GLL	GLL_10	6.75	1.66666666666667
FN09-17213	SDSU	FALSE	2010	Glenlea	GLL	GLL_10	1.9375	4.41666666666667
FN09-17270	SDSU	FALSE	2010	Glenlea	GLL	GLL_10	6.1875	2.29166666666667
FN09-17275	SDSU	FALSE	2010	Glenlea	GLL	GLL_10	5.1875	0.916666666666667
MN06216-6-2-4	UMN	FALSE	2010	Glenlea	GLL	GLL_10	12.375	3.91666666666667
MN07049-7-3	UMN	FALSE	2010	Glenlea	GLL	GLL_10	2.5	1.625
MN07183-3	UMN	FALSE	2010	Glenlea	GLL	GLL_10	14.5	4.58333333333333
MN07057-6-4	UMN	FALSE	2011	Glenlea	GLL	GLL_11	1.1875	1.04166666666667
MN07167W-2-1	UMN	FALSE	2011	Glenlea	GLL	GLL_11	3.375	1.29166666666667
MN09023	UMN	FALSE	2011	Glenlea	GLL	GLL_11	4.375	0.666666666666667
MN09092	UMN	FALSE	2011	Glenlea	GLL	GLL_11	1.625	0.833333333333333
X00009-16	UMN	FALSE	2011	Glenlea	GLL	GLL_11	2.0625	0.791666666666667
BW928	AAFC	FALSE	2011	Glenlea	GLL	GLL_11	3.125	2.04166666666667
2375	NDSU	TRUE	2011	Glenlea	GLL	GLL_11	5.25	1.79166666666667
BACUP	UMN	TRUE	2011	Glenlea	GLL	GLL_11	4.3125	0.875
WHEATON	UMN	TRUE	2011	Glenlea	GLL	GLL_11	17.625	7.08333333333333
BW464	AAFC	FALSE	2012	Glenlea	GLL	GLL_12	6.5	1.95833333333333
BW484	AAFC	FALSE	2012	Glenlea	GLL	GLL_12	9.375	4.54166666666667
11EXP13-105	NDSU	FALSE	2012	Glenlea	GLL	GLL_12	3.875	2.45833333333333
11EXP13-107	NDSU	FALSE	2012	Glenlea	GLL	GLL_12	3.25	1.91666666666667
11EXP13-43	NDSU	FALSE	2012	Glenlea	GLL	GLL_12	10.125	4.25
11EXP13-65	NDSU	FALSE	2012	Glenlea	GLL	GLL_12	22.75	7.875
11EXP13-78	NDSU	FALSE	2012	Glenlea	GLL	GLL_12	6.125	2.29166666666667
MN08166	UMN	FALSE	2012	Glenlea	GLL	GLL_12	2.625	2.29166666666667
MN08173	UMN	FALSE	2012	Glenlea	GLL	GLL_12	4.25	3.91666666666667
MN09027	UMN	FALSE	2012	Glenlea	GLL	GLL_12	1.625	2.41666666666667
MN09071	UMN	FALSE	2012	Glenlea	GLL	GLL_12	4	2.5
MN09121	UMN	FALSE	2012	Glenlea	GLL	GLL_12	2	4.08333333333333
BW429	AAFC	FALSE	2012	Glenlea	GLL	GLL_12	5.5625	3.375
BW928	AAFC	FALSE	2012	Glenlea	GLL	GLL_12	5	3.20833333333333
2375	NDSU	TRUE	2012	Glenlea	GLL	GLL_12	13.5	4.91666666666667
ND2710	NDSU	TRUE	2012	Glenlea	GLL	GLL_12	7.5	2.375
BACUP	UMN	TRUE	2012	Glenlea	GLL	GLL_12	6.625	2.08333333333333
WHEATON	UMN	TRUE	2012	Glenlea	GLL	GLL_12	18.125	14.5416666666667
PI182561	SDSU	FALSE	2000	Langdon	LGD	LGD_00	1.1	5.5
PI382161	SDSU	FALSE	2000	Langdon	LGD	LGD_00	0.2	2.5
PI382167	SDSU	FALSE	2000	Langdon	LGD	LGD_00	0	8
PI81791	SDSU	FALSE	2000	Langdon	LGD	LGD_00	0	4.8
MN97039	UMN	FALSE	2000	Langdon	LGD	LGD_00	1.2	7.6
MN97561	UMN	FALSE	2000	Langdon	LGD	LGD_00	3.4	12.1
MN98037	UMN	FALSE	2000	Langdon	LGD	LGD_00	0.9	4.8
MN98092	UMN	FALSE	2000	Langdon	LGD	LGD_00	2.3	13.5
MN98208	UMN	FALSE	2000	Langdon	LGD	LGD_00	2.4	10.8
MN98389	UMN	FALSE	2000	Langdon	LGD	LGD_00	2.9	10
2375	NDSU	TRUE	2000	Langdon	LGD	LGD_00	7.4	13.8
ND2710	NDSU	TRUE	2000	Langdon	LGD	LGD_00	0.4	5
BACUP	UMN	TRUE	2000	Langdon	LGD	LGD_00	2	4
WHEATON	UMN	TRUE	2000	Langdon	LGD	LGD_00	11.6	34.4
PI104131	SDSU	FALSE	2001	Langdon	LGD	LGD_01	1.3	10
PI185380	SDSU	FALSE	2001	Langdon	LGD	LGD_01	4.6	10.3
PI349478	SDSU	FALSE	2001	Langdon	LGD	LGD_01	13.7	12
PI382140	SDSU	FALSE	2001	Langdon	LGD	LGD_01	1.4	6.3
MN99109	UMN	FALSE	2001	Langdon	LGD	LGD_01	7.4	13
MN99112	UMN	FALSE	2001	Langdon	LGD	LGD_01	2.3	6.3
MN99126	UMN	FALSE	2001	Langdon	LGD	LGD_01	2.9	11.7
MN99192	UMN	FALSE	2001	Langdon	LGD	LGD_01	3.7	9.7
MN99322	UMN	FALSE	2001	Langdon	LGD	LGD_01	7.7	15.3
2375	NDSU	TRUE	2001	Langdon	LGD	LGD_01	8.5	15.7
ND2710	NDSU	TRUE	2001	Langdon	LGD	LGD_01	1.9	8.7
BACUP	UMN	TRUE	2001	Langdon	LGD	LGD_01	5.9	14.7
WHEATON	UMN	TRUE	2001	Langdon	LGD	LGD_01	7.8	35.7
PI163429	Argentina	FALSE	2002	Langdon	LGD	LGD_02	1.3	4
PI168727	Argentina	FALSE	2002	Langdon	LGD	LGD_02	1.8	8.7
PI345731	Argentina	FALSE	2002	Langdon	LGD	LGD_02	0.3	8
PI264940	Greece	FALSE	2002	Langdon	LGD	LGD_02	4.1	9.3
SD3533	SDSU	FALSE	2002	Langdon	LGD	LGD_02	4.9	11.3
MN00021	UMN	FALSE	2002	Langdon	LGD	LGD_02	1.5	4.3
MN00173	UMN	FALSE	2002	Langdon	LGD	LGD_02	4.8	4.7
MN00274	UMN	FALSE	2002	Langdon	LGD	LGD_02	0.7	9
MN99225	UMN	FALSE	2002	Langdon	LGD	LGD_02	1.4	5.7
MN99408	UMN	FALSE	2002	Langdon	LGD	LGD_02	5.2	5.7
2375	NDSU	TRUE	2002	Langdon	LGD	LGD_02	8.7	13
ND2710	NDSU	TRUE	2002	Langdon	LGD	LGD_02	0.5	3
BACUP	UMN	TRUE	2002	Langdon	LGD	LGD_02	5.5	7.7
WHEATON	UMN	TRUE	2002	Langdon	LGD	LGD_02	12.7	24.3
BUCKAUSTRAL	Argentina	FALSE	2003	Langdon	LGD	LGD_03	1.6	2.3
KLEINCONDOR	Argentina	FALSE	2003	Langdon	LGD	LGD_03	2.3	3.7
ARTEMOWSKA	Bulgaria	FALSE	2003	Langdon	LGD	LGD_03	0.3	0.7
ALBIDUM43	Russia	FALSE	2003	Langdon	LGD	LGD_03	0.5	1.3
SD3746	SDSU	FALSE	2003	Langdon	LGD	LGD_03	0.7	5.3
STEPNJACHKA	Ukraine	FALSE	2003	Langdon	LGD	LGD_03	0.2	3
MN01116	UMN	FALSE	2003	Langdon	LGD	LGD_03	0.5	0.7
MN01180	UMN	FALSE	2003	Langdon	LGD	LGD_03	0.3	1
MN01281	UMN	FALSE	2003	Langdon	LGD	LGD_03	1.3	1.3
MN99433-1	UMN	FALSE	2003	Langdon	LGD	LGD_03	1.6	3.7
ND03_1-15	NDSU	FALSE	2003	Langdon	LGD	LGD_03	2	3.3
ND03_1-9	NDSU	FALSE	2003	Langdon	LGD	LGD_03	1.9	1.7
2375	NDSU	TRUE	2003	Langdon	LGD	LGD_03	3.1	2.7
ND2710	NDSU	TRUE	2003	Langdon	LGD	LGD_03	0.2	0.7
BACUP	UMN	TRUE	2003	Langdon	LGD	LGD_03	0.4	1
WHEATON	UMN	TRUE	2003	Langdon	LGD	LGD_03	4.6	8.3
MN00187-3	UMN	FALSE	2004	Langdon	LGD	LGD_04	0.7	0.3
MN01164	UMN	FALSE	2004	Langdon	LGD	LGD_04	0.6	0.8
MN01NIL84-5-5-15	UMN	FALSE	2004	Langdon	LGD	LGD_04	0.8	0.7
MN99220-4	UMN	FALSE	2004	Langdon	LGD	LGD_04	1.5	1.2
MN99341-2-5	UMN	FALSE	2004	Langdon	LGD	LGD_04	1.8	1.5
ND03_1-15	NDSU	FALSE	2004	Langdon	LGD	LGD_04	2.4	1.7
ND03_1-9	NDSU	FALSE	2004	Langdon	LGD	LGD_04	1.4	1.2
NDSW0345	NDSU	FALSE	2004	Langdon	LGD	LGD_04	1.6	1.7
RUGBY	NDSU	TRUE	2004	Langdon	LGD	LGD_04	1.6	1.5
2375	NDSU	TRUE	2004	Langdon	LGD	LGD_04	3.1	1.8
ND2710	NDSU	TRUE	2004	Langdon	LGD	LGD_04	0.7	0.8
BACUP	UMN	TRUE	2004	Langdon	LGD	LGD_04	1.4	1
WHEATON	UMN	TRUE	2004	Langdon	LGD	LGD_04	2.2	2.7
NDSW0350	NDSU	FALSE	2005	Langdon	LGD	LGD_05	5.5	5.7
MN01057-3-1	UMN	FALSE	2005	Langdon	LGD	LGD_05	0.7	1
MN01380-2-1	UMN	FALSE	2005	Langdon	LGD	LGD_05	1.9	2.7
MN02051-1	UMN	FALSE	2005	Langdon	LGD	LGD_05	2.7	4
MN02219-1	UMN	FALSE	2005	Langdon	LGD	LGD_05	5.4	3
MN02306-2	UMN	FALSE	2005	Langdon	LGD	LGD_05	5.1	7.3
NDSW0345	NDSU	FALSE	2005	Langdon	LGD	LGD_05	3.3	5
RUGBY	NDSU	TRUE	2005	Langdon	LGD	LGD_05	4.3	5.3
2375	NDSU	TRUE	2005	Langdon	LGD	LGD_05	3.6	7
ND2710	NDSU	TRUE	2005	Langdon	LGD	LGD_05	0.7	2.3
BACUP	UMN	TRUE	2005	Langdon	LGD	LGD_05	2.2	5.7
WHEATON	UMN	TRUE	2005	Langdon	LGD	LGD_05	9.4	10.3
SD3942	SDSU	FALSE	2008	Langdon	LGD	LGD_08	43.9658435314685	20.25
SD4181	SDSU	FALSE	2008	Langdon	LGD	LGD_08	9.56921724109224	10.25
MN03342-4	UMN	FALSE	2008	Langdon	LGD	LGD_08	58.9302069512015	11.75
MN05117-7	UMN	FALSE	2008	Langdon	LGD	LGD_08	59.5752741700594	20.5
MN05149-5	UMN	FALSE	2008	Langdon	LGD	LGD_08	18.6636869625473	10.5
SABIN	UMN	FALSE	2008	Langdon	LGD	LGD_08	54.5712683150183	25.75
RUGBY	NDSU	TRUE	2008	Langdon	LGD	LGD_08	52.1334935897436	42.75
ALSEN	NDSU	TRUE	2008	Langdon	LGD	LGD_08	41.8159881784882	14.25
2375	NDSU	TRUE	2008	Langdon	LGD	LGD_08	37.1883241758242	22.5
ND2710	NDSU	TRUE	2008	Langdon	LGD	LGD_08	25.8436306830424	16
BACUP	UMN	TRUE	2008	Langdon	LGD	LGD_08	31.4844217302306	18
WHEATON	UMN	TRUE	2008	Langdon	LGD	LGD_08	75.9815247252747	45.5
FOREFRONT	SDSU	FALSE	2009	Langdon	LGD	LGD_09	1.4	1.4
SD4011	SDSU	FALSE	2009	Langdon	LGD	LGD_09	2.7	2.8
SD4027	SDSU	FALSE	2009	Langdon	LGD	LGD_09	6.8	2.3
SELECT	SDSU	FALSE	2009	Langdon	LGD	LGD_09	3.4	3.2
MN05152-1-1	UMN	FALSE	2009	Langdon	LGD	LGD_09	2.9	2.4
MN06049-1-3	UMN	FALSE	2009	Langdon	LGD	LGD_09	2.1	1.9
MN06202-3-1	UMN	FALSE	2009	Langdon	LGD	LGD_09	7.5	5
MN06213-6-2-4	UMN	FALSE	2009	Langdon	LGD	LGD_09	8.2	6.2
MN06219-2-2	UMN	FALSE	2009	Langdon	LGD	LGD_09	4.5	4.8
2375	NDSU	TRUE	2009	Langdon	LGD	LGD_09	6.4	4.2
ND2710	NDSU	TRUE	2009	Langdon	LGD	LGD_09	4.8	3.2
BACUP	UMN	TRUE	2009	Langdon	LGD	LGD_09	1.6	3.3
WHEATON	UMN	TRUE	2009	Langdon	LGD	LGD_09	7.9	8.9
MT09SCAB16	MSU	FALSE	2010	Langdon	LGD	LGD_10	25.39	NA
MT09SCAB3	MSU	FALSE	2010	Langdon	LGD	LGD_10	22.37	NA
MT09SCAB5	MSU	FALSE	2010	Langdon	LGD	LGD_10	24.01	NA
MT09SCAB9	MSU	FALSE	2010	Langdon	LGD	LGD_10	21.73	NA
FN09-17017	SDSU	FALSE	2010	Langdon	LGD	LGD_10	5.5	NA
FN09-17210	SDSU	FALSE	2010	Langdon	LGD	LGD_10	7.99	NA
FN09-17213	SDSU	FALSE	2010	Langdon	LGD	LGD_10	6.29	NA
FN09-17270	SDSU	FALSE	2010	Langdon	LGD	LGD_10	4.7	NA
FN09-17275	SDSU	FALSE	2010	Langdon	LGD	LGD_10	2.91	NA
MN06216-6-2-4	UMN	FALSE	2010	Langdon	LGD	LGD_10	16.85	NA
MN07049-7-3	UMN	FALSE	2010	Langdon	LGD	LGD_10	9.46	NA
MN07183-3	UMN	FALSE	2010	Langdon	LGD	LGD_10	19.7	NA
BW928	AAFC	FALSE	2010	Langdon	LGD	LGD_10	16.84	NA
2375	NDSU	TRUE	2010	Langdon	LGD	LGD_10	19.47	NA
ND2710	NDSU	TRUE	2010	Langdon	LGD	LGD_10	5.88	NA
BACUP	UMN	TRUE	2010	Langdon	LGD	LGD_10	13.44	NA
WHEATON	UMN	TRUE	2010	Langdon	LGD	LGD_10	26.24	NA
10EXP13-16	NDSU	FALSE	2011	Langdon	LGD	LGD_11	41.4616687635263	NA
10EXP13-24	NDSU	FALSE	2011	Langdon	LGD	LGD_11	43.7295888665858	NA
10EXP13-44	NDSU	FALSE	2011	Langdon	LGD	LGD_11	38.4525223550959	NA
10EXP13-87	NDSU	FALSE	2011	Langdon	LGD	LGD_11	44.1008403361345	NA
10EXPSW13-19	NDSU	FALSE	2011	Langdon	LGD	LGD_11	63.7414860681115	NA
10EXPSW13-28	NDSU	FALSE	2011	Langdon	LGD	LGD_11	56.6291709666323	NA
10EXPSW13-9	NDSU	FALSE	2011	Langdon	LGD	LGD_11	80.3145424836601	NA
SD4313	SDSU	FALSE	2011	Langdon	LGD	LGD_11	49.5870030704589	NA
SD4331	SDSU	FALSE	2011	Langdon	LGD	LGD_11	52.1939386865857	NA
SD4337	SDSU	FALSE	2011	Langdon	LGD	LGD_11	43.1103939382771	NA
SD4338	SDSU	FALSE	2011	Langdon	LGD	LGD_11	25.7579948646125	NA
SD4343	SDSU	FALSE	2011	Langdon	LGD	LGD_11	20.7691532753452	NA
MN07057-6-4	UMN	FALSE	2011	Langdon	LGD	LGD_11	68.0995718462824	NA
MN07167W-2-1	UMN	FALSE	2011	Langdon	LGD	LGD_11	69.9566776103154	NA
MN09023	UMN	FALSE	2011	Langdon	LGD	LGD_11	49.3469335102462	NA
MN09092	UMN	FALSE	2011	Langdon	LGD	LGD_11	54.7216160065425	NA
X00009-16	UMN	FALSE	2011	Langdon	LGD	LGD_11	56.560292920587	NA
BW429	AAFC	FALSE	2011	Langdon	LGD	LGD_11	69.0071056931545	NA
BW928	AAFC	FALSE	2011	Langdon	LGD	LGD_11	53.431803490627	NA
2375	NDSU	TRUE	2011	Langdon	LGD	LGD_11	59.4649859943978	NA
ND2710	NDSU	TRUE	2011	Langdon	LGD	LGD_11	32.4904429720606	NA
BACUP	UMN	TRUE	2011	Langdon	LGD	LGD_11	72.7289919510314	NA
WHEATON	UMN	TRUE	2011	Langdon	LGD	LGD_11	86.7698228414173	NA
SD4504	SDSU	FALSE	2014	Langdon	LGD	LGD_14	30.0480635435993	NA
SD4508	SDSU	FALSE	2014	Langdon	LGD	LGD_14	22.1180555555556	NA
SD4510	SDSU	FALSE	2014	Langdon	LGD	LGD_14	18.2140980113636	NA
SD4514	SDSU	FALSE	2014	Langdon	LGD	LGD_14	7.28028243686138	NA
SD4546	SDSU	FALSE	2014	Langdon	LGD	LGD_14	32.7483524659864	NA
MN10021	UMN	FALSE	2014	Langdon	LGD	LGD_14	2.69055944055944	NA
MN10388	UMN	FALSE	2014	Langdon	LGD	LGD_14	13.5457390912572	NA
MN11074	UMN	FALSE	2014	Langdon	LGD	LGD_14	27.5627453344353	NA
MN11397-1	UMN	FALSE	2014	Langdon	LGD	LGD_14	13.2585911213598	NA
MN11405	UMN	FALSE	2014	Langdon	LGD	LGD_14	15.9876397852588	NA
12-14-147	NDSU	FALSE	2014	Langdon	LGD	LGD_14	19.7446812893546	NA
12-14-158	NDSU	FALSE	2014	Langdon	LGD	LGD_14	21.6538223984497	NA
12-14-172	NDSU	FALSE	2014	Langdon	LGD	LGD_14	23.4207711285425	NA
12-14-97	NDSU	FALSE	2014	Langdon	LGD	LGD_14	30.8343592497728	NA
2375	NDSU	TRUE	2014	Langdon	LGD	LGD_14	43.487738774897	NA
ND2710	NDSU	TRUE	2014	Langdon	LGD	LGD_14	7.06778273809524	NA
BACUP	UMN	TRUE	2014	Langdon	LGD	LGD_14	44.4076640271493	NA
WHEATON	UMN	TRUE	2014	Langdon	LGD	LGD_14	80.9351307189542	NA
BW483	AAFC	FALSE	2015	Langdon	LGD	LGD_15	47.15	NA
BW485	AAFC	FALSE	2015	Langdon	LGD	LGD_15	44.625	NA
BW499	AAFC	FALSE	2015	Langdon	LGD	LGD_15	33.775	NA
BW961	AAFC	FALSE	2015	Langdon	LGD	LGD_15	47.95	NA
MT1219	MSU	FALSE	2015	Langdon	LGD	LGD_15	81.225	NA
MT1337	MSU	FALSE	2015	Langdon	LGD	LGD_15	84.575	NA
MT1338	MSU	FALSE	2015	Langdon	LGD	LGD_15	73.775	NA
14-13-106	NDSU	FALSE	2015	Langdon	LGD	LGD_15	48.4	NA
14-13-135	NDSU	FALSE	2015	Langdon	LGD	LGD_15	55	NA
14-13-14	NDSU	FALSE	2015	Langdon	LGD	LGD_15	55.675	NA
14-13-21	NDSU	FALSE	2015	Langdon	LGD	LGD_15	52.9	NA
14-13-97	NDSU	FALSE	2015	Langdon	LGD	LGD_15	53.775	NA
SD4559	SDSU	FALSE	2015	Langdon	LGD	LGD_15	42.775	NA
SD4582	SDSU	FALSE	2015	Langdon	LGD	LGD_15	35.825	NA
SD4595	SDSU	FALSE	2015	Langdon	LGD	LGD_15	46.225	NA
SD4605	SDSU	FALSE	2015	Langdon	LGD	LGD_15	45.2	NA
SD4607	SDSU	FALSE	2015	Langdon	LGD	LGD_15	47.25	NA
MN11326-3	UMN	FALSE	2015	Langdon	LGD	LGD_15	43.975	NA
MN12265-1	UMN	FALSE	2015	Langdon	LGD	LGD_15	40.95	NA
MN12307-3	UMN	FALSE	2015	Langdon	LGD	LGD_15	36.125	NA
MN12423-5	UMN	FALSE	2015	Langdon	LGD	LGD_15	42.475	NA
MN12545-3	UMN	FALSE	2015	Langdon	LGD	LGD_15	38.025	NA
MT1316	MSU	FALSE	2015	Langdon	LGD	LGD_15	71.275	NA
2375	NDSU	TRUE	2015	Langdon	LGD	LGD_15	64.25	NA
ND2710	NDSU	TRUE	2015	Langdon	LGD	LGD_15	35.7	NA
BACUP	UMN	TRUE	2015	Langdon	LGD	LGD_15	53.7	NA
WHEATON	UMN	TRUE	2015	Langdon	LGD	LGD_15	89.6	NA
LANNING	MSU	FALSE	2019	Langdon	LGD	LGD_19	NA	65
MT1767	MSU	FALSE	2019	Langdon	LGD	LGD_19	NA	66.6666667
VIDA	MSU	FALSE	2019	Langdon	LGD	LGD_19	NA	58.3333333
NDHRS14-0136-C06	NDSU	FALSE	2019	Langdon	LGD	LGD_19	NA	38.3333333
NDHRS16-14-36	NDSU	FALSE	2019	Langdon	LGD	LGD_19	NA	35
NDHRS16-16-665	NDSU	FALSE	2019	Langdon	LGD	LGD_19	NA	21.6666667
SD4740	SDSU	FALSE	2019	Langdon	LGD	LGD_19	NA	38.3333333
SD4834	SDSU	FALSE	2019	Langdon	LGD	LGD_19	NA	33.3333333
SD4859	SDSU	FALSE	2019	Langdon	LGD	LGD_19	NA	36.6666667
SD4865	SDSU	FALSE	2019	Langdon	LGD	LGD_19	NA	45
SD4868	SDSU	FALSE	2019	Langdon	LGD	LGD_19	NA	41.6666667
MN15155-2	UMN	FALSE	2019	Langdon	LGD	LGD_19	NA	35
MN16028	UMN	FALSE	2019	Langdon	LGD	LGD_19	NA	35
MN16040	UMN	FALSE	2019	Langdon	LGD	LGD_19	NA	40
MN16262-3	UMN	FALSE	2019	Langdon	LGD	LGD_19	NA	43.3333333
MN16317-5	UMN	FALSE	2019	Langdon	LGD	LGD_19	NA	35
MT1621	MSU	FALSE	2019	Langdon	LGD	LGD_19	NA	65
NDHRS13-0170-0004	NDSU	FALSE	2019	Langdon	LGD	LGD_19	NA	28.3333333
MT1716	MSU	FALSE	2019	Langdon	LGD	LGD_19	NA	43.3333333
ND-HERON	NDSU	FALSE	2019	Langdon	LGD	LGD_19	NA	38.3333333
ND2710	NDSU	TRUE	2019	Langdon	LGD	LGD_19	NA	33.3333333
BACUP	UMN	TRUE	2019	Langdon	LGD	LGD_19	NA	43.3333333
WHEATON	UMN	TRUE	2019	Langdon	LGD	LGD_19	NA	61.6666667
MT1775	MSU	FALSE	2020	Langdon	LGD	LGD_20	NA	81.6666667
MT1809	MSU	FALSE	2020	Langdon	LGD	LGD_20	NA	65
MT1866	MSU	FALSE	2020	Langdon	LGD	LGD_20	NA	70
MT1871	MSU	FALSE	2020	Langdon	LGD	LGD_20	NA	80
MT1872	MSU	FALSE	2020	Langdon	LGD	LGD_20	NA	70
NDHRS13-0114-C06	NDSU	FALSE	2020	Langdon	LGD	LGD_20	NA	53.3333333
NDHRS13-0121-C05	NDSU	FALSE	2020	Langdon	LGD	LGD_20	NA	30
NDHRS13-0215-C03	NDSU	FALSE	2020	Langdon	LGD	LGD_20	NA	33.3333333
NDHRS13-0318-0003	NDSU	FALSE	2020	Langdon	LGD	LGD_20	NA	43.3333333
SD4848	SDSU	FALSE	2020	Langdon	LGD	LGD_20	NA	38.3333333
SD4917	SDSU	FALSE	2020	Langdon	LGD	LGD_20	NA	36.6666667
SD4926	SDSU	FALSE	2020	Langdon	LGD	LGD_20	NA	48.3333333
SD4947	SDSU	FALSE	2020	Langdon	LGD	LGD_20	NA	45
SD4950	SDSU	FALSE	2020	Langdon	LGD	LGD_20	NA	25
MN16103-1	UMN	FALSE	2020	Langdon	LGD	LGD_20	NA	32.5
MN16277-3	UMN	FALSE	2020	Langdon	LGD	LGD_20	NA	26.6666667
MN16340-8	UMN	FALSE	2020	Langdon	LGD	LGD_20	NA	53.3333333
MN16360-1	UMN	FALSE	2020	Langdon	LGD	LGD_20	NA	46.6666667
MN16408-5	UMN	FALSE	2020	Langdon	LGD	LGD_20	NA	46.6666667
NDHRS13-0170-0004	NDSU	FALSE	2020	Langdon	LGD	LGD_20	NA	28.3333333
MT1855	MSU	FALSE	2020	Langdon	LGD	LGD_20	NA	65
MT1716	MSU	FALSE	2020	Langdon	LGD	LGD_20	NA	68.3333333
ND-HERON	NDSU	FALSE	2020	Langdon	LGD	LGD_20	NA	32.5
ND2710	NDSU	TRUE	2020	Langdon	LGD	LGD_20	NA	30
BACUP	UMN	TRUE	2020	Langdon	LGD	LGD_20	NA	38.3333333
WHEATON	UMN	TRUE	2020	Langdon	LGD	LGD_20	NA	42.5
MT2007	MSU	FALSE	2021	Langdon	LGD	LGD_21	NA	40
MT2013	MSU	FALSE	2021	Langdon	LGD	LGD_21	NA	50
MT2018	MSU	FALSE	2021	Langdon	LGD	LGD_21	NA	38.3333333
MT2022	MSU	FALSE	2021	Langdon	LGD	LGD_21	NA	35
NDHRS17DH-0467-056	NDSU	FALSE	2021	Langdon	LGD	LGD_21	NA	36.6666667
SD4871	SDSU	FALSE	2021	Langdon	LGD	LGD_21	NA	38.3333333
SD4933	SDSU	FALSE	2021	Langdon	LGD	LGD_21	NA	25
SD4968	SDSU	FALSE	2021	Langdon	LGD	LGD_21	NA	25
SD4976	SDSU	FALSE	2021	Langdon	LGD	LGD_21	NA	38.3333333
SD4991	SDSU	FALSE	2021	Langdon	LGD	LGD_21	NA	25
SD5012	SDSU	FALSE	2021	Langdon	LGD	LGD_21	NA	41.6666667
MN17033-1	UMN	FALSE	2021	Langdon	LGD	LGD_21	NA	31.6666667
MN17038-5	UMN	FALSE	2021	Langdon	LGD	LGD_21	NA	26.6666667
MN17271-1	UMN	FALSE	2021	Langdon	LGD	LGD_21	NA	36.6666667
MN17332-2	UMN	FALSE	2021	Langdon	LGD	LGD_21	NA	35
MT1855	MSU	FALSE	2021	Langdon	LGD	LGD_21	NA	45
NDHRS13-0156-C04	NDSU	FALSE	2021	Langdon	LGD	LGD_21	NA	38.3333333
NDHRS13-0177-0001	NDSU	FALSE	2021	Langdon	LGD	LGD_21	NA	35
NDHRS13-0309-B03	NDSU	FALSE	2021	Langdon	LGD	LGD_21	NA	46.6666667
NDHRS17-0596-B28	NDSU	FALSE	2021	Langdon	LGD	LGD_21	NA	31.6666667
MT1716	MSU	FALSE	2021	Langdon	LGD	LGD_21	NA	38.3333333
ND2710	NDSU	TRUE	2021	Langdon	LGD	LGD_21	NA	35
BACUP	UMN	TRUE	2021	Langdon	LGD	LGD_21	NA	40
WHEATON	UMN	TRUE	2021	Langdon	LGD	LGD_21	NA	30
MT21076	MSU	FALSE	2022	Langdon	LGD	LGD_22	NA	70
MT21082	MSU	FALSE	2022	Langdon	LGD	LGD_22	NA	45
MT21089	MSU	FALSE	2022	Langdon	LGD	LGD_22	NA	43.3333333
MT21091	MSU	FALSE	2022	Langdon	LGD	LGD_22	NA	41.6666667
MT21102	MSU	FALSE	2022	Langdon	LGD	LGD_22	NA	40
MT21111	MSU	FALSE	2022	Langdon	LGD	LGD_22	NA	36.6666667
SD4893	SDSU	FALSE	2022	Langdon	LGD	LGD_22	NA	18.3333333
SD4924	SDSU	FALSE	2022	Langdon	LGD	LGD_22	NA	50
SD5030	SDSU	FALSE	2022	Langdon	LGD	LGD_22	NA	48.3333333
SD5038	SDSU	FALSE	2022	Langdon	LGD	LGD_22	NA	47.5
SD5051	SDSU	FALSE	2022	Langdon	LGD	LGD_22	NA	45
MN17065-2	UMN	FALSE	2022	Langdon	LGD	LGD_22	NA	33.3333333
MN18081-5	UMN	FALSE	2022	Langdon	LGD	LGD_22	NA	35
MN18163-5	UMN	FALSE	2022	Langdon	LGD	LGD_22	NA	30
MN18179-4	UMN	FALSE	2022	Langdon	LGD	LGD_22	NA	32.5
MN18292-3	UMN	FALSE	2022	Langdon	LGD	LGD_22	NA	41.6666667
NDHRS13-0156-C04	NDSU	FALSE	2022	Langdon	LGD	LGD_22	NA	41.6666667
NDHRS13-0177-0001	NDSU	FALSE	2022	Langdon	LGD	LGD_22	NA	21.6666667
NDHRS13-0309-B03	NDSU	FALSE	2022	Langdon	LGD	LGD_22	NA	31.6666667
NDHRS17-0596-B28	NDSU	FALSE	2022	Langdon	LGD	LGD_22	NA	30
ND2710	NDSU	TRUE	2022	Langdon	LGD	LGD_22	NA	27.5
BACUP	UMN	TRUE	2022	Langdon	LGD	LGD_22	NA	38.3333333
WHEATON	UMN	TRUE	2022	Langdon	LGD	LGD_22	NA	45
AAC_HODGE	AAFC	FALSE	2024	Langdon	LGD	LGD_24	NA	48.56
AAC_SPIKE	AAFC	FALSE	2024	Langdon	LGD	LGD_24	NA	48.82
AAC_WESTKING	AAFC	FALSE	2024	Langdon	LGD	LGD_24	NA	35.43
BW5095	AAFC	FALSE	2024	Langdon	LGD	LGD_24	NA	24.1
HY2136	AAFC	FALSE	2024	Langdon	LGD	LGD_24	NA	68.32
MT21224	MSU	FALSE	2024	Langdon	LGD	LGD_24	NA	60.6
MT22071	MSU	FALSE	2024	Langdon	LGD	LGD_24	NA	77.62
MT22345	MSU	FALSE	2024	Langdon	LGD	LGD_24	NA	60.56
MT23297	MSU	FALSE	2024	Langdon	LGD	LGD_24	NA	54.26
NDHRS18-0069-B077	NDSU	FALSE	2024	Langdon	LGD	LGD_24	NA	55.36
NDHRS18-0105-B080	NDSU	FALSE	2024	Langdon	LGD	LGD_24	NA	62.15
NDHRS18-0178-B057	NDSU	FALSE	2024	Langdon	LGD	LGD_24	NA	48.4
NDHRS18-0180-B101	NDSU	FALSE	2024	Langdon	LGD	LGD_24	NA	41.46
NDHRS18-0261-B234	NDSU	FALSE	2024	Langdon	LGD	LGD_24	NA	70.31
NDHRS19RIL-0121-212-1	NDSU	FALSE	2024	Langdon	LGD	LGD_24	NA	93.49
SD5050	SDSU	FALSE	2024	Langdon	LGD	LGD_24	NA	45.68
SD5153	SDSU	FALSE	2024	Langdon	LGD	LGD_24	NA	80.63
SD5158	SDSU	FALSE	2024	Langdon	LGD	LGD_24	NA	27.59
SD5193	SDSU	FALSE	2024	Langdon	LGD	LGD_24	NA	59.09
SD5195	SDSU	FALSE	2024	Langdon	LGD	LGD_24	NA	53.35
SD5223	SDSU	FALSE	2024	Langdon	LGD	LGD_24	NA	75.08
MN19342-1	UMN	FALSE	2024	Langdon	LGD	LGD_24	NA	72.46
MN20080-3	UMN	FALSE	2024	Langdon	LGD	LGD_24	NA	58.33
MN20081-2	UMN	FALSE	2024	Langdon	LGD	LGD_24	NA	45.58
MN20171-1	UMN	FALSE	2024	Langdon	LGD	LGD_24	NA	29.89
MN20172-2	UMN	FALSE	2024	Langdon	LGD	LGD_24	NA	37.3
MT21220	MSU	FALSE	2024	Langdon	LGD	LGD_24	NA	77.09
ND2710	NDSU	TRUE	2024	Langdon	LGD	LGD_24	NA	81.1
BACUP	UMN	TRUE	2024	Langdon	LGD	LGD_24	NA	59.03
MT9354	MSU	FALSE	1995	Langdon	LGD	LGD_95	NA	48.8
MT9360	MSU	FALSE	1995	Langdon	LGD	LGD_95	NA	40
INGOT	SDSU	FALSE	1995	Langdon	LGD	LGD_95	NA	28
FRONTANA	UMN	FALSE	1995	Langdon	LGD	LGD_95	NA	22.7
MN94382	UMN	FALSE	1995	Langdon	LGD	LGD_95	NA	20.3
D87-240	NDSU	FALSE	1995	Langdon	LGD	LGD_95	NA	32.7
2375	NDSU	TRUE	1995	Langdon	LGD	LGD_95	NA	29.8
WHEATON	UMN	TRUE	1995	Langdon	LGD	LGD_95	NA	75.2
HY417	AAFC	FALSE	1996	Langdon	LGD	LGD_96	NA	25.9
MN94351	UMN	FALSE	1996	Langdon	LGD	LGD_96	NA	9.3
MN94382	UMN	FALSE	1996	Langdon	LGD	LGD_96	NA	4.3
SCHOLAR	MSU	FALSE	1996	Langdon	LGD	LGD_96	NA	17.9
D87-240	NDSU	FALSE	1996	Langdon	LGD	LGD_96	NA	5.5
2375	NDSU	TRUE	1996	Langdon	LGD	LGD_96	NA	21.9
ND2710	NDSU	TRUE	1996	Langdon	LGD	LGD_96	NA	4.2
BACUP	UMN	TRUE	1996	Langdon	LGD	LGD_96	NA	17.9
WHEATON	UMN	TRUE	1996	Langdon	LGD	LGD_96	NA	70.6
ND691	NDSU	FALSE	1997	Langdon	LGD	LGD_97	2.1	36.1
PARSHALL	NDSU	FALSE	1997	Langdon	LGD	LGD_97	16.2	31.1
MN94346	UMN	FALSE	1997	Langdon	LGD	LGD_97	8.2	22
MN95124	UMN	FALSE	1997	Langdon	LGD	LGD_97	40.6	28.3
MN95211	UMN	FALSE	1997	Langdon	LGD	LGD_97	75.8	38.8
SCHOLAR	MSU	FALSE	1997	Langdon	LGD	LGD_97	35.5	36.1
MCVEY	UMN	FALSE	1997	Langdon	LGD	LGD_97	0.4	24.4
D87-240	NDSU	FALSE	1997	Langdon	LGD	LGD_97	10.3	44.4
2375	NDSU	TRUE	1997	Langdon	LGD	LGD_97	39.2	35.6
ND2710	NDSU	TRUE	1997	Langdon	LGD	LGD_97	15.6	27.7
BACUP	UMN	TRUE	1997	Langdon	LGD	LGD_97	33.9	46.6
WHEATON	UMN	TRUE	1997	Langdon	LGD	LGD_97	21.3	68.2
LANGDON	NDSU	FALSE	1998	Langdon	LGD	LGD_98	NA	9
BRIGGS	SDSU	FALSE	1998	Langdon	LGD	LGD_98	NA	14.5
SD3345	SDSU	FALSE	1998	Langdon	LGD	LGD_98	NA	10.8
MN97237	UMN	FALSE	1998	Langdon	LGD	LGD_98	NA	8.3
MN97762	UMN	FALSE	1998	Langdon	LGD	LGD_98	NA	10
MN97847	UMN	FALSE	1998	Langdon	LGD	LGD_98	NA	10.8
MCVEY	UMN	FALSE	1998	Langdon	LGD	LGD_98	NA	5.3
ND2891	NDSU	FALSE	1998	Langdon	LGD	LGD_98	NA	3.3
2375	NDSU	TRUE	1998	Langdon	LGD	LGD_98	NA	8.3
ND2710	NDSU	TRUE	1998	Langdon	LGD	LGD_98	NA	3.8
BACUP	UMN	TRUE	1998	Langdon	LGD	LGD_98	NA	4.3
WHEATON	UMN	TRUE	1998	Langdon	LGD	LGD_98	NA	18.3
ND833	NDSU	FALSE	2017	Morden	MRD	MRD_17	36	NA
NDHRS16-12-19	NDSU	FALSE	2017	Morden	MRD	MRD_17	38.25	NA
NDHRS16-12-31	NDSU	FALSE	2017	Morden	MRD	MRD_17	38.25	NA
NDHRS16-12-52	NDSU	FALSE	2017	Morden	MRD	MRD_17	16	NA
MN13304-5	UMN	FALSE	2017	Morden	MRD	MRD_17	20	NA
MN14138-4	UMN	FALSE	2017	Morden	MRD	MRD_17	24	NA
MN14470-5	UMN	FALSE	2017	Morden	MRD	MRD_17	42.5	NA
MN14669-1	UMN	FALSE	2017	Morden	MRD	MRD_17	0.5	NA
MT1673	MSU	FALSE	2018	Morden	MRD	MRD_18	9	NA
NDHRS16-13-13	NDSU	FALSE	2018	Morden	MRD	MRD_18	5.3	NA
NDHRS16-13-89	NDSU	FALSE	2018	Morden	MRD	MRD_18	1.3	NA
NDHRS16-13-97	NDSU	FALSE	2018	Morden	MRD	MRD_18	4.7	NA
NDHRS16-14-12	NDSU	FALSE	2018	Morden	MRD	MRD_18	2.4	NA
NDHRS16-14-91	NDSU	FALSE	2018	Morden	MRD	MRD_18	0.8	NA
MN15008-7	UMN	FALSE	2018	Morden	MRD	MRD_18	1.1	NA
MN15029-8	UMN	FALSE	2018	Morden	MRD	MRD_18	1.1	NA
MN15089-2	UMN	FALSE	2018	Morden	MRD	MRD_18	1.4	NA
MN15219-2	UMN	FALSE	2018	Morden	MRD	MRD_18	2.2	NA
MN15501-4	UMN	FALSE	2018	Morden	MRD	MRD_18	2.1	NA
MT1621	MSU	FALSE	2018	Morden	MRD	MRD_18	18.5	NA
2375	NDSU	TRUE	2018	Morden	MRD	MRD_18	15.8	NA
ND2710	NDSU	TRUE	2018	Morden	MRD	MRD_18	0.5	NA
BACUP	UMN	TRUE	2018	Morden	MRD	MRD_18	1.1	NA
WHEATON	UMN	TRUE	2018	Morden	MRD	MRD_18	27.5	NA
MT1767	MSU	FALSE	2019	Morden	MRD	MRD_19	51.25	NA
NDHRS14-0136-C06	NDSU	FALSE	2019	Morden	MRD	MRD_19	23.5833333333333	NA
NDHRS16-14-36	NDSU	FALSE	2019	Morden	MRD	MRD_19	23.6666666666667	NA
NDHRS16-16-665	NDSU	FALSE	2019	Morden	MRD	MRD_19	5.5	NA
MN15155-2	UMN	FALSE	2019	Morden	MRD	MRD_19	21.0833333333333	NA
MN16028	UMN	FALSE	2019	Morden	MRD	MRD_19	34.4166666666667	NA
MN16040	UMN	FALSE	2019	Morden	MRD	MRD_19	11.3333333333333	NA
MN16262-3	UMN	FALSE	2019	Morden	MRD	MRD_19	14.6666666666667	NA
MN16317-5	UMN	FALSE	2019	Morden	MRD	MRD_19	7.5	NA
MT1621	MSU	FALSE	2019	Morden	MRD	MRD_19	42.7333333333333	NA
NDHRS13-0170-0004	NDSU	FALSE	2019	Morden	MRD	MRD_19	13.4166666666667	NA
ND-HERON	NDSU	FALSE	2019	Morden	MRD	MRD_19	19.0833333333333	NA
ND2710	NDSU	TRUE	2019	Morden	MRD	MRD_19	4.91666666666667	NA
BACUP	UMN	TRUE	2019	Morden	MRD	MRD_19	15.4166666666667	NA
WHEATON	UMN	TRUE	2019	Morden	MRD	MRD_19	70.4166666666667	NA
ND691	NDSU	FALSE	1997	Morden	MRD	MRD_97	37.7	23.3
PARSHALL	NDSU	FALSE	1997	Morden	MRD	MRD_97	38	21.7
MN94346	UMN	FALSE	1997	Morden	MRD	MRD_97	18.9	8.3
MN95124	UMN	FALSE	1997	Morden	MRD	MRD_97	37.4	23.3
MN95211	UMN	FALSE	1997	Morden	MRD	MRD_97	33.1	20
SCHOLAR	MSU	FALSE	1997	Morden	MRD	MRD_97	70.1	38
MCVEY	UMN	FALSE	1997	Morden	MRD	MRD_97	19.3	12
2375	NDSU	TRUE	1997	Morden	MRD	MRD_97	33	19.8
ND2710	NDSU	TRUE	1997	Morden	MRD	MRD_97	7	3
BACUP	UMN	TRUE	1997	Morden	MRD	MRD_97	16.5	12.3
WHEATON	UMN	TRUE	1997	Morden	MRD	MRD_97	77.4	51.3
MT9354	MSU	FALSE	1995	Morris	MRS	MRS_95	38.8	NA
MT9360	MSU	FALSE	1995	Morris	MRS	MRS_95	55.1	NA
INGOT	SDSU	FALSE	1995	Morris	MRS	MRS_95	26	NA
FRONTANA	UMN	FALSE	1995	Morris	MRS	MRS_95	32.5	NA
MN94382	UMN	FALSE	1995	Morris	MRS	MRS_95	43	NA
2375	NDSU	TRUE	1995	Morris	MRS	MRS_95	12.3	NA
WHEATON	UMN	TRUE	1995	Morris	MRS	MRS_95	39.6	NA
HY417	AAFC	FALSE	1996	Morris	MRS	MRS_96	NA	23.7
MN94351	UMN	FALSE	1996	Morris	MRS	MRS_96	NA	12.2
MN94382	UMN	FALSE	1996	Morris	MRS	MRS_96	NA	12.5
SCHOLAR	MSU	FALSE	1996	Morris	MRS	MRS_96	NA	20.7
D87-240	NDSU	FALSE	1996	Morris	MRS	MRS_96	NA	28
2375	NDSU	TRUE	1996	Morris	MRS	MRS_96	NA	18.2
ND2710	NDSU	TRUE	1996	Morris	MRS	MRS_96	NA	6.7
BACUP	UMN	TRUE	1996	Morris	MRS	MRS_96	NA	7
WHEATON	UMN	TRUE	1996	Morris	MRS	MRS_96	NA	39
ND691	NDSU	FALSE	1997	Morris	MRS	MRS_97	26	20
PARSHALL	NDSU	FALSE	1997	Morris	MRS	MRS_97	34	25
MN94346	UMN	FALSE	1997	Morris	MRS	MRS_97	37.1	10
MN95124	UMN	FALSE	1997	Morris	MRS	MRS_97	68	25
MN95211	UMN	FALSE	1997	Morris	MRS	MRS_97	62	25
SCHOLAR	MSU	FALSE	1997	Morris	MRS	MRS_97	62	15
MCVEY	UMN	FALSE	1997	Morris	MRS	MRS_97	50.6	20
D87-240	NDSU	FALSE	1997	Morris	MRS	MRS_97	68	35
2375	NDSU	TRUE	1997	Morris	MRS	MRS_97	37.8	20
ND2710	NDSU	TRUE	1997	Morris	MRS	MRS_97	32	15
BACUP	UMN	TRUE	1997	Morris	MRS	MRS_97	34	10
WHEATON	UMN	TRUE	1997	Morris	MRS	MRS_97	46.8	50
LANGDON	NDSU	FALSE	1998	Morris	MRS	MRS_98	26.3	43.3
BRIGGS	SDSU	FALSE	1998	Morris	MRS	MRS_98	18.1	6.9
SD3345	SDSU	FALSE	1998	Morris	MRS	MRS_98	29.4	7.3
MN97237	UMN	FALSE	1998	Morris	MRS	MRS_98	66	38.3
MN97762	UMN	FALSE	1998	Morris	MRS	MRS_98	47	27.8
MN97847	UMN	FALSE	1998	Morris	MRS	MRS_98	36.4	36.7
MCVEY	UMN	FALSE	1998	Morris	MRS	MRS_98	29.5	30.3
ND2891	NDSU	FALSE	1998	Morris	MRS	MRS_98	24.3	9.2
2375	NDSU	TRUE	1998	Morris	MRS	MRS_98	34.7	13.3
ND2710	NDSU	TRUE	1998	Morris	MRS	MRS_98	14	10.1
BACUP	UMN	TRUE	1998	Morris	MRS	MRS_98	29.5	6.9
WHEATON	UMN	TRUE	1998	Morris	MRS	MRS_98	54.4	47.8
ACBARRIE	AAFC	FALSE	1999	Morris	MRS	MRS_99	35	28
SD3310	SDSU	FALSE	1999	Morris	MRS	MRS_99	28	18
SD3407	SDSU	FALSE	1999	Morris	MRS	MRS_99	32	20
SD3414	SDSU	FALSE	1999	Morris	MRS	MRS_99	23	11
MN97518	UMN	FALSE	1999	Morris	MRS	MRS_99	25	16
MN97596	UMN	FALSE	1999	Morris	MRS	MRS_99	18	25
MN97603	UMN	FALSE	1999	Morris	MRS	MRS_99	15	18
MN98068	UMN	FALSE	1999	Morris	MRS	MRS_99	53	16
MN98513	UMN	FALSE	1999	Morris	MRS	MRS_99	27	35
ND2891	NDSU	FALSE	1999	Morris	MRS	MRS_99	14	10
2375	NDSU	TRUE	1999	Morris	MRS	MRS_99	28	35
ND2710	NDSU	TRUE	1999	Morris	MRS	MRS_99	5	16
BACUP	UMN	TRUE	1999	Morris	MRS	MRS_99	12	11
WHEATON	UMN	TRUE	1999	Morris	MRS	MRS_99	61	50
PI182561	SDSU	FALSE	2000	Prosper	PRP	PRP_00	95	96
PI382161	SDSU	FALSE	2000	Prosper	PRP	PRP_00	64	39
PI382167	SDSU	FALSE	2000	Prosper	PRP	PRP_00	44	38
PI81791	SDSU	FALSE	2000	Prosper	PRP	PRP_00	54	35
MN97039	UMN	FALSE	2000	Prosper	PRP	PRP_00	48	46
MN97561	UMN	FALSE	2000	Prosper	PRP	PRP_00	45	57
MN98037	UMN	FALSE	2000	Prosper	PRP	PRP_00	49	34
MN98092	UMN	FALSE	2000	Prosper	PRP	PRP_00	57	41
MN98208	UMN	FALSE	2000	Prosper	PRP	PRP_00	50	41
MN98389	UMN	FALSE	2000	Prosper	PRP	PRP_00	60	44
2375	NDSU	TRUE	2000	Prosper	PRP	PRP_00	55	40
ND2710	NDSU	TRUE	2000	Prosper	PRP	PRP_00	18	38
BACUP	UMN	TRUE	2000	Prosper	PRP	PRP_00	47	26
WHEATON	UMN	TRUE	2000	Prosper	PRP	PRP_00	89	82
PI104131	SDSU	FALSE	2001	Prosper	PRP	PRP_01	40	10
PI185380	SDSU	FALSE	2001	Prosper	PRP	PRP_01	37	28
PI349478	SDSU	FALSE	2001	Prosper	PRP	PRP_01	8	4
PI382140	SDSU	FALSE	2001	Prosper	PRP	PRP_01	10	24
MN99109	UMN	FALSE	2001	Prosper	PRP	PRP_01	53	12
MN99112	UMN	FALSE	2001	Prosper	PRP	PRP_01	8	15
MN99126	UMN	FALSE	2001	Prosper	PRP	PRP_01	18	8
MN99192	UMN	FALSE	2001	Prosper	PRP	PRP_01	51	12
MN99322	UMN	FALSE	2001	Prosper	PRP	PRP_01	44	18
2375	NDSU	TRUE	2001	Prosper	PRP	PRP_01	17	20
ND2710	NDSU	TRUE	2001	Prosper	PRP	PRP_01	17	4
BACUP	UMN	TRUE	2001	Prosper	PRP	PRP_01	24	10
WHEATON	UMN	TRUE	2001	Prosper	PRP	PRP_01	61	45
PI163429	Argentina	FALSE	2002	Prosper	PRP	PRP_02	NA	50
PI168727	Argentina	FALSE	2002	Prosper	PRP	PRP_02	NA	43.5
PI345731	Argentina	FALSE	2002	Prosper	PRP	PRP_02	NA	57.5
PI185843	Brazil	FALSE	2002	Prosper	PRP	PRP_02	NA	40
PI264940	Greece	FALSE	2002	Prosper	PRP	PRP_02	NA	44
SD3533	SDSU	FALSE	2002	Prosper	PRP	PRP_02	NA	47.5
MN00021	UMN	FALSE	2002	Prosper	PRP	PRP_02	NA	40
MN00173	UMN	FALSE	2002	Prosper	PRP	PRP_02	NA	50
MN00274	UMN	FALSE	2002	Prosper	PRP	PRP_02	NA	30
MN99225	UMN	FALSE	2002	Prosper	PRP	PRP_02	NA	40
MN99408	UMN	FALSE	2002	Prosper	PRP	PRP_02	NA	43.5
2375	NDSU	TRUE	2002	Prosper	PRP	PRP_02	NA	67.5
ND2710	NDSU	TRUE	2002	Prosper	PRP	PRP_02	NA	39
BACUP	UMN	TRUE	2002	Prosper	PRP	PRP_02	NA	45
WHEATON	UMN	TRUE	2002	Prosper	PRP	PRP_02	NA	67.5
MN00187-3	UMN	FALSE	2004	Prosper	PRP	PRP_04	3.16	NA
MN01164	UMN	FALSE	2004	Prosper	PRP	PRP_04	7.5573	NA
MN01NIL84-5-5-15	UMN	FALSE	2004	Prosper	PRP	PRP_04	3.4174	NA
MN99220-4	UMN	FALSE	2004	Prosper	PRP	PRP_04	6.4248	NA
MN99341-2-5	UMN	FALSE	2004	Prosper	PRP	PRP_04	7.9208	NA
ND03_1-15	NDSU	FALSE	2004	Prosper	PRP	PRP_04	36.19	NA
ND03_1-9	NDSU	FALSE	2004	Prosper	PRP	PRP_04	15.3754	NA
NDSW0345	NDSU	FALSE	2004	Prosper	PRP	PRP_04	55.7584	NA
RUGBY	NDSU	TRUE	2004	Prosper	PRP	PRP_04	60.3998	NA
2375	NDSU	TRUE	2004	Prosper	PRP	PRP_04	26.9116	NA
ND2710	NDSU	TRUE	2004	Prosper	PRP	PRP_04	3.09	NA
BACUP	UMN	TRUE	2004	Prosper	PRP	PRP_04	13.2679	NA
WHEATON	UMN	TRUE	2004	Prosper	PRP	PRP_04	81.4475	NA
NDSW0350	NDSU	FALSE	2005	Prosper	PRP	PRP_05	40.2664	9.5
MN01057-3-1	UMN	FALSE	2005	Prosper	PRP	PRP_05	10.0111	1.5
MN01380-2-1	UMN	FALSE	2005	Prosper	PRP	PRP_05	20.6042	7.5
MN02051-1	UMN	FALSE	2005	Prosper	PRP	PRP_05	36.8265	3.25
MN02219-1	UMN	FALSE	2005	Prosper	PRP	PRP_05	9.0167	4.5
MN02306-2	UMN	FALSE	2005	Prosper	PRP	PRP_05	10.562	3
NDSW0345	NDSU	FALSE	2005	Prosper	PRP	PRP_05	28.4071	3.75
RUGBY	NDSU	TRUE	2005	Prosper	PRP	PRP_05	60.2533	16.75
2375	NDSU	TRUE	2005	Prosper	PRP	PRP_05	25.4997	6.25
ND2710	NDSU	TRUE	2005	Prosper	PRP	PRP_05	6.155	2.5
BACUP	UMN	TRUE	2005	Prosper	PRP	PRP_05	37.0364	4
WHEATON	UMN	TRUE	2005	Prosper	PRP	PRP_05	50.83	NA
SD4504	SDSU	FALSE	2014	Prosper	PRP	PRP_14	7.50535714285714	NA
SD4508	SDSU	FALSE	2014	Prosper	PRP	PRP_14	10.9600040064103	NA
SD4510	SDSU	FALSE	2014	Prosper	PRP	PRP_14	14.7871600621601	NA
SD4514	SDSU	FALSE	2014	Prosper	PRP	PRP_14	10.3161706349206	NA
SD4546	SDSU	FALSE	2014	Prosper	PRP	PRP_14	14.2006365740741	NA
MN10021	UMN	FALSE	2014	Prosper	PRP	PRP_14	6.26788003663004	NA
MN10388	UMN	FALSE	2014	Prosper	PRP	PRP_14	10.2669774159664	NA
MN11074	UMN	FALSE	2014	Prosper	PRP	PRP_14	20.4457149621212	NA
MN11397-1	UMN	FALSE	2014	Prosper	PRP	PRP_14	16.0389635854342	NA
MN11405	UMN	FALSE	2014	Prosper	PRP	PRP_14	10.4833333333333	NA
12-14-147	NDSU	FALSE	2014	Prosper	PRP	PRP_14	13.2913253093061	NA
12-14-158	NDSU	FALSE	2014	Prosper	PRP	PRP_14	22.1145461309524	NA
12-14-172	NDSU	FALSE	2014	Prosper	PRP	PRP_14	22.5912393162393	NA
12-14-97	NDSU	FALSE	2014	Prosper	PRP	PRP_14	14.9442883403361	NA
2375	NDSU	TRUE	2014	Prosper	PRP	PRP_14	29.6924039502164	NA
ND2710	NDSU	TRUE	2014	Prosper	PRP	PRP_14	7.97745584772371	NA
BACUP	UMN	TRUE	2014	Prosper	PRP	PRP_14	38.317803030303	NA
WHEATON	UMN	TRUE	2014	Prosper	PRP	PRP_14	56.3277777777778	NA
BW483	AAFC	FALSE	2015	Prosper	PRP	PRP_15	45.625	NA
BW485	AAFC	FALSE	2015	Prosper	PRP	PRP_15	53.425	NA
BW499	AAFC	FALSE	2015	Prosper	PRP	PRP_15	42.075	NA
BW961	AAFC	FALSE	2015	Prosper	PRP	PRP_15	47.375	NA
MT1219	MSU	FALSE	2015	Prosper	PRP	PRP_15	75.95	NA
MT1337	MSU	FALSE	2015	Prosper	PRP	PRP_15	83.625	NA
MT1338	MSU	FALSE	2015	Prosper	PRP	PRP_15	67.95	NA
14-13-106	NDSU	FALSE	2015	Prosper	PRP	PRP_15	49.625	NA
14-13-135	NDSU	FALSE	2015	Prosper	PRP	PRP_15	57.575	NA
14-13-14	NDSU	FALSE	2015	Prosper	PRP	PRP_15	65.625	NA
14-13-21	NDSU	FALSE	2015	Prosper	PRP	PRP_15	49.9	NA
14-13-97	NDSU	FALSE	2015	Prosper	PRP	PRP_15	58.475	NA
SD4559	SDSU	FALSE	2015	Prosper	PRP	PRP_15	32.925	NA
SD4582	SDSU	FALSE	2015	Prosper	PRP	PRP_15	26.6	NA
SD4595	SDSU	FALSE	2015	Prosper	PRP	PRP_15	57.025	NA
SD4605	SDSU	FALSE	2015	Prosper	PRP	PRP_15	54.275	NA
SD4607	SDSU	FALSE	2015	Prosper	PRP	PRP_15	55.5	NA
MN11326-3	UMN	FALSE	2015	Prosper	PRP	PRP_15	40.45	NA
MN12265-1	UMN	FALSE	2015	Prosper	PRP	PRP_15	45.1	NA
MN12307-3	UMN	FALSE	2015	Prosper	PRP	PRP_15	50.6	NA
MN12423-5	UMN	FALSE	2015	Prosper	PRP	PRP_15	48.75	NA
MN12545-3	UMN	FALSE	2015	Prosper	PRP	PRP_15	44.525	NA
MT1316	MSU	FALSE	2015	Prosper	PRP	PRP_15	59.45	NA
2375	NDSU	TRUE	2015	Prosper	PRP	PRP_15	65.05	NA
ND2710	NDSU	TRUE	2015	Prosper	PRP	PRP_15	26.125	NA
BACUP	UMN	TRUE	2015	Prosper	PRP	PRP_15	45.925	NA
WHEATON	UMN	TRUE	2015	Prosper	PRP	PRP_15	75.95	NA
MT1348	MSU	FALSE	2016	Prosper	PRP	PRP_16	81.1319230769231	NA
MT1401	MSU	FALSE	2016	Prosper	PRP	PRP_16	78.0024038461538	NA
ND820	NDSU	FALSE	2016	Prosper	PRP	PRP_16	35.5428581154684	NA
ND822	NDSU	FALSE	2016	Prosper	PRP	PRP_16	27.2305964052288	NA
ND824	NDSU	FALSE	2016	Prosper	PRP	PRP_16	61.0974855617304	NA
SD4587	SDSU	FALSE	2016	Prosper	PRP	PRP_16	57.5545491143317	NA
SD4589	SDSU	FALSE	2016	Prosper	PRP	PRP_16	50.869298245614	NA
SD4621	SDSU	FALSE	2016	Prosper	PRP	PRP_16	79.8940476190476	NA
SD4645	SDSU	FALSE	2016	Prosper	PRP	PRP_16	53.8273268398268	NA
SD4675	SDSU	FALSE	2016	Prosper	PRP	PRP_16	52.1760531135531	NA
IDO1403S	UIDO	FALSE	2016	Prosper	PRP	PRP_16	63.7889705882353	NA
IDO1405S	UIDO	FALSE	2016	Prosper	PRP	PRP_16	45.9799771167048	NA
IDO1601S	UIDO	FALSE	2016	Prosper	PRP	PRP_16	65.1380952380952	NA
IDO1603S	UIDO	FALSE	2016	Prosper	PRP	PRP_16	52.7251461988304	NA
UISTONE	UIDO	FALSE	2016	Prosper	PRP	PRP_16	48.7318082788671	NA
LANG-MN	UMN	FALSE	2016	Prosper	PRP	PRP_16	89.292297979798	NA
MN11394-6	UMN	FALSE	2016	Prosper	PRP	PRP_16	83.35	NA
MN13056-7	UMN	FALSE	2016	Prosper	PRP	PRP_16	91.5508302005013	NA
MN13064-2	UMN	FALSE	2016	Prosper	PRP	PRP_16	94.3612498612499	NA
MN13515-8	UMN	FALSE	2016	Prosper	PRP	PRP_16	40.0238095238095	NA
MT1316	MSU	FALSE	2016	Prosper	PRP	PRP_16	77.2478827913279	NA
ND-VITPRO	NDSU	FALSE	2016	Prosper	PRP	PRP_16	30.6894444444444	NA
ND828	NDSU	FALSE	2016	Prosper	PRP	PRP_16	67.7287704555506	NA
2375	NDSU	TRUE	2016	Prosper	PRP	PRP_16	79.81875	NA
ND2710	NDSU	TRUE	2016	Prosper	PRP	PRP_16	56.6018382352941	NA
BACUP	UMN	TRUE	2016	Prosper	PRP	PRP_16	67.8211750711751	NA
WHEATON	UMN	TRUE	2016	Prosper	PRP	PRP_16	43.8686038011696	NA
ND830	NDSU	FALSE	2017	Prosper	PRP	PRP_17	23.6666667	NA
ND833	NDSU	FALSE	2017	Prosper	PRP	PRP_17	15.6666667	NA
NDHRS16-12-19	NDSU	FALSE	2017	Prosper	PRP	PRP_17	36	NA
NDHRS16-12-31	NDSU	FALSE	2017	Prosper	PRP	PRP_17	10	NA
NDHRS16-12-52	NDSU	FALSE	2017	Prosper	PRP	PRP_17	38	NA
SD4691	SDSU	FALSE	2017	Prosper	PRP	PRP_17	16.6666667	NA
SD4705	SDSU	FALSE	2017	Prosper	PRP	PRP_17	14.6666667	NA
SD4710	SDSU	FALSE	2017	Prosper	PRP	PRP_17	27	NA
SD4724	SDSU	FALSE	2017	Prosper	PRP	PRP_17	10.6666667	NA
SD4741	SDSU	FALSE	2017	Prosper	PRP	PRP_17	19	NA
MN13304-5	UMN	FALSE	2017	Prosper	PRP	PRP_17	41.6666667	NA
MN14138-4	UMN	FALSE	2017	Prosper	PRP	PRP_17	47.6666667	NA
MN14470-5	UMN	FALSE	2017	Prosper	PRP	PRP_17	8.6666667	NA
MN14669-1	UMN	FALSE	2017	Prosper	PRP	PRP_17	54.6666667	NA
2398	NDSU	FALSE	2017	Prosper	PRP	PRP_17	51.75	NA
2375	NDSU	TRUE	2017	Prosper	PRP	PRP_17	18.6666667	NA
ND2710	NDSU	TRUE	2017	Prosper	PRP	PRP_17	12.8333333	NA
BACUP	UMN	TRUE	2017	Prosper	PRP	PRP_17	31.6666667	NA
WHEATON	UMN	TRUE	2017	Prosper	PRP	PRP_17	58.6666667	NA
MT1673	MSU	FALSE	2018	Prosper	PRP	PRP_18	NA	40
NDHRS16-13-13	NDSU	FALSE	2018	Prosper	PRP	PRP_18	NA	35
NDHRS16-13-89	NDSU	FALSE	2018	Prosper	PRP	PRP_18	NA	10
NDHRS16-13-97	NDSU	FALSE	2018	Prosper	PRP	PRP_18	NA	15
NDHRS16-14-12	NDSU	FALSE	2018	Prosper	PRP	PRP_18	NA	35
NDHRS16-14-91	NDSU	FALSE	2018	Prosper	PRP	PRP_18	NA	15
SD4756	SDSU	FALSE	2018	Prosper	PRP	PRP_18	NA	10
SD4758	SDSU	FALSE	2018	Prosper	PRP	PRP_18	NA	50
SD4787	SDSU	FALSE	2018	Prosper	PRP	PRP_18	NA	10
SD4819	SDSU	FALSE	2018	Prosper	PRP	PRP_18	NA	10
SD4822	SDSU	FALSE	2018	Prosper	PRP	PRP_18	NA	25
MN15008-7	UMN	FALSE	2018	Prosper	PRP	PRP_18	NA	10
MN15029-8	UMN	FALSE	2018	Prosper	PRP	PRP_18	NA	15
MN15089-2	UMN	FALSE	2018	Prosper	PRP	PRP_18	NA	15
MN15219-2	UMN	FALSE	2018	Prosper	PRP	PRP_18	NA	15
MN15501-4	UMN	FALSE	2018	Prosper	PRP	PRP_18	NA	20
MT1621	MSU	FALSE	2018	Prosper	PRP	PRP_18	NA	30
2375	NDSU	TRUE	2018	Prosper	PRP	PRP_18	NA	45
ND2710	NDSU	TRUE	2018	Prosper	PRP	PRP_18	NA	10
BACUP	UMN	TRUE	2018	Prosper	PRP	PRP_18	NA	15
WHEATON	UMN	TRUE	2018	Prosper	PRP	PRP_18	NA	40
LANNING	MSU	FALSE	2019	Prosper	PRP	PRP_19	63.63	60
MT1767	MSU	FALSE	2019	Prosper	PRP	PRP_19	71.2633333	81.6666667
VIDA	MSU	FALSE	2019	Prosper	PRP	PRP_19	53.79	70
NDHRS14-0136-C06	NDSU	FALSE	2019	Prosper	PRP	PRP_19	53.0466667	56.6666667
NDHRS16-14-36	NDSU	FALSE	2019	Prosper	PRP	PRP_19	50.8666667	46.6666667
NDHRS16-16-665	NDSU	FALSE	2019	Prosper	PRP	PRP_19	36.02	38.3333333
SD4740	SDSU	FALSE	2019	Prosper	PRP	PRP_19	46.6366667	53.3333333
SD4834	SDSU	FALSE	2019	Prosper	PRP	PRP_19	35.8266667	53.3333333
SD4859	SDSU	FALSE	2019	Prosper	PRP	PRP_19	44.5233333	61.6666667
SD4865	SDSU	FALSE	2019	Prosper	PRP	PRP_19	45.5433333	50
SD4868	SDSU	FALSE	2019	Prosper	PRP	PRP_19	46.1033333	48.3333333
MN15155-2	UMN	FALSE	2019	Prosper	PRP	PRP_19	38.1166667	41.6666667
MN16028	UMN	FALSE	2019	Prosper	PRP	PRP_19	52.6666667	41.6666667
MN16040	UMN	FALSE	2019	Prosper	PRP	PRP_19	33.93	46.6666667
MN16262-3	UMN	FALSE	2019	Prosper	PRP	PRP_19	44.7833333	51.6666667
MN16317-5	UMN	FALSE	2019	Prosper	PRP	PRP_19	36.7133333	46.6666667
MT1621	MSU	FALSE	2019	Prosper	PRP	PRP_19	61.3566667	60
NDHRS13-0170-0004	NDSU	FALSE	2019	Prosper	PRP	PRP_19	51.6966667	45
MT1716	MSU	FALSE	2019	Prosper	PRP	PRP_19	53.1666667	55
ND-HERON	NDSU	FALSE	2019	Prosper	PRP	PRP_19	46.08	45
ND2710	NDSU	TRUE	2019	Prosper	PRP	PRP_19	15.523	56.6666667
BACUP	UMN	TRUE	2019	Prosper	PRP	PRP_19	26.96	51.6666667
WHEATON	UMN	TRUE	2019	Prosper	PRP	PRP_19	68.37	55
MT1775	MSU	FALSE	2020	Prosper	PRP	PRP_20	NA	58.3333333
MT1809	MSU	FALSE	2020	Prosper	PRP	PRP_20	NA	55
MT1866	MSU	FALSE	2020	Prosper	PRP	PRP_20	NA	83.3333333
MT1871	MSU	FALSE	2020	Prosper	PRP	PRP_20	NA	63.3333333
MT1872	MSU	FALSE	2020	Prosper	PRP	PRP_20	NA	71.6666667
NDHRS13-0114-C06	NDSU	FALSE	2020	Prosper	PRP	PRP_20	NA	23.3333333
NDHRS13-0121-C05	NDSU	FALSE	2020	Prosper	PRP	PRP_20	NA	21.6666667
NDHRS13-0215-C03	NDSU	FALSE	2020	Prosper	PRP	PRP_20	NA	35
NDHRS13-0318-0003	NDSU	FALSE	2020	Prosper	PRP	PRP_20	NA	22.5
SD4848	SDSU	FALSE	2020	Prosper	PRP	PRP_20	NA	33.3333333
SD4917	SDSU	FALSE	2020	Prosper	PRP	PRP_20	NA	15
SD4926	SDSU	FALSE	2020	Prosper	PRP	PRP_20	NA	43.3333333
SD4947	SDSU	FALSE	2020	Prosper	PRP	PRP_20	NA	43.3333333
SD4950	SDSU	FALSE	2020	Prosper	PRP	PRP_20	NA	31.6666667
MN16103-1	UMN	FALSE	2020	Prosper	PRP	PRP_20	NA	31.6666667
MN16277-3	UMN	FALSE	2020	Prosper	PRP	PRP_20	NA	38.3333333
MN16340-8	UMN	FALSE	2020	Prosper	PRP	PRP_20	NA	31.6666667
MN16360-1	UMN	FALSE	2020	Prosper	PRP	PRP_20	NA	28.3333333
MN16408-5	UMN	FALSE	2020	Prosper	PRP	PRP_20	NA	28.3333333
NDHRS13-0170-0004	NDSU	FALSE	2020	Prosper	PRP	PRP_20	NA	35
MT1855	MSU	FALSE	2020	Prosper	PRP	PRP_20	NA	76.6666667
MT1716	MSU	FALSE	2020	Prosper	PRP	PRP_20	NA	51.6666667
ND-HERON	NDSU	FALSE	2020	Prosper	PRP	PRP_20	NA	36.6666667
ND2710	NDSU	TRUE	2020	Prosper	PRP	PRP_20	NA	18.3333333
BACUP	UMN	TRUE	2020	Prosper	PRP	PRP_20	NA	35
WHEATON	UMN	TRUE	2020	Prosper	PRP	PRP_20	NA	40
MT2007	MSU	FALSE	2021	Prosper	PRP	PRP_21	NA	51.6666667
MT2013	MSU	FALSE	2021	Prosper	PRP	PRP_21	NA	45
MT2018	MSU	FALSE	2021	Prosper	PRP	PRP_21	NA	16.6666667
MT2022	MSU	FALSE	2021	Prosper	PRP	PRP_21	NA	26.6666667
NDHRS17DH-0467-056	NDSU	FALSE	2021	Prosper	PRP	PRP_21	NA	30
SD4871	SDSU	FALSE	2021	Prosper	PRP	PRP_21	NA	11.6666667
SD4933	SDSU	FALSE	2021	Prosper	PRP	PRP_21	NA	18.3333333
SD4968	SDSU	FALSE	2021	Prosper	PRP	PRP_21	NA	13.3333333
SD4976	SDSU	FALSE	2021	Prosper	PRP	PRP_21	NA	20
SD4991	SDSU	FALSE	2021	Prosper	PRP	PRP_21	NA	16.6666667
SD5012	SDSU	FALSE	2021	Prosper	PRP	PRP_21	NA	35
MN17033-1	UMN	FALSE	2021	Prosper	PRP	PRP_21	NA	30
MN17038-5	UMN	FALSE	2021	Prosper	PRP	PRP_21	NA	16.6666667
MN17271-1	UMN	FALSE	2021	Prosper	PRP	PRP_21	NA	21.6666667
MN17332-2	UMN	FALSE	2021	Prosper	PRP	PRP_21	NA	21.6666667
MT1855	MSU	FALSE	2021	Prosper	PRP	PRP_21	NA	28.3333333
NDHRS13-0156-C04	NDSU	FALSE	2021	Prosper	PRP	PRP_21	NA	20
NDHRS13-0177-0001	NDSU	FALSE	2021	Prosper	PRP	PRP_21	NA	20
NDHRS13-0309-B03	NDSU	FALSE	2021	Prosper	PRP	PRP_21	NA	31.6666667
NDHRS17-0596-B28	NDSU	FALSE	2021	Prosper	PRP	PRP_21	NA	30
MT1716	MSU	FALSE	2021	Prosper	PRP	PRP_21	NA	31.6666667
ND2710	NDSU	TRUE	2021	Prosper	PRP	PRP_21	NA	56.6666667
BACUP	UMN	TRUE	2021	Prosper	PRP	PRP_21	NA	56.6666667
WHEATON	UMN	TRUE	2021	Prosper	PRP	PRP_21	NA	16.6666667
MT21076	MSU	FALSE	2022	Prosper	PRP	PRP_22	NA	65.736
MT21082	MSU	FALSE	2022	Prosper	PRP	PRP_22	NA	54.279
MT21089	MSU	FALSE	2022	Prosper	PRP	PRP_22	NA	59.259
MT21091	MSU	FALSE	2022	Prosper	PRP	PRP_22	NA	55.573
MT21102	MSU	FALSE	2022	Prosper	PRP	PRP_22	NA	64.288
MT21111	MSU	FALSE	2022	Prosper	PRP	PRP_22	NA	59.847
SD4893	SDSU	FALSE	2022	Prosper	PRP	PRP_22	NA	46.16
SD4924	SDSU	FALSE	2022	Prosper	PRP	PRP_22	NA	55.71
SD5030	SDSU	FALSE	2022	Prosper	PRP	PRP_22	NA	60.355
SD5038	SDSU	FALSE	2022	Prosper	PRP	PRP_22	NA	64.953
SD5051	SDSU	FALSE	2022	Prosper	PRP	PRP_22	NA	52.837
MN17065-2	UMN	FALSE	2022	Prosper	PRP	PRP_22	NA	53.735
MN18081-5	UMN	FALSE	2022	Prosper	PRP	PRP_22	NA	53.486
MN18163-5	UMN	FALSE	2022	Prosper	PRP	PRP_22	NA	34.573
MN18179-4	UMN	FALSE	2022	Prosper	PRP	PRP_22	NA	44.034
MN18292-3	UMN	FALSE	2022	Prosper	PRP	PRP_22	NA	40.29
NDHRS13-0156-C04	NDSU	FALSE	2022	Prosper	PRP	PRP_22	NA	49.568
NDHRS13-0177-0001	NDSU	FALSE	2022	Prosper	PRP	PRP_22	NA	49.553
NDHRS13-0309-B03	NDSU	FALSE	2022	Prosper	PRP	PRP_22	NA	39.003
NDHRS17-0596-B28	NDSU	FALSE	2022	Prosper	PRP	PRP_22	NA	45.365
ND2710	NDSU	TRUE	2022	Prosper	PRP	PRP_22	NA	30.453
BACUP	UMN	TRUE	2022	Prosper	PRP	PRP_22	NA	62.636
WHEATON	UMN	TRUE	2022	Prosper	PRP	PRP_22	NA	62.677
MT21214	MSU	FALSE	2023	Prosper	PRP	PRP_23	NA	23.398
MT21222	MSU	FALSE	2023	Prosper	PRP	PRP_23	NA	22.754
MT21305	MSU	FALSE	2023	Prosper	PRP	PRP_23	NA	16.723
MT21352	MSU	FALSE	2023	Prosper	PRP	PRP_23	NA	15.543
MT21384	MSU	FALSE	2023	Prosper	PRP	PRP_23	NA	14.164
GLENN	NDSU	FALSE	2023	Prosper	PRP	PRP_23	NA	10.2
NDFROHBERG	NDSU	FALSE	2023	Prosper	PRP	PRP_23	NA	13.807
NDHRS15-0006-B02	NDSU	FALSE	2023	Prosper	PRP	PRP_23	NA	15.986
NDHRS15-0006-C29	NDSU	FALSE	2023	Prosper	PRP	PRP_23	NA	11.52
NDHRS15-0037-C52	NDSU	FALSE	2023	Prosper	PRP	PRP_23	NA	11.534
NDHRS15-0405-C34	NDSU	FALSE	2023	Prosper	PRP	PRP_23	NA	14.527
NDHRS16RIL-0190-019	NDSU	FALSE	2023	Prosper	PRP	PRP_23	NA	19.292
SD5101	SDSU	FALSE	2023	Prosper	PRP	PRP_23	NA	17.935
SD5117	SDSU	FALSE	2023	Prosper	PRP	PRP_23	NA	12.846
SD5127	SDSU	FALSE	2023	Prosper	PRP	PRP_23	NA	11.003
SD5132	SDSU	FALSE	2023	Prosper	PRP	PRP_23	NA	25.825
SD5145	SDSU	FALSE	2023	Prosper	PRP	PRP_23	NA	15.591
SD5159	SDSU	FALSE	2023	Prosper	PRP	PRP_23	NA	9.675
LINKERT	UMN	FALSE	2023	Prosper	PRP	PRP_23	NA	28.808
MN19114-3	UMN	FALSE	2023	Prosper	PRP	PRP_23	NA	15.691
MN19146-4	UMN	FALSE	2023	Prosper	PRP	PRP_23	NA	15.72
MN19257-1	UMN	FALSE	2023	Prosper	PRP	PRP_23	NA	9.871
MN20231-2	UMN	FALSE	2023	Prosper	PRP	PRP_23	NA	16.612
ND-VITPRO	NDSU	FALSE	2023	Prosper	PRP	PRP_23	NA	9.428
ND828	NDSU	FALSE	2023	Prosper	PRP	PRP_23	NA	7.412
MT21220	MSU	FALSE	2023	Prosper	PRP	PRP_23	NA	25.416
2398	NDSU	FALSE	2023	Prosper	PRP	PRP_23	NA	35.986
ND-HERON	NDSU	FALSE	2023	Prosper	PRP	PRP_23	NA	9.865
ALSEN	NDSU	TRUE	2023	Prosper	PRP	PRP_23	NA	17.874
ND2710	NDSU	TRUE	2023	Prosper	PRP	PRP_23	NA	17.508
BACUP	UMN	TRUE	2023	Prosper	PRP	PRP_23	NA	22.285
WHEATON	UMN	TRUE	2023	Prosper	PRP	PRP_23	NA	16.258
AAC_HODGE	AAFC	FALSE	2024	Prosper	PRP	PRP_24	NA	30.07
AAC_SPIKE	AAFC	FALSE	2024	Prosper	PRP	PRP_24	NA	33.7
AAC_WESTKING	AAFC	FALSE	2024	Prosper	PRP	PRP_24	NA	16.93
BW5095	AAFC	FALSE	2024	Prosper	PRP	PRP_24	NA	13.16
HY2136	AAFC	FALSE	2024	Prosper	PRP	PRP_24	NA	42.95
MT21224	MSU	FALSE	2024	Prosper	PRP	PRP_24	NA	30.65
MT22071	MSU	FALSE	2024	Prosper	PRP	PRP_24	NA	53.17
MT22345	MSU	FALSE	2024	Prosper	PRP	PRP_24	NA	24.44
MT22361	MSU	FALSE	2024	Prosper	PRP	PRP_24	NA	51.28
MT23004	MSU	FALSE	2024	Prosper	PRP	PRP_24	NA	54.46
MT23297	MSU	FALSE	2024	Prosper	PRP	PRP_24	NA	30.94
NDHRS18-0069-B077	NDSU	FALSE	2024	Prosper	PRP	PRP_24	NA	35.45
NDHRS18-0105-B080	NDSU	FALSE	2024	Prosper	PRP	PRP_24	NA	19.05
NDHRS18-0178-B057	NDSU	FALSE	2024	Prosper	PRP	PRP_24	NA	17.7
NDHRS18-0180-B101	NDSU	FALSE	2024	Prosper	PRP	PRP_24	NA	10.15
NDHRS18-0261-B234	NDSU	FALSE	2024	Prosper	PRP	PRP_24	NA	22.53
NDHRS19RIL-0121-212-1	NDSU	FALSE	2024	Prosper	PRP	PRP_24	NA	26.6
SD5050	SDSU	FALSE	2024	Prosper	PRP	PRP_24	NA	13.44
SD5153	SDSU	FALSE	2024	Prosper	PRP	PRP_24	NA	15.93
SD5158	SDSU	FALSE	2024	Prosper	PRP	PRP_24	NA	16.55
SD5193	SDSU	FALSE	2024	Prosper	PRP	PRP_24	NA	25.32
SD5195	SDSU	FALSE	2024	Prosper	PRP	PRP_24	NA	17.22
SD5203	SDSU	FALSE	2024	Prosper	PRP	PRP_24	NA	14.53
SD5223	SDSU	FALSE	2024	Prosper	PRP	PRP_24	NA	24.69
MN19342-1	UMN	FALSE	2024	Prosper	PRP	PRP_24	NA	35.13
MN20080-3	UMN	FALSE	2024	Prosper	PRP	PRP_24	NA	18.58
MN20081-2	UMN	FALSE	2024	Prosper	PRP	PRP_24	NA	27.82
MN20171-1	UMN	FALSE	2024	Prosper	PRP	PRP_24	NA	12.47
MN20172-2	UMN	FALSE	2024	Prosper	PRP	PRP_24	NA	14.84
MT21220	MSU	FALSE	2024	Prosper	PRP	PRP_24	NA	40.16
ND2710	NDSU	TRUE	2024	Prosper	PRP	PRP_24	NA	31.74
BACUP	UMN	TRUE	2024	Prosper	PRP	PRP_24	NA	28.99
WHEATON	UMN	TRUE	2024	Prosper	PRP	PRP_24	NA	48.11
MT9354	MSU	FALSE	1995	Prosper	PRP	PRP_95	61	NA
MT9360	MSU	FALSE	1995	Prosper	PRP	PRP_95	53	NA
INGOT	SDSU	FALSE	1995	Prosper	PRP	PRP_95	38	NA
2375	NDSU	TRUE	1995	Prosper	PRP	PRP_95	42	NA
WHEATON	UMN	TRUE	1995	Prosper	PRP	PRP_95	29	NA
ND691	NDSU	FALSE	1997	Prosper	PRP	PRP_97	84.1	30.8
PARSHALL	NDSU	FALSE	1997	Prosper	PRP	PRP_97	87.6	34
MN94346	UMN	FALSE	1997	Prosper	PRP	PRP_97	84.5	32.3
MN95124	UMN	FALSE	1997	Prosper	PRP	PRP_97	85.7	36.5
MN95211	UMN	FALSE	1997	Prosper	PRP	PRP_97	85	40
SCHOLAR	MSU	FALSE	1997	Prosper	PRP	PRP_97	95.4	44.3
MCVEY	UMN	FALSE	1997	Prosper	PRP	PRP_97	70.2	30.5
D87-240	NDSU	FALSE	1997	Prosper	PRP	PRP_97	52.4	36
2375	NDSU	TRUE	1997	Prosper	PRP	PRP_97	95.2	36
ND2710	NDSU	TRUE	1997	Prosper	PRP	PRP_97	42.5	20.3
BACUP	UMN	TRUE	1997	Prosper	PRP	PRP_97	75.4	30.8
WHEATON	UMN	TRUE	1997	Prosper	PRP	PRP_97	93.2	56.5
BRIGGS	SDSU	FALSE	1998	Prosper	PRP	PRP_98	NA	42
SD3345	SDSU	FALSE	1998	Prosper	PRP	PRP_98	NA	22
MN97762	UMN	FALSE	1998	Prosper	PRP	PRP_98	NA	34
MN97847	UMN	FALSE	1998	Prosper	PRP	PRP_98	NA	22
MCVEY	UMN	FALSE	1998	Prosper	PRP	PRP_98	NA	10
ND2891	NDSU	FALSE	1998	Prosper	PRP	PRP_98	NA	5
2375	NDSU	TRUE	1998	Prosper	PRP	PRP_98	NA	58
ND2710	NDSU	TRUE	1998	Prosper	PRP	PRP_98	NA	9
BACUP	UMN	TRUE	1998	Prosper	PRP	PRP_98	NA	17
WHEATON	UMN	TRUE	1998	Prosper	PRP	PRP_98	NA	88
PI182561	SDSU	FALSE	2000	St. Paul	STP	STP_00	8.3	23.3
PI382161	SDSU	FALSE	2000	St. Paul	STP	STP_00	20.7	4.7
PI382167	SDSU	FALSE	2000	St. Paul	STP	STP_00	17.5	8.7
PI81791	SDSU	FALSE	2000	St. Paul	STP	STP_00	14.8	13.7
MN97039	UMN	FALSE	2000	St. Paul	STP	STP_00	17.8	10
MN97561	UMN	FALSE	2000	St. Paul	STP	STP_00	17	15.7
MN98037	UMN	FALSE	2000	St. Paul	STP	STP_00	14.2	8.7
MN98092	UMN	FALSE	2000	St. Paul	STP	STP_00	18	11.3
MN98208	UMN	FALSE	2000	St. Paul	STP	STP_00	11.7	9.3
MN98389	UMN	FALSE	2000	St. Paul	STP	STP_00	11.8	6.7
2375	NDSU	TRUE	2000	St. Paul	STP	STP_00	27	16.3
ND2710	NDSU	TRUE	2000	St. Paul	STP	STP_00	2.8	4
BACUP	UMN	TRUE	2000	St. Paul	STP	STP_00	23.3	11.7
WHEATON	UMN	TRUE	2000	St. Paul	STP	STP_00	82.5	50
PI104131	SDSU	FALSE	2001	St. Paul	STP	STP_01	24.6	6.7
PI185380	SDSU	FALSE	2001	St. Paul	STP	STP_01	68.2	8.7
PI349478	SDSU	FALSE	2001	St. Paul	STP	STP_01	9.8	4.3
PI382140	SDSU	FALSE	2001	St. Paul	STP	STP_01	12.9	8.7
MN99109	UMN	FALSE	2001	St. Paul	STP	STP_01	22.5	6
MN99112	UMN	FALSE	2001	St. Paul	STP	STP_01	10.6	5.7
MN99126	UMN	FALSE	2001	St. Paul	STP	STP_01	23.2	8.7
MN99192	UMN	FALSE	2001	St. Paul	STP	STP_01	8.5	6.7
MN99322	UMN	FALSE	2001	St. Paul	STP	STP_01	12.5	7.3
2375	NDSU	TRUE	2001	St. Paul	STP	STP_01	31.1	22.3
ND2710	NDSU	TRUE	2001	St. Paul	STP	STP_01	13.8	9
BACUP	UMN	TRUE	2001	St. Paul	STP	STP_01	23.5	8
WHEATON	UMN	TRUE	2001	St. Paul	STP	STP_01	76.9	50
PI163429	Argentina	FALSE	2002	St. Paul	STP	STP_02	26	12.3
PI168727	Argentina	FALSE	2002	St. Paul	STP	STP_02	42.6	23.3
PI345731	Argentina	FALSE	2002	St. Paul	STP	STP_02	36.3	17.7
PI185843	Brazil	FALSE	2002	St. Paul	STP	STP_02	17.7	15
PI264940	Greece	FALSE	2002	St. Paul	STP	STP_02	34.3	16.7
SD3533	SDSU	FALSE	2002	St. Paul	STP	STP_02	35.2	53.3
MN00021	UMN	FALSE	2002	St. Paul	STP	STP_02	25.1	12.3
MN00173	UMN	FALSE	2002	St. Paul	STP	STP_02	21.1	15
MN00274	UMN	FALSE	2002	St. Paul	STP	STP_02	4.2	12.7
MN99225	UMN	FALSE	2002	St. Paul	STP	STP_02	14.8	12.3
MN99408	UMN	FALSE	2002	St. Paul	STP	STP_02	18.5	13.3
2375	NDSU	TRUE	2002	St. Paul	STP	STP_02	32.7	17.3
ND2710	NDSU	TRUE	2002	St. Paul	STP	STP_02	7.4	16.3
BACUP	UMN	TRUE	2002	St. Paul	STP	STP_02	18	17.3
WHEATON	UMN	TRUE	2002	St. Paul	STP	STP_02	73.7	66.7
BUCKAUSTRAL	Argentina	FALSE	2003	St. Paul	STP	STP_03	33.3	16
KLEINCONDOR	Argentina	FALSE	2003	St. Paul	STP	STP_03	36.9	30
ARTEMOWSKA	Bulgaria	FALSE	2003	St. Paul	STP	STP_03	38.8	17
ALBIDUM43	Russia	FALSE	2003	St. Paul	STP	STP_03	23.3	9.5
SD3746	SDSU	FALSE	2003	St. Paul	STP	STP_03	31.8	22.7
STEPNJACHKA	Ukraine	FALSE	2003	St. Paul	STP	STP_03	42.4	11.7
MN01116	UMN	FALSE	2003	St. Paul	STP	STP_03	12.7	3.7
MN01180	UMN	FALSE	2003	St. Paul	STP	STP_03	13.8	3
MN01281	UMN	FALSE	2003	St. Paul	STP	STP_03	11.5	5
MN99433-1	UMN	FALSE	2003	St. Paul	STP	STP_03	15.2	7
ND03_1-15	NDSU	FALSE	2003	St. Paul	STP	STP_03	27.4	6
ND03_1-9	NDSU	FALSE	2003	St. Paul	STP	STP_03	32.5	9
2375	NDSU	TRUE	2003	St. Paul	STP	STP_03	24.9	6.3
ND2710	NDSU	TRUE	2003	St. Paul	STP	STP_03	10.4	3.3
BACUP	UMN	TRUE	2003	St. Paul	STP	STP_03	31.6	12.7
WHEATON	UMN	TRUE	2003	St. Paul	STP	STP_03	55.3	51
MN00187-3	UMN	FALSE	2004	St. Paul	STP	STP_04	13.7667	4.66667
MN01164	UMN	FALSE	2004	St. Paul	STP	STP_04	32.0667	4
MN01NIL84-5-5-15	UMN	FALSE	2004	St. Paul	STP	STP_04	27.3	4.66667
MN99220-4	UMN	FALSE	2004	St. Paul	STP	STP_04	21.2	3.66667
MN99341-2-5	UMN	FALSE	2004	St. Paul	STP	STP_04	27.7333	8.33333
ND03_1-15	NDSU	FALSE	2004	St. Paul	STP	STP_04	38.7	10.3333
ND03_1-9	NDSU	FALSE	2004	St. Paul	STP	STP_04	39.2667	7.33333
NDSW0345	NDSU	FALSE	2004	St. Paul	STP	STP_04	72	12.6667
RUGBY	NDSU	TRUE	2004	St. Paul	STP	STP_04	52.2667	14.6667
2375	NDSU	TRUE	2004	St. Paul	STP	STP_04	44.6667	9
ND2710	NDSU	TRUE	2004	St. Paul	STP	STP_04	13.3667	2.66667
BACUP	UMN	TRUE	2004	St. Paul	STP	STP_04	13.9	2.66667
WHEATON	UMN	TRUE	2004	St. Paul	STP	STP_04	74.6667	43.3333
NDSW0350	NDSU	FALSE	2005	St. Paul	STP	STP_05	19.0667	10
MN01057-3-1	UMN	FALSE	2005	St. Paul	STP	STP_05	2.3	2
MN01380-2-1	UMN	FALSE	2005	St. Paul	STP	STP_05	2.7	3.33333
MN02051-1	UMN	FALSE	2005	St. Paul	STP	STP_05	12.9333	4.66667
MN02219-1	UMN	FALSE	2005	St. Paul	STP	STP_05	16.9667	4
MN02306-2	UMN	FALSE	2005	St. Paul	STP	STP_05	2.86667	2
NDSW0345	NDSU	FALSE	2005	St. Paul	STP	STP_05	19.2333	7.33333
RUGBY	NDSU	TRUE	2005	St. Paul	STP	STP_05	16.9667	12
2375	NDSU	TRUE	2005	St. Paul	STP	STP_05	15.9667	7.33333
ND2710	NDSU	TRUE	2005	St. Paul	STP	STP_05	1.26667	3.33333
BACUP	UMN	TRUE	2005	St. Paul	STP	STP_05	8.06667	3.33333
WHEATON	UMN	TRUE	2005	St. Paul	STP	STP_05	28.1667	21.6667
ES101	AAFC	FALSE	2007	St. Paul	STP	STP_07	23	NA
MN03013-3-2	UMN	FALSE	2007	St. Paul	STP	STP_07	7.2	NA
MN03191-2-1	UMN	FALSE	2007	St. Paul	STP	STP_07	11	NA
NDSW0430	NDSU	FALSE	2007	St. Paul	STP	STP_07	5.3	NA
MN00209-3-1	UMN	FALSE	2007	St. Paul	STP	STP_07	3	NA
MN02222-1	UMN	FALSE	2007	St. Paul	STP	STP_07	3	NA
RUGBY	NDSU	TRUE	2007	St. Paul	STP	STP_07	23.8	NA
BRICK	SDSU	FALSE	2007	St. Paul	STP	STP_07	2.6	NA
2375	NDSU	TRUE	2007	St. Paul	STP	STP_07	9.4	NA
ND2710	NDSU	TRUE	2007	St. Paul	STP	STP_07	3.6	NA
BACUP	UMN	TRUE	2007	St. Paul	STP	STP_07	3.8	NA
WHEATON	UMN	TRUE	2007	St. Paul	STP	STP_07	31.1	NA
SD3942	SDSU	FALSE	2008	St. Paul	STP	STP_08	9.06666666666667	17.5
SD4181	SDSU	FALSE	2008	St. Paul	STP	STP_08	2.9	22.5
MN03342-4	UMN	FALSE	2008	St. Paul	STP	STP_08	4.7	18
MN05117-7	UMN	FALSE	2008	St. Paul	STP	STP_08	5.56666666666667	5
MN05149-5	UMN	FALSE	2008	St. Paul	STP	STP_08	4.76666666666667	6
SABIN	UMN	FALSE	2008	St. Paul	STP	STP_08	10.3333333333333	16.5
RUGBY	NDSU	TRUE	2008	St. Paul	STP	STP_08	39.7666666666667	21.5
2375	NDSU	TRUE	2008	St. Paul	STP	STP_08	4.16666666666667	14.5
ND2710	NDSU	TRUE	2008	St. Paul	STP	STP_08	2.46666666666667	41.5
BACUP	UMN	TRUE	2008	St. Paul	STP	STP_08	10.3	23.5
WHEATON	UMN	TRUE	2008	St. Paul	STP	STP_08	41.2333333333333	17.5
FOREFRONT	SDSU	FALSE	2009	St. Paul	STP	STP_09	5.2	8.66666666666667
SD4011	SDSU	FALSE	2009	St. Paul	STP	STP_09	6.66666666666667	8.66666666666667
SD4027	SDSU	FALSE	2009	St. Paul	STP	STP_09	12.7	11
SELECT	SDSU	FALSE	2009	St. Paul	STP	STP_09	15.8666666666667	13
MN05152-1-1	UMN	FALSE	2009	St. Paul	STP	STP_09	7.26666666666667	2.66666666666667
MN06049-1-3	UMN	FALSE	2009	St. Paul	STP	STP_09	6.5	7.33333333333333
MN06202-3-1	UMN	FALSE	2009	St. Paul	STP	STP_09	10.3666666666667	10
MN06213-6-2-4	UMN	FALSE	2009	St. Paul	STP	STP_09	19.1333333333333	4.66666666666667
MN06219-2-2	UMN	FALSE	2009	St. Paul	STP	STP_09	22.1666666666667	7.33333333333333
2375	NDSU	TRUE	2009	St. Paul	STP	STP_09	25	23.3333333333333
ND2710	NDSU	TRUE	2009	St. Paul	STP	STP_09	10.2666666666667	9.33333333333333
BACUP	UMN	TRUE	2009	St. Paul	STP	STP_09	12.6333333333333	9.33333333333333
WHEATON	UMN	TRUE	2009	St. Paul	STP	STP_09	84.2	65
MT09SCAB16	MSU	FALSE	2010	St. Paul	STP	STP_10	36	8
MT09SCAB3	MSU	FALSE	2010	St. Paul	STP	STP_10	33.6	15
MT09SCAB5	MSU	FALSE	2010	St. Paul	STP	STP_10	22.2	25
MT09SCAB9	MSU	FALSE	2010	St. Paul	STP	STP_10	24.3	8
FN09-17017	SDSU	FALSE	2010	St. Paul	STP	STP_10	14.6	2
FN09-17210	SDSU	FALSE	2010	St. Paul	STP	STP_10	28.9	10
FN09-17213	SDSU	FALSE	2010	St. Paul	STP	STP_10	35.7	8
FN09-17270	SDSU	FALSE	2010	St. Paul	STP	STP_10	36.5	20
FN09-17275	SDSU	FALSE	2010	St. Paul	STP	STP_10	19.1	2
MN06216-6-2-4	UMN	FALSE	2010	St. Paul	STP	STP_10	19.7	2
MN07049-7-3	UMN	FALSE	2010	St. Paul	STP	STP_10	21.5	4
MN07183-3	UMN	FALSE	2010	St. Paul	STP	STP_10	28.9	6
BW928	AAFC	FALSE	2010	St. Paul	STP	STP_10	29	6
ALSEN	NDSU	TRUE	2010	St. Paul	STP	STP_10	10	6
2375	NDSU	TRUE	2010	St. Paul	STP	STP_10	11.9	8
ND2710	NDSU	TRUE	2010	St. Paul	STP	STP_10	12	4
BACUP	UMN	TRUE	2010	St. Paul	STP	STP_10	34.7	7
WHEATON	UMN	TRUE	2010	St. Paul	STP	STP_10	40.2	35
10EXP13-16	NDSU	FALSE	2011	St. Paul	STP	STP_11	29.3	12
10EXP13-24	NDSU	FALSE	2011	St. Paul	STP	STP_11	15.9333	7.33333
10EXP13-44	NDSU	FALSE	2011	St. Paul	STP	STP_11	31.9333	16.6667
10EXP13-87	NDSU	FALSE	2011	St. Paul	STP	STP_11	18.3	15.6667
10EXPSW13-19	NDSU	FALSE	2011	St. Paul	STP	STP_11	51.6	19.6667
10EXPSW13-28	NDSU	FALSE	2011	St. Paul	STP	STP_11	32.5	13
10EXPSW13-9	NDSU	FALSE	2011	St. Paul	STP	STP_11	40.3667	10
SD4313	SDSU	FALSE	2011	St. Paul	STP	STP_11	20.7333	15.6667
SD4331	SDSU	FALSE	2011	St. Paul	STP	STP_11	25.3	17.6667
SD4337	SDSU	FALSE	2011	St. Paul	STP	STP_11	22.3	7.33333
SD4338	SDSU	FALSE	2011	St. Paul	STP	STP_11	18.6667	8
SD4343	SDSU	FALSE	2011	St. Paul	STP	STP_11	6.3	4.66667
MN07057-6-4	UMN	FALSE	2011	St. Paul	STP	STP_11	35.3333	15
MN07167W-2-1	UMN	FALSE	2011	St. Paul	STP	STP_11	27.9	9.33333
MN09023	UMN	FALSE	2011	St. Paul	STP	STP_11	29.8333	8
MN09092	UMN	FALSE	2011	St. Paul	STP	STP_11	12	9.66667
X00009-16	UMN	FALSE	2011	St. Paul	STP	STP_11	22.9333	8
BW928	AAFC	FALSE	2011	St. Paul	STP	STP_11	12	14
ALSEN	NDSU	TRUE	2011	St. Paul	STP	STP_11	14.9667	6.66667
2375	NDSU	TRUE	2011	St. Paul	STP	STP_11	28.7667	11
ND2710	NDSU	TRUE	2011	St. Paul	STP	STP_11	11.6333	9.33333
BACUP	UMN	TRUE	2011	St. Paul	STP	STP_11	33.05	9.33333
WHEATON	UMN	TRUE	2011	St. Paul	STP	STP_11	78.45	86.6667
11EXP13-105	NDSU	FALSE	2012	St. Paul	STP	STP_12	11.9333333333333	9.33333333333333
11EXP13-107	NDSU	FALSE	2012	St. Paul	STP	STP_12	15.7666666666667	5.33333333333333
11EXP13-43	NDSU	FALSE	2012	St. Paul	STP	STP_12	15.4	8.66666666666667
11EXP13-65	NDSU	FALSE	2012	St. Paul	STP	STP_12	16.9333333333333	14.6666666666667
11EXP13-78	NDSU	FALSE	2012	St. Paul	STP	STP_12	10.2666666666667	6.66666666666667
SD4361	SDSU	FALSE	2012	St. Paul	STP	STP_12	21.6666666666667	6.66666666666667
SD4366	SDSU	FALSE	2012	St. Paul	STP	STP_12	14.2	6
SD4388	SDSU	FALSE	2012	St. Paul	STP	STP_12	16.5	5.33333333333333
SD4394	SDSU	FALSE	2012	St. Paul	STP	STP_12	18.5333333333333	6
SD4397	SDSU	FALSE	2012	St. Paul	STP	STP_12	8.03333333333333	5.33333333333333
MN08166	UMN	FALSE	2012	St. Paul	STP	STP_12	7.43333333333333	4.66666666666667
MN08173	UMN	FALSE	2012	St. Paul	STP	STP_12	21.7333333333333	6
MN09027	UMN	FALSE	2012	St. Paul	STP	STP_12	12.4333333333333	5.33333333333333
MN09071	UMN	FALSE	2012	St. Paul	STP	STP_12	19.6	5.33333333333333
MN09121	UMN	FALSE	2012	St. Paul	STP	STP_12	12.1666666666667	7.33333333333333
BW928	AAFC	FALSE	2012	St. Paul	STP	STP_12	14.7	10.3333333333333
ALSEN	NDSU	TRUE	2012	St. Paul	STP	STP_12	18.5666666666667	7.33333333333333
2375	NDSU	TRUE	2012	St. Paul	STP	STP_12	13.7333333333333	8.66666666666667
ND2710	NDSU	TRUE	2012	St. Paul	STP	STP_12	4.06666666666667	3.33333333333333
BACUP	UMN	TRUE	2012	St. Paul	STP	STP_12	17.1	6.33333333333333
WHEATON	UMN	TRUE	2012	St. Paul	STP	STP_12	50.1833333333333	35.8333333333333
SD4487	SDSU	FALSE	2013	St. Paul	STP	STP_13	50.3667	12.5
SD4518	SDSU	FALSE	2013	St. Paul	STP	STP_13	15.5333	12.5
SD4536	SDSU	FALSE	2013	St. Paul	STP	STP_13	10.3	6
SD4541	SDSU	FALSE	2013	St. Paul	STP	STP_13	25.7333	8
SD4544	SDSU	FALSE	2013	St. Paul	STP	STP_13	15.5	14
MN09157	UMN	FALSE	2013	St. Paul	STP	STP_13	9.8	2
MN10055	UMN	FALSE	2013	St. Paul	STP	STP_13	18.6	5
MN10285	UMN	FALSE	2013	St. Paul	STP	STP_13	6.7	2
MN10362	UMN	FALSE	2013	St. Paul	STP	STP_13	3.9	3
MN10368	UMN	FALSE	2013	St. Paul	STP	STP_13	15.7	3
12-14-147	NDSU	FALSE	2013	St. Paul	STP	STP_13	14.6333	10
12-14-158	NDSU	FALSE	2013	St. Paul	STP	STP_13	19.4333	4
12-14-172	NDSU	FALSE	2013	St. Paul	STP	STP_13	5.56667	10
12-14-97	NDSU	FALSE	2013	St. Paul	STP	STP_13	37.6667	12
ALSEN	NDSU	TRUE	2013	St. Paul	STP	STP_13	23.5333	6
2375	NDSU	TRUE	2013	St. Paul	STP	STP_13	20	12.5
ND2710	NDSU	TRUE	2013	St. Paul	STP	STP_13	5.43333	4
BACUP	UMN	TRUE	2013	St. Paul	STP	STP_13	4.3	2.5
WHEATON	UMN	TRUE	2013	St. Paul	STP	STP_13	62.85	70
SD4504	SDSU	FALSE	2014	St. Paul	STP	STP_14	4.6	7
SD4508	SDSU	FALSE	2014	St. Paul	STP	STP_14	8.53333	8
SD4510	SDSU	FALSE	2014	St. Paul	STP	STP_14	4.73333	7
SD4514	SDSU	FALSE	2014	St. Paul	STP	STP_14	6.9	4
SD4546	SDSU	FALSE	2014	St. Paul	STP	STP_14	9.13333	6
MN10021	UMN	FALSE	2014	St. Paul	STP	STP_14	3.23333	4
MN10388	UMN	FALSE	2014	St. Paul	STP	STP_14	2.8	3
MN11074	UMN	FALSE	2014	St. Paul	STP	STP_14	3.5	2
MN11397-1	UMN	FALSE	2014	St. Paul	STP	STP_14	3.36667	2
MN11405	UMN	FALSE	2014	St. Paul	STP	STP_14	3.7	3
12-14-147	NDSU	FALSE	2014	St. Paul	STP	STP_14	10.5	7
12-14-158	NDSU	FALSE	2014	St. Paul	STP	STP_14	16.8333	7
12-14-172	NDSU	FALSE	2014	St. Paul	STP	STP_14	5.7	7
12-14-97	NDSU	FALSE	2014	St. Paul	STP	STP_14	12.6667	9
ALSEN	NDSU	TRUE	2014	St. Paul	STP	STP_14	4.63333	3
2375	NDSU	TRUE	2014	St. Paul	STP	STP_14	13.8	8
ND2710	NDSU	TRUE	2014	St. Paul	STP	STP_14	4.83333	4
BACUP	UMN	TRUE	2014	St. Paul	STP	STP_14	3.93333	3
WHEATON	UMN	TRUE	2014	St. Paul	STP	STP_14	39.9333	20.5
14-13-106	NDSU	FALSE	2015	St. Paul	STP	STP_15	31.8	11
14-13-135	NDSU	FALSE	2015	St. Paul	STP	STP_15	8.2	5
14-13-14	NDSU	FALSE	2015	St. Paul	STP	STP_15	35.9333333333333	16
14-13-21	NDSU	FALSE	2015	St. Paul	STP	STP_15	8.7	4
14-13-97	NDSU	FALSE	2015	St. Paul	STP	STP_15	28.6666666666667	13.5
SD4559	SDSU	FALSE	2015	St. Paul	STP	STP_15	9.16666666666667	5
SD4582	SDSU	FALSE	2015	St. Paul	STP	STP_15	8.4	2.5
SD4595	SDSU	FALSE	2015	St. Paul	STP	STP_15	12.4333333333333	12
SD4605	SDSU	FALSE	2015	St. Paul	STP	STP_15	18.3333333333333	7
SD4607	SDSU	FALSE	2015	St. Paul	STP	STP_15	8.06666666666667	9
MN11326-3	UMN	FALSE	2015	St. Paul	STP	STP_15	14.6333333333333	7
MN12265-1	UMN	FALSE	2015	St. Paul	STP	STP_15	19.8666666666667	10.5
MN12307-3	UMN	FALSE	2015	St. Paul	STP	STP_15	20.9666666666667	10
MN12423-5	UMN	FALSE	2015	St. Paul	STP	STP_15	13.0333333333333	4
MN12545-3	UMN	FALSE	2015	St. Paul	STP	STP_15	11.3	5
ALSEN	NDSU	TRUE	2015	St. Paul	STP	STP_15	21.8	7
2375	NDSU	TRUE	2015	St. Paul	STP	STP_15	24.0333333333333	13.5
ND2710	NDSU	TRUE	2015	St. Paul	STP	STP_15	5.96666666666667	4
BACUP	UMN	TRUE	2015	St. Paul	STP	STP_15	18.8333333333333	6
WHEATON	UMN	TRUE	2015	St. Paul	STP	STP_15	74.95	62.5
MT1348	MSU	FALSE	2016	St. Paul	STP	STP_16	62.9333333333333	28.5
MT1401	MSU	FALSE	2016	St. Paul	STP	STP_16	25.3	7
ND820	NDSU	FALSE	2016	St. Paul	STP	STP_16	24.4666666666667	9
ND822	NDSU	FALSE	2016	St. Paul	STP	STP_16	7.96666666666667	8
ND824	NDSU	FALSE	2016	St. Paul	STP	STP_16	8.8	6
SD4587	SDSU	FALSE	2016	St. Paul	STP	STP_16	8.16666666666667	5
SD4589	SDSU	FALSE	2016	St. Paul	STP	STP_16	13.8666666666667	8
SD4621	SDSU	FALSE	2016	St. Paul	STP	STP_16	5.06666666666667	5
SD4645	SDSU	FALSE	2016	St. Paul	STP	STP_16	22.3666666666667	8
SD4675	SDSU	FALSE	2016	St. Paul	STP	STP_16	18.3333333333333	7
IDO1403S	UIDO	FALSE	2016	St. Paul	STP	STP_16	50.8	14
IDO1405S	UIDO	FALSE	2016	St. Paul	STP	STP_16	41.5	11
IDO1601S	UIDO	FALSE	2016	St. Paul	STP	STP_16	36.4	30
IDO1603S	UIDO	FALSE	2016	St. Paul	STP	STP_16	61.3333333333333	40
UISTONE	UIDO	FALSE	2016	St. Paul	STP	STP_16	52.9666666666667	9
LANG-MN	UMN	FALSE	2016	St. Paul	STP	STP_16	13.4333333333333	6
MN11394-6	UMN	FALSE	2016	St. Paul	STP	STP_16	13.5666666666667	4
MN13056-7	UMN	FALSE	2016	St. Paul	STP	STP_16	19.8	6
MN13064-2	UMN	FALSE	2016	St. Paul	STP	STP_16	20.3333333333333	7
MN13515-8	UMN	FALSE	2016	St. Paul	STP	STP_16	5.33333333333333	8
MT1316	MSU	FALSE	2016	St. Paul	STP	STP_16	30.8	12.5
ND-VITPRO	NDSU	FALSE	2016	St. Paul	STP	STP_16	15.5	7
ND828	NDSU	FALSE	2016	St. Paul	STP	STP_16	14.1666666666667	5
ALSEN	NDSU	TRUE	2016	St. Paul	STP	STP_16	16.5	6
2375	NDSU	TRUE	2016	St. Paul	STP	STP_16	25.0666666666667	5
ND2710	NDSU	TRUE	2016	St. Paul	STP	STP_16	24.9333333333333	6
BACUP	UMN	TRUE	2016	St. Paul	STP	STP_16	8.46666666666667	5
WHEATON	UMN	TRUE	2016	St. Paul	STP	STP_16	50.5	50
ND830	NDSU	FALSE	2017	St. Paul	STP	STP_17	12.3	10
ND833	NDSU	FALSE	2017	St. Paul	STP	STP_17	5.4	6
NDHRS16-12-19	NDSU	FALSE	2017	St. Paul	STP	STP_17	16.9666666666667	15.5
NDHRS16-12-31	NDSU	FALSE	2017	St. Paul	STP	STP_17	4.23333333333333	8
NDHRS16-12-52	NDSU	FALSE	2017	St. Paul	STP	STP_17	2.86666666666667	3
SD4691	SDSU	FALSE	2017	St. Paul	STP	STP_17	6.4	10
SD4705	SDSU	FALSE	2017	St. Paul	STP	STP_17	4.16666666666667	6
SD4710	SDSU	FALSE	2017	St. Paul	STP	STP_17	4.06666666666667	8
SD4724	SDSU	FALSE	2017	St. Paul	STP	STP_17	1.93333333333333	3
SD4741	SDSU	FALSE	2017	St. Paul	STP	STP_17	5.93333333333333	4
MN13304-5	UMN	FALSE	2017	St. Paul	STP	STP_17	8.8	15
MN14138-4	UMN	FALSE	2017	St. Paul	STP	STP_17	3.16666666666667	4
MN14470-5	UMN	FALSE	2017	St. Paul	STP	STP_17	21.9666666666667	9
MN14669-1	UMN	FALSE	2017	St. Paul	STP	STP_17	3.8	5
ALSEN	NDSU	TRUE	2017	St. Paul	STP	STP_17	3.13333333333333	4
2375	NDSU	TRUE	2017	St. Paul	STP	STP_17	18.4666666666667	14.5
ND2710	NDSU	TRUE	2017	St. Paul	STP	STP_17	2.93333333333333	4
BACUP	UMN	TRUE	2017	St. Paul	STP	STP_17	6	3
WHEATON	UMN	TRUE	2017	St. Paul	STP	STP_17	59.1333333333333	77.5
MT1673	MSU	FALSE	2018	St. Paul	STP	STP_18	34.6666666666667	18.5
NDHRS16-13-13	NDSU	FALSE	2018	St. Paul	STP	STP_18	23.6	9
NDHRS16-13-89	NDSU	FALSE	2018	St. Paul	STP	STP_18	7.9	11
NDHRS16-13-97	NDSU	FALSE	2018	St. Paul	STP	STP_18	12.4	25
NDHRS16-14-12	NDSU	FALSE	2018	St. Paul	STP	STP_18	23.4666666666667	10
NDHRS16-14-91	NDSU	FALSE	2018	St. Paul	STP	STP_18	12.9	10
SD4756	SDSU	FALSE	2018	St. Paul	STP	STP_18	10.2666666666667	8
SD4758	SDSU	FALSE	2018	St. Paul	STP	STP_18	72.1	20
SD4787	SDSU	FALSE	2018	St. Paul	STP	STP_18	8.56666666666667	12.5
SD4819	SDSU	FALSE	2018	St. Paul	STP	STP_18	9.53333333333333	9
SD4822	SDSU	FALSE	2018	St. Paul	STP	STP_18	18.6333333333333	8
MN15008-7	UMN	FALSE	2018	St. Paul	STP	STP_18	9.8	7
MN15029-8	UMN	FALSE	2018	St. Paul	STP	STP_18	36.4333333333333	9
MN15089-2	UMN	FALSE	2018	St. Paul	STP	STP_18	10.6	7
MN15219-2	UMN	FALSE	2018	St. Paul	STP	STP_18	24.1666666666667	10
MN15501-4	UMN	FALSE	2018	St. Paul	STP	STP_18	30.6666666666667	7
MT1621	MSU	FALSE	2018	St. Paul	STP	STP_18	30.4	13.5
ALSEN	NDSU	TRUE	2018	St. Paul	STP	STP_18	12	8
2375	NDSU	TRUE	2018	St. Paul	STP	STP_18	31.6333333333333	16
ND2710	NDSU	TRUE	2018	St. Paul	STP	STP_18	4.36666666666667	7
BACUP	UMN	TRUE	2018	St. Paul	STP	STP_18	7.16666666666667	11
WHEATON	UMN	TRUE	2018	St. Paul	STP	STP_18	85.8666666666667	77.5
LANNING	MSU	FALSE	2019	St. Paul	STP	STP_19	34.2666666666667	32.5
MT1767	MSU	FALSE	2019	St. Paul	STP	STP_19	65.1333333333333	57.5
VIDA	MSU	FALSE	2019	St. Paul	STP	STP_19	71.9666666666667	35
NDHRS14-0136-C06	NDSU	FALSE	2019	St. Paul	STP	STP_19	23.6666666666667	20
NDHRS16-14-36	NDSU	FALSE	2019	St. Paul	STP	STP_19	15.2333333333333	12.5
NDHRS16-16-665	NDSU	FALSE	2019	St. Paul	STP	STP_19	19.5	11
SD4740	SDSU	FALSE	2019	St. Paul	STP	STP_19	29.5	13.5
SD4834	SDSU	FALSE	2019	St. Paul	STP	STP_19	12.2666666666667	14.5
SD4859	SDSU	FALSE	2019	St. Paul	STP	STP_19	32	17.5
SD4865	SDSU	FALSE	2019	St. Paul	STP	STP_19	30.7333333333333	37.5
SD4868	SDSU	FALSE	2019	St. Paul	STP	STP_19	32.4	13.5
MN15155-2	UMN	FALSE	2019	St. Paul	STP	STP_19	26.4	11.5
MN16028	UMN	FALSE	2019	St. Paul	STP	STP_19	40.6666666666667	11.5
MN16040	UMN	FALSE	2019	St. Paul	STP	STP_19	11.1	9
MN16262-3	UMN	FALSE	2019	St. Paul	STP	STP_19	26.3666666666667	18.5
MN16317-5	UMN	FALSE	2019	St. Paul	STP	STP_19	20.0666666666667	11
MT1621	MSU	FALSE	2019	St. Paul	STP	STP_19	47.9666666666667	37.5
NDHRS13-0170-0004	NDSU	FALSE	2019	St. Paul	STP	STP_19	15.4333333333333	13.5
MT1716	MSU	FALSE	2019	St. Paul	STP	STP_19	29.4	20
ND-HERON	NDSU	FALSE	2019	St. Paul	STP	STP_19	27.0333333333333	16
ALSEN	NDSU	TRUE	2019	St. Paul	STP	STP_19	17.5666666666667	16
ND2710	NDSU	TRUE	2019	St. Paul	STP	STP_19	12.6666666666667	15
BACUP	UMN	TRUE	2019	St. Paul	STP	STP_19	17.8	11
WHEATON	UMN	TRUE	2019	St. Paul	STP	STP_19	83.6666666666667	80
MT1775	MSU	FALSE	2020	St. Paul	STP	STP_20	48.7	37.5
MT1809	MSU	FALSE	2020	St. Paul	STP	STP_20	36.4	13.5
MT1866	MSU	FALSE	2020	St. Paul	STP	STP_20	40.4333333333333	13.5
MT1871	MSU	FALSE	2020	St. Paul	STP	STP_20	60.9666666666667	30
MT1872	MSU	FALSE	2020	St. Paul	STP	STP_20	67.5666666666667	52.5
NDHRS13-0114-C06	NDSU	FALSE	2020	St. Paul	STP	STP_20	22.3666666666667	11.5
NDHRS13-0121-C05	NDSU	FALSE	2020	St. Paul	STP	STP_20	28.5	11
NDHRS13-0215-C03	NDSU	FALSE	2020	St. Paul	STP	STP_20	20.2333333333333	13.5
NDHRS13-0318-0003	NDSU	FALSE	2020	St. Paul	STP	STP_20	36.4666666666667	20
SD4848	SDSU	FALSE	2020	St. Paul	STP	STP_20	25.3	6
SD4917	SDSU	FALSE	2020	St. Paul	STP	STP_20	28.5666666666667	10
SD4926	SDSU	FALSE	2020	St. Paul	STP	STP_20	28.6666666666667	8
SD4947	SDSU	FALSE	2020	St. Paul	STP	STP_20	43.5666666666667	9
SD4950	SDSU	FALSE	2020	St. Paul	STP	STP_20	36.9333333333333	8
MN16103-1	UMN	FALSE	2020	St. Paul	STP	STP_20	24.6	8
MN16277-3	UMN	FALSE	2020	St. Paul	STP	STP_20	13.5	10
MN16340-8	UMN	FALSE	2020	St. Paul	STP	STP_20	17.9333333333333	7
MN16360-1	UMN	FALSE	2020	St. Paul	STP	STP_20	28.2666666666667	6
MN16408-5	UMN	FALSE	2020	St. Paul	STP	STP_20	14.7333333333333	6
NDHRS13-0170-0004	NDSU	FALSE	2020	St. Paul	STP	STP_20	22.8	12
MT1855	MSU	FALSE	2020	St. Paul	STP	STP_20	73.5333333333333	22.5
MT1716	MSU	FALSE	2020	St. Paul	STP	STP_20	41	12.5
ND-HERON	NDSU	FALSE	2020	St. Paul	STP	STP_20	21.7666666666667	9
ALSEN	NDSU	TRUE	2020	St. Paul	STP	STP_20	23.0333333333333	8
ND2710	NDSU	TRUE	2020	St. Paul	STP	STP_20	5.6	4
BACUP	UMN	TRUE	2020	St. Paul	STP	STP_20	16.7666666666667	8
WHEATON	UMN	TRUE	2020	St. Paul	STP	STP_20	70.7666666666667	77.5
MT2007	MSU	FALSE	2021	St. Paul	STP	STP_21	31.2333333333333	17.5
MT2013	MSU	FALSE	2021	St. Paul	STP	STP_21	56.3666666666667	45
MT2018	MSU	FALSE	2021	St. Paul	STP	STP_21	40.1666666666667	37.5
MT2022	MSU	FALSE	2021	St. Paul	STP	STP_21	12.1666666666667	35
NDHRS17DH-0467-056	NDSU	FALSE	2021	St. Paul	STP	STP_21	27.0666666666667	10
SD4871	SDSU	FALSE	2021	St. Paul	STP	STP_21	15.0666666666667	10
SD4933	SDSU	FALSE	2021	St. Paul	STP	STP_21	17	3
SD4968	SDSU	FALSE	2021	St. Paul	STP	STP_21	21.4333333333333	9
SD4976	SDSU	FALSE	2021	St. Paul	STP	STP_21	10.5666666666667	17
SD4991	SDSU	FALSE	2021	St. Paul	STP	STP_21	14.7	6
SD5012	SDSU	FALSE	2021	St. Paul	STP	STP_21	30.2	23.5
MN17033-1	UMN	FALSE	2021	St. Paul	STP	STP_21	12.0666666666667	4
MN17038-5	UMN	FALSE	2021	St. Paul	STP	STP_21	25.4666666666667	9
MN17271-1	UMN	FALSE	2021	St. Paul	STP	STP_21	6.56666666666667	4
MN17332-2	UMN	FALSE	2021	St. Paul	STP	STP_21	17.9666666666667	6
MT1855	MSU	FALSE	2021	St. Paul	STP	STP_21	29	7
NDHRS13-0156-C04	NDSU	FALSE	2021	St. Paul	STP	STP_21	16.2	8
NDHRS13-0177-0001	NDSU	FALSE	2021	St. Paul	STP	STP_21	24.9666666666667	8
NDHRS13-0309-B03	NDSU	FALSE	2021	St. Paul	STP	STP_21	16.7	6
NDHRS17-0596-B28	NDSU	FALSE	2021	St. Paul	STP	STP_21	28.5333333333333	10
MT1716	MSU	FALSE	2021	St. Paul	STP	STP_21	35.9333333333333	10
ALSEN	NDSU	TRUE	2021	St. Paul	STP	STP_21	35.4333333333333	8
ND2710	NDSU	TRUE	2021	St. Paul	STP	STP_21	19.9	6
BACUP	UMN	TRUE	2021	St. Paul	STP	STP_21	7.86666666666667	7
WHEATON	UMN	TRUE	2021	St. Paul	STP	STP_21	58.1	45
MT21076	MSU	FALSE	2022	St. Paul	STP	STP_22	37.9666666666667	12
MT21082	MSU	FALSE	2022	St. Paul	STP	STP_22	25.2333333333333	20
MT21089	MSU	FALSE	2022	St. Paul	STP	STP_22	42.3666666666667	6
MT21091	MSU	FALSE	2022	St. Paul	STP	STP_22	42.2	11.5
MT21102	MSU	FALSE	2022	St. Paul	STP	STP_22	51.7	12
MT21111	MSU	FALSE	2022	St. Paul	STP	STP_22	42.5333333333333	17.5
SD4893	SDSU	FALSE	2022	St. Paul	STP	STP_22	24.7666666666667	11.5
SD4924	SDSU	FALSE	2022	St. Paul	STP	STP_22	55.8666666666667	11
SD5030	SDSU	FALSE	2022	St. Paul	STP	STP_22	16.8666666666667	11.5
SD5038	SDSU	FALSE	2022	St. Paul	STP	STP_22	14.7333333333333	11.5
SD5051	SDSU	FALSE	2022	St. Paul	STP	STP_22	20.0333333333333	13.5
MN17065-2	UMN	FALSE	2022	St. Paul	STP	STP_22	20.7	6
MN18081-5	UMN	FALSE	2022	St. Paul	STP	STP_22	29.4333333333333	9
MN18163-5	UMN	FALSE	2022	St. Paul	STP	STP_22	20.2333333333333	7
MN18179-4	UMN	FALSE	2022	St. Paul	STP	STP_22	36.0333333333333	9
MN18292-3	UMN	FALSE	2022	St. Paul	STP	STP_22	41.7	9
NDHRS13-0156-C04	NDSU	FALSE	2022	St. Paul	STP	STP_22	18.7666666666667	15
NDHRS13-0177-0001	NDSU	FALSE	2022	St. Paul	STP	STP_22	24.3	8
NDHRS13-0309-B03	NDSU	FALSE	2022	St. Paul	STP	STP_22	7.3	8
NDHRS17-0596-B28	NDSU	FALSE	2022	St. Paul	STP	STP_22	26.7666666666667	10
ALSEN	NDSU	TRUE	2022	St. Paul	STP	STP_22	15.6666666666667	9
ND2710	NDSU	TRUE	2022	St. Paul	STP	STP_22	7.2	6
BACUP	UMN	TRUE	2022	St. Paul	STP	STP_22	9.23333333333333	10
WHEATON	UMN	TRUE	2022	St. Paul	STP	STP_22	88.3	67.5
MT21214	MSU	FALSE	2023	St. Paul	STP	STP_23	31.8	20
MT21222	MSU	FALSE	2023	St. Paul	STP	STP_23	23.6666666666667	16
MT21305	MSU	FALSE	2023	St. Paul	STP	STP_23	14.3333333333333	7
MT21352	MSU	FALSE	2023	St. Paul	STP	STP_23	29.9333333333333	30
MT21384	MSU	FALSE	2023	St. Paul	STP	STP_23	29.6333333333333	16
NDHRS15-0006-B02	NDSU	FALSE	2023	St. Paul	STP	STP_23	12.7	7
NDHRS15-0006-C29	NDSU	FALSE	2023	St. Paul	STP	STP_23	13.2	7
NDHRS15-0037-C52	NDSU	FALSE	2023	St. Paul	STP	STP_23	23.4	12.5
NDHRS15-0405-C34	NDSU	FALSE	2023	St. Paul	STP	STP_23	22.4	15
NDHRS16RIL-0190-019	NDSU	FALSE	2023	St. Paul	STP	STP_23	17	12.5
SD5101	SDSU	FALSE	2023	St. Paul	STP	STP_23	15.5333333333333	9
SD5117	SDSU	FALSE	2023	St. Paul	STP	STP_23	14.2	10
SD5127	SDSU	FALSE	2023	St. Paul	STP	STP_23	20.4333333333333	16
SD5132	SDSU	FALSE	2023	St. Paul	STP	STP_23	30.5	16
SD5145	SDSU	FALSE	2023	St. Paul	STP	STP_23	16.1333333333333	6
SD5159	SDSU	FALSE	2023	St. Paul	STP	STP_23	28.3333333333333	16
MN18091-2	UMN	FALSE	2023	St. Paul	STP	STP_23	24.1333333333333	12.5
MN19114-3	UMN	FALSE	2023	St. Paul	STP	STP_23	20.2	12
MN19146-4	UMN	FALSE	2023	St. Paul	STP	STP_23	8.5	8
MN19257-1	UMN	FALSE	2023	St. Paul	STP	STP_23	15.6333333333333	6
MN20231-2	UMN	FALSE	2023	St. Paul	STP	STP_23	4.33333333333333	11.5
MT21220	MSU	FALSE	2023	St. Paul	STP	STP_23	34.8666666666667	12.5
ALSEN	NDSU	TRUE	2023	St. Paul	STP	STP_23	21.4666666666667	11
ND2710	NDSU	TRUE	2023	St. Paul	STP	STP_23	6.06666666666667	6
BACUP	UMN	TRUE	2023	St. Paul	STP	STP_23	11.0666666666667	9
WHEATON	UMN	TRUE	2023	St. Paul	STP	STP_23	80.7666666666667	77.5
AAC_HODGE	AAFC	FALSE	2024	St. Paul	STP	STP_24	36.7	17.5
AAC_SPIKE	AAFC	FALSE	2024	St. Paul	STP	STP_24	21.7666666666667	20
AAC_WESTKING	AAFC	FALSE	2024	St. Paul	STP	STP_24	27.6	11
BW5095	AAFC	FALSE	2024	St. Paul	STP	STP_24	47.0333333333333	12.5
HY2136	AAFC	FALSE	2024	St. Paul	STP	STP_24	59.0333333333333	17.5
MT21224	MSU	FALSE	2024	St. Paul	STP	STP_24	59.9333333333333	25
MT22071	MSU	FALSE	2024	St. Paul	STP	STP_24	73.6	37.5
MT22345	MSU	FALSE	2024	St. Paul	STP	STP_24	65.8333333333333	22.5
MT22361	MSU	FALSE	2024	St. Paul	STP	STP_24	62.1	20
MT23004	MSU	FALSE	2024	St. Paul	STP	STP_24	51.7	22.5
MT23297	MSU	FALSE	2024	St. Paul	STP	STP_24	54.3	17
NDHRS18-0069-B077	NDSU	FALSE	2024	St. Paul	STP	STP_24	27.7666666666667	10
NDHRS18-0105-B080	NDSU	FALSE	2024	St. Paul	STP	STP_24	7.03333333333333	9
NDHRS18-0178-B057	NDSU	FALSE	2024	St. Paul	STP	STP_24	43.4	21
NDHRS18-0180-B101	NDSU	FALSE	2024	St. Paul	STP	STP_24	36.4666666666667	23.5
NDHRS18-0261-B234	NDSU	FALSE	2024	St. Paul	STP	STP_24	25.1333333333333	16.5
NDHRS19RIL-0121-212-1	NDSU	FALSE	2024	St. Paul	STP	STP_24	16.7333333333333	11.5
SD5050	SDSU	FALSE	2024	St. Paul	STP	STP_24	47.7333333333333	15
SD5153	SDSU	FALSE	2024	St. Paul	STP	STP_24	20.0333333333333	9
SD5158	SDSU	FALSE	2024	St. Paul	STP	STP_24	38	9
SD5193	SDSU	FALSE	2024	St. Paul	STP	STP_24	43.1333333333333	13.5
SD5195	SDSU	FALSE	2024	St. Paul	STP	STP_24	40	24
SD5203	SDSU	FALSE	2024	St. Paul	STP	STP_24	21.5333333333333	10
SD5223	SDSU	FALSE	2024	St. Paul	STP	STP_24	23.4666666666667	15
MN19342-1	UMN	FALSE	2024	St. Paul	STP	STP_24	43.4666666666667	30
MN20080-3	UMN	FALSE	2024	St. Paul	STP	STP_24	18.9666666666667	6
MN20081-2	UMN	FALSE	2024	St. Paul	STP	STP_24	29.8666666666667	9
MN20171-1	UMN	FALSE	2024	St. Paul	STP	STP_24	29.5	9
MN20172-2	UMN	FALSE	2024	St. Paul	STP	STP_24	41.7	7
MT21220	MSU	FALSE	2024	St. Paul	STP	STP_24	45.4333333333333	11
ALSEN	NDSU	TRUE	2024	St. Paul	STP	STP_24	28.7333333333333	8
ND2710	NDSU	TRUE	2024	St. Paul	STP	STP_24	20.8	17
BACUP	UMN	TRUE	2024	St. Paul	STP	STP_24	22	10
WHEATON	UMN	TRUE	2024	St. Paul	STP	STP_24	87.6	90
MT9354	MSU	FALSE	1995	St. Paul	STP	STP_95	54.8	NA
MT9360	MSU	FALSE	1995	St. Paul	STP	STP_95	39.3	NA
INGOT	SDSU	FALSE	1995	St. Paul	STP	STP_95	8.9	NA
FRONTANA	UMN	FALSE	1995	St. Paul	STP	STP_95	9.8	NA
MN94382	UMN	FALSE	1995	St. Paul	STP	STP_95	6.2	NA
D87-240	NDSU	FALSE	1995	St. Paul	STP	STP_95	3.2	NA
2375	NDSU	TRUE	1995	St. Paul	STP	STP_95	32.2	NA
WHEATON	UMN	TRUE	1995	St. Paul	STP	STP_95	14.1	NA
HY417	AAFC	FALSE	1996	St. Paul	STP	STP_96	99	29.7
MN94351	UMN	FALSE	1996	St. Paul	STP	STP_96	NA	1.9
MN94382	UMN	FALSE	1996	St. Paul	STP	STP_96	0.2	3.9
SCHOLAR	MSU	FALSE	1996	St. Paul	STP	STP_96	99	25.3
D87-240	NDSU	FALSE	1996	St. Paul	STP	STP_96	14.9	14.3
2375	NDSU	TRUE	1996	St. Paul	STP	STP_96	33	16.5
ND2710	NDSU	TRUE	1996	St. Paul	STP	STP_96	0.7	3.4
BACUP	UMN	TRUE	1996	St. Paul	STP	STP_96	2	6
WHEATON	UMN	TRUE	1996	St. Paul	STP	STP_96	99	46.7
ND691	NDSU	FALSE	1997	St. Paul	STP	STP_97	6	30
PARSHALL	NDSU	FALSE	1997	St. Paul	STP	STP_97	11	13
MN94346	UMN	FALSE	1997	St. Paul	STP	STP_97	2	13
MN95124	UMN	FALSE	1997	St. Paul	STP	STP_97	9	20
MN95211	UMN	FALSE	1997	St. Paul	STP	STP_97	4	12
SCHOLAR	MSU	FALSE	1997	St. Paul	STP	STP_97	19	35
MCVEY	UMN	FALSE	1997	St. Paul	STP	STP_97	14	12
D87-240	NDSU	FALSE	1997	St. Paul	STP	STP_97	12	40
2375	NDSU	TRUE	1997	St. Paul	STP	STP_97	6	15
ND2710	NDSU	TRUE	1997	St. Paul	STP	STP_97	2	18
BACUP	UMN	TRUE	1997	St. Paul	STP	STP_97	3	9
WHEATON	UMN	TRUE	1997	St. Paul	STP	STP_97	25	50
LANGDON	NDSU	FALSE	1998	St. Paul	STP	STP_98	39.4	10.6
BRIGGS	SDSU	FALSE	1998	St. Paul	STP	STP_98	17.6	5.6
SD3345	SDSU	FALSE	1998	St. Paul	STP	STP_98	28	4.6
MN97237	UMN	FALSE	1998	St. Paul	STP	STP_98	11.1	4.7
MN97762	UMN	FALSE	1998	St. Paul	STP	STP_98	12.2	8.9
MN97847	UMN	FALSE	1998	St. Paul	STP	STP_98	8.6	7.2
MCVEY	UMN	FALSE	1998	St. Paul	STP	STP_98	7.4	6.1
ND2891	NDSU	FALSE	1998	St. Paul	STP	STP_98	11.5	3.3
2375	NDSU	TRUE	1998	St. Paul	STP	STP_98	11.2	4.9
ND2710	NDSU	TRUE	1998	St. Paul	STP	STP_98	5.8	2.7
BACUP	UMN	TRUE	1998	St. Paul	STP	STP_98	15.4	2.7
WHEATON	UMN	TRUE	1998	St. Paul	STP	STP_98	43	25.2
ACBARRIE	AAFC	FALSE	1999	St. Paul	STP	STP_99	33	31
SD3310	SDSU	FALSE	1999	St. Paul	STP	STP_99	31	36
SD3407	SDSU	FALSE	1999	St. Paul	STP	STP_99	42	36
SD3414	SDSU	FALSE	1999	St. Paul	STP	STP_99	25	20
MN97518	UMN	FALSE	1999	St. Paul	STP	STP_99	46	28
MN97596	UMN	FALSE	1999	St. Paul	STP	STP_99	28	28
MN97603	UMN	FALSE	1999	St. Paul	STP	STP_99	45	26
MN98068	UMN	FALSE	1999	St. Paul	STP	STP_99	58	38
MN98513	UMN	FALSE	1999	St. Paul	STP	STP_99	20	25
ND2891	NDSU	FALSE	1999	St. Paul	STP	STP_99	34	21
2375	NDSU	TRUE	1999	St. Paul	STP	STP_99	32	46
ND2710	NDSU	TRUE	1999	St. Paul	STP	STP_99	18	23
BACUP	UMN	TRUE	1999	St. Paul	STP	STP_99	35	15
WHEATON	UMN	TRUE	1999	St. Paul	STP	STP_99	68	50
MN94351	UMN	FALSE	1996	Winnipeg	WNP	WNP_96	5	11.5
MN94382	UMN	FALSE	1996	Winnipeg	WNP	WNP_96	1.6	16.4
2375	NDSU	TRUE	1996	Winnipeg	WNP	WNP_96	9.6	36.8
ND2710	NDSU	TRUE	1996	Winnipeg	WNP	WNP_96	7.6	7.3
BACUP	UMN	TRUE	1996	Winnipeg	WNP	WNP_96	6	22.1
WHEATON	UMN	TRUE	1996	Winnipeg	WNP	WNP_96	38.6	70.8
LANGDON	NDSU	FALSE	1998	Winnipeg	WNP	WNP_98	19.6	NA
BRIGGS	SDSU	FALSE	1998	Winnipeg	WNP	WNP_98	31.9	NA
SD3345	SDSU	FALSE	1998	Winnipeg	WNP	WNP_98	21.2	NA
MN97237	UMN	FALSE	1998	Winnipeg	WNP	WNP_98	4.3	NA
MN97762	UMN	FALSE	1998	Winnipeg	WNP	WNP_98	27.8	NA
MN97847	UMN	FALSE	1998	Winnipeg	WNP	WNP_98	15.7	NA
MCVEY	UMN	FALSE	1998	Winnipeg	WNP	WNP_98	6.6	NA
ND2891	NDSU	FALSE	1998	Winnipeg	WNP	WNP_98	28.2	NA
2375	NDSU	TRUE	1998	Winnipeg	WNP	WNP_98	21.2	NA
ND2710	NDSU	TRUE	1998	Winnipeg	WNP	WNP_98	5.4	NA
BACUP	UMN	TRUE	1998	Winnipeg	WNP	WNP_98	17.5	NA
WHEATON	UMN	TRUE	1998	Winnipeg	WNP	WNP_98	44.2	NA
