Trial,Line,DF_BLUE,DF_SE,DPM_BLUE,DPM_SE,100SdW_BLUE,100SdW_SE,Yd_BLUE,Yd_SE
Dar16C_hiP,ACC_002,39.48314681,1.563730072,79.75527121,0.77791066,49.81542939,2.425260214,1711.570137,202.5353573
Dar16C_hiP,ACC_003,47.52166219,1.554171734,83.46820477,0.773549109,49.54321761,2.416314442,959.7475073,201.7163846
Dar16C_hiP,ACC_004,40.74756665,1.583559463,82.31994122,0.787518961,53.74466324,2.444814941,809.4625757,206.3912082
Dar16C_hiP,ACC_005,40.48791039,1.545030385,80.84775012,0.769801876,61.43232897,2.418969885,1523.644867,201.7495272
Dar16C_hiP,ACC_007,39.51084568,1.578571125,80.43770363,0.78572285,42.51563445,2.446617828,1353.960587,205.2931891
Dar16C_hiP,ACC_008,39.74633998,1.544862537,81.16267955,0.770209053,53.50379878,2.419497488,1495.299846,201.9877812
Dar16C_hiP,ACC_009,43.65401639,1.567795786,82.18215328,0.779158003,52.97510069,2.436605936,1655.823903,203.3285597
Dar16C_hiP,ACC_010,39.59127395,1.561825019,80.4589371,0.7763867,47.67997744,2.418264645,1390.98895,202.6662654
Dar16C_hiP,ACC_011,39.29952964,1.552521159,81.52022431,0.772388097,50.71036806,2.409284769,1200.722002,200.7711976
Dar16C_hiP,ACC_012,42.13884991,1.55019654,83.07143134,0.771546956,55.88245519,2.402856005,1954.135012,200.6747289
Dar16C_hiP,ACC_014,47.02124772,1.602236538,82.56758288,0.796136325,49.7549101,2.494072918,1385.781708,209.2802136
Dar16C_hiP,ACC_017,44.53498041,1.552454511,82.84681998,0.773070306,51.94001556,2.412370537,715.0606426,201.56209
Dar16C_hiP,ACC_018,39.55276177,1.580281654,80.39699981,0.783886943,51.09365508,2.436760774,1227.833921,204.7011132
Dar16C_hiP,ACC_022,39.368596,1.555136656,79.02185535,0.774179523,53.92427422,2.410962944,1697.276922,201.8040703
Dar16C_hiP,ACC_023,38.78495859,1.551915242,81.53777062,0.772788592,49.72760065,2.402770568,1990.831349,200.8221161
Dar16C_hiP,ACC_024,39.99539714,1.56240529,82.583939,0.776089288,49.51497214,2.428497736,1287.84016,202.2825309
Dar16C_hiP,ACC_025,39.57055989,1.549757824,81.85011971,0.773783031,38.71320268,2.403146086,888.2337779,201.3054584
Dar16C_hiP,ACC_026,41.93416722,1.546667086,82.66159311,0.769879666,45.53771317,2.419640183,1072.837759,200.9074928
Dar16C_hiP,ACC_027,40.94154857,1.566452499,82.06927796,0.777642773,50.18597695,2.423503476,1149.699792,203.0660698
Dar16C_hiP,ACC_028,39.20722671,1.568481847,81.45709253,0.78035492,49.77520376,2.424448164,1049.028502,203.8930692
Dar16C_hiP,ACC_029,45.06123306,1.549831704,82.40719561,0.772487667,48.5196675,2.401159768,860.5342673,200.8014434
Dar16C_hiP,ACC_030,42.70182526,1.572615333,83.19915879,0.781446312,52.66201293,2.436889301,1483.543971,202.7235054
Dar16C_hiP,ACC_031,46.06225028,1.585901918,82.24680469,0.786258467,54.47909327,2.508449225,1441.070285,206.9009358
Dar16C_hiP,AFR_298,43.1573593,1.113278127,83.28943142,0.562002844,51.62843677,1.736331592,1689.86625,148.5622153
Dar16C_hiP,AFR_619,46.74532749,1.553212188,83.00731573,0.773747533,49.23344868,2.411830694,1772.202018,201.7756231
Dar16C_hiP,AFR_708,45.14983687,1.544863096,81.7686753,0.770818605,52.69521672,2.420437077,1409.104352,201.4542941
Dar16C_hiP,AFR_722,43.58180846,1.107562552,82.11748835,0.553693022,58.75234572,1.71033207,1679.626526,145.7945244
Dar16C_hiP,AFR_735,39.37540611,1.575381696,81.1282588,0.781915715,51.79897787,2.444991663,1413.246158,203.9202544
Dar16C_hiP,AMADEUS,42.98869331,1.580155959,82.48402798,0.78674546,30.6983264,2.44054315,2303.894787,205.0699355
Dar16C_hiP,BRB_191,47.7216492,1.549913063,84.13270947,0.771847365,52.8310441,2.406954967,1176.761581,201.0844735
Dar16C_hiP,BRB_198,47.52685623,1.563356373,84.79571593,0.779181695,55.79982285,2.415430862,1402.545445,202.977059
Dar16C_hiP,BRB_215,39.42974367,1.550351798,81.90079889,0.773175158,47.62406306,2.407964582,1513.733981,202.5111397
Dar16C_hiP,BRB_264,39.63636349,1.562797528,80.84850829,0.778391367,42.87526312,2.424502715,1844.791645,203.3402174
Dar16C_hiP,CAL_096,40.11702933,1.111243369,80.96116807,0.637120954,68.08785423,1.718931473,1489.393344,145.8819462
Dar16C_hiP,CAL_143,44.03097409,1.109891976,83.22192524,0.555431912,49.91102085,1.766958361,1606.774681,148.9959227
Dar16C_hiP,CMB_004,46.08176974,1.555971776,83.16844982,0.774351853,54.4507724,2.413814117,1371.780555,201.2485503
Dar16C_hiP,CMB_006,47.01682661,1.555378989,81.85253558,0.774428572,46.31657078,2.421817578,648.168729,202.733106
Dar16C_hiP,CMB_010,41.2808442,1.559284927,81.81787494,0.776106722,54.1965479,2.414860553,1824.189989,201.9050931
Dar16C_hiP,CMB_012,45.06503244,1.575763179,84.49902232,0.783754087,44.08861229,2.421710175,1901.810028,204.178743
Dar16C_hiP,CMB_014,41.0638653,1.555562018,82.08353149,0.773710482,49.05126444,2.41921098,1322.303325,201.369896
Dar16C_hiP,CMB_016,39.89980183,1.552692323,80.65180013,0.773682342,58.28472675,2.405223979,1003.164787,202.0728369
Dar16C_hiP,CMB_018,45.40429111,1.553612391,83.24046685,0.773384705,55.7130548,2.421142415,1266.414187,201.7111845
Dar16C_hiP,CMB_025,40.21998094,1.564173724,81.15318084,0.778528984,54.91256695,2.427126292,1714.385407,202.8292204
Dar16C_hiP,CMB_036,46.01539461,1.549664363,83.20798638,0.773211544,55.88789242,2.400035092,1373.130645,201.1677827
Dar16C_hiP,CMB_043,41.48208338,1.549328669,82.52972149,0.772045153,54.08909499,2.404319046,1602.299211,201.5751475
Dar16C_hiP,CMB_045,42.70628941,1.550810362,83.15050433,0.773107956,61.28722637,2.402100506,1799.058509,200.847696
Dar16C_hiP,CMB_050,45.85840478,1.565156688,84.0992224,0.779527401,51.02475985,2.423629864,1015.203707,203.5093525
Dar16C_hiP,CMB_057,45.67229917,1.555603591,84.22070609,0.774137725,57.88649882,2.417646804,1437.785399,201.9988894
Dar16C_hiP,CMB_073,43.5903448,1.556525006,80.6444319,0.774968686,53.25342826,2.42015536,1107.071742,202.0997612
Dar16C_hiP,CMB_080,41.37705573,1.554435389,81.24725752,0.773959839,50.20065672,2.417618634,1412.015032,202.4302673
Dar16C_hiP,CMB_095,46.78342231,1.582535405,82.78735691,0.786044417,49.5214424,2.452131264,1523.934091,205.6846542
Dar16C_hiP,CMB_103,40.02934737,1.560433989,82.1494786,0.776116149,55.10738242,2.424982532,1238.074128,202.4831272
Dar16C_hiP,CMB_105,40.97524772,1.569743409,82.06661329,0.779855675,58.68856453,2.426528444,1799.672677,202.8111525
Dar16C_hiP,COS_016,39.27305273,1.552175871,81.33367119,0.773545736,48.37861236,2.404519048,1937.367631,201.5496049
Dar16C_hiP,DAA_001,40.04059995,1.579269402,81.53352917,0.785123799,52.98034889,2.431387273,1991.314098,204.6283832
Dar16C_hiP,DAA_002,41.56716124,1.552487046,81.20956625,0.77384925,62.90630502,2.413387809,1253.453581,202.4141935
Dar16C_hiP,DAA_003,41.7891536,1.563814973,81.25922597,0.776935336,54.1506524,2.428821108,1216.042323,203.2321627
Dar16C_hiP,DAA_004,38.70008749,1.55764171,81.51918178,0.778004191,46.92248155,2.410482009,978.2316563,203.2745838
Dar16C_hiP,DAA_005,38.59070759,1.561040574,80.161563,0.777209887,54.55099821,2.425461202,1579.403457,203.1082005
Dar16C_hiP,DAA_006,40.11906921,1.549511717,80.19163933,0.772164228,49.12066177,2.410120268,1742.173175,200.6410479
Dar16C_hiP,DAA_007,40.31771582,1.551740954,80.88031007,0.772550275,50.34532362,2.428259954,1466.03393,202.5280232
Dar16C_hiP,DAA_008,41.47141676,1.570098784,80.62214096,0.780692168,53.69247872,2.431245695,1715.784546,203.3255151
Dar16C_hiP,DAA_009,38.61724512,1.549701895,79.53728165,0.770661647,53.51998268,2.424773292,1809.582197,201.5340109
Dar16C_hiP,DAA_010,39.04152211,1.554457,80.60647277,0.774229461,56.18513863,2.409094674,1843.160098,201.9783507
Dar16C_hiP,DAA_011,39.14816678,1.592445186,79.4661892,0.789233008,52.45493998,2.450879614,1340.728707,206.0666784
Dar16C_hiP,DAA_012,43.86809338,1.549821478,82.74650274,0.772239408,60.32087816,2.402021543,1921.646868,201.8198266
Dar16C_hiP,DAA_013,38.80913708,1.544172352,80.30493807,0.770338342,53.22522555,2.419136789,1513.104393,201.6717691
Dar16C_hiP,DAA_014,37.67265347,1.558144721,79.00325416,0.774927281,66.46194072,2.417498466,1697.324514,201.9141716
Dar16C_hiP,DAA_015,37.63078232,1.566823418,78.97671348,0.778871062,53.33028479,2.436353828,1786.49262,202.447896
Dar16C_hiP,DAA_016,40.87589294,1.575780465,82.08147801,0.783490529,47.08995684,2.444484504,1761.514751,204.8830352
Dar16C_hiP,DAA_018,43.71751496,1.546893293,82.69384758,0.770741808,57.51399278,2.420179915,1383.324377,202.7477698
Dar16C_hiP,DAA_021,42.17140186,1.567128055,81.59429916,0.779285563,72.40591487,2.43453916,1666.192213,203.3309812
Dar16C_hiP,DAA_024,38.54296599,1.588538451,80.54327793,0.787509073,58.28401365,2.454191622,1690.869174,205.7903722
Dar16C_hiP,DAA_027,42.1897964,1.552538126,82.60471686,0.773073085,56.74253211,2.410338263,1210.002717,201.983926
Dar16C_hiP,DAA_029,42.54916818,1.564812378,82.16229386,0.778401146,66.75859947,2.429597229,1947.391591,203.2612245
Dar16C_hiP,DAA_041,42.06076486,1.554362955,80.40882606,0.773909,62.182806,2.406850428,1708.496142,201.4361428
Dar16C_hiP,DAA_044,37.09525618,1.563209976,80.67256091,0.778603418,60.75463814,2.413840165,1792.577799,203.3299396
Dar16C_hiP,DAA_045,38.88581743,1.551103012,79.60862026,0.773979255,68.7620238,2.420069265,1602.905638,203.1592078
Dar16C_hiP,DAA_049,39.79801363,1.551596711,80.00333772,0.773907273,56.32306131,2.402004277,1690.932794,201.5010869
Dar16C_hiP,DAA_051,39.63805469,1.553202076,80.07097406,0.772908587,66.99016766,2.415471462,1612.80151,201.5318971
Dar16C_hiP,DAA_052,40.03455088,1.560952467,80.99676177,0.775242005,64.09031799,2.411771772,1258.257232,201.2110219
Dar16C_hiP,DAA_059,37.74046346,1.572844609,80.53444994,0.781875987,55.15444232,2.428549979,1829.110271,204.4734512
Dar16C_hiP,DAA_060,39.1458628,1.585258706,81.83918326,0.786975088,57.13049406,2.448894828,1397.342283,205.8038873
Dar16C_hiP,DAA_062,41.07519312,1.564641094,81.12192027,0.777392799,68.87466736,2.430670597,2101.81245,202.86771
Dar16C_hiP,DAA_065,38.01545844,1.559460825,79.25017828,0.776457205,59.62113655,2.41670906,1927.512261,202.2616336
Dar16C_hiP,DAA_078,41.70353706,1.553708106,80.504121,0.773040405,56.4824913,2.40507669,1877.185345,201.2801443
Dar16C_hiP,DAA_086,39.49646308,1.546794209,80.44160089,0.770126111,55.17200909,2.423456839,1354.429214,202.4167925
Dar16C_hiP,DAA_091,38.48489922,1.551076336,80.05039967,0.772945129,56.93632878,2.409513618,1588.320798,201.4950701
Dar16C_hiP,DAA_094,45.75741881,1.553580684,82.99208732,0.773601889,62.87066674,2.408084832,1353.166915,202.087087
Dar16C_hiP,DAA_096,41.69994112,1.551001554,81.89035584,0.773065566,58.44167856,2.402474142,1602.494415,201.311839
Dar16C_hiP,DAA_098,40.22014487,1.552549106,80.79840146,0.772956759,57.31737117,2.412368399,1340.061828,202.2685629
Dar16C_hiP,DAA_100,39.53222258,1.573444638,81.83481942,0.780395428,60.91563452,2.464359253,1523.734496,204.5607031
Dar16C_hiP,DAA_111,40.5462886,1.553885225,80.10573911,0.773216549,41.30930691,2.406100945,1681.503534,201.1422056
Dar16C_hiP,DAA_112,39.28626261,1.545954485,81.37857422,0.770825506,56.06552656,2.416883318,1155.739964,201.7424758
Dar16C_hiP,DAA_113,47.40164209,1.553441623,83.29964894,0.774264307,65.40377911,2.421095224,1664.291952,201.961824
Dar16C_hiP,DAA_114,47.07333654,1.556528971,83.37955607,0.773936345,52.94463982,2.415422124,1431.484681,202.1705266
Dar16C_hiP,DAA_115,46.75449025,1.556467319,84.26843756,0.774147551,49.39004078,2.415824729,1221.424341,202.304988
Dar16C_hiP,DAA_116,40.19498263,1.544149778,81.49910636,0.770463588,51.62520497,2.418551836,1259.824913,201.6506091
Dar16C_hiP,DAA_117,42.56495229,1.552789313,82.3955262,0.773855563,54.49214793,2.42693249,1405.648491,203.8715154
Dar16C_hiP,DAA_118,43.96901067,1.550433779,82.9130582,0.772366775,55.01472837,2.408662975,994.7156956,202.5288022
Dar16C_hiP,DAA_119,45.45743234,1.557136039,83.44040858,0.774764045,53.81357841,2.42147722,932.159691,202.2049728
Dar16C_hiP,DAA_120,43.94045182,1.553654537,80.51536551,0.773778508,50.93417792,2.407157145,1178.753513,201.9368396
Dar16C_hiP,DAA_121,45.15447581,1.555513482,82.88755875,0.774088541,55.8967623,2.417899933,1103.327578,201.3797065
Dar16C_hiP,DAA_122,39.13811914,1.581757823,82.80028686,0.784657592,54.57808745,2.498415039,1890.956845,207.0119357
Dar16C_hiP,DAA_123,40.42358428,1.551487252,81.20556638,0.772793492,48.23952791,2.403037553,1685.33998,200.7291258
Dar16C_hiP,DAA_124,42.95294644,1.559169323,82.30825384,0.774905101,51.15063247,2.414444893,1519.227182,202.5745766
Dar16C_hiP,DAA_125,39.42670054,1.564849161,82.15479926,0.778964999,52.30194642,2.423083343,1206.889338,203.2928502
Dar16C_hiP,DAA_126,44.08611561,1.559898411,83.58581086,0.775245049,52.91969914,2.416796964,1519.019899,202.4379004
Dar16C_hiP,DAA_142,43.50395051,1.552590011,82.81814235,0.774373945,60.97890757,2.405076328,1529.936645,201.9110381
Dar16C_hiP,DAA_145,40.06236385,1.581843227,80.96893565,0.786137424,57.36696111,2.45221154,1491.544689,205.7715171
Dar16C_hiP,DAA_148,38.88549639,1.552007441,80.91103757,0.77141253,49.90635721,2.41505323,1525.365185,200.6028966
Dar16C_hiP,DAA_151,42.07278146,1.586596454,82.67512297,1.103401748,51.62468434,2.450892925,1425.837721,204.9076178
Dar16C_hiP,DAA_153,42.79877704,1.1065965,81.84411282,0.557394487,50.5747001,1.707856499,1736.389223,146.9871603
Dar16C_hiP,DAA_154,38.66054517,1.605402741,81.72436052,0.800675268,52.21008086,2.478938951,2046.97634,209.5341381
Dar16C_hiP,DAA_159,41.06576705,1.547724675,82.59292987,0.771617745,53.07726616,2.417914696,1484.961711,201.1230137
Dar16C_hiP,DAA_164,39.38120277,1.550582018,80.92504286,0.772609309,60.12958066,2.400551106,1641.265905,202.2404766
Dar16C_hiP,DAA_166,39.04019935,1.552893992,80.13492162,0.773054206,63.20031298,2.405444084,1952.011461,200.8462979
Dar16C_hiP,DAA_173,41.89166255,1.546024811,80.07301919,0.77071735,54.38137744,2.418564044,1037.836558,201.8977435
Dar16C_hiP,DAA_175,38.8983023,1.544660409,80.21029888,0.770021351,50.36973398,2.418163186,1114.317344,201.9624291
Dar16C_hiP,DAB_049,39.71925772,1.553128196,81.87517464,0.773579269,28.98615355,2.409287859,2098.957782,201.8711485
Dar16C_hiP,DAB_052,43.50649195,1.565024724,82.8284329,0.777581474,26.94514763,2.420210411,1873.753773,203.3187481
Dar16C_hiP,DAB_053,44.99528581,1.565353933,83.89303324,1.103816279,56.8037982,2.414254102,1142.441704,203.4969926
Dar16C_hiP,DAB_062,43.64959417,1.552144932,82.69406801,0.772360814,53.03498124,2.410971252,1495.341486,201.1970686
Dar16C_hiP,DAB_064,44.49550045,1.559377553,83.54023948,0.77559551,48.18377946,2.428230761,1704.977384,201.8285276
Dar16C_hiP,DAB_065,40.0697555,1.555855388,80.97839808,0.773747167,57.84488191,2.417166,1757.841055,201.7127557
Dar16C_hiP,DAB_066,40.9500488,1.548012329,82.32893797,0.772110752,57.92469139,2.404202801,1617.609975,201.0176725
Dar16C_hiP,DAB_084,42.10951605,1.59333043,82.8166125,0.791652873,49.96107486,2.445621762,1981.153999,206.2586069
Dar16C_hiP,DAB_090,39.63737966,1.561702617,81.36006654,0.777825316,47.80379657,2.417837874,1967.391394,202.7991791
Dar16C_hiP,DAB_105,40.46578034,1.558061084,79.53786904,0.775637259,46.25170769,2.413906117,1910.949579,201.9576001
Dar16C_hiP,DAB_106,45.50827674,1.558057361,83.88960504,0.775699643,49.18820476,2.423030189,1496.64925,201.9775782
Dar16C_hiP,DAB_109,42.07398118,1.551014314,81.66509368,0.772215364,51.9921109,2.407965822,1532.028292,201.2009197
Dar16C_hiP,DAB_150,40.87953657,1.545743584,81.6872417,0.771269788,42.57625732,2.407997501,1739.04213,200.7480279
Dar16C_hiP,DAB_187,41.94897366,1.552217533,81.94672324,0.772690975,40.56371951,2.407938281,1767.779981,201.5518226
Dar16C_hiP,DAB_231,42.90102499,1.565406758,82.80197766,0.778775971,54.70862447,2.426375161,1625.648575,203.2099084
Dar16C_hiP,DAB_233,38.42217661,1.549945179,80.25989355,0.77190511,53.16901045,2.407692777,1456.917485,202.1621962
Dar16C_hiP,DAB_236,38.27611895,1.547555021,81.25498472,0.772581941,54.84358819,2.425321082,1625.668236,202.7547714
Dar16C_hiP,DAB_244,43.91989264,1.550473774,82.31594138,0.773618957,56.59381287,2.402648583,1481.210983,201.1259821
Dar16C_hiP,DAB_251,42.78642058,1.104358181,82.79451922,0.551163455,57.19531713,1.715924687,1842.834296,145.2855593
Dar16C_hiP,DAB_252,40.52539577,1.547403442,81.9925191,0.771732278,57.46889408,2.422114695,1901.410053,201.9800196
Dar16C_hiP,DAB_256,41.5030995,1.552829569,81.0432151,0.774223279,55.64563882,2.42704537,1153.573335,204.0060039
Dar16C_hiP,DAB_258,40.05631177,1.551700297,81.5899663,0.773543809,54.88929903,2.408276333,1539.993083,201.9992727
Dar16C_hiP,DAB_267,39.81403056,1.583748207,81.67516022,0.786338171,52.96721192,2.445910589,1383.286639,205.1174676
Dar16C_hiP,DAB_277,37.64007807,1.553722056,80.66756632,0.773690451,57.79572776,2.412811764,1394.175503,201.8066752
Dar16C_hiP,DAB_295,38.02590987,1.29087542,81.29144168,0.55477824,60.06234896,1.724929653,1934.057723,146.0217446
Dar16C_hiP,DAB_302,39.21274974,1.543018732,80.73906747,0.769050611,66.58299307,2.418449328,1878.810453,201.5544672
Dar16C_hiP,DAB_317,39.39715896,1.556116242,80.65875408,0.774109898,57.47963563,2.408400184,1571.624208,202.0402749
Dar16C_hiP,DAB_344,39.88992884,1.556946279,80.70091049,0.777262317,52.1279046,2.41390893,1755.879326,202.423723
Dar16C_hiP,DAB_353,39.22816983,1.557554067,80.88860141,0.776428509,48.9677611,2.407803246,1111.796605,202.923935
Dar16C_hiP,DAB_366,42.80604528,1.551021555,81.97224188,0.772455803,57.42532984,2.407293988,2395.549565,201.6390561
Dar16C_hiP,DAB_374,43.74940409,1.560807407,82.16637127,0.776656023,50.672639,2.419283578,1405.620242,202.6180772
Dar16C_hiP,DAB_380,39.40128458,1.589241777,79.30627262,0.791679707,58.0032496,2.468034815,1548.356614,207.1041927
Dar16C_hiP,DAB_384,40.28429579,1.557689533,80.34427121,0.774276622,51.52051935,2.40777521,1646.325563,201.3110133
Dar16C_hiP,DAB_396,40.56085118,1.590294411,81.3666941,0.7905886,47.59541196,2.463228594,1616.261935,206.7106055
Dar16C_hiP,DAB_398,45.40523583,1.547960087,82.06432809,0.770049001,52.25884777,2.423406149,1642.795202,200.3867865
Dar16C_hiP,DAB_402,42.09135357,1.552609822,80.04881411,0.772818361,58.54437357,2.428760917,1589.441927,202.4412055
Dar16C_hiP,DAB_441,41.03695178,1.550881389,79.62573961,0.773452565,56.63775518,2.403511922,1497.434985,201.4175264
Dar16C_hiP,DAB_489,37.49384587,1.560935872,78.77952756,0.777396112,51.98251037,2.408874803,1750.721969,202.1691779
Dar16C_hiP,DAB_494,39.02327795,1.125529592,79.65434748,0.562652541,48.028736,1.729567665,1592.795876,148.3574718
Dar16C_hiP,DAB_514,40.41833411,1.550943922,81.86533932,0.771578425,59.41002702,2.409862339,1393.54114,201.4156182
Dar16C_hiP,DAB_520,38.65831741,1.551945681,80.09274866,0.772917865,50.046177,2.412418891,1779.142257,201.3048066
Dar16C_hiP,DAB_525,37.66964338,1.55550611,80.34432571,0.773649188,56.82129726,2.426915509,1654.436328,202.0494386
Dar16C_hiP,DAB_528,42.18165137,1.560012301,81.00930505,0.776371369,48.58441321,2.412333629,1282.866293,202.4807873
Dar16C_hiP,DAB_534,40.88780989,1.549236603,81.5597693,0.772998171,62.48701924,2.402511333,1393.929659,201.568326
Dar16C_hiP,DAB_541,39.1359531,1.551620798,79.68904237,0.773938941,52.1577138,2.407163345,1267.018754,201.562232
Dar16C_hiP,DAB_545,37.75810841,1.570160805,80.01574094,0.78380527,52.68845424,2.422821544,1383.203526,204.7161804
Dar16C_hiP,DAB_549,39.05059055,1.567199561,80.82547988,0.778700716,55.14573687,2.415152382,1681.549295,202.3283645
Dar16C_hiP,DAB_555,37.29506394,1.549704813,79.39431663,0.774535019,47.83413116,2.429895516,1633.464867,203.8898146
Dar16C_hiP,DAB_568,40.28991814,1.551549359,80.84320492,0.772622552,54.40242142,2.399997856,1378.987167,201.2580086
Dar16C_hiP,DAB_569,44.15297163,1.568282492,83.41247728,0.779129698,55.27621276,2.425159985,1642.784817,203.1351693
Dar16C_hiP,DAB_570,41.67271451,1.550906851,82.15736021,0.772525809,56.67810917,2.409549369,1037.511342,201.9766424
Dar16C_hiP,DAB_571,46.99458077,1.561310863,82.52583237,0.777130497,62.27468676,2.41410017,1856.486442,202.0352276
Dar16C_hiP,DAB_572,46.55344952,1.551141996,81.99763902,0.772930865,51.74776574,2.403144422,1427.942962,201.937596
Dar16C_hiP,DAB_573,39.88812795,1.577123566,79.99413931,0.784649078,56.21479656,2.448348247,1883.013372,205.3820882
Dar16C_hiP,DAB_574,44.12599962,1.545938432,81.40661622,0.770537287,67.31482221,2.420707487,1893.461491,202.5843579
Dar16C_hiP,DAB_575,43.69272497,1.556043403,81.4993434,0.773549367,46.50083732,2.415879339,1405.130414,201.0638193
Dar16C_hiP,DAB_576,43.85920699,1.544717829,82.16157397,0.77090029,58.47127375,2.420802623,2090.847852,202.3462214
Dar16C_hiP,DAB_577,40.40110973,1.553823712,81.4418798,0.773952487,65.75144906,2.404401984,2253.291145,201.6445047
Dar16C_hiP,DAB_578,40.93139445,1.568798685,80.14138735,0.780030153,51.05161453,2.436509982,1315.509063,203.5159129
Dar16C_hiP,DAB_579,40.99483902,1.556701081,80.55717417,0.775240481,62.33122075,2.418471362,1334.120551,202.0434404
Dar16C_hiP,DAB_580,43.51072382,1.572702537,82.01700779,0.781853251,59.98962763,2.433956929,1888.766632,205.1684753
Dar16C_hiP,DAB_581,43.65603205,1.551442203,81.73787228,0.773192823,61.14336864,2.402475657,1621.497773,201.4791975
Dar16C_hiP,DAB_583,41.11098799,1.567708934,81.68827599,0.778331947,46.45842437,2.448774,1467.373292,202.5194584
Dar16C_hiP,DAB_584,47.05739102,1.551253668,83.00765781,0.773612063,51.19432822,2.403037211,1003.278718,202.3613404
Dar16C_hiP,DAB_585,42.97508186,1.570552253,84.46204918,0.779718612,49.60036564,2.433401318,997.5833827,204.2991439
Dar16C_hiP,DAB_586,43.39641073,1.550671791,83.57286545,0.773167781,48.25014093,2.404066267,1150.43026,201.4883273
Dar16C_hiP,DAB_587,38.41886643,1.561987681,81.10320602,0.7780192,54.18132916,2.416443146,1889.197287,203.5835057
Dar16C_hiP,DAB_588,39.04449488,1.549790286,80.38538502,0.772269669,43.68830054,2.401404894,1950.46813,201.5262783
Dar16C_hiP,DAB_589,38.83477297,1.551770513,79.54368323,0.77359071,56.96093425,2.406170321,1536.930316,201.0959198
Dar16C_hiP,DAB_591,39.94512635,1.557691046,79.85267506,0.775796309,56.36284237,2.408527353,2005.355005,202.8230454
Dar16C_hiP,DAB_592,40.16269241,1.580016373,81.9333333,0.786127568,52.2988843,2.445627193,1241.261267,204.9690083
Dar16C_hiP,DAB_593,39.37173187,1.571382653,80.47245224,0.778866192,50.42591449,2.438176475,1349.158084,204.1210662
Dar16C_hiP,DAB_594,37.82614466,1.594150307,80.36384498,0.791742961,56.40259456,2.447630381,1627.239368,207.023391
Dar16C_hiP,DAB_596,39.11934465,1.553798892,80.66492664,0.773686533,55.32991695,2.403570827,1911.8691,202.3358068
Dar16C_hiP,DAB_597,39.89381028,1.556154622,80.47937268,0.77430759,55.94629462,2.420623329,1361.181112,201.6646283
Dar16C_hiP,DAB_598,38.88206395,1.576046354,80.55983602,0.784348817,52.30369254,2.438429373,1625.577492,204.9690955
Dar16C_hiP,DAB_600,41.70057579,1.572356369,81.7025873,0.781798467,62.14247725,2.435421089,1142.346839,205.1242014
Dar16C_hiP,DAB_602,46.08906022,1.551341849,82.38021138,0.773050637,55.60872,2.406383228,1420.903736,201.5269609
Dar16C_hiP,DAB_603,43.1970467,1.54539552,82.89657139,0.770715393,48.55700658,2.422139991,1219.971764,202.308321
Dar16C_hiP,DAB_604,41.55503034,1.555200094,83.29917128,0.777058121,59.57081077,2.408693558,1665.963271,201.7558056
Dar16C_hiP,DAB_605,40.17097783,1.564367721,80.75327921,0.779569993,55.74550058,2.420716436,1647.629761,204.3915355
Dar16C_hiP,DAB_606,41.42673799,1.543451073,82.42851937,0.770075412,46.6245715,2.419910263,1696.893303,201.9402676
Dar16C_hiP,DAB_607,45.83723741,1.552756239,83.41691334,0.773114868,58.83062675,3.413222514,1304.146277,281.8905867
Dar16C_hiP,DAB_609,39.93815903,1.591471524,82.77605722,0.789512772,48.1772751,2.439490636,1472.874439,206.6236298
Dar16C_hiP,DAB_610,46.87884806,1.550736766,83.61398773,0.771349328,46.11807133,2.414475088,1456.305335,200.8909412
Dar16C_hiP,DAB_612,41.82238376,1.555935403,83.12030491,0.773771313,52.26965075,2.419297399,995.2265402,202.0173043
Dar16C_hiP,DAB_614,38.88785573,1.141934461,79.5228368,0.568975111,52.48387414,1.744317572,1583.943754,151.2315262
Dar16C_hiP,DAB_615,39.43927366,1.55181687,80.21271797,0.772067562,52.82742137,2.403444166,1793.565463,201.2808774
Dar16C_hiP,DAB_616,42.84324098,1.553161969,84.60179677,0.773278299,46.51019867,2.403059139,1736.427257,200.8127624
Dar16C_hiP,DAB_617,39.5819447,1.55267935,80.28761735,0.772712181,53.11869974,2.43169108,1758.122162,202.2253023
Dar16C_hiP,DAB_619,39.95447394,1.550525447,80.70922754,0.773041276,53.05585449,2.403561735,1506.58709,201.3432974
Dar16C_hiP,DAB_621,39.45987721,1.61009513,79.71643588,0.801164974,55.52195318,2.467493561,1584.265338,209.0977666
Dar16C_hiP,DAB_622,38.49130055,1.584883622,80.72141741,0.787376592,55.41894923,2.48382734,1857.677031,206.1155904
Dar16C_hiP,DAB_624,40.77452551,1.547537696,79.7733287,0.771967724,51.93925375,2.40746022,1691.485444,202.8416901
Dar16C_hiP,DAB_625,37.88292158,1.553102604,79.78841765,0.772742046,54.8188016,2.415022009,1822.748789,203.4508674
Dar16C_hiP,DAB_628,39.52137289,1.570847714,80.21786836,0.78030734,54.69696343,2.433653533,1776.455668,203.5294385
Dar16C_hiP,DAB_629,39.99083783,1.569452081,80.15320331,0.779804981,52.65839017,2.416797125,1335.682678,203.4857559
Dar16C_hiP,DAB_630,39.14620788,1.54360831,79.38930637,0.770259018,55.61779139,2.417510151,1715.94841,202.0246644
Dar16C_hiP,DAB_633,38.85934336,1.557731509,80.49417807,0.774921302,44.58270738,2.422995169,1546.886975,202.1725404
Dar16C_hiP,DAB_900,40.34066324,1.545485359,80.14837532,0.770695019,53.47702763,2.415612664,1418.339902,201.810885
Dar16C_hiP,DAB_901,42.85122412,1.554233158,82.46418095,0.773448483,48.95046312,2.417482274,1050.094687,201.0240856
Dar16C_hiP,DAB_902,42.52780684,1.569704523,80.25828667,0.780157446,52.83602147,2.437173914,1678.339785,203.6951227
Dar16C_hiP,DAB_903,38.17296955,1.560668594,80.4497188,0.777508575,55.04354921,2.417159972,1385.271783,202.6730332
Dar16C_hiP,DAB_904,37.02716524,1.56102564,80.36380529,0.776787202,51.23968382,2.424875534,1350.771795,202.2436172
Dar16C_hiP,DAB_905,38.34497687,1.553904647,80.29179725,0.773405293,43.01500496,2.427888503,1147.478074,201.99584
Dar16C_hiP,DAB_906,38.13774538,1.563480286,80.66757515,0.778821417,51.76386637,2.420145998,1578.544179,203.3406634
Dar16C_hiP,DAB_909,38.35680413,1.576120564,80.52626972,0.78213038,51.00423254,2.434373735,1413.091071,203.7121866
Dar16C_hiP,DAB_910,44.47067355,1.57611068,82.20473093,0.78314148,49.69881762,2.435548999,1411.481156,203.8025499
Dar16C_hiP,DAB_912,40.44197823,1.563621168,82.03603739,0.778251907,49.9825947,2.420090923,1293.488361,203.1362205
Dar16C_hiP,DAB_913,39.61025867,1.627391889,81.25519571,0.807906854,43.18754627,2.483647885,1207.143769,212.540438
Dar16C_hiP,DAB_914,42.53941633,1.559957389,82.69827557,0.776169189,54.21203978,2.428573374,1509.53058,201.9739975
Dar16C_hiP,DAB_915,39.27743827,1.554812123,80.73606335,0.773582005,51.14187489,2.411541735,1378.563604,201.295946
Dar16C_hiP,DAB_916,38.69984267,1.566566471,80.38770214,0.779759646,56.05196035,2.448101136,1293.68108,203.0531319
Dar16C_hiP,DAB_917,38.80317156,1.549514612,80.17013539,0.770640261,56.22114011,2.426865156,1572.214453,201.5967725
Dar16C_hiP,DAB_919,43.57815131,1.651747083,82.56747763,0.816614995,47.53127142,2.488595581,1160.345812,212.9173265
Dar16C_hiP,DAB_920,39.07650488,1.569696959,81.11941378,0.779837691,50.10465937,2.440780387,1166.263021,204.3415059
Dar16C_hiP,DAB_921,39.761839,1.560368408,81.46018867,0.774638482,45.48620793,2.417189569,1378.883497,201.6642141
Dar16C_hiP,DAB_923,39.39271505,1.553456341,81.54127883,0.772805902,43.58895181,2.414848905,1452.424399,201.3506919
Dar16C_hiP,DAB_924,40.30375703,1.550552769,81.3491507,0.773190888,52.48290752,2.403993193,1828.460685,202.5526603
Dar16C_hiP,DAB_925,37.69483216,1.556708097,79.20326949,0.774093678,53.51759456,2.412494404,1912.144795,201.3079686
Dar16C_hiP,DAB_926,40.52700042,1.550956557,81.10017977,0.773588392,51.49589572,2.405060027,1122.490006,201.561877
Dar16C_hiP,DAB_927,40.04089851,1.546256085,81.24053582,0.77082323,45.35016198,2.414440429,1199.732419,201.5335143
Dar16C_hiP,DAB_928,38.21303682,1.546357626,80.48543956,0.772067322,50.02682361,2.421501668,1302.261284,201.7985544
Dar16C_hiP,DAB_929,38.45206812,1.552351193,79.37637849,0.775066237,51.54284962,2.422231525,1601.20827,203.5834025
Dar16C_hiP,DAB_930,38.24195636,1.561894357,79.73799333,0.777492546,61.02388034,2.416791902,1302.449888,202.4335703
Dar16C_hiP,DAB_932,39.23933099,1.124209234,80.50995367,0.561113222,51.63606542,2.000612498,1180.46021,147.8744903
Dar16C_hiP,DAB_933,38.99904015,1.560017758,81.26882425,0.778045471,55.32688259,2.409068909,1096.168046,202.1079525
Dar16C_hiP,DAB_934,39.30874826,1.552365438,80.77071185,0.773392488,43.63804735,2.407258888,1249.348251,201.7282612
Dar16C_hiP,DAB_936,39.05999244,1.544140548,80.38599674,0.771126786,46.53757747,2.421371639,1101.57951,202.3952508
Dar16C_hiP,DAB_937,37.8987324,1.548391011,79.95720638,0.772158704,53.37926169,2.408800161,1395.944639,201.2054279
Dar16C_hiP,DAB_938,38.77422634,1.563841744,81.1176713,0.777230535,53.14406581,2.416291814,1505.399122,202.2587737
Dar16C_hiP,DAB_939,39.21606591,1.559533229,80.67527224,0.776147793,54.33829555,2.409789349,1454.578833,202.6683311
Dar16C_hiP,DAB_940,37.68596976,1.553130664,80.93187741,0.773478922,54.79058694,2.434962794,1688.287589,203.1586666
Dar16C_hiP,DAB_942,38.98468877,1.565779402,79.8496975,0.778217824,55.3184094,2.424748907,1569.126737,202.880255
Dar16C_hiP,DAD_036,40.22665901,1.550201774,82.24453935,0.772460815,43.61102183,2.404297354,800.3789213,201.7820129
Dar16C_hiP,DAN_001,42.45937543,1.566616375,81.54153575,0.77949445,51.82515412,2.433947137,1169.425064,203.1893773
Dar16C_hiP,DAN_002,39.72478055,1.58609801,79.67281692,0.7871706,58.06051988,2.455856599,1312.754524,206.4355628
Dar16C_hiP,DAN_003,41.76824684,1.572524509,81.2134275,0.781249363,58.20123971,2.441949164,1004.592823,204.545414
Dar16C_hiP,DAN_004,45.21936551,1.566584288,83.12959609,0.778719573,62.97238998,2.436819253,1320.194704,203.3413278
Dar16C_hiP,DAN_005,42.70905764,1.571598735,82.58713096,0.781832198,68.80356988,2.424010053,1428.781504,203.365391
Dar16C_hiP,DAN_006,38.07801831,1.555337174,80.15593323,0.773960572,55.00185662,2.409628975,1210.550194,201.7071205
Dar16C_hiP,DAN_007,39.40144064,1.553876181,80.16784497,0.772114677,58.82977821,2.429871251,1276.38366,201.2289677
Dar16C_hiP,DAN_008,44.78056982,1.559952646,83.04772115,0.774895466,49.90416608,2.441639633,1531.358577,203.2700861
Dar16C_hiP,DAN_009,40.06834494,1.567490885,82.33189463,0.779646855,53.71569572,2.450681073,1517.744675,202.8359393
Dar16C_hiP,DAN_010,40.71376522,1.563691388,82.89650202,0.778086662,47.85926245,2.425095172,1112.98942,202.8716954
Dar16C_hiP,DAN_011,42.57372297,1.545206917,82.8429408,0.770539174,58.08492798,3.400242591,2133.28347,282.2452632
Dar16C_hiP,DAN_012,45.87334959,1.553263282,84.8989944,0.773759493,55.75452683,2.407911333,2137.405198,201.2018691
Dar16C_hiP,DAN_013,42.30478153,1.549310114,82.22862819,0.772286418,59.13850119,2.402574902,875.5707675,200.9333205
Dar16C_hiP,DAN_014,40.21129891,1.558889548,82.25251705,0.776774908,52.62287943,2.419479852,1181.572384,201.6209399
Dar16C_hiP,DAN_015,42.98121778,1.573031996,82.46164141,0.781901729,58.47398072,2.443639865,1494.117921,205.7818387
Dar16C_hiP,DAN_016,42.87651914,1.569450732,81.2112724,0.778205143,60.61548692,2.429676636,1014.784029,202.8711527
Dar16C_hiP,DAN_017,39.57378413,1.558278034,81.25865994,0.773978498,57.67901111,2.417946496,1617.531086,201.5988959
Dar16C_hiP,DAN_018,43.52783961,1.565340928,83.53441371,0.777300179,59.81692985,2.434882005,989.8208426,202.7237899
Dar16C_hiP,DAN_019,40.31180152,1.546210503,81.02870886,0.770033275,53.98268731,2.420013278,1196.574733,200.8437636
Dar16C_hiP,DAN_020,44.14629058,1.552201804,83.38650927,0.772720675,55.56437123,2.406148873,1084.167408,201.5734471
Dar16C_hiP,DAN_021,42.81046788,1.567427774,82.14160176,0.779021347,60.58804343,2.429920325,1294.350898,203.1501
Dar16C_hiP,DAN_022,39.608366,1.55630381,82.20065861,0.774328218,58.61085155,2.421806474,1520.319999,201.6543591
Dar16C_hiP,DAN_023,39.25316892,1.571964452,79.87831231,0.781319919,55.1575741,2.431577411,1271.050085,203.9365546
Dar16C_hiP,DAN_024,39.59116304,1.563934163,81.69175626,0.778895339,62.06417982,2.428559759,1526.772676,203.4333971
Dar16C_hiP,DAN_025,44.21824608,1.54929932,82.79512527,0.771477114,59.09673182,2.401942554,1216.577998,201.2737941
Dar16C_hiP,DAN_027,38.97762844,1.563200471,81.55192589,0.777816448,59.9213907,2.41706203,1668.767697,202.8487029
Dar16C_hiP,DAN_028,39.06595132,1.552010506,82.40076875,0.77232832,47.2633159,2.406591762,1177.625548,201.3176569
Dar16C_hiP,DAN_029,39.3698511,1.550144955,81.11422607,0.772169593,58.44165424,2.403880588,1532.048709,201.7915051
Dar16C_hiP,DAN_030,40.34828392,1.559593629,80.41373968,0.774632386,46.09882672,2.414085017,1417.617931,201.18666
Dar16C_hiP,DAN_031,38.05181025,1.552614101,79.99170603,0.772849025,57.25712092,2.411182631,1404.269615,201.3703091
Dar16C_hiP,DAN_032,39.5129819,1.54793078,80.35846468,0.770550299,66.91257331,2.408423158,558.0006334,201.1322733
Dar16C_hiP,DAN_033,38.425134,1.556460535,80.64538642,0.776070389,62.28066779,2.408781083,1452.830884,201.923871
Dar16C_hiP,DAN_037,43.02025442,1.553473821,81.66244502,0.774501659,56.81370699,2.427725534,1124.995737,202.3823726
Dar16C_hiP,DAN_047,38.84671346,1.549605329,80.83586232,0.771232565,52.32636419,2.422916404,1426.623231,201.24843
Dar16C_hiP,DAN_054,40.52885044,1.545819933,82.11745128,0.771959238,54.71976486,2.417263325,1198.585241,201.9276165
Dar16C_hiP,DAN_059,41.79673878,1.565578582,81.8342077,0.778965573,59.83582922,2.430229817,1893.665304,203.2239537
Dar16C_hiP,DAZ_004,41.94464362,1.566246804,81.39649924,0.778512239,53.78726971,2.414923778,1354.392355,202.7968553
Dar16C_hiP,DAZ_005,39.80979597,1.549418914,80.5072439,0.772163666,56.77629199,2.405374463,2029.195122,200.6841871
Dar16C_hiP,DIACOL_CALIMA,39.25522803,1.54685551,80.13082336,0.769876544,61.78403252,2.422229232,1436.724122,201.1953052
Dar16C_hiP,DOR_364,44.84554853,1.589215926,81.88172839,0.788528755,24.8680744,2.44578161,2481.79688,205.2746395
Dar16C_hiP,DOR_390,47.84704131,1.550464209,84.34322342,0.773096238,23.78769151,2.405375606,2282.871316,201.2874628
Dar16C_hiP,DRK_149,40.86750474,1.550485968,82.04615817,0.770122423,58.6990314,2.426477348,1572.951774,200.8619571
Dar16C_hiP,G4523,39.67410637,1.553686739,80.76256897,0.773390373,46.9096582,2.412677256,1890.067526,201.4451007
Dar16C_hiP,ICA_CALIMA,39.4089269,1.56801399,80.70593934,0.779400054,59.54746107,2.424785303,1246.971135,204.2289721
Dar16C_hiP,KAT_B1,37.62351966,1.564831239,80.32606661,0.778957088,47.05512062,2.418868425,1235.906915,202.8993802
Dar16C_hiP,KAT_B9,39.37066877,1.561093703,80.77036702,0.777309904,51.47887675,2.412531741,1276.210615,202.8745127
Dar16C_hiP,LPA_071,44.86302766,1.55746131,83.00079605,0.777847202,52.00206292,2.411461794,1378.471744,203.4010549
Dar16C_hiP,LPA_111,41.11217797,1.543985866,80.89100591,0.769959661,58.25622544,2.420897349,1151.117177,202.1026216
Dar16C_hiP,LPA_122,45.05192993,1.550644614,83.32134823,0.772510455,50.72507907,2.400837458,1424.382044,201.1735366
Dar16C_hiP,LPA_146,43.41106436,1.56753699,83.0756508,0.779472565,57.62084191,2.429880149,2059.330405,202.8249889
Dar16C_hiP,LPA_164,39.65525368,1.554377232,81.5000431,0.773734078,59.31131992,2.433383281,1574.884771,202.2030524
Dar16C_hiP,LPA_406,43.51029353,1.549015192,82.73782071,0.77189778,57.58664607,2.403861256,1280.604155,200.6236628
Dar16C_hiP,LPA_426,42.84711818,1.550258106,83.54436342,0.772793283,53.19834048,2.403365372,1466.14215,201.771651
Dar16C_hiP,LPA_435,39.68631386,1.552925617,81.6283869,0.77264329,52.41707907,2.412308923,2000.498845,200.9113554
Dar16C_hiP,LPA_467,44.41072997,1.557252176,83.05239407,0.774702229,25.54823529,3.410707173,927.8951096,202.3514878
Dar16C_hiP,LPA_499,42.63519048,1.561277892,82.28572598,0.778365413,49.38835231,2.412517149,1700.608915,202.6317819
Dar16C_hiP,LPA_512,40.32575579,1.572367168,80.2652621,0.780009048,60.71820016,2.433765598,2026.425567,203.1655014
Dar16C_hiP,LPA_530,38.15525564,1.566724238,78.23274197,0.779942645,46.39107774,2.431611587,1386.232694,203.9295426
Dar16C_hiP,LPA_546,39.19538799,1.55476835,80.90536273,0.773840839,62.8462518,2.416230205,1236.655436,201.8044047
Dar16C_hiP,LPA_566,41.81027313,1.583762334,82.53411658,0.78411855,61.25987954,2.451672379,1616.339295,207.1618147
Dar16C_hiP,LPA_568,40.46916938,1.547582908,81.42641227,0.769335282,48.13967106,2.406270116,1167.816453,201.2293185
Dar16C_hiP,LPA_573,48.07741795,1.545659911,82.5399024,0.770399263,47.09102375,2.41639775,667.7575694,201.3525256
Dar16C_hiP,LPA_610,43.23674118,1.561450698,82.24639484,0.777774965,50.06643969,2.410116171,1041.506418,202.8664822
Dar16C_hiP,LPA_643,43.82815903,1.553663147,83.60358708,0.773439015,51.18127743,2.408980682,1431.622385,201.4671822
Dar16C_hiP,LPA_714,47.34171684,1.54962944,84.04232075,0.771663694,58.53473752,2.402652426,1712.532109,200.7220961
Dar16C_hiP,LPA_732,44.59415881,1.555297006,83.2026116,0.774245139,60.46150793,2.418181444,1708.724746,201.3787867
Dar16C_hiP,LPA_736,44.06310425,1.566783409,83.52559128,0.78045655,56.15516975,2.420453698,1480.860524,203.4975159
Dar16C_hiP,LPA_770,41.30126472,1.556352327,81.02201208,0.774306413,54.32319356,2.419576656,1168.082806,201.7253486
Dar16C_hiP,LPA_771,40.70066753,1.543916506,81.84269919,0.770353005,51.33893615,2.417716518,1734.658606,201.6248136
Dar16C_hiP,LPA_772,41.76475884,1.557936437,80.7493027,0.774393611,49.14114789,2.411161438,1472.507678,201.3121035
Dar16C_hiP,LPA_773,44.35893768,1.546538165,82.81977856,0.771122393,57.57877711,2.419728515,656.1395276,202.2724109
Dar16C_hiP,LPA_774,40.39564545,1.562135166,82.31262603,0.778046945,61.24189683,2.427287851,1662.806969,202.9861195
Dar16C_hiP,LPA_775,40.15797835,1.568825642,81.24636977,0.781085982,56.70817088,2.440640211,1506.620373,203.3793797
Dar16C_hiP,LPA_776,45.96246778,1.566501488,81.18076618,0.778565071,58.25385744,2.430886917,1351.974235,203.8464165
Dar16C_hiP,LPA_777,45.25124203,1.568124565,82.34246119,0.778654648,55.49836961,2.432422639,1825.751131,202.5706433
Dar16C_hiP,LPA_778,40.72510731,1.569961391,81.67714084,0.781434668,64.25462455,2.429346415,1241.828643,204.4985336
Dar16C_hiP,LYAMUNGO_85,44.20366366,1.559575389,81.46591374,0.776552608,51.63366154,2.417339325,1333.954794,202.9096584
Dar16C_hiP,MAZ_021,44.29037069,1.565378808,83.79578457,0.778170784,51.7332204,2.424174688,1241.930748,203.7965227
Dar16C_hiP,MAZ_032,39.54091505,1.548350911,82.84899112,0.77384858,55.63949337,2.422683673,1342.431672,203.1592534
Dar16C_hiP,MAZ_048,40.20704418,1.552746164,82.69742711,0.773425238,43.91267008,2.40617978,1397.392798,201.7880821
Dar16C_hiP,NATAL_SUGAR,47.14915937,1.556104955,83.44563231,0.774411559,40.60809595,2.41476406,1586.540031,201.3837734
Dar16C_hiP,NDZ_002,41.79733044,1.593963733,83.40562232,0.788982844,49.47320267,2.454375312,1409.58795,205.7486737
Dar16C_hiP,NDZ_008,39.40900949,1.579085781,80.98808421,0.783760029,49.54499885,2.433528245,1217.921887,204.0830123
Dar16C_hiP,NDZ_012,38.66598935,1.553194405,80.76069187,0.773337825,52.45398564,2.403654058,1292.803398,201.1489194
Dar16C_hiP,NUA_035,41.74915471,1.555073356,82.43363253,0.773384783,51.60557625,2.406393071,1566.010357,202.1662001
Dar16C_hiP,NUA_184,47.72694312,1.552611164,84.63632926,0.772732121,56.50174872,2.409065364,1524.336646,201.2425471
Dar16C_hiP,NUA_230,47.75346435,1.555819482,85.14481858,0.774057524,53.84961144,2.4238667,1152.972353,201.5026613
Dar16C_hiP,NUA_291,43.49719117,1.553655585,82.86900774,0.773098501,55.82708727,2.408818339,1287.826951,201.0657276
Dar16C_hiP,NUA_365,39.7054994,1.576938578,80.94043936,0.782227054,54.30906937,2.437495914,1639.426414,204.1396932
Dar16C_hiP,NUA_368,48.20193595,1.562051188,84.15592722,0.776779313,66.13524489,2.416919469,1251.906879,203.0783337
Dar16C_hiP,NUA_398,47.07911005,1.556012595,83.72715836,1.091120818,56.4035776,2.41692097,821.6391143,201.9567229
Dar16C_hiP,NUA_430,40.12012293,1.561510287,80.14517177,0.778401572,61.63966953,2.412758157,983.4398901,202.7225935
Dar16C_hiP,NUA_520,39.66287989,1.610175943,81.15954076,0.799791747,59.89274574,2.476436647,1712.932762,209.7652785
Dar16C_hiP,NUA_537,40.49560128,1.561905209,82.15316731,0.776818906,65.23718376,2.424318993,1512.076337,202.4835339
Dar16C_hiP,PVA_773,43.44876514,1.552305877,82.73846852,0.773165457,57.27526976,2.408827028,1713.682368,201.1729592
Dar16C_hiP,RAA_021,44.49483799,1.615874517,83.30536768,0.802384885,50.73135356,2.488435016,1878.334629,211.073179
Dar16C_hiP,RAA_030,46.21973316,1.573048834,82.79081958,0.781135271,53.32722379,2.437597285,1614.808588,203.5502369
Dar16C_hiP,RAA_034,46.17794867,1.103207015,84.12974031,0.551297884,53.82295544,1.7024653,1771.567169,144.542923
Dar16C_hiP,RED_CANADIAN_WONDER,38.63876432,1.569044403,82.36544679,0.780603082,43.05028849,2.438702247,1638.921784,203.2924349
Dar16C_hiP,RMA_072,42.35547224,1.555626348,81.76734836,0.77440645,52.908351,2.414236289,1481.897885,201.91279
Dar16C_hiP,RMX_019,46.05169258,1.57230448,83.52272869,0.780700902,42.26688775,2.421221336,1641.357043,202.8861456
Dar16C_hiP,RMX_020,47.73246668,1.549822891,83.68366408,0.770895753,41.25500808,2.419097004,1475.219473,200.9499551
Dar16C_hiP,SAA_015,39.20806423,1.561292317,81.4182856,0.779187312,53.78375308,2.419555173,1730.962512,203.5620574
Dar16C_hiP,SAA_017,42.56282532,1.552100164,82.80676423,0.773293169,56.75085423,2.411777646,1612.603947,201.5004833
Dar16C_hiP,SAA_020,38.31717577,1.555577502,80.90955412,0.774034271,52.74455194,2.419256419,1967.947711,201.695297
Dar16C_hiP,SAA_021,39.09969109,1.554472832,80.35736281,0.774026925,52.09997447,2.406844725,1758.868445,200.8691605
Dar16C_hiP,SAB_259,42.36447401,1.554341761,81.56084772,0.773499285,48.38104712,2.411714849,1714.32762,201.3785044
Dar16C_hiP,SAB_516,44.01620546,1.554777615,80.58839261,0.77538302,56.3598298,2.424126027,1306.944665,203.2866856
Dar16C_hiP,SAB_560,38.97756077,1.115114948,79.13477428,0.55724795,53.82917935,1.725959986,1897.312319,147.0783005
Dar16C_hiP,SAB_568,39.25019354,1.544842461,80.59897904,0.769730272,56.96912891,2.416145673,1337.378801,201.6579578
Dar16C_hiP,SAB_576,42.80979219,1.58918276,81.81136844,1.119131448,44.42159108,3.435601419,1109.639692,287.4606047
Dar16C_hiP,SAB_626,42.50272216,1.554023855,82.19373505,0.773848188,56.43414294,2.408291846,1516.63572,201.4479731
Dar16C_hiP,SAB_659,39.58173877,1.096569113,81.10556023,0.55032272,59.79261454,1.705909355,1457.601477,144.9078699
Dar16C_hiP,SAB_686,42.86665208,1.104432882,81.44915868,0.551895974,55.08566182,1.715034718,1591.444554,145.5491245
Dar16C_hiP,SAB_711,38.51962207,1.544662398,80.90745025,0.770051431,41.51345122,2.417121017,1150.854862,202.3435753
Dar16C_hiP,SAB_712,43.75816566,1.561477546,81.21810067,0.774928495,51.67081999,2.430754185,1137.614208,202.8741819
Dar16C_hiP,SAP_001-16,39.12045716,1.563068911,79.62054723,0.778329112,53.39510818,2.421061764,1393.001412,203.4655011
Dar16C_hiP,SEF_060,38.17441781,1.556192619,80.6867235,0.773758281,28.92445374,2.419269759,2563.608531,202.046975
Dar16C_hiP,SEN_056,41.53642409,1.589258311,82.23554756,0.787706955,24.5403775,2.440453633,2258.569015,205.6080327
Dar16C_hiP,SEQ_1003,44.96730071,1.099571153,83.11845177,0.549308333,46.77757419,1.973257823,1546.442484,143.5223166
Dar16C_hiP,SEQ_1004,43.88751164,1.554070366,81.95443725,0.773294925,54.94581099,2.410121361,1968.952507,201.5778251
Dar16C_hiP,SEQ_1006,47.38886615,1.551125517,84.8827472,0.771713488,57.58780514,2.407255857,1469.855676,201.1355203
Dar16C_hiP,SEQ_1027,45.44997607,1.552784389,82.78251842,0.771599587,51.90071761,2.421017862,1528.731746,201.05472
Dar16C_hiP,SER_118,46.47476422,1.581413232,82.88317847,0.783840665,31.42917852,2.453537304,2181.693363,205.2370387
Dar16C_hiP,SUG_131,45.86377131,1.548841572,83.68469008,0.770814182,58.40881077,2.425679869,1469.019692,201.7187442
Dar16C_hiP,TIO_CANELA_75,46.97165238,1.111240921,83.80460299,0.635823788,24.16444018,1.71129613,2206.154436,146.4067699
Dar16C_loP,ACC_002,NA,NA,75.8496623,1.321749529,34.12060493,3.960884979,387.1204828,340.0750074
Dar16C_loP,ACC_003,38.32149723,0.762833396,77.65423631,1.312196884,38.41090282,3.973324493,531.0629137,252.0922829
Dar16C_loP,ACC_004,40.18642828,0.788454758,82.89491921,1.318339035,40.58185351,3.947729316,566.089329,237.5352496
Dar16C_loP,ACC_005,39.92779058,0.795393288,80.20106617,1.335708099,43.58702755,4.014174274,965.5212232,260.2081058
Dar16C_loP,ACC_007,39.97985888,0.759474984,77.30425016,1.319705905,35.33258949,3.960482783,611.9898143,261.0047667
Dar16C_loP,ACC_008,40.21249978,0.8178371,78.50901371,1.352441249,49.1041209,4.019901292,996.7138572,304.1515014
Dar16C_loP,ACC_009,39.8663198,0.802027886,78.7697739,1.366785743,32.9996014,4.058733928,528.2936134,261.2384394
Dar16C_loP,ACC_010,37.95560517,0.761714284,75.57140824,1.304331558,43.56534538,3.940225112,739.6439649,254.8755118
Dar16C_loP,ACC_011,NA,NA,79.10466358,1.310781779,38.55668181,3.921618748,547.4232135,260.488175
Dar16C_loP,ACC_012,39.07290718,0.76227281,79.25313157,1.310524606,43.3473304,3.927343787,855.6175484,234.8449299
Dar16C_loP,ACC_014,NA,NA,76.6134529,1.366203238,43.31631459,4.100733925,949.5124128,248.5326898
Dar16C_loP,ACC_017,NA,NA,76.01621039,1.346479176,40.54383737,4.055342379,-177.1095249,282.6267354
Dar16C_loP,ACC_018,37.96073215,0.869915235,79.61079039,1.336780864,41.75523148,4.039709443,1173.821503,262.5085142
Dar16C_loP,ACC_022,39.04513732,0.776409239,75.65505968,1.324485094,38.99304813,3.993236875,829.2346783,278.2277813
Dar16C_loP,ACC_023,NA,NA,77.8433512,1.330966864,39.18585967,3.973015297,499.4828138,349.1431525
Dar16C_loP,ACC_024,38.30866095,0.774306799,77.40956959,1.34691768,42.61645083,4.043280889,886.9119366,250.4898184
Dar16C_loP,ACC_025,40.37715517,0.778366255,76.71164399,1.319259505,30.49582362,3.987662225,149.5721884,280.9861198
Dar16C_loP,ACC_026,38.43666941,0.78487439,79.59681224,1.33251257,41.48613492,4.035016351,999.3358311,257.6292399
Dar16C_loP,ACC_027,NA,NA,83.67264148,1.339064933,41.40748431,4.067657856,40.76783829,248.3877705
Dar16C_loP,ACC_028,38.97027996,0.761197634,78.4705016,1.322226656,45.29332388,3.957459083,1052.774009,263.5849772
Dar16C_loP,ACC_029,40.04013536,0.810945107,78.00413037,1.370683048,34.60657263,4.152939372,690.4560834,248.217724
Dar16C_loP,ACC_030,40.20967562,0.749636756,79.11109446,1.310780657,41.80814929,3.934767377,566.7934273,242.713105
Dar16C_loP,ACC_031,38.5331139,0.777300376,79.1888918,1.314484817,43.72570054,3.937421808,757.0564996,248.5881751
Dar16C_loP,AFR_298,38.99493729,0.567079213,78.86219175,0.939629314,47.99274563,2.83243415,992.4742992,190.6178085
Dar16C_loP,AFR_619,39.74839935,0.821951871,76.84898222,1.323130424,41.68306093,4.021299352,1175.929424,234.4817441
Dar16C_loP,AFR_708,39.73053549,0.759252766,77.95373829,1.310348938,37.98371378,3.933998152,340.6743126,244.9078962
Dar16C_loP,AFR_722,39.30971396,0.548400904,77.75298971,0.931361586,46.34225537,2.777673758,789.9400853,184.2893914
Dar16C_loP,AFR_735,38.39032873,0.796644326,78.86628345,1.349684368,47.95120255,4.065880914,957.5988033,256.4762854
Dar16C_loP,AMADEUS,NA,NA,76.67052809,1.330046194,18.43855551,4.043274426,656.4838281,248.4432316
Dar16C_loP,BFS_081,39.34948387,0.33051727,76.45551166,0.473718314,23.48079016,1.398450224,832.4730605,105.1774793
Dar16C_loP,BRB_191,NA,NA,78.80861545,1.367010161,34.64506152,4.122635683,109.0328119,292.2079432
Dar16C_loP,BRB_198,NA,NA,80.25896709,1.3228109,44.53509365,4.037047791,555.6358699,318.7918266
Dar16C_loP,BRB_215,37.47100562,0.80886811,76.96233418,1.329301461,43.88415262,3.994509404,266.8632326,263.3550952
Dar16C_loP,BRB_264,NA,NA,77.57359097,1.342655964,35.96127187,4.070195922,1340.57504,268.0921791
Dar16C_loP,CAL_096,39.38949701,0.22064425,78.88695472,0.247278318,54.16121541,0.715601654,1020.506112,79.78821094
Dar16C_loP,CAL_143,NA,NA,79.08152645,0.976243339,36.57829217,2.9335055,25.20843916,196.7116695
Dar16C_loP,CMB_004,39.15357708,0.798101956,76.7466628,1.367167859,38.87704147,4.043395177,239.6423821,288.3004561
Dar16C_loP,CMB_006,NA,NA,77.19881119,1.363133958,36.18343656,4.115753584,758.2667382,252.9225695
Dar16C_loP,CMB_010,38.23535983,0.810995785,77.99093135,1.337756403,42.55399643,3.980054056,468.117194,254.9379053
Dar16C_loP,CMB_012,NA,NA,79.1013355,1.308780778,30.47468615,3.925618889,605.9029846,245.3892528
Dar16C_loP,CMB_014,37.45564835,0.837954831,76.79098466,1.329076542,35.97265303,4.019311998,864.7025555,251.9328529
Dar16C_loP,CMB_016,39.76385499,0.74994829,79.08808175,1.308884178,48.47829417,3.915882367,627.7873521,259.7633601
Dar16C_loP,CMB_018,NA,NA,77.67677827,1.321093786,32.03940038,3.983929892,455.8720216,262.106377
Dar16C_loP,CMB_025,NA,NA,79.02663492,1.318281891,40.39851624,3.946779337,399.7904711,268.7638536
Dar16C_loP,CMB_036,NA,NA,79.61214574,1.329302457,44.1051367,4.041507709,447.4674387,237.8350083
Dar16C_loP,CMB_043,39.92113363,0.781325336,78.57661888,1.319486838,41.52941942,3.972444534,586.9719436,248.2373697
Dar16C_loP,CMB_045,40.67478211,0.757788379,77.76700276,1.315264005,39.85186447,3.957011903,639.9479093,263.6563099
Dar16C_loP,CMB_050,NA,NA,79.31023151,1.327633514,40.9906262,3.962382651,614.0639724,255.7710837
Dar16C_loP,CMB_057,NA,NA,79.28444899,1.320478314,36.30113779,3.955081649,618.9515962,248.3290176
Dar16C_loP,CMB_073,38.46497255,0.80736718,78.8181996,1.365577803,37.84280829,4.02690803,702.7653449,293.5123608
Dar16C_loP,CMB_080,37.74823426,0.762790771,77.70007907,1.309177029,32.43617995,3.932518921,1135.297026,244.2918069
Dar16C_loP,CMB_095,39.58886908,0.78070078,76.19330343,1.321491525,35.63248215,3.979127426,-5.553544912,279.8999264
Dar16C_loP,CMB_103,37.59345759,0.748234473,78.67077606,1.307359502,34.96887006,3.938560901,577.3872955,241.4378363
Dar16C_loP,CMB_105,39.07351782,0.761762287,78.45840272,1.317267625,46.63460555,3.941747348,907.7817091,263.322904
Dar16C_loP,COS_016,38.14557565,0.766209926,76.1494121,1.317205612,32.60049672,3.936809813,1303.244092,242.9013083
Dar16C_loP,DAA_001,37.82488659,0.788718464,76.77787538,1.321958409,38.26556324,3.966747934,455.0079893,257.9655671
Dar16C_loP,DAA_002,38.26599182,0.749253019,77.48197246,1.312679255,34.88308309,3.909096716,650.6253653,229.2306647
Dar16C_loP,DAA_003,38.43309089,0.80370107,78.78920698,1.337328561,48.90585609,4.007603743,801.0565218,283.4123042
Dar16C_loP,DAA_004,38.81445934,0.777702488,76.88974433,1.337761359,38.96767278,4.06082906,844.8299622,251.4322961
Dar16C_loP,DAA_005,38.99958317,0.782957393,76.66338731,1.361199679,39.55678359,4.025550748,1020.182858,273.7734852
Dar16C_loP,DAA_006,39.45317595,0.764142499,74.22509704,1.308103325,34.57524338,3.943978,952.8017397,250.0976743
Dar16C_loP,DAA_007,38.97592239,0.773825561,77.00760393,1.315709117,37.14699462,3.936982284,1265.439373,260.5029842
Dar16C_loP,DAA_008,NA,NA,73.87508895,1.342760086,39.64089189,3.998688369,912.754282,264.5329997
Dar16C_loP,DAA_009,NA,NA,76.08360916,1.319639955,34.85469132,3.94495953,618.9136639,267.3485898
Dar16C_loP,DAA_010,40.37009271,0.794299544,78.82314849,1.339159594,35.61185016,4.035346086,464.2029407,284.8210033
Dar16C_loP,DAA_011,38.62626927,0.802959442,75.63011167,1.329122758,43.87155882,4.003724089,785.5414201,280.7905631
Dar16C_loP,DAA_012,38.33379257,0.77763738,76.18842096,1.323415486,50.51865623,3.944678242,1354.958842,266.3610485
Dar16C_loP,DAA_013,NA,NA,79.23246487,1.309716158,44.41036121,3.923922245,1226.137016,229.6450753
Dar16C_loP,DAA_014,37.5051459,0.779033951,74.40166125,1.328203839,50.0775074,3.99353203,823.3995104,260.6211474
Dar16C_loP,DAA_015,38.19532567,0.747388204,76.30528236,1.312424166,51.90562934,3.946453228,1387.588366,245.0459889
Dar16C_loP,DAA_016,39.74566034,0.757929459,76.83728131,1.316270247,41.69019766,3.948670058,882.788092,255.4892749
Dar16C_loP,DAA_018,38.04621159,0.782346965,76.19145929,1.324102029,45.683031,3.950701741,1533.362868,265.496006
Dar16C_loP,DAA_021,NA,NA,76.14426748,1.322917241,49.41048725,3.972375165,372.5307444,316.9506524
Dar16C_loP,DAA_024,37.97197824,0.749783658,76.05911841,1.31202487,51.15014363,3.93867647,1156.054799,254.0520436
Dar16C_loP,DAA_027,39.05480354,0.914798112,78.18550835,1.342765553,46.08425517,4.035345382,1042.990201,251.8146507
Dar16C_loP,DAA_029,39.71986575,0.798870314,81.52729163,1.316191884,55.19009857,4.001056654,1024.359969,240.7854041
Dar16C_loP,DAA_041,39.40253684,0.780106378,72.06172746,1.328663251,54.77312395,3.994751849,1368.512611,224.8059471
Dar16C_loP,DAA_044,39.28236999,0.775982962,77.23409378,1.319177253,44.37979921,3.958054826,923.3528555,269.7666301
Dar16C_loP,DAA_045,39.15237458,0.783104775,78.54028777,1.35848989,54.67921886,4.025200874,971.1699588,273.2914961
Dar16C_loP,DAA_049,38.1410028,0.764311607,80.04474717,1.310935126,48.28903328,3.931621835,1095.604303,254.5903815
Dar16C_loP,DAA_051,37.74649235,0.761421543,75.70864368,1.316531046,51.4165856,3.969267379,849.194397,228.2185428
Dar16C_loP,DAA_052,37.96258353,0.767719647,74.22182148,1.311033094,55.773978,3.949849056,954.7129633,255.560217
Dar16C_loP,DAA_059,NA,NA,75.8303368,1.34829624,37.84338087,4.038522435,337.9317004,280.0799412
Dar16C_loP,DAA_060,38.37240752,0.799894937,73.98770046,1.327432437,47.34048718,3.995316076,1655.204634,267.7315039
Dar16C_loP,DAA_062,39.7720153,0.790486391,76.29574629,1.356375234,48.02893518,4.059348354,964.4497341,276.3380792
Dar16C_loP,DAA_065,37.12816992,0.846309626,74.04138643,1.350046603,48.5048109,4.011514907,1400.641629,270.2942865
Dar16C_loP,DAA_078,37.97025496,0.774289536,78.67850879,1.330825071,39.85691155,3.984921709,938.3980667,243.0824416
Dar16C_loP,DAA_086,NA,NA,79.31340347,1.377414748,36.71442267,4.147950582,694.7140749,254.8420976
Dar16C_loP,DAA_091,38.02614661,0.768935525,76.87505297,1.315186556,43.21033901,3.955137395,1003.065841,266.3528582
Dar16C_loP,DAA_094,39.22063186,0.856307166,77.74194684,1.342457847,43.6692165,4.029686315,1161.853182,276.8601361
Dar16C_loP,DAA_096,38.52911626,0.743839619,79.33595832,1.312116024,47.63502972,3.930255759,1016.685272,255.9629996
Dar16C_loP,DAA_098,37.96732253,0.769869811,77.64608444,1.31277527,52.59833439,3.93223084,1462.172253,253.3431228
Dar16C_loP,DAA_100,39.89077973,0.784519647,77.23065085,1.321239306,41.18993091,3.938864362,908.0200479,262.9540479
Dar16C_loP,DAA_111,40.10709327,0.788970376,76.9783676,1.325088434,34.96891395,3.990215376,1046.130835,281.2489628
Dar16C_loP,DAA_112,39.70927042,0.7521416,79.00107443,1.308029344,44.41910245,3.924593685,506.8397956,247.37482
Dar16C_loP,DAA_113,37.5396038,0.823437979,79.5471291,1.388497542,49.98167659,4.184151984,1002.804933,273.1373785
Dar16C_loP,DAA_114,39.8765066,0.757905405,76.77798793,1.316416372,41.88366274,3.930026571,602.3927883,267.4574488
Dar16C_loP,DAA_115,NA,NA,78.98919318,1.320751772,43.41229013,3.940188595,480.346795,262.2817493
Dar16C_loP,DAA_116,38.56392706,0.778878397,80.63697586,1.36825624,45.18350354,4.069595647,614.5835627,257.8332841
Dar16C_loP,DAA_117,38.31128167,0.757404244,79.7096592,1.319030917,44.79171419,3.956148359,929.7964551,238.7492633
Dar16C_loP,DAA_118,NA,NA,79.64888242,1.328921154,38.36876083,4.000681452,700.1290728,265.3798235
Dar16C_loP,DAA_119,39.0469585,0.790622595,77.78782426,1.338742112,44.3852677,4.058930781,648.0868516,252.3012313
Dar16C_loP,DAA_120,NA,NA,75.24951687,1.334441617,44.60619097,4.043270996,1178.211906,293.2621973
Dar16C_loP,DAA_121,39.66350178,0.768875662,78.83276112,1.324984769,50.74573813,3.958186577,912.0100294,250.2931768
Dar16C_loP,DAA_122,38.45302855,0.808073854,76.61987549,1.334413952,42.85207388,3.972017263,1005.881195,260.4291722
Dar16C_loP,DAA_123,38.890725,0.886587712,78.76740019,1.375302073,35.12131454,4.074639441,751.0085887,291.7839284
Dar16C_loP,DAA_124,39.84076593,0.767178373,75.45526933,1.318399843,38.5816593,3.969898068,816.4586969,235.1099371
Dar16C_loP,DAA_125,39.3109175,0.785925372,78.47925581,1.334856526,39.49509932,4.030583738,641.4984068,277.3365202
Dar16C_loP,DAA_126,39.49653239,0.757966959,77.48858874,1.310480623,43.28426367,3.932800638,1013.908515,237.0384611
Dar16C_loP,DAA_142,37.87542839,0.785585455,71.46860905,1.323856935,46.01173458,3.968934778,1557.34513,265.9113987
Dar16C_loP,DAA_145,38.476165,0.803526466,77.16942006,1.337995732,48.97796092,3.984559762,1111.671061,274.9900543
Dar16C_loP,DAA_148,36.81784899,0.790272472,77.26546079,1.334619303,48.0127015,3.98445298,1093.14569,261.6815657
Dar16C_loP,DAA_151,38.0227859,0.75023677,78.85927235,1.308061954,40.98350896,3.951776121,851.3879439,251.0052247
Dar16C_loP,DAA_153,39.62861203,0.571815421,78.44649118,0.958334831,47.32298347,2.899863423,973.5676968,181.0082055
Dar16C_loP,DAA_154,39.90392466,0.776773479,78.81511745,1.331982211,46.7105055,4.007626324,1011.212548,254.9725587
Dar16C_loP,DAA_159,38.11681893,0.778104474,77.23181007,1.312008187,47.77562795,3.959493502,483.4632134,264.2039964
Dar16C_loP,DAA_164,38.96270586,0.789336351,73.67257807,1.323058866,42.90410389,3.981607971,871.2759661,272.1441122
Dar16C_loP,DAA_166,39.91669083,0.799243996,78.62202102,1.337587356,53.94955472,3.975382772,1005.273099,258.7245899
Dar16C_loP,DAA_173,39.85083115,0.768601509,77.17934316,1.317998732,24.86122079,3.941386597,525.4378292,243.3971158
Dar16C_loP,DAA_175,38.49027423,0.779069769,76.33790393,1.325478531,37.80808136,3.952614109,395.845261,265.9883816
Dar16C_loP,DAB_049,NA,NA,78.01482213,1.350748322,20.53961466,4.018547649,911.9567374,278.1811451
Dar16C_loP,DAB_052,38.30354623,0.789133197,75.81683918,1.320995889,17.98446832,3.985602737,1002.24663,278.0491652
Dar16C_loP,DAB_053,39.6341005,0.773531315,79.04136991,1.320546161,48.09507753,3.96128448,871.3273892,270.5028703
Dar16C_loP,DAB_062,37.83460444,0.765218036,79.84885219,1.320953301,39.39423727,3.962331929,955.1882509,259.3050522
Dar16C_loP,DAB_064,39.18723434,0.74867277,79.80531355,1.322717609,35.02677229,4.016071735,819.1202577,230.2147569
Dar16C_loP,DAB_065,39.84021889,0.799863794,79.40674154,1.354654118,41.37442406,4.048885035,510.9486755,282.9518323
Dar16C_loP,DAB_066,37.7377677,0.785084577,80.64832432,1.315554677,45.84242428,3.959432759,428.6918594,241.8467924
Dar16C_loP,DAB_084,39.38824396,0.789795708,79.13158848,1.323908811,38.41844468,3.965885709,1057.112332,276.2276332
Dar16C_loP,DAB_090,38.16716133,0.846314808,76.83989052,1.339011127,33.45158392,3.996222196,967.8540219,241.4125672
Dar16C_loP,DAB_105,39.09576508,0.76343348,77.04656938,1.313784442,36.12816103,3.932054574,1312.867822,261.8490561
Dar16C_loP,DAB_106,38.99313815,0.766110184,76.94409496,1.31875589,37.30244329,3.948569545,872.7547593,265.2382321
Dar16C_loP,DAB_109,38.425639,0.764157908,76.29240839,1.312315859,36.66266272,3.930649567,828.0000935,236.7294902
Dar16C_loP,DAB_150,37.7369147,0.792401828,79.60890314,1.351573891,38.04196139,4.025282977,1035.059398,279.9411486
Dar16C_loP,DAB_187,38.00191104,0.771239416,76.04431755,1.314451544,35.37268701,3.936536014,965.9235393,251.4442721
Dar16C_loP,DAB_231,38.75016265,0.754011961,79.76207131,1.310648809,41.32155473,3.926245027,1174.432503,259.0437022
Dar16C_loP,DAB_233,39.64181981,0.757584916,79.2266628,1.317663455,43.57902786,3.937431582,902.4585614,267.0802373
Dar16C_loP,DAB_236,37.0282287,0.793115541,80.10693885,1.337808498,43.69552371,4.203637604,1016.796443,279.207235
Dar16C_loP,DAB_244,39.68908615,0.759161323,79.04432225,1.314099586,45.77888961,3.96194448,781.8859036,250.1984574
Dar16C_loP,DAB_251,38.61663902,0.56688002,78.52568977,0.9527954,43.4403587,2.839966181,933.8598817,189.0524578
Dar16C_loP,DAB_252,38.68622948,0.745290946,79.08735224,1.306150137,40.91043019,3.90697207,350.01696,231.3871652
Dar16C_loP,DAB_256,36.91496167,0.777646951,75.56849344,1.325473011,53.03133611,4.123235007,659.504851,313.7208318
Dar16C_loP,DAB_258,38.24256043,0.760828424,77.14797776,1.317523515,38.40977417,3.934607563,703.414416,254.0188087
Dar16C_loP,DAB_267,NA,NA,78.75492661,1.327882617,41.34526975,4.01863936,700.2710377,253.848434
Dar16C_loP,DAB_277,39.33022968,0.767683583,78.01039192,1.32923447,46.59602721,3.98178917,978.3308311,241.1068866
Dar16C_loP,DAB_295,39.02878268,0.554236345,79.3606401,0.936473616,36.74796146,2.780264418,822.5959862,181.4267466
Dar16C_loP,DAB_302,38.49754923,0.760745133,77.71721105,1.309962115,51.07152432,3.927689046,621.350686,238.6442773
Dar16C_loP,DAB_317,NA,NA,76.38015216,1.338701857,43.34945974,4.050393668,710.5888556,277.0774059
Dar16C_loP,DAB_344,38.0214275,0.764351034,79.09969027,1.316100341,45.63914854,3.930455576,996.9105888,265.8706391
Dar16C_loP,DAB_353,NA,NA,78.69067654,1.318154614,36.76707029,3.973409823,222.4148189,248.9450359
Dar16C_loP,DAB_366,39.08040089,0.764913079,79.36793647,1.307258707,29.19094296,3.92536288,528.9858401,235.0390311
Dar16C_loP,DAB_374,NA,NA,77.26413397,1.326439106,37.67853694,3.996415833,359.6046359,270.5336302
Dar16C_loP,DAB_380,NA,NA,77.56469756,1.331391557,45.70031145,3.999395894,209.7798398,275.4444653
Dar16C_loP,DAB_384,NA,NA,76.28045174,1.331961588,31.35114866,4.013698554,399.5772606,257.0476433
Dar16C_loP,DAB_396,NA,NA,76.46848279,1.330935471,36.02383418,4.034242952,604.0127772,244.863647
Dar16C_loP,DAB_398,38.07712826,0.760447288,79.45970742,1.323742026,43.71614327,3.94688051,432.5039217,260.6872513
Dar16C_loP,DAB_402,NA,NA,73.56324489,1.341826096,44.13881451,4.046371138,638.9450204,280.4125784
Dar16C_loP,DAB_441,NA,NA,74.41870037,1.339989381,34.44256542,4.013519837,326.1994927,274.1446059
Dar16C_loP,DAB_489,37.14215919,0.800246545,71.75936322,1.330080312,39.86343958,4.16122055,1020.4101,300.590538
Dar16C_loP,DAB_494,38.10227098,0.579946346,74.75953743,0.963138472,38.10188341,2.799141329,1057.369057,186.0422071
Dar16C_loP,DAB_514,40.6943336,0.773514451,75.97403262,1.324626726,42.03174896,3.980491364,704.650362,273.8431768
Dar16C_loP,DAB_520,NA,NA,76.02230121,1.31881057,38.67044081,3.951708146,747.4795701,258.9366715
Dar16C_loP,DAB_525,NA,NA,77.08222405,1.337191079,41.25109211,4.020031362,1087.026447,315.532413
Dar16C_loP,DAB_528,40.34592261,0.774797039,78.15325995,1.317792704,33.02554795,3.939083101,832.7614015,253.5379591
Dar16C_loP,DAB_534,39.90842741,0.776022151,79.761916,1.365067832,49.02365729,4.043858685,648.7544347,255.519898
Dar16C_loP,DAB_541,38.17384788,0.759970184,78.42412937,1.31524877,44.14775042,3.954443954,1023.191925,249.4076595
Dar16C_loP,DAB_545,38.50325021,0.776502841,73.64988051,1.321996175,42.17612559,3.981115703,1565.139916,266.6834601
Dar16C_loP,DAB_549,39.75866427,0.790987857,78.28732581,1.330242306,43.78882744,3.981889778,923.4571597,262.8799718
Dar16C_loP,DAB_555,38.24130774,0.795450535,72.46623257,1.33741612,33.64069066,4.014950811,764.2610549,277.3555814
Dar16C_loP,DAB_568,38.48903809,0.763952005,77.0363591,1.312028124,53.68614364,3.940042994,1085.105432,257.4520166
Dar16C_loP,DAB_569,40.05364447,0.789110469,79.18472825,1.321405415,42.24553149,3.966408621,510.7930918,241.5675075
Dar16C_loP,DAB_570,39.32064065,0.805519676,78.08872,1.367064456,37.62143996,4.209586222,831.6282305,259.7610781
Dar16C_loP,DAB_571,NA,NA,79.88651681,1.323068753,49.22324799,4.003451868,804.4603532,240.2872513
Dar16C_loP,DAB_572,39.68759341,0.822931806,76.2913828,1.372627592,45.36907848,4.033354489,346.8024475,286.9546752
Dar16C_loP,DAB_573,39.88050091,0.778828048,79.00724745,1.31610239,41.36444437,3.941219286,1376.885597,250.3727578
Dar16C_loP,DAB_574,40.06094506,0.761998374,76.11778399,1.31700376,48.83763018,3.940990453,426.4663845,265.9361268
Dar16C_loP,DAB_575,39.9592456,0.77314783,78.72883821,1.315569647,38.51117136,3.947908017,752.42584,232.076816
Dar16C_loP,DAB_576,39.59282512,0.76218962,78.7068419,1.322400639,49.61416107,3.98603922,909.5465228,242.909818
Dar16C_loP,DAB_577,NA,NA,79.13957192,1.341101721,47.94046249,4.002365339,898.3756156,268.4970687
Dar16C_loP,DAB_578,NA,NA,78.06485667,1.30974357,35.0865374,3.930926778,463.8338777,243.9679528
Dar16C_loP,DAB_579,38.6722137,0.800693558,78.90910963,1.357774453,46.08258151,4.148538336,994.3021886,255.9625145
Dar16C_loP,DAB_580,NA,NA,80.59192082,1.327505274,49.9764303,4.052709331,516.7485047,233.2674543
Dar16C_loP,DAB_581,40.19880125,0.846722138,81.95175266,1.345255824,47.12896408,4.007878684,366.7090957,288.6081822
Dar16C_loP,DAB_583,38.52287172,0.786500282,75.8753951,1.331859356,46.04106775,4.001267691,948.9136159,283.3545064
Dar16C_loP,DAB_584,38.99057818,0.763562591,78.00001913,1.315506834,43.40178046,3.989009354,528.8200044,255.8226525
Dar16C_loP,DAB_585,38.26033843,0.795913947,79.02200512,1.339494465,45.659967,4.024899288,812.1879336,264.5365241
Dar16C_loP,DAB_586,39.05227748,0.775629414,76.51004005,1.320813826,39.7203115,3.964892356,356.8536493,275.2777703
Dar16C_loP,DAB_587,NA,NA,76.57456901,1.325158407,42.64261021,3.963033667,1301.601882,299.3142396
Dar16C_loP,DAB_588,39.06613426,0.877343529,76.37022392,1.358352904,32.83356738,4.049805064,868.3630556,287.641601
Dar16C_loP,DAB_589,NA,NA,76.31224565,1.3253836,43.31527104,3.960134508,1246.546597,299.4011319
Dar16C_loP,DAB_591,37.89970814,0.769081102,75.65881744,1.331946065,43.06145803,4.035386761,1096.213212,256.9410141
Dar16C_loP,DAB_592,40.38602184,0.785244323,77.98924677,1.322405,34.20378257,3.971323555,637.1957231,249.6380848
Dar16C_loP,DAB_593,38.30206306,0.773137071,74.65470264,1.30878749,46.29834923,3.923930269,1746.455727,238.6398219
Dar16C_loP,DAB_594,38.42412703,0.766557179,79.00011013,1.325423984,40.80135649,3.97027849,1109.524941,245.6080583
Dar16C_loP,DAB_596,39.07046796,0.770244419,75.87038143,1.31915363,37.15810741,3.949783892,1251.33828,257.6223043
Dar16C_loP,DAB_597,37.9786365,0.766744168,76.98286031,1.313091395,40.49467284,3.937964179,1189.795072,262.2422397
Dar16C_loP,DAB_598,38.32076535,0.778254837,74.56447563,1.312960059,45.71367376,3.95700786,1891.377593,254.2432215
Dar16C_loP,DAB_600,39.77567049,0.776211894,79.18676601,1.306731328,43.46558898,3.925687214,781.7181983,248.4047611
Dar16C_loP,DAB_602,37.93018964,0.772295643,75.91439403,1.323079403,42.35430153,3.940730214,850.3279812,265.7024693
Dar16C_loP,DAB_603,NA,NA,78.73032713,1.340265446,34.6350787,4.068322204,617.0386543,227.5097713
Dar16C_loP,DAB_604,NA,NA,77.88972511,1.323359416,44.76556992,3.964676185,679.1642472,329.8714193
Dar16C_loP,DAB_605,37.97617617,0.832473524,76.75325505,1.336797769,44.71066828,4.015166411,1173.295983,281.622521
Dar16C_loP,DAB_606,NA,NA,79.86449582,1.323228367,37.00587033,3.982436595,493.9459021,278.7510757
Dar16C_loP,DAB_607,NA,NA,77.58322576,1.328745043,45.8307933,3.965060838,595.1572173,350.7134353
Dar16C_loP,DAB_609,37.77573412,0.807066419,79.18005125,1.344197031,44.02321037,4.0370168,785.6962396,243.4681566
Dar16C_loP,DAB_610,NA,NA,78.64005047,1.324655055,32.98791186,3.960630966,431.1832156,297.2826025
Dar16C_loP,DAB_612,NA,NA,86.24433461,1.324445192,41.09972101,4.02609546,670.4604617,245.2316241
Dar16C_loP,DAB_614,37.95477671,0.583324001,74.20633535,0.958868408,42.86149161,2.861315728,1233.082801,196.2421829
Dar16C_loP,DAB_615,38.96166264,0.782389945,77.253924,1.316139524,42.26376136,3.946929898,1207.972162,262.2274154
Dar16C_loP,DAB_616,NA,NA,77.52715845,1.363859517,40.91208532,4.087027916,1037.318509,273.6262138
Dar16C_loP,DAB_617,38.03427774,0.858629102,78.53689868,1.332697036,37.66905444,4.013856015,522.5361518,251.650813
Dar16C_loP,DAB_619,NA,NA,77.85249054,1.395740357,32.34549767,4.150526689,302.3509621,308.6998227
Dar16C_loP,DAB_621,NA,NA,74.13288785,1.337186274,38.04169888,4.000202584,752.9523837,264.8797586
Dar16C_loP,DAB_622,38.1200892,0.784156642,75.71868127,1.336061835,43.91569692,4.024711546,730.0421842,277.8410792
Dar16C_loP,DAB_624,40.04794441,0.754427504,74.21095465,1.320455369,44.20678163,3.990207054,923.7954362,263.7574779
Dar16C_loP,DAB_625,38.93204183,0.745275142,76.31153694,1.30149846,39.88116938,3.904109863,1027.37369,230.9047446
Dar16C_loP,DAB_628,39.08303315,0.865683747,78.71038245,1.361307852,48.19406779,4.067506657,1348.246702,271.9116147
Dar16C_loP,DAB_629,37.53539962,0.775026548,78.23936726,1.323423751,48.19242872,3.95584202,1338.873104,269.7797152
Dar16C_loP,DAB_630,38.05699678,0.780918149,75.76612111,1.32014504,42.83942115,3.942111838,1176.649866,259.921051
Dar16C_loP,DAB_633,38.96294046,0.765870643,75.63701754,1.328664991,34.5476476,4.005709257,697.8421819,257.33099
Dar16C_loP,DAB_900,38.09376462,0.750651719,79.02751202,1.309786698,47.39461054,3.933340201,1282.112166,259.8364625
Dar16C_loP,DAB_901,39.91559385,0.803746673,78.78424785,1.328100812,39.0748228,3.979581973,228.8845419,259.2753566
Dar16C_loP,DAB_902,38.242279,0.765816167,77.58039199,1.31176147,37.78877362,3.946213465,818.4162075,255.0663609
Dar16C_loP,DAB_903,38.28898767,0.771588872,77.93884932,1.319437713,43.36332493,3.967148063,902.3871455,242.9890653
Dar16C_loP,DAB_904,NA,NA,75.54625985,1.326440171,37.05542723,3.983959924,351.9716804,297.400739
Dar16C_loP,DAB_905,39.9272023,0.755944039,80.88719639,1.315010613,36.12647964,3.994161702,739.2568215,243.5779692
Dar16C_loP,DAB_906,38.85825501,0.758230328,74.75074891,1.312106611,43.51055658,3.926424685,1115.201422,246.4980098
Dar16C_loP,DAB_909,38.79363166,0.875059001,78.64859415,1.364155498,47.53781236,4.062218951,1538.286062,283.4618505
Dar16C_loP,DAB_910,NA,NA,75.87571008,1.321583358,38.21907932,3.934571051,466.052244,265.1356623
Dar16C_loP,DAB_912,38.79248244,0.778472235,75.90885297,1.329083416,40.95436243,4.007984282,555.7107187,279.9170653
Dar16C_loP,DAB_913,39.91285593,0.8005296,73.96903656,1.328479441,37.79114541,3.965860659,889.9215064,263.3204892
Dar16C_loP,DAB_914,39.84520388,0.774265326,79.11715263,1.331738365,44.07882359,4.015631237,949.386068,236.3255442
Dar16C_loP,DAB_915,38.11417622,0.766477583,76.51452706,1.325824305,44.64668684,4.004483523,851.2705959,253.0327981
Dar16C_loP,DAB_916,38.50504798,0.745828369,79.86829657,1.312707611,46.32162197,3.913155374,297.3065274,254.0165856
Dar16C_loP,DAB_917,38.47854558,0.76908067,79.46558267,1.330554047,47.57915998,3.991917881,651.0230908,244.7991591
Dar16C_loP,DAB_919,NA,NA,77.57428624,1.321131003,34.6605371,3.964521141,778.0523413,288.3651775
Dar16C_loP,DAB_920,37.99568514,0.83223117,77.72675122,1.400259408,39.47581572,4.252825823,864.1300356,280.5788719
Dar16C_loP,DAB_921,39.28851989,0.838087062,78.37833225,1.371026802,43.76701053,4.170015435,803.6983898,255.2430064
Dar16C_loP,DAB_923,NA,NA,77.4454225,1.32889486,35.29729568,3.978979712,1201.757285,287.9461034
Dar16C_loP,DAB_924,38.02859365,0.769193311,76.80579168,1.316090121,41.10909428,3.96107979,858.2097263,254.3291384
Dar16C_loP,DAB_925,NA,NA,75.81988023,1.329850303,39.62465337,3.99198687,1095.440172,278.1944407
Dar16C_loP,DAB_926,39.67221478,0.761999851,78.9818467,1.335704087,44.87846301,4.023401424,1016.299707,254.0874498
Dar16C_loP,DAB_927,37.90935669,0.788324789,75.77598772,1.336435156,39.2038516,4.074317923,660.9307921,272.9429824
Dar16C_loP,DAB_928,38.02973088,0.76603457,77.05651224,1.311018827,40.2565357,3.939398479,1011.284925,247.2274569
Dar16C_loP,DAB_929,37.10738584,0.863247177,75.86740639,1.337605079,49.5952039,3.995294803,1457.975349,232.3884647
Dar16C_loP,DAB_930,38.11143382,0.887680175,78.16178322,1.345748135,36.88648273,4.03364194,637.5641591,268.2747669
Dar16C_loP,DAB_932,37.38202332,0.553444162,75.26607586,0.933745829,42.54254483,2.802875765,858.4886341,176.2613292
Dar16C_loP,DAB_933,37.98744309,0.839862391,76.31632803,1.345694535,44.93543701,4.012117282,248.2400819,285.0985067
Dar16C_loP,DAB_934,40.12243467,0.769108907,76.20971344,1.317981582,40.52341425,3.93573223,631.45222,270.8616981
Dar16C_loP,DAB_936,39.19898705,0.772142557,76.05589265,1.323766648,37.53449301,4.001574956,595.6299618,278.7908172
Dar16C_loP,DAB_937,39.99294772,0.755937062,76.87862652,1.312311434,46.45648327,3.928017832,707.1192545,247.0255458
Dar16C_loP,DAB_938,39.33865665,0.763886452,75.89712633,1.318871396,35.52032146,3.959073894,708.9075465,240.8449234
Dar16C_loP,DAB_939,36.91102123,0.827949791,74.17045353,1.35693574,45.52756891,4.250354545,869.5329177,260.8355952
Dar16C_loP,DAB_940,38.95719772,0.7668525,75.99824247,1.307450783,42.33947846,3.922526649,982.1762683,242.4735158
Dar16C_loP,DAB_942,NA,NA,76.31572053,1.329243635,33.27938252,4.027903461,1098.363722,245.7247988
Dar16C_loP,DAD_036,39.75813816,0.757750252,80.11937921,1.310067977,36.48383914,3.927812383,461.7239316,236.5291008
Dar16C_loP,DAN_001,38.02928263,0.781999859,74.14327178,1.335181783,41.70242278,4.013072155,799.999982,235.1010182
Dar16C_loP,DAN_002,37.70953498,0.79274846,78.13530714,1.343920618,52.28436726,4.085862505,930.4008034,252.135891
Dar16C_loP,DAN_003,39.32495871,0.814316056,77.1161621,1.344548709,42.57313567,4.017478133,508.5750232,283.2008871
Dar16C_loP,DAN_004,40.15533778,0.776325153,77.77049944,1.33138298,51.38355471,4.026819604,744.9767572,267.3615479
Dar16C_loP,DAN_005,39.19049991,0.857295072,76.78774165,1.365743564,49.54632796,4.033749802,967.3947828,302.5374462
Dar16C_loP,DAN_006,37.84540476,0.764473057,76.39638485,1.302093531,44.89581168,3.90445765,780.48365,234.428225
Dar16C_loP,DAN_007,37.88748024,0.760489421,77.2773904,1.307883742,40.95424894,3.927456697,717.9312049,235.0751201
Dar16C_loP,DAN_008,37.22206326,0.789127905,76.17265658,1.329772065,45.19924659,4.089805409,740.9841232,322.6283489
Dar16C_loP,DAN_009,40.05335416,0.77623309,77.8803842,1.353735534,41.74968786,3.997415116,988.5404504,264.6169199
Dar16C_loP,DAN_010,37.97306388,0.762839857,77.74518245,1.334708321,40.89868761,4.034842074,599.8262419,239.6491736
Dar16C_loP,DAN_011,40.3490155,0.798736949,72.08260343,1.324949126,45.84736898,3.958791593,1607.53733,267.7851082
Dar16C_loP,DAN_012,40.53765491,0.764847795,79.11023959,1.320796481,47.91492973,3.969800117,1156.872114,267.4448817
Dar16C_loP,DAN_013,40.58911829,0.752867569,78.16436557,1.313111161,54.16492185,3.922099397,644.4788436,250.2888465
Dar16C_loP,DAN_014,NA,NA,76.71434482,1.365731143,45.13558656,4.094009663,902.7034938,265.1858114
Dar16C_loP,DAN_015,38.84391836,0.815934771,77.66161505,1.358747109,43.75866319,4.023737496,712.6962678,291.5064505
Dar16C_loP,DAN_016,39.03696447,0.797876157,78.65954771,1.34549096,54.04635339,4.044079397,912.4466755,250.3838878
Dar16C_loP,DAN_017,39.33296897,0.788927825,76.44925543,1.327049865,37.54466412,3.995298795,140.4014874,281.0581111
Dar16C_loP,DAN_018,38.32727425,0.817047158,77.9670115,1.343095509,44.05826506,4.102286247,787.4639626,266.4119628
Dar16C_loP,DAN_019,38.81193382,0.805433621,77.65147012,1.326109278,47.69341914,4.01150555,300.7485264,261.2210562
Dar16C_loP,DAN_020,38.84451436,0.817880246,78.30384077,1.340428071,49.0170125,3.999279439,704.146639,291.359434
Dar16C_loP,DAN_021,38.11337678,0.800522745,79.06190083,1.336178314,45.39263167,4.006851343,504.2394787,263.8208489
Dar16C_loP,DAN_022,NA,NA,78.70273977,1.323100031,44.49512401,3.987132047,427.1929047,245.6009917
Dar16C_loP,DAN_023,39.94233539,0.778256427,79.14570406,1.320564222,36.6469667,3.947436835,244.9907265,267.4750836
Dar16C_loP,DAN_024,39.05541448,0.773920157,76.04234409,1.309047404,54.43679094,3.932946684,1120.212551,244.4845415
Dar16C_loP,DAN_025,37.66952423,0.760024289,77.38730912,1.304402278,47.45240318,3.930376079,1065.877288,248.285251
Dar16C_loP,DAN_027,38.94015012,0.753010066,79.79140287,1.312441873,41.7935157,3.947307513,818.028587,247.9550866
Dar16C_loP,DAN_028,37.94548429,0.778785191,78.05329684,1.322851857,42.22298232,4.002998623,651.3238026,256.6759481
Dar16C_loP,DAN_029,38.902343,0.771247234,78.2990207,1.329487079,48.4558377,3.9743719,948.6158084,254.0567828
Dar16C_loP,DAN_030,NA,NA,76.16764089,1.325327316,32.6964602,4.057998461,688.9704247,232.2558047
Dar16C_loP,DAN_031,37.56109324,0.771918749,77.55960176,1.312977503,43.09739801,3.969399066,567.8824595,272.6464565
Dar16C_loP,DAN_032,NA,NA,76.04712366,1.318144755,51.31088542,3.953860597,426.9914983,262.2678708
Dar16C_loP,DAN_033,38.76921655,0.764537581,76.94468121,1.306999403,42.83738164,3.91605527,1000.081371,228.6189346
Dar16C_loP,DAN_037,NA,NA,78.29521392,1.317056254,48.03896844,3.962311825,437.5217643,256.4252952
Dar16C_loP,DAN_047,38.05043964,0.768201956,75.97339901,1.328130273,46.02736019,4.003862766,1361.75908,265.8286248
Dar16C_loP,DAN_054,38.15466609,0.770339352,80.75645948,1.323336755,51.46957574,3.967593959,576.7182465,268.7500904
Dar16C_loP,DAN_059,38.27243759,0.768616532,80.74350002,1.323002143,40.59284566,3.955382691,611.0063147,267.4074299
Dar16C_loP,DAZ_004,38.66940175,0.767104248,77.01249361,1.314387355,37.27727833,3.942854307,708.4580938,257.8567686
Dar16C_loP,DAZ_005,38.11806857,0.931735155,76.52855511,1.333484541,46.30192268,4.0365936,720.5708055,230.6422037
Dar16C_loP,DIACOL_CALIMA,38.63217874,0.764233604,76.82880096,1.321774179,43.53852166,3.987997976,890.6001759,253.3627493
Dar16C_loP,DOR_364,NA,NA,76.16061567,1.309972783,19.44735402,3.932606195,853.0317688,240.4912148
Dar16C_loP,DOR_390,NA,NA,77.24572379,1.374999288,16.33713515,4.135906603,132.0921361,285.4418959
Dar16C_loP,DRK_149,37.90472187,0.782333909,77.05693399,1.314686714,52.7121346,3.935353396,1449.039701,266.9519131
Dar16C_loP,G19833,NA,NA,84.01338586,0.491314215,21.35187868,2.863264916,267.8893125,175.9890187
Dar16C_loP,G4523,39.6573376,0.800319412,76.26124249,1.3357154,28.45686627,4.013382581,292.1479576,278.814111
Dar16C_loP,ICA_CALIMA,38.98726432,0.760083326,77.9100924,1.339442045,50.21426273,4.069582864,1140.011462,238.2945206
Dar16C_loP,KAT_B1,NA,NA,75.98289355,1.35938811,33.94463543,4.097442655,362.5709825,286.2553098
Dar16C_loP,KAT_B9,NA,NA,76.9059958,1.322015101,35.94232477,3.959304845,691.0000464,250.4769992
Dar16C_loP,LPA_071,NA,NA,75.81625686,1.342997851,36.14300087,4.024571796,-245.3953338,278.5273489
Dar16C_loP,LPA_111,39.04299966,0.783766245,78.28176822,1.322476085,45.87093194,4.003686321,652.4452326,290.9310083
Dar16C_loP,LPA_122,40.36136131,0.772263335,77.72356326,1.323595577,30.03199199,3.97476825,640.3061109,276.926685
Dar16C_loP,LPA_146,NA,NA,81.2962383,1.320091844,46.46785646,3.936651583,894.6569457,266.1715034
Dar16C_loP,LPA_164,40.07068862,0.761027341,79.54072674,1.310641318,43.15899419,3.976967052,914.1904432,238.8136248
Dar16C_loP,LPA_406,NA,NA,78.35778036,1.349587228,40.60669802,4.050727185,820.4709755,235.014897
Dar16C_loP,LPA_426,38.89832794,0.756194425,79.31497259,1.309149386,36.54908008,3.924197195,636.9023467,235.323355
Dar16C_loP,LPA_435,38.31541646,0.816164505,76.32191467,1.327608696,43.990542,3.988981979,844.9180675,270.9017114
Dar16C_loP,LPA_467,37.50524346,0.774493131,77.70163098,1.312196343,38.32322405,3.942837452,877.3539487,255.6058606
Dar16C_loP,LPA_499,NA,NA,78.62691069,1.363865971,38.03756213,4.109391772,555.0558232,280.2825313
Dar16C_loP,LPA_512,39.01799417,0.795219097,77.81291967,1.324761108,35.3681126,3.960751043,536.9377956,242.0966628
Dar16C_loP,LPA_530,38.17034918,0.784552282,76.22462783,1.371790706,42.07229555,4.097579705,845.0096692,246.0631646
Dar16C_loP,LPA_546,37.65616683,0.823803655,77.95931884,1.349793503,46.12519468,4.008679312,460.2594835,287.1029178
Dar16C_loP,LPA_566,38.96496825,0.786235591,78.32684815,1.330904082,46.03740154,3.991071334,698.5683845,265.9037868
Dar16C_loP,LPA_568,39.95031892,0.749546939,78.23322201,1.30638527,37.45161172,3.928872661,873.2691992,236.5088947
Dar16C_loP,LPA_573,NA,NA,78.8915212,1.349012832,25.43839201,4.064578166,192.0595301,278.8532332
Dar16C_loP,LPA_610,38.24922831,0.789942099,80.65736971,1.324190972,44.3462614,3.983480786,554.5371839,265.6614071
Dar16C_loP,LPA_643,39.43133811,0.76287089,80.7145465,1.3104014,35.71340321,3.9417739,488.2732031,247.3607648
Dar16C_loP,LPA_714,NA,NA,79.6120734,1.323943368,36.33322549,3.971796714,577.2476619,286.4927777
Dar16C_loP,LPA_732,NA,NA,78.8326435,1.333409225,42.54095374,3.984853231,658.4808087,341.7289878
Dar16C_loP,LPA_736,40.11398584,0.75801346,80.92600311,1.321860249,53.20928582,3.950288847,626.9340189,264.4165717
Dar16C_loP,LPA_770,38.83806577,0.791740853,76.18858075,1.347693791,36.80561452,4.043322123,894.8856729,263.9574424
Dar16C_loP,LPA_771,37.65677968,0.817246194,78.93699935,1.329802093,36.87502249,3.998552046,1126.043182,271.921513
Dar16C_loP,LPA_772,NA,NA,79.46044236,1.307014346,37.00819202,3.942633999,478.973403,232.6972324
Dar16C_loP,LPA_773,NA,NA,77.70996417,1.333960575,46.89600721,4.000539841,669.6068966,330.8439097
Dar16C_loP,LPA_774,NA,NA,78.93581869,1.370939308,44.73793925,4.085600165,402.9753567,279.9672483
Dar16C_loP,LPA_775,39.70472379,0.760111858,79.46492439,1.310392639,20.41999195,3.959820828,245.974784,242.4056479
Dar16C_loP,LPA_776,39.16511118,0.874200065,75.56259681,1.330160435,48.83975447,4.014167193,1184.769431,239.4089039
Dar16C_loP,LPA_777,38.28993761,0.808077543,76.68980793,1.331263664,41.74474356,3.995051307,652.6442723,269.0844228
Dar16C_loP,LPA_778,37.98545422,0.783245973,78.19364852,1.317714025,46.02836474,3.936699763,513.8403017,270.0355179
Dar16C_loP,LYAMUNGO_85,40.22815385,0.760871275,76.79667064,1.304952357,43.7446437,3.908249323,780.8321299,229.1488404
Dar16C_loP,MAZ_021,37.56651815,0.785878519,77.84364868,1.3292116,43.49509139,3.970448664,966.8053688,255.3744957
Dar16C_loP,MAZ_032,NA,NA,76.16843768,1.339621234,50.74215202,4.005391086,322.8178752,268.8543637
Dar16C_loP,MAZ_048,37.93381219,0.779926366,79.25676432,1.312810127,36.05984271,3.950014341,331.741351,248.7124829
Dar16C_loP,NATAL_SUGAR,NA,NA,78.45860682,1.320371597,40.4861848,3.982435926,810.4903152,237.6949876
Dar16C_loP,NDZ_002,39.05614879,0.886358595,76.73138724,1.345330124,42.31200646,4.051600795,979.507727,278.3087093
Dar16C_loP,NDZ_008,NA,NA,77.39143941,1.344537194,36.83920379,4.031016955,664.3428982,279.1129369
Dar16C_loP,NDZ_012,NA,NA,75.91338425,1.328057243,46.47571101,3.961013493,436.0681726,346.9755794
Dar16C_loP,NUA_035,39.03090699,0.780633981,80.4179154,1.328395216,47.22315398,3.994962241,779.2064177,265.9120165
Dar16C_loP,NUA_184,NA,NA,79.45777798,1.359635376,28.65051448,4.055155032,30.62714184,298.0726538
Dar16C_loP,NUA_230,40.02955304,0.780246402,83.31080958,1.314481009,32.8616892,3.9528207,626.8006641,229.3080373
Dar16C_loP,NUA_291,NA,NA,78.78959926,1.317149394,38.23418522,3.980767854,500.8367393,232.5942093
Dar16C_loP,NUA_365,39.04763547,0.792729943,77.1824538,1.336078715,48.7863135,4.003542147,639.2492769,267.1973543
Dar16C_loP,NUA_368,NA,NA,84.30516916,1.328864872,45.49876182,3.992151863,94.05767572,277.1059292
Dar16C_loP,NUA_398,NA,NA,82.06967889,1.307241649,18.35406378,3.923278767,314.8162088,261.5216964
Dar16C_loP,NUA_430,40.05561242,0.761674699,78.69512752,1.320625018,51.08600803,3.943818489,768.9035982,264.6926385
Dar16C_loP,NUA_520,38.54938938,0.853387172,77.91337233,1.340987789,54.5027008,4.030546649,681.2380989,269.4601984
Dar16C_loP,NUA_537,39.85935666,0.794186864,80.94960967,1.337102712,55.09393101,4.013646696,730.0432478,251.7802041
Dar16C_loP,PVA_773,39.87086343,0.763088876,78.97518689,1.321825109,45.70301885,4.017905447,612.760571,305.6746441
Dar16C_loP,RAA_021,NA,NA,79.27175886,1.324454325,34.36718852,4.061042654,521.375667,326.9462769
Dar16C_loP,RAA_030,NA,NA,78.49055017,1.320002382,34.63718509,3.974846787,412.7873435,271.0939858
Dar16C_loP,RAA_034,39.5304854,0.762414459,79.8864173,0.939030799,35.76575046,2.806842686,618.7848582,184.0804717
Dar16C_loP,RED_CANADIAN_WONDER,NA,NA,75.75998013,1.319264242,31.12661174,3.944528032,631.7437487,268.2165401
Dar16C_loP,RMA_072,39.97985139,0.769721577,76.38810403,1.322167973,28.45625204,3.956027181,-67.25989531,260.7837133
Dar16C_loP,RMX_019,NA,NA,80.15174764,1.309888498,33.24325806,3.916170998,252.610546,253.2408789
Dar16C_loP,RMX_020,NA,NA,84.33809762,1.358879687,35.3603492,4.011384456,277.8736812,290.5898008
Dar16C_loP,SAA_015,39.19978453,0.772272278,79.22447216,1.318523915,42.3411055,3.952279783,814.5134742,266.069007
Dar16C_loP,SAA_017,38.58352711,0.775237236,77.5458367,1.313466717,40.91408242,3.94611595,440.1890586,256.4846097
Dar16C_loP,SAA_020,NA,NA,78.56605921,1.326125188,41.96997706,3.969320828,1247.806352,294.586238
Dar16C_loP,SAA_021,38.77109616,0.76497701,77.33763697,1.313370468,41.89592912,3.942310583,707.1893508,252.8188436
Dar16C_loP,SAB_259,38.94623899,0.783021355,78.52402189,1.318284888,37.45712512,3.975759628,410.2833475,277.5988873
Dar16C_loP,SAB_516,40.00247299,0.75697483,78.98356215,1.307973541,38.38654964,3.922728033,986.9850564,257.5005408
Dar16C_loP,SAB_560,39.30940713,0.778377829,74.0654531,0.95427218,38.47923697,2.834582687,857.5968627,191.5246049
Dar16C_loP,SAB_568,39.83157432,0.776494867,80.30025941,1.331684463,49.68795161,3.996451052,780.7227824,259.8749548
Dar16C_loP,SAB_576,40.34050338,0.799810449,85.92302268,1.35711664,41.24242115,4.123124396,724.3999746,251.1032574
Dar16C_loP,SAB_626,NA,NA,80.22294583,1.329265925,47.09149383,3.957485155,887.3424832,269.0034051
Dar16C_loP,SAB_659,NA,NA,77.63711669,0.953914396,45.08313832,2.877111758,894.571054,198.6016393
Dar16C_loP,SAB_686,38.86965283,0.546086782,77.28814307,0.934411879,39.63125811,2.789393407,494.0373224,178.2229319
Dar16C_loP,SAB_711,38.77246917,0.768550238,76.74328639,1.311709173,40.42273053,3.922633639,951.4260373,242.8945215
Dar16C_loP,SAB_712,40.0670586,0.772001701,79.27227671,1.320544352,41.35670026,3.946336166,410.5257538,256.8578501
Dar16C_loP,SAP_001-16,38.34238985,0.763541806,77.67880957,1.319452537,45.96268287,3.941090429,877.2596232,264.1969867
Dar16C_loP,SEF_060,37.94004632,0.771525554,75.80397757,1.322850221,24.07038267,3.969766609,730.3762354,262.6898855
Dar16C_loP,SEN_056,37.65751615,0.759952401,74.10411492,1.303930661,21.22658518,3.916688945,1504.593528,233.4251934
Dar16C_loP,SEQ_1003,NA,NA,76.46968234,0.93438353,38.67826258,3.952058961,874.5765165,255.6360351
Dar16C_loP,SEQ_1004,NA,NA,78.7372047,1.315968943,35.92957638,3.935025781,1078.592643,265.2077821
Dar16C_loP,SEQ_1006,40.14254119,0.766025536,80.19446908,1.319565917,52.03882125,3.994442066,778.558881,279.7815441
Dar16C_loP,SEQ_1027,NA,NA,79.37106869,1.31334575,35.05247771,3.934732915,246.5481028,243.6232367
Dar16C_loP,SER_118,NA,NA,76.7132066,1.342410596,16.24422952,4.074995234,515.9310697,280.5099594
Dar16C_loP,SUG_131,NA,NA,79.20439475,1.31572611,47.99812226,3.967081406,607.4577217,256.234631
Dar16C_loP,SXB_412,40.18985367,0.764335505,76.07794152,0.42869071,21.52742327,1.275184866,823.0823832,101.4075002
Dar16C_loP,TIO_CANELA_75,NA,NA,79.15413673,0.940025999,19.32001347,2.788125031,629.3558524,203.9097831
Dar16C_loP,USA_063,38.92570263,0.512905499,76.37159211,0.801816238,35.61642707,2.38137342,850.2377985,155.4617992
Dar16C_loP,USA_077,NA,NA,79.89067739,0.666166281,40.76571163,1.978953225,852.0413153,132.2674523
Dar16C_mdP,ACC_002,37.3596337,0.582937811,NA,NA,47.3879792,4.193539862,1122.976325,163.7516869
Dar16C_mdP,ACC_003,NA,NA,NA,NA,44.19043547,3.040626633,835.3879484,165.8121721
Dar16C_mdP,ACC_004,38.56960281,0.581442657,NA,NA,41.42256684,4.202791196,756.6649476,163.044583
Dar16C_mdP,ACC_005,38.52599467,0.584157639,NA,NA,55.92638788,4.188598662,794.0257828,163.3403599
Dar16C_mdP,ACC_007,38.00716973,0.582991433,NA,NA,50.7610663,2.978490392,956.3215074,163.6638171
Dar16C_mdP,ACC_008,38.32363751,0.584362709,NA,NA,48.48601857,2.990687756,1146.927041,164.9086546
Dar16C_mdP,ACC_009,40.11843502,0.823141177,NA,NA,46.02013261,2.96615311,932.5059496,162.577002
Dar16C_mdP,ACC_010,38.16674973,0.585004703,NA,NA,44.85014111,2.986868764,1003.111571,163.8626736
Dar16C_mdP,ACC_011,37.46287177,0.583279047,NA,NA,45.50405898,4.20123179,949.9070994,163.3294902
Dar16C_mdP,ACC_012,38.42760845,0.584432099,NA,NA,42.68496549,4.2109246,1017.334406,163.9886516
Dar16C_mdP,ACC_014,39.38259505,0.583006333,NA,NA,47.90598934,2.985909014,896.1143512,163.1976293
Dar16C_mdP,ACC_017,37.43790211,0.583190215,NA,NA,38.27903222,4.201541811,502.4421738,163.4383244
Dar16C_mdP,ACC_018,38.41632041,0.582378493,NA,NA,48.73603381,2.970903671,1035.438835,163.380815
Dar16C_mdP,ACC_022,37.48241047,0.582656015,NA,NA,47.52238332,2.973811626,1277.882313,163.5233526
Dar16C_mdP,ACC_023,40.08749699,0.827060632,NA,NA,41.00341007,4.23373943,789.4324883,163.5765799
Dar16C_mdP,ACC_024,37.51345605,0.583971724,NA,NA,46.03880017,4.187846963,849.2327082,163.3826154
Dar16C_mdP,ACC_025,38.62015812,0.583162535,NA,NA,37.67482777,2.967619028,906.3872391,163.4292478
Dar16C_mdP,ACC_026,38.10237081,0.585161172,NA,NA,44.99020419,3.016060539,1199.871063,163.9347216
Dar16C_mdP,ACC_027,37.96664618,0.583795841,NA,NA,46.27122454,4.214805905,602.1743771,163.4886952
Dar16C_mdP,ACC_028,37.9741586,0.825714581,NA,NA,45.8861219,3.034667727,1139.069739,165.3714279
Dar16C_mdP,ACC_029,37.51550252,0.582976702,NA,NA,45.31458231,4.206414135,810.9825864,163.9982276
Dar16C_mdP,ACC_030,39.5917617,0.582687604,NA,NA,44.98312739,4.19266448,688.5628693,162.8314091
Dar16C_mdP,ACC_031,39.46612536,0.582080927,NA,NA,45.14497602,2.974151707,1057.217117,163.5393087
Dar16C_mdP,AFR_298,37.55724054,0.412535719,NA,NA,48.76703419,2.106153737,1246.977689,116.4546437
Dar16C_mdP,AFR_619,39.87902046,0.581860768,NA,NA,44.42474966,2.972302285,1060.738998,163.999121
Dar16C_mdP,AFR_708,NA,NA,NA,NA,46.32491078,4.202711876,866.2403187,163.5500374
Dar16C_mdP,AFR_722,39.12135793,0.414726163,NA,NA,58.72661087,2.120474948,1176.615514,118.1191207
Dar16C_mdP,AFR_735,39.00179938,0.58243874,NA,NA,51.37761123,2.972278956,1064.899713,163.536032
Dar16C_mdP,AMADEUS,NA,NA,NA,NA,24.86829899,2.979034582,1655.198779,163.6035021
Dar16C_mdP,BFS_081,39.3675098,0.283123682,NA,NA,24.00081121,1.042976531,1512.336205,59.73385675
Dar16C_mdP,BRB_191,40.02839389,0.582720299,NA,NA,41.30429319,4.193596825,718.8762608,164.1844292
Dar16C_mdP,BRB_198,NA,NA,NA,NA,46.49146814,3.002898814,635.2575961,165.4652622
Dar16C_mdP,BRB_215,37.9951665,0.583533694,NA,NA,37.53038877,4.209283476,868.4401303,163.8390779
Dar16C_mdP,BRB_264,37.46245757,0.583190047,NA,NA,40.4499141,2.976026315,977.0589139,163.2344613
Dar16C_mdP,CAL_096,38.28120667,0.126886794,NA,NA,62.88629708,0.622351715,1351.06356,41.44652295
Dar16C_mdP,CAL_143,38.91458219,0.478973928,NA,NA,44.04009722,2.140584055,1096.620491,117.4934701
Dar16C_mdP,CMB_004,38.82895977,0.583486126,NA,NA,50.42035732,4.197795619,1032.144621,163.5531559
Dar16C_mdP,CMB_006,40.16897894,0.82291883,NA,NA,39.51840725,4.192514916,628.8554762,163.5923193
Dar16C_mdP,CMB_010,37.63326319,0.583893846,NA,NA,42.82564358,4.24646709,1239.651656,164.0263708
Dar16C_mdP,CMB_012,NA,NA,NA,NA,46.7186857,4.197849178,781.8239822,163.7596429
Dar16C_mdP,CMB_014,36.78104399,0.585446746,NA,NA,53.93112445,4.188327304,880.1031279,165.0927373
Dar16C_mdP,CMB_016,38.77280935,0.587546713,NA,NA,51.83398659,4.188012066,872.9442482,163.9766018
Dar16C_mdP,CMB_018,39.67270087,0.83476193,NA,NA,16.77161661,4.233603159,962.5283499,165.1479799
Dar16C_mdP,CMB_025,38.77129662,0.830565075,NA,NA,20.16621079,4.23075021,852.9547302,164.8907129
Dar16C_mdP,CMB_036,38.55575524,0.582422498,NA,NA,48.46059619,4.202807827,877.5408054,163.6178532
Dar16C_mdP,CMB_043,39.75261949,0.582124183,NA,NA,46.98345403,4.19019987,1241.967156,162.9914836
Dar16C_mdP,CMB_045,38.09197381,0.582944336,NA,NA,50.59559026,4.206138119,973.2525699,164.0626791
Dar16C_mdP,CMB_050,NA,NA,NA,NA,44.64312737,4.204166359,666.7157378,163.1511916
Dar16C_mdP,CMB_057,NA,NA,NA,NA,51.42875995,2.968123981,1452.411638,163.9244146
Dar16C_mdP,CMB_073,39.29765063,0.589200849,NA,NA,44.82638717,4.190492457,805.1885301,164.5185248
Dar16C_mdP,CMB_080,38.89578904,0.823571488,NA,NA,43.72933547,2.983604795,1359.542084,163.4215416
Dar16C_mdP,CMB_095,39.7672457,0.823224171,NA,NA,47.72475742,2.988177434,755.6389463,163.6896492
Dar16C_mdP,CMB_103,39.01931401,0.582856622,NA,NA,49.85277967,4.196123556,1013.902105,163.476228
Dar16C_mdP,CMB_105,37.82110534,0.823203934,NA,NA,56.57116454,2.970530503,1100.649714,163.4978925
Dar16C_mdP,COS_016,38.01598572,0.583989019,NA,NA,43.35877279,2.992970768,1726.296297,163.7082808
Dar16C_mdP,DAA_001,36.9313803,0.583833191,NA,NA,51.62804393,2.982943887,1500.460658,164.2675683
Dar16C_mdP,DAA_002,36.76921997,0.583533423,NA,NA,63.36205287,4.202789451,1262.371052,163.4776412
Dar16C_mdP,DAA_003,36.92668431,0.582692919,NA,NA,55.25567033,2.971251108,1207.171839,163.4768444
Dar16C_mdP,DAA_004,37.12732556,0.823184126,NA,NA,44.42778911,2.993359694,873.4213184,163.6375584
Dar16C_mdP,DAA_005,37.70789505,0.58689748,NA,NA,42.16013406,4.285787244,995.8277711,163.9592637
Dar16C_mdP,DAA_006,38.0030084,0.588523214,NA,NA,40.95242947,3.00541201,1164.387849,163.8302965
Dar16C_mdP,DAA_007,39.39551172,0.584289283,NA,NA,48.69392539,2.992592384,1254.401043,164.1129853
Dar16C_mdP,DAA_008,38.79971616,0.58465612,NA,NA,49.36530776,2.991420729,972.8215144,163.8123417
Dar16C_mdP,DAA_009,36.59211017,0.58532775,NA,NA,53.76864902,2.999126338,1420.852153,164.0330652
Dar16C_mdP,DAA_010,38.52718067,0.584108224,NA,NA,50.8584695,2.981004021,1200.917139,164.0474753
Dar16C_mdP,DAA_011,38.0815832,0.583766965,NA,NA,49.20572876,4.233705241,1126.623857,163.9178128
Dar16C_mdP,DAA_012,37.7547392,0.584658909,NA,NA,61.52453759,2.980291112,1302.920431,163.6815891
Dar16C_mdP,DAA_013,37.88672292,0.581826542,NA,NA,49.182654,2.967418218,1008.193236,163.4882843
Dar16C_mdP,DAA_014,37.38594452,0.584376156,NA,NA,70.45200289,4.190335993,1386.026291,164.1472739
Dar16C_mdP,DAA_015,36.93219741,0.582865217,NA,NA,47.42924064,2.969400111,1168.187734,163.3056795
Dar16C_mdP,DAA_016,38.57341121,0.584743425,NA,NA,47.54766319,4.264688308,1036.238914,165.0634684
Dar16C_mdP,DAA_018,38.70991148,0.583663138,NA,NA,56.99198188,2.979852032,1191.759331,163.7597889
Dar16C_mdP,DAA_021,37.69192334,0.583384462,NA,NA,69.35160009,4.204188292,1281.516044,163.3348115
Dar16C_mdP,DAA_024,38.07116749,0.583593649,NA,NA,55.01835114,3.018514111,1506.835813,164.3575092
Dar16C_mdP,DAA_027,37.5753438,0.582421149,NA,NA,50.65549627,2.967230732,877.9230928,163.8562993
Dar16C_mdP,DAA_029,37.07962764,0.583826359,NA,NA,63.5449295,4.190191708,1240.299279,163.5607379
Dar16C_mdP,DAA_041,37.4501116,0.58197138,NA,NA,56.33123896,4.194454957,975.9816225,163.4407892
Dar16C_mdP,DAA_044,37.2278375,0.587090591,NA,NA,63.71971599,4.232194155,1327.105461,163.6061972
Dar16C_mdP,DAA_045,36.69966005,0.584647945,NA,NA,64.17118271,2.982320523,1565.435538,163.9691806
Dar16C_mdP,DAA_049,38.14148243,0.584748627,NA,NA,46.41059046,4.234767661,1115.829486,164.1560592
Dar16C_mdP,DAA_051,37.54142393,0.58440927,NA,NA,56.87895174,4.191839537,1006.279711,163.8211137
Dar16C_mdP,DAA_052,37.69098388,0.587345659,NA,NA,58.36907229,4.199877513,1079.792995,166.4871405
Dar16C_mdP,DAA_059,37.92363013,0.581923002,NA,NA,46.69051431,2.977847105,1446.465838,163.8039419
Dar16C_mdP,DAA_060,36.54238522,0.585348829,NA,NA,53.51218699,4.231927224,1163.101047,163.8277669
Dar16C_mdP,DAA_062,39.41743473,0.582531688,NA,NA,54.95918687,2.970424921,1023.11465,162.9602703
Dar16C_mdP,DAA_065,37.02405088,0.583088856,NA,NA,51.20133267,2.984483872,1030.528755,164.4466424
Dar16C_mdP,DAA_078,36.17231079,0.597332304,NA,NA,53.75558189,3.061433583,1253.354605,169.7622594
Dar16C_mdP,DAA_086,36.42722184,0.582912768,NA,NA,54.67464195,4.184903805,861.8544155,163.3664818
Dar16C_mdP,DAA_091,36.78038094,0.588792607,NA,NA,59.02229264,4.188025405,1279.152419,164.4077762
Dar16C_mdP,DAA_094,38.56232165,0.583552739,NA,NA,54.80660284,2.991073554,936.4130832,163.125568
Dar16C_mdP,DAA_096,38.78773931,0.583263706,NA,NA,53.50579914,2.973603319,1181.510188,163.335115
Dar16C_mdP,DAA_098,38.1004665,0.583595491,NA,NA,56.0274036,2.968102587,1635.217685,163.2687685
Dar16C_mdP,DAA_100,39.22766039,0.586781078,NA,NA,57.96250058,4.191465311,1155.925082,164.7960295
Dar16C_mdP,DAA_111,38.22166432,0.823086691,NA,NA,37.66373087,2.973219339,974.2669209,163.3511048
Dar16C_mdP,DAA_112,37.47391067,0.58279373,NA,NA,54.23484571,2.965746434,870.3567347,163.3106793
Dar16C_mdP,DAA_113,36.16164905,0.585065846,NA,NA,61.51202484,2.979900122,1362.714186,163.9473316
Dar16C_mdP,DAA_114,38.05607249,0.822976554,NA,NA,49.64412288,2.964114249,1003.921824,162.9249789
Dar16C_mdP,DAA_115,39.29602639,0.58489619,NA,NA,40.84058777,2.991934672,766.8381941,164.2136981
Dar16C_mdP,DAA_116,38.80046037,0.587065363,NA,NA,47.16389422,3.014740468,1122.283099,163.8816643
Dar16C_mdP,DAA_117,37.9522702,0.583499476,NA,NA,50.30935003,2.978823993,1047.87192,163.0604285
Dar16C_mdP,DAA_118,40.04407064,0.823637424,NA,NA,43.49272279,4.202679403,850.2379544,163.5069438
Dar16C_mdP,DAA_119,38.45492004,0.829546369,NA,NA,21.33669779,4.235597189,734.4482731,164.2424759
Dar16C_mdP,DAA_120,37.1502928,0.583106083,NA,NA,42.80257898,4.235095372,826.6813425,164.0231625
Dar16C_mdP,DAA_121,38.11315194,0.585161199,NA,NA,60.68227317,4.214412686,1104.255404,163.7866879
Dar16C_mdP,DAA_122,37.29115145,0.585032755,NA,NA,45.8038959,4.232470316,884.0589155,164.2475855
Dar16C_mdP,DAA_123,39.08612243,0.590942758,NA,NA,41.74628894,3.025676589,1043.434514,165.8216351
Dar16C_mdP,DAA_124,38.74209694,0.584688525,NA,NA,42.82341792,4.23878479,977.2284437,163.5381372
Dar16C_mdP,DAA_125,37.91317781,0.582514004,NA,NA,42.29227453,2.970561788,1234.949751,163.9491757
Dar16C_mdP,DAA_126,40.09509391,0.585230627,NA,NA,50.17916218,4.275676405,1039.845629,163.9606574
Dar16C_mdP,DAA_142,37.91204558,0.582364694,NA,NA,50.52526066,2.963419938,1070.968469,163.0970309
Dar16C_mdP,DAA_145,37.94947796,0.582842202,NA,NA,51.32584268,2.965314516,1274.624776,163.2603194
Dar16C_mdP,DAA_148,37.24461405,0.584610453,NA,NA,52.20651585,2.984502755,1231.980482,164.152991
Dar16C_mdP,DAA_151,38.75755006,0.586273848,NA,NA,52.23580396,2.997037851,1195.212029,163.9468092
Dar16C_mdP,DAA_153,38.94598612,0.413022095,NA,NA,50.93459139,2.450420947,1129.846421,116.7447784
Dar16C_mdP,DAA_154,37.93271929,0.582895707,NA,NA,51.31186261,4.193234951,1072.958799,163.4088705
Dar16C_mdP,DAA_159,38.0985418,0.585383219,NA,NA,50.09712624,4.236625064,913.9745128,164.2534059
Dar16C_mdP,DAA_164,37.57224051,0.583801428,NA,NA,44.48195671,2.976452746,1138.266724,163.5007999
Dar16C_mdP,DAA_166,38.21910233,0.585497598,NA,NA,51.89722988,2.990898815,1077.546693,163.5797842
Dar16C_mdP,DAA_173,38.86513747,0.582894834,NA,NA,45.3752478,4.213723844,857.3817962,163.7213144
Dar16C_mdP,DAA_175,36.98249772,0.583317255,NA,NA,46.5364115,2.971649516,1161.908769,163.3247084
Dar16C_mdP,DAB_049,39.17409513,0.823100442,NA,NA,23.52614186,2.98928703,1434.224239,164.7454442
Dar16C_mdP,DAB_052,NA,NA,NA,NA,27.23738171,2.996180721,1616.326501,165.0792358
Dar16C_mdP,DAB_053,39.81592059,0.587238535,NA,NA,50.11960585,4.2035756,1090.087294,165.8642743
Dar16C_mdP,DAB_062,38.94187162,0.581808814,NA,NA,48.35099555,2.973827734,1506.558667,163.4050234
Dar16C_mdP,DAB_064,38.9016373,0.827315046,NA,NA,45.40012136,4.267002835,757.2831746,165.9909817
Dar16C_mdP,DAB_065,38.73953656,0.586140937,NA,NA,51.35483346,4.231432866,1163.276655,163.7794061
Dar16C_mdP,DAB_066,39.0720733,0.583020923,NA,NA,49.73071183,2.985662476,1457.091005,164.3713522
Dar16C_mdP,DAB_084,37.96607775,0.588450621,NA,NA,39.29975403,3.042887921,1659.183341,167.0311502
Dar16C_mdP,DAB_090,37.85136111,0.582753914,NA,NA,40.30459841,2.972568105,1321.308268,163.8237568
Dar16C_mdP,DAB_105,39.04741725,0.586748621,NA,NA,45.382589,2.990826294,1504.266112,163.9123843
Dar16C_mdP,DAB_106,38.07428628,0.581877627,NA,NA,44.76002514,2.969398287,1486.009231,162.9961315
Dar16C_mdP,DAB_109,38.49810977,0.595093762,NA,NA,48.5675961,3.053981872,1295.619232,167.107974
Dar16C_mdP,DAB_150,38.12648511,0.58306064,NA,NA,42.73936207,2.984933219,1186.285869,163.8679189
Dar16C_mdP,DAB_187,38.51054907,0.582968766,NA,NA,32.97432236,2.968883062,847.6636249,163.5457252
Dar16C_mdP,DAB_231,37.95813721,0.583481243,NA,NA,50.93692484,4.198590556,1020.553274,163.6439066
Dar16C_mdP,DAB_233,37.95070958,0.584609598,NA,NA,49.74701389,2.988394886,990.8502405,164.0067124
Dar16C_mdP,DAB_236,38.29082111,0.582244793,NA,NA,42.9715846,4.191199079,895.9891875,163.3874405
Dar16C_mdP,DAB_244,38.77198223,0.823162846,NA,NA,51.19415434,3.010013098,841.9381151,165.2284748
Dar16C_mdP,DAB_251,38.08726454,0.414233003,NA,NA,52.36896233,2.117622009,1304.953128,116.8048994
Dar16C_mdP,DAB_252,38.41227006,0.828566623,NA,NA,49.20284751,4.245257191,1028.085068,164.398894
Dar16C_mdP,DAB_256,37.97995488,0.582827703,NA,NA,46.16555339,4.210625251,1058.256522,163.4185872
Dar16C_mdP,DAB_258,38.03834863,0.587514636,NA,NA,51.3878457,4.235903071,1055.882042,163.8508248
Dar16C_mdP,DAB_267,37.70289425,0.585628231,NA,NA,47.49704371,2.997981378,984.4357892,163.7915796
Dar16C_mdP,DAB_277,38.64955394,0.596604226,NA,NA,53.85560396,4.391980044,919.6668801,168.6049012
Dar16C_mdP,DAB_295,37.68776946,0.417184086,NA,NA,54.99550414,2.437276738,1106.568032,118.2825834
Dar16C_mdP,DAB_302,37.86339187,0.823818068,NA,NA,54.19145548,4.30257906,1096.929981,164.3946039
Dar16C_mdP,DAB_317,38.14004796,0.584066976,NA,NA,59.06546867,4.241366515,1416.023683,164.5530482
Dar16C_mdP,DAB_344,37.82280758,0.585505153,NA,NA,52.16869019,3.003959071,1257.274478,164.2292281
Dar16C_mdP,DAB_353,37.03257857,0.582885394,NA,NA,43.32640988,4.197063138,714.6270279,163.5123666
Dar16C_mdP,DAB_366,37.77210876,0.586478132,NA,NA,44.04555955,4.188420795,1214.779964,163.988194
Dar16C_mdP,DAB_374,37.33923962,0.585415591,NA,NA,50.0634909,2.984958939,1692.128301,163.6773974
Dar16C_mdP,DAB_380,38.06754887,0.823031508,NA,NA,51.42397614,4.202423502,773.9831303,163.7774442
Dar16C_mdP,DAB_384,38.45631152,0.581914588,NA,NA,49.58969863,2.978560984,1178.935831,163.7183933
Dar16C_mdP,DAB_396,37.01089848,0.582802127,NA,NA,45.54196801,2.97066977,1292.890702,163.2267488
Dar16C_mdP,DAB_398,39.89552398,0.823139052,NA,NA,47.39962342,2.979383104,1203.281784,163.9739984
Dar16C_mdP,DAB_402,38.4561085,0.584279098,NA,NA,53.87280352,4.201996678,1073.71861,163.5258566
Dar16C_mdP,DAB_441,37.82594928,0.58205244,NA,NA,44.15829295,2.980941399,1132.588253,163.5981765
Dar16C_mdP,DAB_489,37.83032619,0.587468309,NA,NA,50.83773038,2.992987454,1448.977937,163.851903
Dar16C_mdP,DAB_494,37.74650175,0.414737712,NA,NA,48.2062344,2.122301151,1284.811499,116.8972898
Dar16C_mdP,DAB_514,37.49346575,0.584002933,NA,NA,53.54737449,2.968717142,1448.843521,163.1441952
Dar16C_mdP,DAB_520,37.5337501,0.586182883,NA,NA,44.24516183,4.20225527,1380.163351,164.3596169
Dar16C_mdP,DAB_525,37.3712966,0.582953554,NA,NA,46.84742452,4.191312478,897.6580503,163.6292052
Dar16C_mdP,DAB_528,37.40609823,0.582116793,NA,NA,50.00610086,4.202981336,750.4817662,163.5152427
Dar16C_mdP,DAB_534,38.23966943,0.583879962,NA,NA,49.37973568,2.980724146,927.8712238,163.4195483
Dar16C_mdP,DAB_541,37.71912067,0.585061885,NA,NA,49.64060394,4.217266535,1065.502498,164.4571777
Dar16C_mdP,DAB_545,36.96947893,0.581727511,NA,NA,50.84306486,2.981919325,1148.593487,163.9369657
Dar16C_mdP,DAB_549,35.38235672,0.584916969,NA,NA,48.11917129,2.987887475,1240.603347,164.8631613
Dar16C_mdP,DAB_555,36.95909959,0.582347821,NA,NA,46.15145241,2.976476671,1089.048241,163.6832922
Dar16C_mdP,DAB_568,39.20556847,0.58571566,NA,NA,51.07576054,3.006811653,1273.384836,164.2178841
Dar16C_mdP,DAB_569,38.40442707,0.58238156,NA,NA,58.76923031,2.970681055,1351.786646,163.3007874
Dar16C_mdP,DAB_570,38.46852696,0.584278935,NA,NA,48.01178761,2.977319843,1349.800988,163.0967847
Dar16C_mdP,DAB_571,39.50524029,0.582354055,NA,NA,49.62356949,2.991028608,1342.334164,164.1147625
Dar16C_mdP,DAB_572,38.07123703,0.584558399,NA,NA,49.4422448,2.993828021,1088.186986,164.425747
Dar16C_mdP,DAB_573,38.96250405,0.58248762,NA,NA,54.93300876,2.968122618,1541.783975,163.2391297
Dar16C_mdP,DAB_574,40.24613121,0.586752557,NA,NA,19.91422327,4.262272542,691.4106649,164.8923792
Dar16C_mdP,DAB_575,39.93788404,0.583844404,NA,NA,45.26465836,4.187266813,1033.595187,164.4028913
Dar16C_mdP,DAB_576,39.95746254,0.581975053,NA,NA,52.51047779,2.973779819,1081.008566,163.8898851
Dar16C_mdP,DAB_577,37.53687087,0.588846998,NA,NA,55.52797996,3.044160616,1056.409834,167.4717785
Dar16C_mdP,DAB_578,38.74302513,0.58952876,NA,NA,48.95566392,4.187128871,810.5930207,165.558817
Dar16C_mdP,DAB_579,38.58374578,0.58296372,NA,NA,56.84838474,2.965852106,1301.498409,163.5846793
Dar16C_mdP,DAB_580,39.71343334,0.58600374,NA,NA,47.7244808,3.001432114,782.2581654,164.9940278
Dar16C_mdP,DAB_581,39.08592823,0.823159895,NA,NA,53.49638815,4.188538059,860.4175704,163.1887717
Dar16C_mdP,DAB_583,36.50015809,0.582605515,NA,NA,43.94191029,4.204256447,848.1708108,163.7043281
Dar16C_mdP,DAB_584,NA,NA,NA,NA,35.14587886,3.012938653,938.5352222,163.8553599
Dar16C_mdP,DAB_585,39.01536976,0.824414522,NA,NA,49.40490958,2.973846375,913.2639924,163.3085709
Dar16C_mdP,DAB_586,38.19587931,0.822900316,NA,NA,44.82874372,2.972022549,857.1694163,163.5892382
Dar16C_mdP,DAB_587,36.48123882,0.583208595,NA,NA,49.77821823,2.994138054,1364.262176,164.1741284
Dar16C_mdP,DAB_588,38.93906317,0.583271651,NA,NA,34.81794924,2.966594407,980.7081959,163.1257733
Dar16C_mdP,DAB_589,37.08773882,0.58713953,NA,NA,53.41415796,3.009626917,1340.363302,164.4610544
Dar16C_mdP,DAB_591,36.82573371,0.58560516,NA,NA,52.19679486,2.988047106,1519.39825,164.3405561
Dar16C_mdP,DAB_592,37.82547615,0.582893692,NA,NA,42.52820748,2.985166719,662.5252273,163.2353707
Dar16C_mdP,DAB_593,37.39399571,0.587758028,NA,NA,46.23841631,3.040299815,1490.764811,164.641353
Dar16C_mdP,DAB_594,38.03310583,0.582599505,NA,NA,46.93219688,4.20343477,1243.194527,163.5937804
Dar16C_mdP,DAB_596,37.14362599,0.583280348,NA,NA,53.28703958,2.980645315,1349.212414,163.68451
Dar16C_mdP,DAB_597,36.55896315,0.582474109,NA,NA,55.04075093,2.967919248,1310.994481,163.2425668
Dar16C_mdP,DAB_598,36.4252325,0.583201198,NA,NA,48.09508456,2.97946952,1294.822841,163.6984858
Dar16C_mdP,DAB_600,39.73326911,0.830929057,NA,NA,58.8212742,4.240620785,1152.939145,164.158122
Dar16C_mdP,DAB_602,37.9488381,0.583177939,NA,NA,49.10104473,4.192589508,596.1288598,163.5748543
Dar16C_mdP,DAB_603,40.05537016,0.582970894,NA,NA,51.35886026,2.979446907,1055.532601,163.4177729
Dar16C_mdP,DAB_604,37.41109236,0.583661968,NA,NA,52.18074313,2.971196198,1213.114848,162.952618
Dar16C_mdP,DAB_605,39.07356649,0.582868992,NA,NA,55.19919394,2.96995357,1239.047116,163.682988
Dar16C_mdP,DAB_606,39.50587082,0.583805838,NA,NA,38.77360891,2.988932449,1059.041999,163.8960638
Dar16C_mdP,DAB_607,39.37539114,0.582960214,NA,NA,47.30057615,4.233186096,842.1789057,163.5976738
Dar16C_mdP,DAB_609,38.13117349,0.581964834,NA,NA,42.10799161,2.968959919,854.6380181,163.0062888
Dar16C_mdP,DAB_610,NA,NA,NA,NA,41.10126225,2.983033553,572.0174672,163.284096
Dar16C_mdP,DAB_612,40.16957566,0.823728889,NA,NA,36.94212693,4.202672226,763.3120113,163.4112522
Dar16C_mdP,DAB_614,36.94586688,0.412614509,NA,NA,46.7040693,2.103823607,1020.135655,117.302123
Dar16C_mdP,DAB_615,36.98895725,0.582469488,NA,NA,48.01064184,2.971748459,1265.866073,163.42695
Dar16C_mdP,DAB_616,39.90347915,0.826591856,NA,NA,45.26817582,3.003123227,1533.611256,165.0098962
Dar16C_mdP,DAB_617,37.08648116,0.582730366,NA,NA,48.92858444,2.968717948,1269.453522,163.253688
Dar16C_mdP,DAB_619,38.14311729,0.582999091,NA,NA,51.45039051,2.965173627,1361.567251,163.2663796
Dar16C_mdP,DAB_621,38.07664494,0.583120942,NA,NA,51.86694433,2.973205124,1388.387816,163.354819
Dar16C_mdP,DAB_622,38.51817394,0.58644554,NA,NA,49.95578709,3.018779561,1459.488484,164.4518363
Dar16C_mdP,DAB_624,38.09301242,0.582412804,NA,NA,52.72698608,2.983469592,1446.574839,163.6255225
Dar16C_mdP,DAB_625,38.26791874,0.58504618,NA,NA,51.92692509,3.063923995,1233.689964,165.8051474
Dar16C_mdP,DAB_628,38.771891,0.584791661,NA,NA,52.09286372,2.985579007,1608.743396,163.654082
Dar16C_mdP,DAB_629,38.00327904,0.586686093,NA,NA,50.95116771,3.011428196,1296.829028,164.4076234
Dar16C_mdP,DAB_630,37.90497954,0.584462951,NA,NA,54.72552282,2.996389168,1434.339631,164.2352336
Dar16C_mdP,DAB_633,38.54786335,0.583917492,NA,NA,40.19805665,2.9852144,1087.51812,163.8834934
Dar16C_mdP,DAB_900,38.00149737,0.582483395,NA,NA,51.06614696,2.968101109,1342.66836,163.2088313
Dar16C_mdP,DAB_901,38.54444276,0.82962368,NA,NA,44.65865405,4.23881469,892.2557329,164.099759
Dar16C_mdP,DAB_902,38.18694102,0.822915488,NA,NA,48.36205354,4.19921869,864.8658618,165.1224709
Dar16C_mdP,DAB_903,37.21033239,0.583910506,NA,NA,52.8782916,2.980090055,1064.839457,163.4177194
Dar16C_mdP,DAB_904,37.59201117,0.585786605,NA,NA,43.17054695,4.233560119,1071.255229,164.0605178
Dar16C_mdP,DAB_905,38.4428992,0.586180259,NA,NA,35.28155742,4.189019651,713.8696684,164.3415226
Dar16C_mdP,DAB_906,38.02448823,0.585331544,NA,NA,49.95064281,2.986408222,1468.35415,163.9748621
Dar16C_mdP,DAB_909,38.12951572,0.825441456,NA,NA,45.23599784,4.208625245,898.4368255,167.1448855
Dar16C_mdP,DAB_910,NA,NA,NA,NA,48.74011743,4.198332697,775.9153693,163.4277125
Dar16C_mdP,DAB_912,38.54152275,0.582618308,NA,NA,48.37795439,4.189999173,1096.822731,163.8607182
Dar16C_mdP,DAB_913,36.98969129,0.585601365,NA,NA,33.18073936,2.995174002,934.6817117,164.1269786
Dar16C_mdP,DAB_914,37.32644599,0.582389326,NA,NA,53.98179353,2.970889699,1037.767829,163.4592285
Dar16C_mdP,DAB_915,38.93062584,0.582622246,NA,NA,53.35526896,2.963797035,973.2847741,163.5768435
Dar16C_mdP,DAB_916,37.13646962,0.585550609,NA,NA,45.14756641,4.27061892,936.4252858,163.7325515
Dar16C_mdP,DAB_917,37.46644981,0.585424351,NA,NA,33.10462292,4.188637759,605.7307211,163.535917
Dar16C_mdP,DAB_919,37.59870083,0.587843151,NA,NA,43.09828358,4.264532196,794.7246203,166.0278788
Dar16C_mdP,DAB_920,38.38971051,0.590009411,NA,NA,41.33678838,4.282151311,878.0951688,165.163548
Dar16C_mdP,DAB_921,37.53647984,0.584274957,NA,NA,44.81609101,4.214695826,806.0319099,163.3596044
Dar16C_mdP,DAB_923,37.42028822,0.585584846,NA,NA,42.30996146,4.232729162,939.7292053,163.9682039
Dar16C_mdP,DAB_924,38.59864049,0.582284473,NA,NA,50.59064338,2.977036685,1323.421833,163.9612764
Dar16C_mdP,DAB_925,37.29096296,0.582371642,NA,NA,52.60134754,2.965599572,1104.222469,163.8744223
Dar16C_mdP,DAB_926,37.48849381,0.583795033,NA,NA,51.57233698,4.189557587,942.94379,162.8080485
Dar16C_mdP,DAB_927,38.50286119,0.581437772,NA,NA,44.68876696,4.19359235,1033.057051,163.7631397
Dar16C_mdP,DAB_928,37.83467842,0.588363412,NA,NA,42.57551784,4.269023549,1354.234351,164.5854974
Dar16C_mdP,DAB_929,35.96263829,0.584593407,NA,NA,47.05883061,3.005951906,1389.263892,163.9317799
Dar16C_mdP,DAB_930,37.62108074,0.588365068,NA,NA,53.04597295,4.244247096,1136.491791,165.418487
Dar16C_mdP,DAB_932,37.11380416,0.413781791,NA,NA,51.06564975,2.436988942,888.0226918,116.8833562
Dar16C_mdP,DAB_933,37.73122257,0.584504684,NA,NA,51.76177182,2.995370789,1077.303013,163.6984958
Dar16C_mdP,DAB_934,37.94039198,0.583153155,NA,NA,43.84307494,2.969132054,890.4624603,163.3168821
Dar16C_mdP,DAB_936,36.97098834,0.581447628,NA,NA,41.36298106,2.975412202,871.6003446,163.7037032
Dar16C_mdP,DAB_937,36.04344414,0.582555995,NA,NA,50.70461589,2.972585091,943.569637,163.5275509
Dar16C_mdP,DAB_938,37.83236782,0.581346705,NA,NA,50.83772704,4.191280845,1087.72528,163.4299994
Dar16C_mdP,DAB_939,36.56419006,0.583635509,NA,NA,54.37837641,2.977268396,1254.226983,163.4118038
Dar16C_mdP,DAB_940,36.93665517,0.589001245,NA,NA,47.88093192,2.989954955,1243.676223,164.8336216
Dar16C_mdP,DAB_942,36.7078538,0.584279791,NA,NA,52.350476,2.994611168,1143.448656,163.8662412
Dar16C_mdP,DAD_036,39.58336103,0.581460166,NA,NA,41.21701049,4.194261408,495.0043135,163.1139716
Dar16C_mdP,DAN_001,38.04870451,0.582440384,NA,NA,47.13185565,2.972656638,937.7146757,163.5029707
Dar16C_mdP,DAN_002,37.40928523,0.588677787,NA,NA,62.52054491,4.235927442,932.9550277,167.2402907
Dar16C_mdP,DAN_003,38.38699252,0.58283564,NA,NA,49.70716727,2.975433447,652.6772718,163.7586022
Dar16C_mdP,DAN_004,37.90091665,0.582591692,NA,NA,60.82548973,2.964895467,1118.956676,163.2253515
Dar16C_mdP,DAN_005,39.3969892,0.823903689,NA,NA,62.18426551,4.209453951,1311.598838,163.5485198
Dar16C_mdP,DAN_006,36.54496101,0.582833395,NA,NA,54.20739397,2.973094054,921.8283896,163.7202414
Dar16C_mdP,DAN_007,37.77917121,0.587309916,NA,NA,45.59279072,4.259519122,734.9539708,163.9307431
Dar16C_mdP,DAN_008,38.05677307,0.582878001,NA,NA,43.86208569,2.971393663,767.1303806,163.2217648
Dar16C_mdP,DAN_009,39.33539056,0.590251731,NA,NA,45.70494659,4.275080734,1012.721642,164.3666244
Dar16C_mdP,DAN_010,38.53202953,0.589904483,NA,NA,50.92158576,3.019603059,1231.724736,164.2723737
Dar16C_mdP,DAN_011,38.6114081,0.582963744,NA,NA,53.92682623,2.969668009,1379.436941,163.4646007
Dar16C_mdP,DAN_012,38.51849297,0.58240139,NA,NA,50.72617505,2.972513196,1284.062715,163.7455992
Dar16C_mdP,DAN_013,36.99606043,0.582857357,NA,NA,22.33804186,4.204681471,502.059968,163.9322298
Dar16C_mdP,DAN_014,37.97608575,0.584984194,NA,NA,48.31287398,4.199427263,1004.297132,163.4974371
Dar16C_mdP,DAN_015,37.60838332,0.583391045,NA,NA,42.61790949,4.205229418,957.8168893,163.7149054
Dar16C_mdP,DAN_016,37.62808368,0.582695777,NA,NA,51.28226157,2.967360673,912.2358723,163.8224189
Dar16C_mdP,DAN_017,38.3322527,0.584324081,NA,NA,46.11834189,2.99244368,1142.199619,163.8864256
Dar16C_mdP,DAN_018,38.38208925,0.586704612,NA,NA,56.46723132,4.256359681,858.4061616,166.8424655
Dar16C_mdP,DAN_019,38.0513648,0.585364971,NA,NA,51.94456084,4.251973473,785.1144892,164.4180554
Dar16C_mdP,DAN_020,38.42475499,0.586900539,NA,NA,51.06374004,3.022004382,930.552197,165.2160672
Dar16C_mdP,DAN_021,38.4063311,0.581882397,NA,NA,43.92752582,4.223719467,780.8349994,163.3597876
Dar16C_mdP,DAN_022,38.52359013,0.58277425,NA,NA,54.59467032,2.967677071,1214.601586,163.4150147
Dar16C_mdP,DAN_023,38.93260883,0.582089432,NA,NA,47.40494929,2.977023435,997.096761,163.6532001
Dar16C_mdP,DAN_024,37.99611608,0.582648861,NA,NA,62.77683536,2.967216799,992.9861056,162.9332047
Dar16C_mdP,DAN_025,37.29092494,0.581917651,NA,NA,57.70723629,2.965244867,1215.595741,163.4664824
Dar16C_mdP,DAN_027,37.69308209,0.583037915,NA,NA,56.32564124,2.96821938,1281.950476,163.1768909
Dar16C_mdP,DAN_028,38.10296393,0.583754813,NA,NA,43.03459046,2.972714507,641.3137637,163.1429941
Dar16C_mdP,DAN_029,37.41033098,0.586004866,NA,NA,52.14257619,4.204386945,1759.960183,163.6011847
Dar16C_mdP,DAN_030,38.14608933,0.583487219,NA,NA,47.28853145,2.971090841,1590.872496,163.4589369
Dar16C_mdP,DAN_031,37.22876105,0.585310501,NA,NA,56.26956282,4.237940572,1180.281488,163.9975527
Dar16C_mdP,DAN_032,37.47207127,0.584101177,NA,NA,61.60555478,4.203886729,1246.787916,163.5061769
Dar16C_mdP,DAN_033,36.59754483,0.585600929,NA,NA,57.12951431,4.22689531,1500.929934,163.7427234
Dar16C_mdP,DAN_037,38.74665953,0.585117932,NA,NA,53.99081832,2.988275157,946.3131577,163.7481092
Dar16C_mdP,DAN_047,37.90078117,0.587862687,NA,NA,46.4750528,4.192624623,963.5705273,166.17964
Dar16C_mdP,DAN_054,37.52523485,0.582985018,NA,NA,50.06410288,4.199884792,1116.983399,163.2679805
Dar16C_mdP,DAN_059,37.99746867,0.583350332,NA,NA,47.06318143,4.213815466,905.052935,163.4164608
Dar16C_mdP,DAZ_004,38.51184437,0.582555674,NA,NA,46.23242511,2.967766078,1050.062445,163.2414376
Dar16C_mdP,DAZ_005,38.35515543,0.582758765,NA,NA,53.86031055,4.189941202,1180.332239,163.2308708
Dar16C_mdP,DIACOL_CALIMA,39.05211553,0.586211457,NA,NA,56.21646702,3.00665137,1194.86849,163.8565474
Dar16C_mdP,DOR_364,NA,NA,NA,NA,23.83450197,2.979606032,1380.976573,163.5678003
Dar16C_mdP,DOR_390,NA,NA,NA,NA,21.06343439,2.988420973,1682.160329,164.2305945
Dar16C_mdP,DRK_149,38.73224325,0.584710206,NA,NA,62.20639011,4.195077226,1509.422045,163.9515365
Dar16C_mdP,G19833,39.89150605,0.584395546,NA,NA,38.74944786,1.185601925,457.5012985,62.57782821
Dar16C_mdP,G4523,39.59529581,0.584594179,NA,NA,42.38576787,2.999654184,1397.244586,163.6176993
Dar16C_mdP,ICA_CALIMA,37.74854024,0.586443017,NA,NA,58.2189886,4.239847067,1156.125792,164.5845359
Dar16C_mdP,KAT_B1,37.53307391,0.583789524,NA,NA,48.94932016,2.979448156,1285.931932,163.9715084
Dar16C_mdP,KAT_B9,37.69023765,0.590987202,NA,NA,44.97056125,4.246663314,857.8859992,164.8341569
Dar16C_mdP,LPA_071,39.87039881,0.581738056,NA,NA,52.2820237,2.968711726,1134.276884,163.6273178
Dar16C_mdP,LPA_111,37.26025224,0.585366084,NA,NA,52.15046716,4.190757175,897.8909006,163.3270887
Dar16C_mdP,LPA_122,39.73055515,0.830296564,NA,NA,44.3417866,4.238280287,951.501402,164.3252195
Dar16C_mdP,LPA_146,39.86696204,0.583471839,NA,NA,49.58812008,2.993158294,1206.179783,164.8248759
Dar16C_mdP,LPA_164,38.89261973,0.582067508,NA,NA,55.78837762,4.187518518,900.4210928,163.3898368
Dar16C_mdP,LPA_406,39.52316011,0.586175189,NA,NA,45.83472224,4.224608034,888.9764799,163.9575727
Dar16C_mdP,LPA_426,38.56899561,0.584954175,NA,NA,46.40926371,2.993059571,1182.343219,164.9883287
Dar16C_mdP,LPA_435,37.25223813,0.584516979,NA,NA,46.70958706,4.196777642,1205.775236,163.9812053
Dar16C_mdP,LPA_467,38.866928,0.582530139,NA,NA,49.8564646,4.192613964,920.91461,163.6628266
Dar16C_mdP,LPA_499,39.40580301,0.5852802,NA,NA,44.19325612,4.202395838,1100.57529,164.0966873
Dar16C_mdP,LPA_512,39.36991808,0.828661071,NA,NA,54.73486804,2.993059613,1263.246101,163.8780429
Dar16C_mdP,LPA_530,36.99976506,0.58448542,NA,NA,44.24440178,4.193621729,1205.710686,163.5311129
Dar16C_mdP,LPA_546,37.93886589,0.581620763,NA,NA,54.17819632,2.970243411,910.9982632,163.5342599
Dar16C_mdP,LPA_566,39.90680399,0.585452823,NA,NA,57.66899042,4.227531237,969.8530125,164.3442175
Dar16C_mdP,LPA_568,37.46361154,0.582946957,NA,NA,44.26703528,4.199152683,824.1957775,163.731163
Dar16C_mdP,LPA_573,38.13529332,0.824155136,NA,NA,45.24296157,4.207419909,592.5534083,163.5312539
Dar16C_mdP,LPA_610,37.27235416,0.586369581,NA,NA,50.21146931,3.005655747,961.6883934,164.2660411
Dar16C_mdP,LPA_643,39.04729106,0.823064458,NA,NA,41.73840547,2.981700533,727.4601192,164.1803851
Dar16C_mdP,LPA_714,40.13609305,0.823348969,NA,NA,52.77709202,2.968963111,1098.58203,163.5757291
Dar16C_mdP,LPA_732,39.34529037,0.584592759,NA,NA,62.25889615,4.2280058,837.8534333,163.4890559
Dar16C_mdP,LPA_736,39.99145794,0.82249081,NA,NA,36.80788306,4.203776681,806.6811019,163.7562757
Dar16C_mdP,LPA_770,38.49456478,0.587158651,NA,NA,51.38982471,3.001058012,1107.647033,164.0376547
Dar16C_mdP,LPA_771,38.47132942,0.582852714,NA,NA,44.74417692,2.964797218,1234.303851,163.3461532
Dar16C_mdP,LPA_772,38.07471474,0.834581754,NA,NA,40.46766099,3.016448252,1039.047394,165.7571903
Dar16C_mdP,LPA_773,37.75493477,0.822933015,NA,NA,52.30487723,4.198462934,691.3833227,164.2442687
Dar16C_mdP,LPA_774,39.59183853,0.588354914,NA,NA,63.07953068,3.003544348,1585.389939,165.6547318
Dar16C_mdP,LPA_775,38.96681193,0.582151409,NA,NA,57.68990838,2.977576255,1440.716656,163.7094926
Dar16C_mdP,LPA_776,NA,NA,NA,NA,53.50421391,4.240888306,1020.876775,163.6028907
Dar16C_mdP,LPA_777,38.88621424,0.837346207,NA,NA,51.16027149,2.998518269,1042.151718,164.243278
Dar16C_mdP,LPA_778,38.10275719,0.583022532,NA,NA,58.3465294,4.239414099,1376.627369,231.1758283
Dar16C_mdP,LYAMUNGO_85,39.18207776,0.822855634,NA,NA,44.92228259,4.205125546,837.6804477,163.4342245
Dar16C_mdP,MAZ_021,37.58328588,0.583356072,NA,NA,49.932406,4.247248261,1153.189071,164.3439981
Dar16C_mdP,MAZ_032,39.72534074,0.584113883,NA,NA,50.27854979,2.981415682,1224.710852,163.6332968
Dar16C_mdP,MAZ_048,38.97263196,0.586426302,NA,NA,37.92716835,2.998165097,1071.738961,164.4302676
Dar16C_mdP,NATAL_SUGAR,38.9461604,0.826726017,NA,NA,39.64226213,4.189785629,732.2056774,163.6775514
Dar16C_mdP,NDZ_002,38.70742283,0.823579815,NA,NA,45.46993692,2.986172287,1009.77061,164.4726052
Dar16C_mdP,NDZ_008,36.93925564,0.582880735,NA,NA,42.33333124,4.198063744,865.0361873,163.444476
Dar16C_mdP,NDZ_012,38.06716259,0.583442459,NA,NA,50.18991928,2.982684607,1176.463999,163.4192574
Dar16C_mdP,NUA_035,38.48299606,0.584227794,NA,NA,51.62407195,2.993267563,683.4773643,164.6211883
Dar16C_mdP,NUA_184,NA,NA,NA,NA,49.79534819,3.002385011,1020.245487,164.5145972
Dar16C_mdP,NUA_230,NA,NA,NA,NA,51.17938417,4.253071404,820.4751183,163.9698303
Dar16C_mdP,NUA_291,40.02469018,0.822981163,NA,NA,51.35728081,4.23901361,1030.863188,163.8112934
Dar16C_mdP,NUA_365,37.84809962,0.582408267,NA,NA,51.07099457,2.971549957,1228.17105,163.5408491
Dar16C_mdP,NUA_368,NA,NA,NA,NA,55.07793859,4.240349954,940.6273363,164.5093619
Dar16C_mdP,NUA_398,NA,NA,NA,NA,31.07534336,4.261946113,521.8025769,163.9197164
Dar16C_mdP,NUA_430,38.03930629,0.582636804,NA,NA,51.83265771,4.192646991,880.2944003,163.3067118
Dar16C_mdP,NUA_520,38.111311,0.587665809,NA,NA,54.73171797,4.295156522,1007.188382,165.3546195
Dar16C_mdP,NUA_537,37.88888591,0.582773813,NA,NA,53.5393189,2.968455148,1345.849696,163.5115377
Dar16C_mdP,PVA_773,39.36646062,0.583555858,NA,NA,48.89845551,4.19010793,1061.792502,163.3837241
Dar16C_mdP,RAA_021,40.14803986,0.583867569,NA,NA,45.33671018,2.98401696,1244.559701,163.851256
Dar16C_mdP,RAA_030,39.7156623,0.823166681,NA,NA,49.21991348,2.971507355,978.5478393,164.0820681
Dar16C_mdP,RAA_034,38.01042573,0.823039981,NA,NA,49.26594469,2.454364917,1165.663366,116.7067284
Dar16C_mdP,RED_CANADIAN_WONDER,38.5212207,0.581914429,NA,NA,34.60015178,2.964850402,954.4116457,163.4334484
Dar16C_mdP,RMA_072,39.7526162,0.582565695,NA,NA,48.32396656,4.204405718,1023.966141,163.2672381
Dar16C_mdP,RMX_019,NA,NA,NA,NA,46.28897714,2.994829928,795.2572151,163.9736061
Dar16C_mdP,RMX_020,NA,NA,NA,NA,35.69217869,2.966293039,940.9123215,163.2228352
Dar16C_mdP,SAA_015,37.62669831,0.58582611,NA,NA,47.22418588,2.988063389,1076.263653,163.7330511
Dar16C_mdP,SAA_017,38.03875608,0.583730198,NA,NA,53.17990631,2.97714053,1185.56178,163.5882808
Dar16C_mdP,SAA_020,38.47535896,0.583034231,NA,NA,53.95566416,2.968983679,1815.270962,163.4219187
Dar16C_mdP,SAA_021,37.56324547,0.585202931,NA,NA,51.19619098,2.996985693,1210.043466,163.588975
Dar16C_mdP,SAB_259,38.50855769,0.585836504,NA,NA,39.72296641,2.989397347,790.1884891,164.6935845
Dar16C_mdP,SAB_516,38.24194236,0.584123859,NA,NA,63.04447814,4.227338945,1282.322385,163.5891935
Dar16C_mdP,SAB_560,37.81013387,0.414120434,NA,NA,46.21639806,2.124576991,1270.611672,116.6567384
Dar16C_mdP,SAB_568,37.80403283,0.582944205,NA,NA,53.01005207,2.968760218,1268.712487,163.3055061
Dar16C_mdP,SAB_576,37.90648837,0.582748848,NA,NA,45.61011972,2.970136304,779.9232894,164.0966498
Dar16C_mdP,SAB_626,38.45143021,0.583184234,NA,NA,47.53775654,4.213532537,975.9181237,163.6770462
Dar16C_mdP,SAB_659,38.5259506,0.413200771,NA,NA,53.47452274,2.976374605,975.0820157,116.7481157
Dar16C_mdP,SAB_686,38.0595299,0.583837487,NA,NA,46.78864934,2.42647094,883.0173216,116.5717758
Dar16C_mdP,SAB_711,38.46728925,0.584324884,NA,NA,41.46964611,4.244981603,898.864063,164.0749686
Dar16C_mdP,SAB_712,38.48840686,0.583244766,NA,NA,42.89369563,4.190943589,685.66569,163.6152317
Dar16C_mdP,SAP_001-16,38.43412965,0.587420303,NA,NA,49.29730381,3.038654629,1263.524157,165.5251158
Dar16C_mdP,SEF_060,37.353129,0.583390725,NA,NA,26.22271366,2.992838047,1359.599429,163.1917832
Dar16C_mdP,SEN_056,38.43790101,0.826591611,NA,NA,24.81621574,3.006261705,1552.415639,163.7665706
Dar16C_mdP,SEQ_1003,39.85148314,0.583251562,NA,NA,43.53256277,2.110721183,1090.571806,116.9899384
Dar16C_mdP,SEQ_1004,39.86960906,0.824661177,NA,NA,48.19414715,2.976926879,936.4154789,162.8165871
Dar16C_mdP,SEQ_1006,37.92444978,0.823195762,NA,NA,52.14965217,3.015650692,1301.120811,163.8728717
Dar16C_mdP,SEQ_1027,NA,NA,NA,NA,46.48112767,4.23066381,1284.005265,163.4099369
Dar16C_mdP,SER_118,NA,NA,NA,NA,27.94063416,2.968465946,1770.847692,163.2292321
Dar16C_mdP,SUG_131,NA,NA,NA,NA,55.51297844,2.967967025,1223.629163,163.5099547
Dar16C_mdP,SXB_412,39.19737351,0.588412972,NA,NA,23.43482368,1.106095217,1438.569734,63.93477653
Dar16C_mdP,TIO_CANELA_75,NA,NA,NA,NA,24.69433616,2.157894515,1514.398263,118.8443036
Pal13C_drt,ACC_001,35.36551882,0.616690142,65.64702819,0.825132333,NA,NA,830.5370953,162.1545612
Pal13C_drt,ACC_002,31.1135968,0.618656217,60.76401936,0.836866457,NA,NA,1580.485956,165.6554556
Pal13C_drt,ACC_003,31.7637677,0.61691533,63.87684125,0.824245272,NA,NA,1488.471552,163.0342909
Pal13C_drt,ACC_004,34.40127994,0.615919358,64.62012619,0.82473475,NA,NA,1346.704841,162.4335627
Pal13C_drt,ACC_005,32.25577806,0.618328446,62.58647373,0.83079961,NA,NA,1781.869029,164.5110409
Pal13C_drt,ACC_006,33.74122326,0.620830123,65.31256665,0.830062935,NA,NA,1123.208622,165.8006021
Pal13C_drt,ACC_007,32.4615343,0.616201157,64.26223859,0.824834191,NA,NA,1357.832056,161.6974108
Pal13C_drt,ACC_008,32.73999851,0.616115005,63.08591972,0.827062735,NA,NA,1581.835604,162.9064774
Pal13C_drt,ACC_009,35.05370212,0.617372056,65.96979553,0.82977949,NA,NA,1699.664911,162.7829391
Pal13C_drt,ACC_010,33.48341625,0.617212278,66.27304233,0.827970752,NA,NA,970.889775,164.3330966
Pal13C_drt,ACC_011,32.53087589,0.618735369,63.97586448,0.832828644,NA,NA,1454.619343,163.4782242
Pal13C_drt,ACC_012,33.19486218,0.62161077,65.52087997,0.831685969,NA,NA,1016.046464,163.0232872
Pal13C_drt,ACC_013,32.46023931,0.616037215,65.48922485,0.825106185,NA,NA,1340.423096,161.6919467
Pal13C_drt,ACC_014,34.81652554,0.617073394,64.60054432,0.826604413,NA,NA,1054.240142,165.5434926
Pal13C_drt,ACC_015,34.29665093,0.617931255,67.07426631,0.827859263,NA,NA,1350.403044,165.3270246
Pal13C_drt,ACC_016,33.7106528,0.621433798,65.27102249,0.833100195,NA,NA,1085.46245,163.4681224
Pal13C_drt,ACC_017,31.99304494,0.616336242,60.81046097,0.827691514,NA,NA,1274.038371,162.2022748
Pal13C_drt,ACC_018,33.32591706,0.621143162,61.67440903,0.836487864,NA,NA,1649.166076,166.0589209
Pal13C_drt,ACC_019,32.42610323,0.618925662,62.39986481,0.829172801,NA,NA,1358.706624,164.5363124
Pal13C_drt,ACC_020,33.53624569,0.622584462,65.86160101,0.834186772,NA,NA,1319.31283,165.1136837
Pal13C_drt,ACC_021,33.40721826,0.617650019,66.03447268,0.829125005,NA,NA,1225.635217,163.8082604
Pal13C_drt,ACC_022,34.29983861,0.616283079,61.23832128,0.827890786,NA,NA,1471.082506,162.8230277
Pal13C_drt,ACC_023,33.16787133,0.616433866,66.12560816,0.828748171,NA,NA,1120.806553,162.6429887
Pal13C_drt,ACC_024,32.4306905,0.617820807,63.50428348,0.825301755,NA,NA,1213.940199,162.7007627
Pal13C_drt,ACC_025,31.71786114,0.617550172,65.95028269,0.825355348,NA,NA,1012.79928,164.7297131
Pal13C_drt,ACC_026,32.71631005,0.619616702,64.74579768,0.828860985,NA,NA,1398.739225,163.3724338
Pal13C_drt,ACC_027,33.92010504,0.616480397,65.86704552,0.827559454,NA,NA,1171.194729,161.7876811
Pal13C_drt,ACC_028,32.80623772,0.621010212,62.96769984,0.831088189,NA,NA,1874.329398,167.7715056
Pal13C_drt,ACC_029,32.10413894,0.619744962,62.56826349,0.829372334,NA,NA,1581.610029,164.1547353
Pal13C_drt,ACC_030,34.48466014,0.616681667,66.4340909,0.826992989,NA,NA,1395.793318,163.436496
Pal13C_drt,ACC_031,31.98246111,0.618531171,64.84979547,0.832154976,NA,NA,1440.073891,164.8223255
Pal13C_drt,DAB_001,36.32012156,0.621949556,65.17638398,0.828250286,NA,NA,2033.459146,165.2835677
Pal13C_drt,DAB_049,35.85464874,0.623394071,65.54907704,0.839295767,NA,NA,1549.898078,164.5377781
Pal13C_drt,DAB_052,35.98327844,0.621668456,67.27999869,0.832539533,NA,NA,1633.054828,165.4036301
Pal13C_drt,DAB_053,33.84610645,0.616479399,63.39823189,0.828199418,NA,NA,1697.041948,163.5800393
Pal13C_drt,DAB_062,32.72802217,0.61562369,61.68161566,0.823726584,NA,NA,1807.979455,161.9883233
Pal13C_drt,DAB_064,32.65652218,0.617925608,65.51361932,0.831101436,NA,NA,1716.040011,164.4901144
Pal13C_drt,DAB_065,33.83856194,0.617889572,64.41133259,0.829880386,NA,NA,1781.736841,164.3255168
Pal13C_drt,DAB_066,35.09149271,0.619252057,66.04681878,0.83344622,NA,NA,1484.630568,164.2943535
Pal13C_drt,DAB_084,33.0716731,0.621660409,65.11744131,0.832922591,NA,NA,1773.58252,164.1546481
Pal13C_drt,DAB_090,33.57841576,0.617602982,62.87835635,0.826994176,NA,NA,1518.520998,164.6675145
Pal13C_drt,DAB_105,33.05970979,0.619487873,65.16796171,0.831995572,NA,NA,1903.860915,164.2456606
Pal13C_drt,DAB_106,34.66209515,0.616011987,63.09181144,0.825897426,NA,NA,1655.677838,161.9018635
Pal13C_drt,DAB_109,33.0707199,0.617326922,63.01149903,0.825984384,NA,NA,1619.738626,162.8328063
Pal13C_drt,DAB_150,33.20915695,0.616862447,63.751509,0.827760429,NA,NA,1637.271334,163.6117091
Pal13C_drt,DAB_158,35.05325036,0.618492562,65.93250416,0.830927694,NA,NA,1570.461025,163.4417484
Pal13C_drt,DAB_159,33.46115348,0.616901088,64.82944506,0.82831688,NA,NA,1061.321541,163.4390835
Pal13C_drt,DAB_187,32.44110648,0.618234873,61.98169328,0.828211611,NA,NA,1818.17307,166.1368844
Pal13C_drt,DAB_231,32.31009938,0.617938608,63.70427647,0.828718996,NA,NA,1714.003578,163.5131038
Pal13C_drt,DAB_233,32.27139287,0.616953642,62.65911163,0.826593189,NA,NA,1752.392208,162.4025819
Pal13C_drt,DAB_236,32.21697333,0.621563641,63.24047668,0.844928281,NA,NA,1791.119145,167.9350267
Pal13C_drt,DAB_244,31.56537714,0.616607952,64.82848645,0.831025789,NA,NA,1686.657475,163.4383146
Pal13C_drt,DAB_251,32.93636335,0.623206824,65.06712392,0.830157212,NA,NA,1620.89037,164.8964708
Pal13C_drt,DAB_252,32.64975945,0.619229616,64.99784338,0.831905726,NA,NA,1260.290176,166.786068
Pal13C_drt,DAB_256,31.50040671,0.618074386,61.53435502,0.827786901,NA,NA,1688.666087,165.2727293
Pal13C_drt,DAB_258,32.56712514,0.616556992,63.08960789,0.828463216,NA,NA,1571.109541,164.0488474
Pal13C_drt,DAB_267,32.62082682,0.618089238,63.85840491,0.83005528,NA,NA,1620.534664,165.5107554
Pal13C_drt,DAB_277,32.60286951,0.617778529,62.34882494,0.827499881,NA,NA,1670.001588,163.6801457
Pal13C_drt,DAB_295,31.87924804,0.619772091,62.69097905,0.833621058,NA,NA,2245.812483,166.2053781
Pal13C_drt,DAB_344,31.43321386,0.618255464,60.02821889,0.827561341,NA,NA,1442.564865,162.8023646
Pal13C_drt,DAB_353,31.8666228,0.618726683,62.53253558,0.829943325,NA,NA,1313.191871,162.6009574
Pal13C_drt,DAB_366,32.82841807,0.618020044,62.32241399,0.82902145,NA,NA,2004.233814,164.3236624
Pal13C_drt,DAB_374,31.25600006,0.615857532,62.8893085,0.826088835,NA,NA,1963.183382,162.4053835
Pal13C_drt,DAB_380,30.67746068,0.617500094,63.44429664,0.83283497,NA,NA,1661.570687,164.4408133
Pal13C_drt,DAB_384,34.00145865,0.618125213,62.77563938,0.829669648,NA,NA,1406.904401,165.725887
Pal13C_drt,DAB_396,32.89469143,0.615989745,61.03646173,0.827772384,NA,NA,1845.857159,163.9309371
Pal13C_drt,DAB_398,32.62181379,0.616306579,62.51356207,0.827397578,NA,NA,1565.385284,161.9918869
Pal13C_drt,DAB_402,32.95581694,0.616952134,62.04309204,0.829384462,NA,NA,1768.806465,163.9780284
Pal13C_drt,DAB_441,31.17715873,0.617411842,62.59960651,0.82596003,NA,NA,1949.793422,165.9757818
Pal13C_drt,DAB_489,32.1133583,0.61805332,62.19142294,0.82813138,NA,NA,1700.817055,163.4513312
Pal13C_drt,DAB_494,32.16573172,0.623027669,62.34695886,0.829490428,NA,NA,1632.307085,164.5206948
Pal13C_drt,DAB_514,32.06562054,0.618097456,59.40527407,0.826843819,NA,NA,1748.817933,163.5102141
Pal13C_drt,DAB_520,31.43370681,0.623622257,63.16861999,0.829286007,NA,NA,1238.377753,166.6637842
Pal13C_drt,DAB_525,30.64932942,0.624738511,61.06525914,0.833209655,NA,NA,1517.489123,167.5689081
Pal13C_drt,DAB_528,31.88832996,0.624594238,62.1686522,0.834875569,NA,NA,1820.213214,164.9664355
Pal13C_drt,DAB_534,31.59814433,0.61804377,61.71587005,0.827232387,NA,NA,1815.759268,163.8661839
Pal13C_drt,DAB_541,30.77024967,0.620345927,61.93042784,0.827337834,NA,NA,1720.131431,166.139568
Pal13C_drt,DAB_545,30.95654339,0.617772875,62.17525933,0.831044391,NA,NA,1475.303932,162.70524
Pal13C_drt,DAB_549,30.5130307,0.62036584,61.01774277,0.834244098,NA,NA,1814.305523,166.0854999
Pal13C_drt,DAB_555,30.99790515,0.622399744,62.50250321,0.841901403,NA,NA,2095.779586,167.3041167
Pal13C_drt,DAB_583,31.7473826,0.617917223,64.75494738,0.830867974,NA,NA,1093.701268,164.1880391
Pal13C_drt,DAB_587,31.60754036,0.619889372,62.32204985,0.828362493,NA,NA,1520.133896,163.6980578
Pal13C_drt,DAB_588,33.388999,0.615908627,65.5128406,0.828775038,NA,NA,1582.348615,162.7057362
Pal13C_drt,DAB_590,32.70398317,0.618848053,60.06356309,0.829266786,NA,NA,1213.074618,162.7890423
Pal13C_drt,DAB_592,33.10428361,0.616700777,63.01192288,0.827534383,NA,NA,1605.419116,163.6959666
Pal13C_drt,DAB_593,32.08977186,0.621186254,62.31364636,0.830069666,NA,NA,1746.88726,163.8869594
Pal13C_drt,DAB_594,32.46428657,0.615897445,63.97350843,0.826877886,NA,NA,1650.587903,162.0986604
Pal13C_drt,DAB_596,32.65370781,0.615754744,62.66519295,0.82723223,NA,NA,1374.980988,162.400686
Pal13C_drt,DAB_597,32.3522516,0.617357963,62.59647294,0.827111914,NA,NA,1840.38969,162.6370824
Pal13C_drt,DAB_598,31.49504185,0.6198904,62.43560472,0.837754252,NA,NA,1527.392632,165.3150356
Pal13C_drt,DAB_611,33.62559089,0.616248712,64.31613061,0.828310826,NA,NA,1247.910189,162.2736818
Pal13C_drt,DAB_612,32.56668908,0.620557766,63.29190303,0.834998358,NA,NA,670.0028823,165.6842469
Pal13C_drt,DAB_614,32.61885148,0.623599374,61.74833082,0.834277839,NA,NA,1426.135457,164.8935812
Pal13C_drt,DAB_615,31.69784974,0.619261162,63.01769652,0.831990896,NA,NA,1571.9508,165.2805517
Pal13C_drt,DAB_616,37.7827257,0.617413094,67.09102593,0.828123801,NA,NA,1453.750679,161.7564024
Pal13C_drt,DAB_617,31.58564358,0.619843705,58.7984392,0.830411232,NA,NA,1201.378324,163.8994624
Pal13C_drt,DAB_618,31.40164271,0.618384015,58.28874507,0.831866723,NA,NA,1439.188677,164.254993
Pal13C_drt,DAB_619,31.10154155,0.619280468,60.31572519,0.837864902,NA,NA,1243.950922,167.2829524
Pal13C_drt,DAB_621,31.91784693,0.618172423,62.87677708,0.831869073,NA,NA,1900.363425,164.3441804
Pal13C_drt,DAB_622,31.63525394,0.621439445,62.46272043,0.82996275,NA,NA,1826.51211,162.5926471
Pal13C_drt,DAB_623,33.10770312,0.618295915,61.6764884,0.826498201,NA,NA,1899.323844,162.6341315
Pal13C_drt,DAB_625,32.71845979,0.617926675,63.39555843,0.828427795,NA,NA,1906.574332,164.1922034
Pal13C_drt,DAB_626,31.92127676,0.615436233,61.52644542,0.824151236,NA,NA,1605.246176,163.0049701
Pal13C_drt,DAB_627,32.36249012,0.617282036,61.75145486,0.827056252,NA,NA,1522.014173,163.8029788
Pal13C_drt,DAB_628,32.23197285,0.617106769,61.35914734,0.824271775,NA,NA,1899.738347,162.8369749
Pal13C_drt,DAB_629,32.54313675,0.618122303,62.43587371,0.829722987,NA,NA,1805.528744,164.8922174
Pal13C_drt,DAB_635,31.40352725,0.617535592,64.57978719,0.828991581,NA,NA,1900.931638,163.8039176
Pal13C_drt,DAB_636,31.96908222,0.619204689,62.30471311,0.831394933,NA,NA,2044.242233,167.0224471
Pal13C_drt,DAB_637,36.1786468,0.75925914,65.84851296,0.828786923,NA,NA,1874.683898,164.0954562
Pal13C_drt,DAB_638,32.54017501,0.616540828,62.90101632,0.829176976,NA,NA,1790.779433,163.7664971
Pal13C_drt,DAB_639,33.04066237,0.616574933,63.44917784,0.825292973,NA,NA,1894.681248,162.4210946
Pal13C_drt,DAB_640,32.38727102,0.618824387,62.93836166,0.828340704,NA,NA,1907.49433,163.1125105
Pal13C_drt,DAB_641,32.61715999,0.621116721,61.69564248,0.833783054,NA,NA,1806.338044,166.0995558
Pal13C_drt,DAB_642,32.29890826,0.618146858,64.64658554,0.828610587,NA,NA,1864.97523,163.5899307
Pal13C_drt,DAB_643,34.58523784,0.616472506,62.13170422,0.827345106,NA,NA,1411.866733,169.7886355
Pal13C_drt,DAB_644,32.62250629,0.625951086,62.96307927,0.847043002,NA,NA,1708.733595,167.2071544
Pal13C_drt,DAB_645,32.77815318,0.617441679,62.9298964,0.82985508,NA,NA,1605.332785,163.6136682
Pal13C_drt,DAB_646,33.17001981,0.619389148,66.05275539,0.837015265,NA,NA,1509.199451,164.9216837
Pal13C_drt,DAB_647,31.89150095,0.61870388,62.89600736,0.827008921,NA,NA,1491.690618,164.3157373
Pal13C_drt,DAB_648,32.39234452,0.621202189,63.24968431,0.826408966,NA,NA,1722.772192,164.9618775
Pal13C_drt,DAB_649,31.58381704,0.623843337,63.16360774,0.838274345,NA,NA,1351.601117,165.1056528
Pal13C_drt,DAB_650,32.75184413,0.622934074,65.70074013,0.830782745,NA,NA,1624.778995,163.5100763
Pal13C_drt,DAB_651,32.00567202,0.617258923,64.22240533,0.829720957,NA,NA,1451.327979,163.5423304
Pal13C_drt,DAB_652,31.25238491,0.623578502,58.79905144,0.83155602,NA,NA,1633.885408,163.6295796
Pal13C_drt,DAB_653,33.16131701,0.616946823,64.49855375,0.827796336,NA,NA,1481.633515,163.6137067
Pal13C_drt,DAB_654,31.8516493,0.616388394,62.31582484,0.826872661,NA,NA,1633.626347,162.8937932
Pal13C_drt,DAB_655,32.7802539,0.621950284,62.39791687,0.836916441,NA,NA,1591.842828,164.5942945
Pal13C_drt,DAB_656,31.6127348,0.617081324,59.89384266,0.827420005,NA,NA,1404.732353,163.9812495
Pal13C_drt,DAB_657,33.93619953,0.621368477,61.60921959,0.830238128,NA,NA,1457.291315,166.4333358
Pal13C_drt,DAB_658,31.29432593,0.616385001,58.02373689,0.825487599,NA,NA,1248.16661,163.7250319
Pal13C_drt,DAB_659,32.89730855,0.623254281,64.06804696,0.836443097,NA,NA,1338.514755,167.2319662
Pal13C_drt,DAB_660,33.5388371,0.624586789,61.60386051,0.836689429,NA,NA,1513.089254,167.8724932
Pal13C_drt,DAB_661,32.46316263,0.617831069,61.51522269,0.836706681,NA,NA,1504.053073,165.3498593
Pal13C_drt,DAB_662,32.85315491,0.616489297,63.0500118,0.829587429,NA,NA,1447.530867,164.208397
Pal13C_drt,DAB_663,33.39796566,0.621327073,64.79616853,0.83405818,NA,NA,1331.120921,165.3195519
Pal13C_drt,DAB_664,32.87610356,0.619595843,65.87158476,0.82834122,NA,NA,1396.821811,165.7815461
Pal13C_drt,DAB_665,32.48989511,0.621661648,62.54116325,0.830135295,NA,NA,1383.442933,166.0248452
Pal13C_drt,DAB_666,34.99967879,0.617799919,64.02237427,0.831095914,NA,NA,1413.809842,163.5218036
Pal13C_drt,DAB_667,31.69351888,0.616329191,58.79141905,0.828185362,NA,NA,1275.195641,162.2479744
Pal13C_drt,DAB_668,33.82829785,0.617521193,65.53363947,0.826957724,NA,NA,1253.187427,164.7445893
Pal13C_drt,DAB_669,33.69084884,0.616692419,63.37745598,0.828621888,NA,NA,1263.691399,163.6428414
Pal13C_drt,DAB_670,33.46377907,0.620322979,61.21066826,0.82732305,NA,NA,1443.339407,165.0525061
Pal13C_drt,DAB_671,32.80635366,0.617246281,63.22467686,0.831353858,NA,NA,1404.961306,162.4761331
Pal13C_drt,DAB_672,35.85383769,0.619141246,62.7300595,0.827428123,NA,NA,995.4971395,164.1925607
Pal13C_drt,DAB_673,32.33349623,0.616708852,61.50612042,0.828951982,NA,NA,1250.088291,163.0150617
Pal13C_drt,DAB_674,36.26937628,0.617311957,67.45432829,0.829926793,NA,NA,1340.069263,164.5920114
Pal13C_drt,DAB_675,35.56636572,0.622736799,65.84892906,0.835359626,NA,NA,1298.308157,164.6832466
Pal13C_drt,DAB_676,32.4481888,0.623900266,61.49867767,0.833517077,NA,NA,1284.377749,166.5656307
Pal13C_drt,DAB_677,32.41241233,0.618468227,65.04492657,0.827816084,NA,NA,1105.505504,163.3268831
Pal13C_drt,DAB_678,35.29646476,0.61930631,65.37998693,0.830312929,NA,NA,1073.970354,163.5800905
Pal13C_drt,DAB_679,36.3977524,0.755039808,64.62258322,0.824217549,NA,NA,1198.471332,163.1280582
Pal13C_drt,DAB_680,33.16277946,0.620895836,64.10808953,0.829841207,NA,NA,1142.583971,164.6719663
Pal13C_drt,DAB_681,35.43950709,0.618428898,66.37899685,0.832197348,NA,NA,1140.327414,165.9193582
Pal13C_drt,DAB_682,33.02448915,0.623749396,65.36854373,0.840029703,NA,NA,1059.302509,165.6335308
Pal13C_drt,DAB_683,33.06071189,0.61823267,63.28263177,0.83506362,NA,NA,1029.810593,164.3629148
Pal13C_drt,DAB_684,33.99198323,0.616548494,65.42401722,0.829531622,NA,NA,941.3224493,161.9614953
Pal13C_drt,DAB_685,34.55046181,0.620098326,63.89035644,0.830930275,NA,NA,1085.470589,164.7460612
Pal13C_drt,DAB_686,31.02158372,0.616685913,61.15973388,0.826750579,NA,NA,907.290966,162.4928614
Pal13C_drt,DAB_687,37.02340291,0.620597896,67.43237564,0.831273122,NA,NA,1070.681105,164.2413116
Pal13C_drt,DAB_900,31.66031796,0.62815539,62.21313425,0.849087427,NA,NA,1581.149245,168.9622896
Pal13C_drt,DAB_901,30.19866397,0.619543762,61.03548251,0.832202806,NA,NA,1434.167014,168.7568843
Pal13C_drt,DAB_902,31.73159442,0.619724742,62.72243652,0.830067789,NA,NA,1709.334347,164.4823251
Pal13C_drt,DAB_903,31.06418724,0.624493809,61.59682263,0.834819349,NA,NA,2133.302023,166.2197822
Pal13C_drt,DAB_904,31.82222367,0.616117664,59.86396078,0.827914292,NA,NA,1983.687919,163.0538886
Pal13C_drt,DAB_905,32.30369377,0.616601081,62.80304857,0.828624311,NA,NA,1486.611282,162.8902691
Pal13C_drt,DAB_906,31.72089981,0.617265512,61.05912748,0.828461692,NA,NA,1719.664213,165.7520068
Pal13C_drt,DAB_907,32.37205949,0.616685025,63.43143205,0.829396157,NA,NA,1075.231644,162.9587493
Pal13C_drt,DAB_908,31.58243841,0.616399892,62.90716052,0.825913612,NA,NA,1706.264278,163.257276
Pal13C_drt,DAB_909,30.54341201,0.618298914,61.7698758,0.828690243,NA,NA,1826.678533,168.7599195
Pal13C_drt,DAB_910,32.76387093,0.619728759,63.32807908,0.831324125,NA,NA,1810.848468,164.7800222
Pal13C_drt,DAB_911,31.95395994,0.617598339,59.34870342,0.826501647,NA,NA,1332.101401,163.9051309
Pal13C_drt,DAB_912,32.63030832,0.61705352,64.12289421,0.826793511,NA,NA,1890.09627,163.3035359
Pal13C_drt,DAB_913,31.40679169,0.627911789,57.54714711,0.837208821,NA,NA,1301.007072,165.8082796
Pal13C_drt,DAB_914,30.98599996,0.617985319,62.22513751,0.827468757,NA,NA,1826.398561,163.6790682
Pal13C_drt,DAB_915,29.9524037,0.624072257,59.80059204,0.834551097,NA,NA,1685.112238,192.2933738
Pal13C_drt,DAB_916,31.56450734,0.622492687,61.42666805,0.831444404,NA,NA,1496.611239,163.5557399
Pal13C_drt,DAB_917,32.03165278,0.625565603,62.94786659,0.834184626,NA,NA,1559.101341,166.5900098
Pal13C_drt,DAB_918,30.23656457,0.618101621,58.82004966,0.828865738,NA,NA,1246.3744,165.2719135
Pal13C_drt,DAB_919,30.5811074,0.616852213,59.73906529,0.831828187,NA,NA,1565.344722,165.1909157
Pal13C_drt,DAB_920,30.96039975,0.615978389,60.10586558,0.826747917,NA,NA,1405.101436,162.1123554
Pal13C_drt,DAB_921,31.70224952,0.616993071,60.63256895,0.826679261,NA,NA,1734.545268,164.8170637
Pal13C_drt,DAB_922,30.49296998,0.620644801,60.19325203,0.834094641,NA,NA,1472.038748,165.7570987
Pal13C_drt,DAB_923,31.56619192,0.621672037,62.85812498,0.836381293,NA,NA,1584.756331,166.1306258
Pal13C_drt,DAB_924,34.14473879,0.619259908,63.56270364,0.827581266,NA,NA,1351.320751,168.5619611
Pal13C_drt,DAB_925,31.018291,0.621912343,58.62519647,0.829995461,NA,NA,1635.246157,163.1816258
Pal13C_drt,DAB_926,30.98954749,0.625469774,61.5286818,0.834943669,NA,NA,1379.373141,168.2421686
Pal13C_drt,DAB_927,32.37415332,0.622287113,61.45011746,0.840667279,NA,NA,1691.823184,167.3855511
Pal13C_drt,DAB_928,30.58267192,0.623430391,59.57908471,0.830218116,NA,NA,1339.589816,164.6861289
Pal13C_drt,DAB_929,30.41332575,0.618366532,60.67926134,0.828618417,NA,NA,1494.569,164.0978788
Pal13C_drt,DAB_930,30.5725192,0.622035717,61.17317477,0.830223187,NA,NA,1782.015493,163.3471403
Pal13C_drt,DAB_931,30.60775969,0.618083903,58.76164949,0.826460717,NA,NA,1447.966841,162.5743025
Pal13C_drt,DAB_932,29.87576989,0.620095408,59.57049619,0.832612619,NA,NA,1620.593495,164.9093707
Pal13C_drt,DAB_933,30.42974258,0.618086302,62.49175657,0.827394768,NA,NA,1435.95387,165.9601927
Pal13C_drt,DAB_934,31.07142136,0.617260193,59.22273554,0.829683962,NA,NA,1814.198231,163.009097
Pal13C_drt,DAB_935,30.91978762,0.616130219,59.10293345,0.828372462,NA,NA,1328.03189,162.0636598
Pal13C_drt,DAB_936,31.32839414,0.61750207,59.92679528,0.827451735,NA,NA,1432.20582,164.7365186
Pal13C_drt,DAB_937,30.96491988,0.620981265,59.08967159,0.835752211,NA,NA,1507.523952,165.22023
Pal13C_drt,DAB_938,31.88500768,0.617069323,59.58548332,0.824865579,NA,NA,1244.461901,162.9080279
Pal13C_drt,DAB_939,30.78652763,0.620718256,62.07700116,0.834252398,NA,NA,1536.709068,165.1230355
Pal13C_drt,LPA_404,36.29304028,0.616984814,64.27550075,0.829975284,NA,NA,637.4810627,162.6838549
Pal13C_drt,LPA_435,32.36400628,0.615741666,66.87006549,0.825264932,NA,NA,943.7785993,162.312073
Pal13C_drt,LPA_440,32.51173173,0.622670726,65.56113527,0.833545477,NA,NA,1082.998316,164.0412049
Pal13C_drt,LPA_467,33.46556635,0.627003729,63.5117408,0.845799832,NA,NA,1335.334635,167.3750765
Pal13C_drt,LPA_471,33.3577289,0.618288639,64.13271834,0.828452763,NA,NA,1508.730181,163.4585291
Pal13C_drt,LPA_499,33.70122721,0.61788645,64.73657199,0.829898173,NA,NA,1894.376304,165.0626368
Pal13C_drt,LPA_512,33.91892075,0.619473538,61.47008548,0.832746047,NA,NA,1880.204116,164.1560734
Pal13C_drt,LPA_530,30.8500055,0.617174195,60.2492084,0.826327312,NA,NA,1385.938981,163.8506473
Pal13C_drt,LPA_546,33.97791389,0.618499814,63.34850921,0.830778035,NA,NA,1167.574307,165.8018864
Pal13C_drt,LPA_551,35.77210569,0.621066776,65.49144207,0.831604034,NA,NA,857.6182478,165.0101449
Pal13C_drt,LPA_610,32.29078993,0.617328185,65.13375087,0.825835206,NA,NA,1863.827513,167.5385221
Pal13C_drt,LPA_643,33.10462042,0.620598429,64.34739648,0.830803476,NA,NA,951.138532,166.0404664
Pal13C_drt,LPA_687,33.52582618,0.61749298,65.1156506,0.829261356,NA,NA,1005.513379,164.6265984
Pal13C_drt,LPA_714,36.75131749,0.6191842,66.42169845,0.829625897,NA,NA,1034.35729,164.0531783
Pal13C_drt,LPA_732,32.67806323,0.623676728,63.60872478,0.838206571,NA,NA,1851.150617,166.0520996
Pal13C_drt,LPA_736,32.62778592,0.618790341,65.04261217,0.832209445,NA,NA,1599.633741,165.6463147
Pal13C_drt,LPA_760,33.29667951,0.624481584,63.71243625,0.832507589,NA,NA,1388.906142,164.4825686
Pal15C_drt,ACC_002,NA,NA,NA,NA,22.46131527,1.658029498,454.8665729,102.8804447
Pal15C_drt,ACC_003,NA,NA,NA,NA,24.71735911,1.642269683,449.8137919,101.2568145
Pal15C_drt,ACC_004,NA,NA,NA,NA,22.96817401,1.654367219,262.5120833,103.4054792
Pal15C_drt,ACC_005,NA,NA,NA,NA,27.00651066,1.658199714,681.0760913,102.8659134
Pal15C_drt,ACC_007,NA,NA,NA,NA,18.98422854,1.656572387,375.2679487,102.7758
Pal15C_drt,ACC_008,NA,NA,NA,NA,28.96610438,1.648957341,575.8876835,103.0470617
Pal15C_drt,ACC_009,NA,NA,NA,NA,17.97869582,1.654168259,310.3848722,103.23902
Pal15C_drt,ACC_010,NA,NA,NA,NA,20.55469437,1.64727345,379.3224443,105.4757111
Pal15C_drt,ACC_011,NA,NA,NA,NA,21.74914031,1.65068738,441.2710823,103.3122901
Pal15C_drt,ACC_012,NA,NA,NA,NA,23.02576198,1.657491444,251.4949365,103.7518302
Pal15C_drt,ACC_014,NA,NA,NA,NA,23.0642128,1.648000069,351.9030516,102.561403
Pal15C_drt,ACC_017,NA,NA,NA,NA,24.16989072,1.65399886,459.183617,103.5518766
Pal15C_drt,ACC_018,NA,NA,NA,NA,18.4190867,1.652778823,302.6455022,102.7862127
Pal15C_drt,ACC_022,NA,NA,NA,NA,17.55947197,1.655318508,402.3473089,103.1790455
Pal15C_drt,ACC_023,NA,NA,NA,NA,25.41588124,1.664296756,495.5333435,103.4144987
Pal15C_drt,ACC_024,NA,NA,NA,NA,24.04225218,1.662651156,556.6970254,103.1309166
Pal15C_drt,ACC_025,NA,NA,NA,NA,17.14173187,1.653472065,340.4107829,103.3564575
Pal15C_drt,ACC_026,NA,NA,NA,NA,23.83628635,1.687545528,421.0102854,104.3661998
Pal15C_drt,ACC_027,NA,NA,NA,NA,21.77631937,1.657337538,335.7646922,103.3218593
Pal15C_drt,ACC_028,NA,NA,NA,NA,19.74317403,1.655379568,400.7144294,103.6609812
Pal15C_drt,ACC_029,NA,NA,NA,NA,25.82107572,1.657584431,456.5610533,103.0550273
Pal15C_drt,ACC_030,NA,NA,NA,NA,23.42820824,1.640882283,308.5526639,102.2844487
Pal15C_drt,ACC_031,NA,NA,NA,NA,27.548288,1.682271564,410.6520329,103.3930281
Pal15C_drt,AFR_298,NA,NA,NA,NA,26.48056894,1.313799278,590.579277,89.42731711
Pal15C_drt,AFR_619,NA,NA,NA,NA,19.04255241,1.665421747,167.9196339,104.7218306
Pal15C_drt,AFR_722,NA,NA,NA,NA,24.69424871,1.656927652,278.5805002,103.1541658
Pal15C_drt,AFR_735,NA,NA,NA,NA,23.28120143,1.649473707,441.001601,103.0288372
Pal15C_drt,AMADEUS,NA,NA,NA,NA,14.62522721,1.663743802,777.9999155,104.7044314
Pal15C_drt,BRB_191,NA,NA,NA,NA,9.547941261,2.770679334,-15.10197338,154.9781073
Pal15C_drt,BRB_198,NA,NA,NA,NA,19.16332195,1.644122571,27.75416396,103.2264704
Pal15C_drt,BRB_215,NA,NA,NA,NA,18.19355753,1.6982806,270.9672669,104.6293891
Pal15C_drt,BRB_264,NA,NA,NA,NA,20.63031079,1.657168607,267.6857407,104.4134868
Pal15C_drt,CAL_096,NA,NA,NA,NA,24.44028987,1.235543121,442.1388396,85.84844847
Pal15C_drt,CAL_143,NA,NA,NA,NA,16.66159219,1.247666674,230.5244458,86.18869917
Pal15C_drt,CMB_004,NA,NA,NA,NA,17.95982601,1.660802557,395.4921648,104.3679747
Pal15C_drt,CMB_006,NA,NA,NA,NA,21.6221462,1.655966792,550.5702362,103.6952793
Pal15C_drt,CMB_010,NA,NA,NA,NA,27.57884824,1.653486727,243.2674756,103.4287571
Pal15C_drt,CMB_012,NA,NA,NA,NA,15.5261791,2.751032879,201.9642911,153.4539577
Pal15C_drt,CMB_014,NA,NA,NA,NA,15.39435481,1.654829057,81.08131649,102.1183962
Pal15C_drt,CMB_016,NA,NA,NA,NA,23.83199097,1.651464472,474.5753695,103.1371153
Pal15C_drt,CMB_018,NA,NA,NA,NA,37.18630599,2.768573817,435.6155055,156.9812471
Pal15C_drt,CMB_025,NA,NA,NA,NA,31.45077472,2.001822043,299.4224605,105.1992991
Pal15C_drt,CMB_036,NA,NA,NA,NA,24.90678875,1.993263491,344.9287775,118.5331666
Pal15C_drt,CMB_043,NA,NA,NA,NA,25.65024138,2.754628285,216.1042079,154.1177064
Pal15C_drt,CMB_045,NA,NA,NA,NA,29.73291637,1.994061886,320.466723,103.8295046
Pal15C_drt,CMB_050,NA,NA,NA,NA,20.55994133,1.665308316,139.8561814,103.3158388
Pal15C_drt,CMB_057,NA,NA,NA,NA,20.22631297,1.988373221,113.4293363,117.6259213
Pal15C_drt,CMB_073,NA,NA,NA,NA,16.76791546,1.642026355,306.333062,102.8163162
Pal15C_drt,CMB_080,NA,NA,NA,NA,19.43684397,1.64710801,426.8719214,101.9372141
Pal15C_drt,CMB_095,NA,NA,NA,NA,14.003446,1.655685978,95.29883495,102.9174991
Pal15C_drt,CMB_103,NA,NA,NA,NA,14.10937793,2.758343485,255.2753442,154.5865591
Pal15C_drt,CMB_105,NA,NA,NA,NA,18.07154147,1.668754778,260.0470712,105.4749981
Pal15C_drt,COS_016,NA,NA,NA,NA,18.0817272,1.663198606,316.1040793,104.2019687
Pal15C_drt,DAA_001,NA,NA,NA,NA,18.39885396,1.644961272,385.9970952,102.300447
Pal15C_drt,DAA_002,NA,NA,NA,NA,22.86382932,1.667170681,578.4292362,103.3944946
Pal15C_drt,DAA_003,NA,NA,NA,NA,21.36572898,1.661945854,632.9137327,103.2560889
Pal15C_drt,DAA_004,NA,NA,NA,NA,22.7561866,1.637904159,691.9619331,102.9370109
Pal15C_drt,DAA_005,NA,NA,NA,NA,21.7383158,1.655870624,466.4357116,103.2565774
Pal15C_drt,DAA_006,NA,NA,NA,NA,24.14790406,1.648161732,556.9509239,103.108585
Pal15C_drt,DAA_007,NA,NA,NA,NA,25.28349535,1.648975386,621.9595132,103.1349999
Pal15C_drt,DAA_008,NA,NA,NA,NA,24.78895088,1.654516727,579.1406942,103.7868813
Pal15C_drt,DAA_009,NA,NA,NA,NA,26.53884068,1.654677861,777.7522897,103.2487065
Pal15C_drt,DAA_010,NA,NA,NA,NA,22.34103478,1.656455701,478.1145855,103.2422645
Pal15C_drt,DAA_011,NA,NA,NA,NA,26.68275293,1.641470622,667.9258222,102.0986165
Pal15C_drt,DAA_012,NA,NA,NA,NA,27.44083359,1.650471138,288.4397208,103.0579304
Pal15C_drt,DAA_013,NA,NA,NA,NA,27.77852263,1.647474054,716.2098653,102.4654088
Pal15C_drt,DAA_014,NA,NA,NA,NA,32.05822092,1.646705565,600.7173818,102.7270233
Pal15C_drt,DAA_015,NA,NA,NA,NA,27.68181764,1.65417193,740.240067,103.0093248
Pal15C_drt,DAA_016,NA,NA,NA,NA,24.33624907,1.651610845,670.5335699,102.5827766
Pal15C_drt,DAA_018,NA,NA,NA,NA,25.62271153,1.649091031,658.8010096,102.9010416
Pal15C_drt,DAA_021,NA,NA,NA,NA,31.18195437,1.659954322,553.5711034,103.6920229
Pal15C_drt,DAA_024,NA,NA,NA,NA,27.18752403,1.657003907,816.6091313,104.744035
Pal15C_drt,DAA_027,NA,NA,NA,NA,23.27284935,1.993481272,416.5449016,121.1909559
Pal15C_drt,DAA_029,NA,NA,NA,NA,24.21353495,1.652737076,347.3556091,102.5614488
Pal15C_drt,DAA_041,NA,NA,NA,NA,25.43771158,1.652721307,667.6148055,103.650369
Pal15C_drt,DAA_044,NA,NA,NA,NA,25.92115453,1.637769938,709.3716854,102.9897631
Pal15C_drt,DAA_045,NA,NA,NA,NA,35.16410572,1.988957294,651.5941479,102.6858187
Pal15C_drt,DAA_049,NA,NA,NA,NA,23.36188028,1.657211173,611.5553619,103.2581139
Pal15C_drt,DAA_051,NA,NA,NA,NA,24.54937594,1.664172565,683.9373986,103.9655638
Pal15C_drt,DAA_052,NA,NA,NA,NA,28.65046162,2.011422729,630.5911929,118.6996155
Pal15C_drt,DAA_059,NA,NA,NA,NA,27.00846962,1.643952581,773.4743109,102.8968609
Pal15C_drt,DAA_060,NA,NA,NA,NA,24.72512073,1.644425758,599.9639251,102.057887
Pal15C_drt,DAA_062,NA,NA,NA,NA,26.28912254,1.653779941,494.70801,103.6636968
Pal15C_drt,DAA_065,NA,NA,NA,NA,24.02668423,1.67198065,664.2058526,106.0024173
Pal15C_drt,DAA_078,NA,NA,NA,NA,27.22564692,1.647122124,1038.014981,103.0638555
Pal15C_drt,DAA_081,NA,NA,NA,NA,23.00845375,1.669348115,466.9743937,104.9506775
Pal15C_drt,DAA_086,NA,NA,NA,NA,23.88249105,1.664598319,643.0943052,103.3991613
Pal15C_drt,DAA_091,NA,NA,NA,NA,23.94397923,1.655870705,715.968379,103.1967013
Pal15C_drt,DAA_094,NA,NA,NA,NA,29.17109355,1.652215139,746.6107871,102.9922566
Pal15C_drt,DAA_096,NA,NA,NA,NA,26.71722749,1.647223041,535.1689365,102.4093302
Pal15C_drt,DAA_098,NA,NA,NA,NA,26.70225459,1.654823158,829.4835982,102.7221653
Pal15C_drt,DAA_100,NA,NA,NA,NA,30.02934462,1.636617198,568.0525957,102.7499098
Pal15C_drt,DAA_111,NA,NA,NA,NA,19.89394499,1.995472111,291.971898,119.3319588
Pal15C_drt,DAA_112,NA,NA,NA,NA,24.81246174,1.64908822,339.1825788,102.894067
Pal15C_drt,DAA_113,NA,NA,NA,NA,25.70462144,1.654775746,308.7314655,103.1506892
Pal15C_drt,DAA_114,NA,NA,NA,NA,24.66087688,1.648537533,296.526678,102.3646756
Pal15C_drt,DAA_115,NA,NA,NA,NA,18.18751783,1.653191424,302.9136102,102.893905
Pal15C_drt,DAA_116,NA,NA,NA,NA,19.60734793,1.645715367,391.0865402,103.8185299
Pal15C_drt,DAA_117,NA,NA,NA,NA,19.13538983,1.65648497,169.2110668,103.0446577
Pal15C_drt,DAA_118,NA,NA,NA,NA,27.24394001,1.656285886,433.0826034,104.3525461
Pal15C_drt,DAA_119,NA,NA,NA,NA,21.15894516,1.65181874,388.6121383,103.3374604
Pal15C_drt,DAA_120,NA,NA,NA,NA,21.96538802,1.64355036,443.0854609,102.7451642
Pal15C_drt,DAA_121,NA,NA,NA,NA,22.54947241,1.654374076,389.3391954,103.7948274
Pal15C_drt,DAA_122,NA,NA,NA,NA,28.12783483,1.660561813,738.1469215,104.1339713
Pal15C_drt,DAA_123,NA,NA,NA,NA,21.815102,1.653758624,395.6800657,103.1855951
Pal15C_drt,DAA_124,NA,NA,NA,NA,26.01607325,1.650890989,338.6240051,102.8326336
Pal15C_drt,DAA_125,NA,NA,NA,NA,24.45282391,1.988826086,355.5323189,103.78865
Pal15C_drt,DAA_126,NA,NA,NA,NA,24.87063426,1.653800444,616.5392238,102.2639332
Pal15C_drt,DAA_142,NA,NA,NA,NA,25.74591446,1.660233308,516.2354387,102.9129476
Pal15C_drt,DAA_145,NA,NA,NA,NA,24.90579515,1.646930654,685.207493,101.9557976
Pal15C_drt,DAA_148,NA,NA,NA,NA,28.5303387,1.648626013,662.8221508,102.598614
Pal15C_drt,DAA_151,NA,NA,NA,NA,24.44420711,1.667032929,365.1942096,104.0281859
Pal15C_drt,DAA_153,NA,NA,NA,NA,20.33722141,1.666895764,512.765054,103.186985
Pal15C_drt,DAA_154,NA,NA,NA,NA,22.38707911,1.654962719,498.0787554,104.2343224
Pal15C_drt,DAA_155,NA,NA,NA,NA,24.9945542,1.663749234,597.8288135,103.4338764
Pal15C_drt,DAA_159,NA,NA,NA,NA,26.37374829,1.648158824,529.3536088,103.0610217
Pal15C_drt,DAA_164,NA,NA,NA,NA,26.64667022,1.665309086,333.9969425,103.384474
Pal15C_drt,DAA_166,NA,NA,NA,NA,31.62022856,1.657092891,400.3617552,102.4300058
Pal15C_drt,DAA_173,NA,NA,NA,NA,23.56515289,1.643646374,432.2781963,102.7145519
Pal15C_drt,DAA_175,NA,NA,NA,NA,21.79078072,1.655824078,582.4061207,103.7705081
Pal15C_drt,DAB_049,NA,NA,NA,NA,18.06459835,1.646214695,1000.137767,103.9614985
Pal15C_drt,DAB_052,NA,NA,NA,NA,16.8240501,1.657875401,626.9038533,104.1460758
Pal15C_drt,DAB_053,NA,NA,NA,NA,26.9253059,1.631020959,537.0625866,102.3767759
Pal15C_drt,DAB_062,NA,NA,NA,NA,21.13612927,1.657310325,571.7806096,103.6472733
Pal15C_drt,DAB_064,NA,NA,NA,NA,21.92712205,1.658535808,343.9422389,103.5343495
Pal15C_drt,DAB_065,NA,NA,NA,NA,24.835945,1.633108491,416.9798783,102.5847448
Pal15C_drt,DAB_066,NA,NA,NA,NA,23.77277631,1.642895346,423.4112966,102.6456393
Pal15C_drt,DAB_084,NA,NA,NA,NA,19.75401807,1.649660866,510.1374639,102.7967213
Pal15C_drt,DAB_090,NA,NA,NA,NA,16.94067533,1.674213041,198.9763989,103.8525904
Pal15C_drt,DAB_105,NA,NA,NA,NA,21.79459946,1.653641358,687.4495774,103.1960536
Pal15C_drt,DAB_106,NA,NA,NA,NA,20.89615499,1.652318351,556.0358073,103.1428206
Pal15C_drt,DAB_109,NA,NA,NA,NA,22.2895303,1.643656022,465.5466168,103.1613816
Pal15C_drt,DAB_150,NA,NA,NA,NA,20.33177885,1.65131353,410.9498504,102.5603414
Pal15C_drt,DAB_187,NA,NA,NA,NA,16.22749456,1.649745633,487.3841169,103.7501731
Pal15C_drt,DAB_231,NA,NA,NA,NA,23.36963649,1.659905772,636.8871056,103.09238
Pal15C_drt,DAB_233,NA,NA,NA,NA,25.45705662,1.650722526,710.5098309,103.0729902
Pal15C_drt,DAB_236,NA,NA,NA,NA,26.58484071,1.654674516,666.7506559,103.1025899
Pal15C_drt,DAB_244,NA,NA,NA,NA,25.83434218,1.643790165,691.5105127,101.5636944
Pal15C_drt,DAB_251,NA,NA,NA,NA,23.02028372,1.230105869,593.4657026,85.19374091
Pal15C_drt,DAB_252,NA,NA,NA,NA,27.30404052,1.99561557,363.0882671,104.9752011
Pal15C_drt,DAB_256,NA,NA,NA,NA,26.27194407,1.648657698,629.0697785,103.0159374
Pal15C_drt,DAB_258,NA,NA,NA,NA,20.63470956,1.646701983,575.1877691,102.31958
Pal15C_drt,DAB_267,NA,NA,NA,NA,25.77240539,1.652208071,599.7214611,102.1678169
Pal15C_drt,DAB_277,NA,NA,NA,NA,27.53951168,1.65096578,954.3739767,104.6062602
Pal15C_drt,DAB_295,NA,NA,NA,NA,25.52724625,1.218314033,662.3233467,86.1678062
Pal15C_drt,DAB_302,NA,NA,NA,NA,27.55497931,1.650134894,726.959331,103.3075709
Pal15C_drt,DAB_317,NA,NA,NA,NA,23.47533733,1.654794327,786.2174231,103.1995578
Pal15C_drt,DAB_344,NA,NA,NA,NA,21.43596712,1.64245869,503.3617959,103.796368
Pal15C_drt,DAB_353,NA,NA,NA,NA,17.53344803,1.661901127,353.9040009,104.0128332
Pal15C_drt,DAB_366,NA,NA,NA,NA,21.42110897,1.655575374,522.0255752,102.8624287
Pal15C_drt,DAB_374,NA,NA,NA,NA,23.72516854,1.65630429,749.7360903,103.1299262
Pal15C_drt,DAB_380,NA,NA,NA,NA,27.42620859,1.653370751,745.4105342,103.3762387
Pal15C_drt,DAB_384,NA,NA,NA,NA,20.85412348,1.651139506,484.2238882,103.3491058
Pal15C_drt,DAB_396,NA,NA,NA,NA,22.38051928,1.655918364,804.9223374,102.6779222
Pal15C_drt,DAB_398,NA,NA,NA,NA,22.89914835,1.649712992,634.1189826,102.0307633
Pal15C_drt,DAB_402,NA,NA,NA,NA,28.43140505,1.655181035,596.323366,103.54746
Pal15C_drt,DAB_441,NA,NA,NA,NA,25.64782734,1.642041201,679.8070976,102.2267947
Pal15C_drt,DAB_489,NA,NA,NA,NA,21.76512487,1.642906617,708.579933,102.3931769
Pal15C_drt,DAB_494,NA,NA,NA,NA,25.80627291,1.322496593,735.3312569,85.37857494
Pal15C_drt,DAB_514,NA,NA,NA,NA,27.04949609,1.649019729,590.5437671,103.0572773
Pal15C_drt,DAB_520,NA,NA,NA,NA,23.18242019,1.666343329,661.9534915,104.0556152
Pal15C_drt,DAB_525,NA,NA,NA,NA,25.64854685,1.661845316,566.0145587,103.4465497
Pal15C_drt,DAB_528,NA,NA,NA,NA,23.42954316,1.653809251,576.9243094,103.5271053
Pal15C_drt,DAB_534,NA,NA,NA,NA,24.09586896,1.653447157,719.6535247,103.3576508
Pal15C_drt,DAB_541,NA,NA,NA,NA,24.28175262,1.653597337,758.0771765,104.8355335
Pal15C_drt,DAB_545,NA,NA,NA,NA,23.7301079,1.658122455,668.7929476,104.1352926
Pal15C_drt,DAB_549,NA,NA,NA,NA,25.09606107,1.654509245,723.4430332,102.9832673
Pal15C_drt,DAB_555,NA,NA,NA,NA,20.18586091,1.651138572,739.6539902,103.3240907
Pal15C_drt,DAB_568,NA,NA,NA,NA,25.75049207,1.657173635,763.2335282,103.4367924
Pal15C_drt,DAB_569,NA,NA,NA,NA,24.62990293,1.66250964,570.0875278,102.7743656
Pal15C_drt,DAB_570,NA,NA,NA,NA,30.2387066,1.655903197,383.5370837,103.1329733
Pal15C_drt,DAB_571,NA,NA,NA,NA,22.57739001,1.638907958,477.9423221,102.8358745
Pal15C_drt,DAB_572,NA,NA,NA,NA,22.28588491,1.984721534,283.3185489,102.5214127
Pal15C_drt,DAB_573,NA,NA,NA,NA,20.92547964,1.645837283,568.6839263,102.8487921
Pal15C_drt,DAB_574,NA,NA,NA,NA,22.85802657,1.667909245,494.0958367,103.4896816
Pal15C_drt,DAB_575,NA,NA,NA,NA,15.37063904,1.656099414,176.263187,102.8794027
Pal15C_drt,DAB_576,NA,NA,NA,NA,29.78946357,1.653716295,558.6740994,102.5372933
Pal15C_drt,DAB_577,NA,NA,NA,NA,31.82044333,1.65265327,626.2286637,103.6397975
Pal15C_drt,DAB_578,NA,NA,NA,NA,19.85626554,1.667771165,416.6930032,103.6936861
Pal15C_drt,DAB_579,NA,NA,NA,NA,24.03519055,1.661643833,459.9801887,102.8550068
Pal15C_drt,DAB_580,NA,NA,NA,NA,21.49006063,1.644658824,397.2653869,102.3237412
Pal15C_drt,DAB_581,NA,NA,NA,NA,20.78812934,1.671828926,522.2857956,103.1909938
Pal15C_drt,DAB_583,NA,NA,NA,NA,23.37486645,1.65908555,446.7811746,103.4366587
Pal15C_drt,DAB_584,NA,NA,NA,NA,20.85086542,1.635275248,380.7393801,102.0657641
Pal15C_drt,DAB_585,NA,NA,NA,NA,20.37180566,1.662422034,352.6060728,102.5174453
Pal15C_drt,DAB_586,NA,NA,NA,NA,20.33278944,1.649738909,498.6427304,102.422099
Pal15C_drt,DAB_587,NA,NA,NA,NA,20.85352333,1.660824406,617.3991163,103.4382691
Pal15C_drt,DAB_588,NA,NA,NA,NA,17.59201135,1.668044028,451.8716414,102.7940211
Pal15C_drt,DAB_589,NA,NA,NA,NA,19.57869559,1.669469055,439.5338276,103.5076218
Pal15C_drt,DAB_591,NA,NA,NA,NA,23.68024024,1.657805189,701.1103145,103.1088924
Pal15C_drt,DAB_592,NA,NA,NA,NA,21.79432694,1.654812242,550.2169081,102.7804346
Pal15C_drt,DAB_593,NA,NA,NA,NA,20.27776692,1.639250466,540.6279473,103.2804854
Pal15C_drt,DAB_594,NA,NA,NA,NA,24.7942287,1.664225672,821.0315461,103.0870475
Pal15C_drt,DAB_596,NA,NA,NA,NA,24.02646116,1.65370881,704.0470599,103.6099271
Pal15C_drt,DAB_597,NA,NA,NA,NA,25.27083353,1.66679386,728.8802366,104.1833104
Pal15C_drt,DAB_598,NA,NA,NA,NA,26.72978856,1.659721139,837.926748,103.4987406
Pal15C_drt,DAB_600,NA,NA,NA,NA,24.96991936,1.983665959,425.5216246,117.569274
Pal15C_drt,DAB_602,NA,NA,NA,NA,23.50419484,1.652925065,326.5576654,103.7748499
Pal15C_drt,DAB_603,NA,NA,NA,NA,16.71089632,1.656549612,273.1979047,103.5204738
Pal15C_drt,DAB_604,NA,NA,NA,NA,23.12896892,1.649952897,426.2610944,102.8415588
Pal15C_drt,DAB_605,NA,NA,NA,NA,24.21092766,1.663393497,379.0387434,103.5251776
Pal15C_drt,DAB_606,NA,NA,NA,NA,17.10823636,1.655587523,177.046544,102.906668
Pal15C_drt,DAB_607,NA,NA,NA,NA,23.38516215,1.658780613,313.5791456,103.2566886
Pal15C_drt,DAB_609,NA,NA,NA,NA,19.56090253,1.658144248,321.5330357,103.2276901
Pal15C_drt,DAB_610,NA,NA,NA,NA,23.18795867,1.985020823,224.559229,118.3466676
Pal15C_drt,DAB_612,NA,NA,NA,NA,24.38811133,1.665830706,434.5833332,103.3300324
Pal15C_drt,DAB_614,NA,NA,NA,NA,23.65944826,1.337240802,705.9671478,89.81467247
Pal15C_drt,DAB_615,NA,NA,NA,NA,23.36883565,1.664052994,666.2472421,103.6556964
Pal15C_drt,DAB_616,NA,NA,NA,NA,19.95859231,1.645176246,497.6876734,102.8976986
Pal15C_drt,DAB_617,NA,NA,NA,NA,21.37909124,1.665258766,645.3583658,105.053567
Pal15C_drt,DAB_619,NA,NA,NA,NA,22.19225124,1.655135417,517.2362496,104.0801608
Pal15C_drt,DAB_621,NA,NA,NA,NA,24.83558618,1.648408193,728.119693,103.0198423
Pal15C_drt,DAB_622,NA,NA,NA,NA,26.5252324,1.661314647,570.047067,104.5888341
Pal15C_drt,DAB_624,NA,NA,NA,NA,23.32462498,1.653490052,567.836314,103.4190804
Pal15C_drt,DAB_625,NA,NA,NA,NA,25.03340682,1.631434802,570.9519922,102.5960411
Pal15C_drt,DAB_628,NA,NA,NA,NA,27.8987834,1.647460997,817.1699886,102.8556799
Pal15C_drt,DAB_629,NA,NA,NA,NA,23.58262815,1.660205437,520.6462359,104.0826661
Pal15C_drt,DAB_630,NA,NA,NA,NA,23.66702477,1.64496628,691.6258873,103.2004404
Pal15C_drt,DAB_633,NA,NA,NA,NA,20.67815515,1.645347954,344.2030779,102.8217945
Pal15C_drt,DAB_900,NA,NA,NA,NA,20.9803797,1.65367606,762.1107959,103.3226915
Pal15C_drt,DAB_901,NA,NA,NA,NA,19.69773425,1.65433598,493.2561483,102.9379393
Pal15C_drt,DAB_902,NA,NA,NA,NA,22.82831682,1.651776318,456.6531637,102.7568222
Pal15C_drt,DAB_903,NA,NA,NA,NA,23.95735951,1.652364696,614.7015109,103.2088217
Pal15C_drt,DAB_904,NA,NA,NA,NA,21.90413856,1.652822774,801.1338517,103.210132
Pal15C_drt,DAB_905,NA,NA,NA,NA,20.65321999,1.643984569,600.03678,103.0261897
Pal15C_drt,DAB_906,NA,NA,NA,NA,24.10236483,1.658482341,836.0694015,103.5351461
Pal15C_drt,DAB_909,NA,NA,NA,NA,20.21483057,1.651836906,630.272084,102.9235162
Pal15C_drt,DAB_910,NA,NA,NA,NA,25.09087446,1.659784636,911.418977,103.8364903
Pal15C_drt,DAB_912,NA,NA,NA,NA,26.52933486,1.637067185,604.5166778,102.9357632
Pal15C_drt,DAB_913,NA,NA,NA,NA,17.56313898,1.661399436,406.0400703,103.0997156
Pal15C_drt,DAB_914,NA,NA,NA,NA,20.92139651,1.654363677,550.7089689,102.4901918
Pal15C_drt,DAB_915,NA,NA,NA,NA,19.50284747,1.662209133,565.9566485,103.0279588
Pal15C_drt,DAB_916,NA,NA,NA,NA,23.46448989,1.647060665,515.1176846,102.8085363
Pal15C_drt,DAB_917,NA,NA,NA,NA,28.44665838,1.644636697,659.6920729,102.9445675
Pal15C_drt,DAB_919,NA,NA,NA,NA,21.487617,1.654264811,581.3615692,117.1373299
Pal15C_drt,DAB_920,NA,NA,NA,NA,21.5080627,1.660171978,604.2790218,103.4879409
Pal15C_drt,DAB_921,NA,NA,NA,NA,19.57843465,1.651273135,498.2308739,102.5961803
Pal15C_drt,DAB_923,NA,NA,NA,NA,21.5994241,1.648064636,616.0262498,102.8901741
Pal15C_drt,DAB_924,NA,NA,NA,NA,15.37652871,1.978600609,442.2495398,103.6129949
Pal15C_drt,DAB_925,NA,NA,NA,NA,25.7136559,1.672084113,662.1114784,103.9422281
Pal15C_drt,DAB_926,NA,NA,NA,NA,21.83380615,1.66276231,513.6150268,103.3820335
Pal15C_drt,DAB_927,NA,NA,NA,NA,16.38041175,1.654096351,382.4539487,103.6901046
Pal15C_drt,DAB_928,NA,NA,NA,NA,19.9646722,1.647233639,442.492125,103.9685931
Pal15C_drt,DAB_929,NA,NA,NA,NA,27.25593524,1.677108446,698.3403152,104.044862
Pal15C_drt,DAB_930,NA,NA,NA,NA,24.51830614,1.65171267,791.1598382,102.771899
Pal15C_drt,DAB_932,NA,NA,NA,NA,26.88390962,1.317384118,592.0034272,88.77108703
Pal15C_drt,DAB_933,NA,NA,NA,NA,23.9303734,1.658156276,620.7665673,103.0418889
Pal15C_drt,DAB_934,NA,NA,NA,NA,16.67696118,1.993537696,390.343881,118.3625541
Pal15C_drt,DAB_936,NA,NA,NA,NA,21.57047417,1.652186159,449.7854768,104.0363885
Pal15C_drt,DAB_937,NA,NA,NA,NA,22.95325896,1.655121531,563.9944445,102.8567069
Pal15C_drt,DAB_938,NA,NA,NA,NA,16.91119138,1.656394763,318.9210416,102.6771774
Pal15C_drt,DAB_939,NA,NA,NA,NA,25.06052836,1.653371291,588.3939856,103.6193341
Pal15C_drt,DAB_940,NA,NA,NA,NA,20.69493496,1.64872568,868.9558555,103.1242922
Pal15C_drt,DAB_942,NA,NA,NA,NA,23.81479172,1.648840404,562.2515839,102.7566599
Pal15C_drt,DAD_036,NA,NA,NA,NA,18.42360558,1.658794098,201.4878847,103.4969701
Pal15C_drt,DAN_001,NA,NA,NA,NA,22.07192945,1.648178571,653.8967153,102.6126847
Pal15C_drt,DAN_002,NA,NA,NA,NA,24.21407202,1.643146775,690.0625847,102.5495146
Pal15C_drt,DAN_003,NA,NA,NA,NA,21.77304371,1.654386926,483.6521926,105.9100355
Pal15C_drt,DAN_004,NA,NA,NA,NA,23.86431455,1.652359808,393.9776627,102.6960869
Pal15C_drt,DAN_005,NA,NA,NA,NA,19.80470193,1.657067131,289.0133883,103.367971
Pal15C_drt,DAN_006,NA,NA,NA,NA,21.80377879,1.658065584,583.3419279,103.4588292
Pal15C_drt,DAN_007,NA,NA,NA,NA,24.61180477,1.643572693,571.283173,102.1982375
Pal15C_drt,DAN_008,NA,NA,NA,NA,21.32260446,1.655500467,480.4533671,103.2844651
Pal15C_drt,DAN_009,NA,NA,NA,NA,20.00233407,1.649672964,698.5798981,102.2430571
Pal15C_drt,DAN_010,NA,NA,NA,NA,26.76352196,1.629631916,525.8939303,102.1394795
Pal15C_drt,DAN_011,NA,NA,NA,NA,19.07754378,1.654323882,375.1173357,103.6002202
Pal15C_drt,DAN_012,NA,NA,NA,NA,19.87407333,1.668379907,440.1089262,103.711173
Pal15C_drt,DAN_013,NA,NA,NA,NA,30.75073726,1.653386566,785.7749031,103.0811155
Pal15C_drt,DAN_014,NA,NA,NA,NA,23.69045056,1.655181085,599.3864968,103.1645282
Pal15C_drt,DAN_015,NA,NA,NA,NA,28.52451881,1.660916314,577.5829763,103.7093101
Pal15C_drt,DAN_016,NA,NA,NA,NA,25.78723695,1.676528641,673.1832264,105.4956453
Pal15C_drt,DAN_017,NA,NA,NA,NA,21.4138219,1.992443416,587.6362358,104.2532982
Pal15C_drt,DAN_018,NA,NA,NA,NA,28.10808872,1.650199258,567.9957575,104.0016691
Pal15C_drt,DAN_019,NA,NA,NA,NA,21.79836049,1.654646736,494.0726586,102.9392668
Pal15C_drt,DAN_020,NA,NA,NA,NA,20.50291592,1.637066732,372.130661,101.7063854
Pal15C_drt,DAN_021,NA,NA,NA,NA,21.93299787,1.654129623,433.0708894,103.3853464
Pal15C_drt,DAN_022,NA,NA,NA,NA,26.18235128,1.648501515,471.4539824,102.6986799
Pal15C_drt,DAN_023,NA,NA,NA,NA,24.48031163,1.642444768,539.1270551,103.0778985
Pal15C_drt,DAN_024,NA,NA,NA,NA,22.32407859,1.652468883,364.8052485,103.7856483
Pal15C_drt,DAN_025,NA,NA,NA,NA,23.93564811,1.66828332,402.6716182,104.1195241
Pal15C_drt,DAN_027,NA,NA,NA,NA,25.72786631,1.661557649,405.3874851,103.6881064
Pal15C_drt,DAN_028,NA,NA,NA,NA,22.08886038,1.649481442,634.9751269,102.3715793
Pal15C_drt,DAN_029,NA,NA,NA,NA,20.77705361,1.647227099,520.7974014,102.9854522
Pal15C_drt,DAN_030,NA,NA,NA,NA,18.62973465,1.661757643,423.1246244,106.1962093
Pal15C_drt,DAN_031,NA,NA,NA,NA,18.1664177,1.649336581,328.8348686,102.6503506
Pal15C_drt,DAN_032,NA,NA,NA,NA,22.9439309,1.992471928,205.8288564,103.4343413
Pal15C_drt,DAN_033,NA,NA,NA,NA,20.77878951,1.645155322,407.9703886,103.2160585
Pal15C_drt,DAN_037,NA,NA,NA,NA,27.90203666,1.656274843,265.3271901,102.8141792
Pal15C_drt,DAN_047,NA,NA,NA,NA,27.92975384,1.656678031,356.5169614,103.8928479
Pal15C_drt,DAN_054,NA,NA,NA,NA,23.26649118,1.663780892,351.8811178,103.4189774
Pal15C_drt,DAN_059,NA,NA,NA,NA,16.76159578,2.001616041,278.1454596,121.2942161
Pal15C_drt,DAZ_004,NA,NA,NA,NA,26.62071162,1.654715178,667.1273952,103.5335781
Pal15C_drt,DAZ_005,NA,NA,NA,NA,31.04237982,1.657415592,613.724946,103.314459
Pal15C_drt,DIACOL_CALIMA,NA,NA,NA,NA,22.14989712,1.651900363,334.6107665,103.9247979
Pal15C_drt,DOR_364,NA,NA,NA,NA,11.89227283,1.652893443,586.0837424,103.2839464
Pal15C_drt,DOR_390,NA,NA,NA,NA,9.160077236,1.648023905,554.2951447,104.3132943
Pal15C_drt,DRK_149,NA,NA,NA,NA,28.6592441,1.664482514,636.1148492,102.9790933
Pal15C_drt,G4523,NA,NA,NA,NA,22.14494328,1.243226432,541.2212569,86.353106
Pal15C_drt,ICA_CALIMA,NA,NA,NA,NA,22.03859193,1.992167892,403.5802317,118.7969979
Pal15C_drt,KAT_B1,NA,NA,NA,NA,19.27354818,1.664827249,571.8656222,104.2540196
Pal15C_drt,KAT_B9,NA,NA,NA,NA,15.24865783,1.648208712,290.3965019,103.1864129
Pal15C_drt,LPA_071,NA,NA,NA,NA,17.95038145,1.657639801,205.8680034,103.4241443
Pal15C_drt,LPA_111,NA,NA,NA,NA,22.78182487,1.66127762,363.8875654,102.8587714
Pal15C_drt,LPA_146,NA,NA,NA,NA,18.82490444,1.660669658,32.59004459,103.5981516
Pal15C_drt,LPA_164,NA,NA,NA,NA,32.3027083,1.64931159,588.0614542,103.2945802
Pal15C_drt,LPA_406,NA,NA,NA,NA,15.33994519,1.648283847,255.2034828,108.0829407
Pal15C_drt,LPA_426,NA,NA,NA,NA,19.59081927,1.644828677,222.9577722,102.9630007
Pal15C_drt,LPA_435,NA,NA,NA,NA,28.18275544,1.665711929,392.8797471,103.8573473
Pal15C_drt,LPA_467,NA,NA,NA,NA,22.16140778,1.632036486,414.715087,102.8793362
Pal15C_drt,LPA_499,NA,NA,NA,NA,22.1477464,1.657468863,397.7383244,103.0221326
Pal15C_drt,LPA_512,NA,NA,NA,NA,28.83972562,1.666925785,592.2548329,103.5357752
Pal15C_drt,LPA_530,NA,NA,NA,NA,23.86950049,1.660027127,685.504413,103.877806
Pal15C_drt,LPA_546,NA,NA,NA,NA,18.95487014,1.660609887,268.0735258,102.9647882
Pal15C_drt,LPA_566,NA,NA,NA,NA,23.46072887,1.66469855,275.0584164,103.7599855
Pal15C_drt,LPA_568,NA,NA,NA,NA,24.27036949,1.673874581,603.1889988,104.1476455
Pal15C_drt,LPA_573,NA,NA,NA,NA,19.6563048,1.658613471,460.7333523,104.0393748
Pal15C_drt,LPA_610,NA,NA,NA,NA,26.57508057,1.657025116,629.2063935,103.3737585
Pal15C_drt,LPA_643,NA,NA,NA,NA,20.9304362,1.655781306,389.3543674,104.3410618
Pal15C_drt,LPA_714,NA,NA,NA,NA,25.59447826,1.67705168,497.2301001,104.1953145
Pal15C_drt,LPA_732,NA,NA,NA,NA,29.79312849,1.651002905,741.6262761,103.1745185
Pal15C_drt,LPA_736,NA,NA,NA,NA,27.63256952,1.676131304,650.8608002,103.6089843
Pal15C_drt,LPA_770,NA,NA,NA,NA,27.86985705,1.656948149,632.4158384,103.9961023
Pal15C_drt,LPA_771,NA,NA,NA,NA,17.08158371,1.666697128,218.3814941,103.3726823
Pal15C_drt,LPA_772,NA,NA,NA,NA,24.71371832,1.649514908,657.6340673,103.0332542
Pal15C_drt,LPA_773,NA,NA,NA,NA,28.04978255,1.666272801,358.1423828,103.3478728
Pal15C_drt,LPA_774,NA,NA,NA,NA,27.24998354,1.647177491,407.4994537,102.9105577
Pal15C_drt,LPA_775,NA,NA,NA,NA,24.81278922,1.643695412,372.1996836,102.9902479
Pal15C_drt,LPA_776,NA,NA,NA,NA,19.62993938,1.987838144,66.64803933,118.8597401
Pal15C_drt,LPA_777,NA,NA,NA,NA,25.34979875,1.639726188,560.0185268,102.7987573
Pal15C_drt,LPA_778,NA,NA,NA,NA,27.8535231,1.65265334,235.5503571,103.4872843
Pal15C_drt,LYAMUNGO_85,NA,NA,NA,NA,14.05568316,1.985083996,312.4239052,103.9238551
Pal15C_drt,MAZ_021,NA,NA,NA,NA,20.87687326,1.653099662,419.2845351,103.5324598
Pal15C_drt,MAZ_032,NA,NA,NA,NA,20.49413931,1.671513541,266.6924992,104.4917451
Pal15C_drt,MAZ_048,NA,NA,NA,NA,16.7275297,1.645738413,336.6020408,103.0237479
Pal15C_drt,NATAL_SUGAR,NA,NA,NA,NA,13.2774609,1.96631901,343.3768917,116.8780378
Pal15C_drt,NDZ_002,NA,NA,NA,NA,26.1192169,1.647988565,199.0952751,102.0305023
Pal15C_drt,NDZ_008,NA,NA,NA,NA,21.7864251,1.652524779,452.0335147,102.6639964
Pal15C_drt,NDZ_012,NA,NA,NA,NA,23.71304326,1.653663764,563.2223086,104.018385
Pal15C_drt,NUA_035,NA,NA,NA,NA,24.55399788,1.672115033,449.4961159,103.7748016
Pal15C_drt,NUA_184,NA,NA,NA,NA,23.46849879,1.982826601,345.0546039,118.6278196
Pal15C_drt,NUA_230,NA,NA,NA,NA,12.71062182,2.000267126,199.3729039,118.5404029
Pal15C_drt,NUA_291,NA,NA,NA,NA,15.00150702,1.98498878,186.3117792,118.4090231
Pal15C_drt,NUA_365,NA,NA,NA,NA,20.93590457,1.656728778,313.2768974,102.9933162
Pal15C_drt,NUA_368,NA,NA,NA,NA,21.09389204,1.651590535,333.8096545,103.3401178
Pal15C_drt,NUA_398,NA,NA,NA,NA,28.84299327,2.767787126,238.6400331,154.2768011
Pal15C_drt,NUA_430,NA,NA,NA,NA,17.37996071,1.655691192,253.8176306,103.476229
Pal15C_drt,NUA_520,NA,NA,NA,NA,16.1962472,1.663080005,230.0623389,103.1557239
Pal15C_drt,NUA_537,NA,NA,NA,NA,25.88214717,1.650537269,344.2383328,103.0110295
Pal15C_drt,PVA_773,NA,NA,NA,NA,17.6165053,1.661271187,235.6931291,102.7367131
Pal15C_drt,RAA_021,NA,NA,NA,NA,22.0252551,1.653433688,522.210187,102.8810204
Pal15C_drt,RAA_030,NA,NA,NA,NA,19.73034622,1.658768615,453.8929953,103.2997843
Pal15C_drt,RAA_034,NA,NA,NA,NA,18.94781655,1.326508928,449.5323194,89.56961238
Pal15C_drt,RED_CANADIAN_WONDER,NA,NA,NA,NA,14.0473657,1.6499397,211.9621459,102.7384914
Pal15C_drt,RMA_072,NA,NA,NA,NA,21.78431745,1.678549535,295.0234184,117.9767098
Pal15C_drt,RMX_019,NA,NA,NA,NA,21.62060229,1.988842581,182.0518049,120.6164489
Pal15C_drt,RMX_020,NA,NA,NA,NA,18.7862937,1.674021895,352.6459143,104.5220024
Pal15C_drt,SAA_015,NA,NA,NA,NA,22.44131471,1.649704988,415.6809384,102.0129134
Pal15C_drt,SAA_017,NA,NA,NA,NA,24.40433064,1.652365403,460.4602435,103.2259541
Pal15C_drt,SAA_020,NA,NA,NA,NA,20.04509787,1.646142563,415.1370162,103.3421829
Pal15C_drt,SAA_021,NA,NA,NA,NA,24.5308392,1.652963527,517.5935733,102.9882274
Pal15C_drt,SAB_259,NA,NA,NA,NA,18.78548821,1.655643484,441.8050803,103.237596
Pal15C_drt,SAB_516,NA,NA,NA,NA,25.08260292,1.658943191,544.0266396,104.3041721
Pal15C_drt,SAB_560,NA,NA,NA,NA,22.9957987,1.224381289,615.2114463,85.64992583
Pal15C_drt,SAB_568,NA,NA,NA,NA,24.43084692,1.668440286,552.5248401,103.9414347
Pal15C_drt,SAB_576,NA,NA,NA,NA,20.71006302,1.661814774,425.2805925,103.7653771
Pal15C_drt,SAB_659,NA,NA,NA,NA,27.13064736,1.247157795,518.4850622,85.71189497
Pal15C_drt,SAB_686,NA,NA,NA,NA,23.15322179,1.222111229,690.7809594,85.696167
Pal15C_drt,SAB_711,NA,NA,NA,NA,14.16089864,1.655626754,503.0548531,103.0949196
Pal15C_drt,SAB_712,NA,NA,NA,NA,17.1764729,1.67333605,353.0631216,103.5649039
Pal15C_drt,SAP_001-16,NA,NA,NA,NA,24.16763731,1.675001886,620.2401001,104.3248442
Pal15C_drt,SEF_060,NA,NA,NA,NA,15.30698585,1.718148445,1176.96262,104.8396078
Pal15C_drt,SEN_056,NA,NA,NA,NA,17.31634503,1.673531241,1172.11188,104.028116
Pal15C_drt,SEQ_1003,NA,NA,NA,NA,21.29214085,1.243329677,726.9523918,86.32254285
Pal15C_drt,SEQ_1004,NA,NA,NA,NA,23.12979052,1.642355995,630.923466,103.2845864
Pal15C_drt,SEQ_1006,NA,NA,NA,NA,27.02542067,1.66546533,683.4535888,103.2559532
Pal15C_drt,SEQ_1027,NA,NA,NA,NA,22.51516889,1.649221258,431.3673995,102.7606992
Pal15C_drt,SER_118,NA,NA,NA,NA,14.21532246,1.64843706,988.5418298,103.7619702
Pal15C_drt,SUG_131,NA,NA,NA,NA,19.92284999,1.656836208,238.6518194,103.3314723
Pal15C_drt,TIO_CANELA_75,NA,NA,NA,NA,14.74199652,1.302869749,859.9564475,89.62600454
Pal15C_irr,ACC_002,NA,NA,NA,NA,34.54695493,1.465899002,1183.783836,213.2127839
Pal15C_irr,ACC_003,NA,NA,NA,NA,42.60930179,1.779295871,933.8403273,234.5923923
Pal15C_irr,ACC_004,NA,NA,NA,NA,36.18187865,1.46985251,1179.070238,216.0022074
Pal15C_irr,ACC_005,NA,NA,NA,NA,37.76408628,1.791545042,1193.896481,235.3763564
Pal15C_irr,ACC_007,NA,NA,NA,NA,30.09176164,1.466190544,983.4666515,216.9327573
Pal15C_irr,ACC_008,NA,NA,NA,NA,37.10395838,1.462678304,1158.867446,215.3804721
Pal15C_irr,ACC_009,NA,NA,NA,NA,36.64499951,1.781263523,1338.14287,235.8280775
Pal15C_irr,ACC_010,NA,NA,NA,NA,31.24048441,1.462634793,989.7378218,214.8959148
Pal15C_irr,ACC_011,NA,NA,NA,NA,37.49238942,1.455746837,925.4521215,215.0986939
Pal15C_irr,ACC_012,NA,NA,NA,NA,35.12767514,1.466442717,783.3710302,215.9407168
Pal15C_irr,ACC_014,NA,NA,NA,NA,32.16936215,1.455269986,1002.563809,214.6708399
Pal15C_irr,ACC_017,NA,NA,NA,NA,37.25611227,1.456713506,1030.712216,215.5816899
Pal15C_irr,ACC_018,NA,NA,NA,NA,32.07780047,1.465299915,898.8044346,213.9820773
Pal15C_irr,ACC_022,NA,NA,NA,NA,32.61320352,1.782886111,878.5891713,237.2030775
Pal15C_irr,ACC_023,NA,NA,NA,NA,40.65560053,1.46179612,1341.157188,216.0536431
Pal15C_irr,ACC_024,NA,NA,NA,NA,38.4110472,1.471672578,1637.554936,215.1182448
Pal15C_irr,ACC_025,NA,NA,NA,NA,29.89578695,1.774601979,599.7889852,234.4764011
Pal15C_irr,ACC_026,NA,NA,NA,NA,34.81406159,1.815531351,1258.925419,238.3552456
Pal15C_irr,ACC_027,NA,NA,NA,NA,34.33747597,1.774651538,1213.66313,235.5643658
Pal15C_irr,ACC_028,NA,NA,NA,NA,33.34518505,1.464226532,917.135423,215.04297
Pal15C_irr,ACC_029,NA,NA,NA,NA,40.90057028,1.45964883,1122.2527,215.3261659
Pal15C_irr,ACC_030,NA,NA,NA,NA,37.57725538,2.499065638,1125.959017,234.8848996
Pal15C_irr,ACC_031,NA,NA,NA,NA,39.76906942,1.481530552,1481.795824,215.9822229
Pal15C_irr,AFR_298,NA,NA,NA,NA,41.95420108,1.041224704,1558.934985,192.0534794
Pal15C_irr,AFR_619,NA,NA,NA,NA,34.14270825,1.47847539,440.337817,215.8534067
Pal15C_irr,AFR_722,NA,NA,NA,NA,38.89217672,1.15028182,862.4368164,196.7749939
Pal15C_irr,AFR_735,NA,NA,NA,NA,37.7794858,1.456421352,967.2266267,213.8626227
Pal15C_irr,AMADEUS,NA,NA,NA,NA,21.4025745,1.477200147,1786.648459,216.0404058
Pal15C_irr,BRB_191,NA,NA,NA,NA,7.910452765,2.515428487,771.3566962,242.4446661
Pal15C_irr,BRB_198,NA,NA,NA,NA,43.56964929,1.464422728,881.306576,214.6047296
Pal15C_irr,BRB_215,NA,NA,NA,NA,37.2989388,1.498294456,872.4923519,219.1228446
Pal15C_irr,BRB_264,NA,NA,NA,NA,32.0737023,1.46204419,497.830271,215.0752231
Pal15C_irr,CAL_096,NA,NA,NA,NA,41.55690158,1.144991751,1252.574987,196.4359982
Pal15C_irr,CAL_143,NA,NA,NA,NA,27.62069411,1.156216014,1025.678462,198.6554709
Pal15C_irr,CMB_004,NA,NA,NA,NA,37.32061585,1.467783045,919.7633352,214.7005168
Pal15C_irr,CMB_006,NA,NA,NA,NA,34.7221535,1.785537279,1238.269212,236.4486624
Pal15C_irr,CMB_010,NA,NA,NA,NA,37.21712188,1.466260511,714.2743641,215.8043553
Pal15C_irr,CMB_012,NA,NA,NA,NA,33.60732737,1.466901889,998.1678685,214.6958736
Pal15C_irr,CMB_014,NA,NA,NA,NA,30.13939526,1.472770691,659.8250882,213.6804918
Pal15C_irr,CMB_016,NA,NA,NA,NA,37.59582953,1.455043842,781.6284552,215.5769355
Pal15C_irr,CMB_018,NA,NA,NA,NA,38.77443298,1.458794857,468.1794906,214.9315785
Pal15C_irr,CMB_025,NA,NA,NA,NA,46.73814391,1.462183888,674.9113925,214.8294085
Pal15C_irr,CMB_036,NA,NA,NA,NA,35.70229049,1.460771667,517.4410402,215.3705588
Pal15C_irr,CMB_043,NA,NA,NA,NA,36.87224691,1.786457116,804.8604147,214.69398
Pal15C_irr,CMB_045,NA,NA,NA,NA,36.09656609,1.462868283,753.0735281,215.4603339
Pal15C_irr,CMB_050,NA,NA,NA,NA,39.26018774,1.48015071,862.8973864,216.9461478
Pal15C_irr,CMB_057,NA,NA,NA,NA,34.74367504,1.470635274,787.8470796,215.7925222
Pal15C_irr,CMB_073,NA,NA,NA,NA,30.43367875,1.457046034,885.5659599,213.6356867
Pal15C_irr,CMB_080,NA,NA,NA,NA,30.03276516,1.462428546,1289.853344,214.6486424
Pal15C_irr,CMB_095,NA,NA,NA,NA,35.94758424,1.464591173,1183.117084,215.1386588
Pal15C_irr,CMB_103,NA,NA,NA,NA,30.48166099,1.470819829,309.7036419,215.8929107
Pal15C_irr,CMB_105,NA,NA,NA,NA,34.62131696,1.475859828,1011.73818,216.8767376
Pal15C_irr,COS_016,NA,NA,NA,NA,27.2029488,1.794238574,1097.406406,235.9228098
Pal15C_irr,DAA_001,NA,NA,NA,NA,31.28404521,1.775690465,1047.332302,234.9536101
Pal15C_irr,DAA_002,NA,NA,NA,NA,40.85249623,1.458989103,1353.789548,216.2048918
Pal15C_irr,DAA_003,NA,NA,NA,NA,40.11622496,1.468200223,1608.461453,215.3825724
Pal15C_irr,DAA_004,NA,NA,NA,NA,34.97123227,1.772177419,1062.515118,233.6759471
Pal15C_irr,DAA_005,NA,NA,NA,NA,35.62224605,1.785849261,1510.612704,235.0739641
Pal15C_irr,DAA_006,NA,NA,NA,NA,35.51162175,2.505095008,1735.615894,294.3529451
Pal15C_irr,DAA_007,NA,NA,NA,NA,37.43944367,1.463969371,1504.27876,214.4128903
Pal15C_irr,DAA_008,NA,NA,NA,NA,37.81657157,1.473787903,1396.966833,214.8349849
Pal15C_irr,DAA_009,NA,NA,NA,NA,39.43415498,1.460627572,1279.14097,216.1665106
Pal15C_irr,DAA_010,NA,NA,NA,NA,36.38727129,1.462407715,1245.939649,216.1093463
Pal15C_irr,DAA_011,NA,NA,NA,NA,36.89991653,1.459204759,1231.594336,214.4987602
Pal15C_irr,DAA_012,NA,NA,NA,NA,48.65075631,1.458581974,1254.78007,216.484204
Pal15C_irr,DAA_013,NA,NA,NA,NA,36.78812567,1.463621565,1159.514528,215.062426
Pal15C_irr,DAA_014,NA,NA,NA,NA,47.24324059,1.459140519,1282.669217,214.3957171
Pal15C_irr,DAA_015,NA,NA,NA,NA,40.69305627,1.457948006,1424.375907,214.7382299
Pal15C_irr,DAA_016,NA,NA,NA,NA,40.21966328,1.454046078,1586.671055,214.5700082
Pal15C_irr,DAA_018,NA,NA,NA,NA,35.21880538,1.461900161,1098.970346,215.4423925
Pal15C_irr,DAA_021,NA,NA,NA,NA,44.97001075,1.47222268,1156.782416,216.4806961
Pal15C_irr,DAA_024,NA,NA,NA,NA,40.27827324,1.463532778,1094.854212,215.9526223
Pal15C_irr,DAA_027,NA,NA,NA,NA,14.38099753,1.779061758,1005.037633,222.9816094
Pal15C_irr,DAA_029,NA,NA,NA,NA,42.73961823,1.459917377,1239.557275,215.0152248
Pal15C_irr,DAA_041,NA,NA,NA,NA,39.02167115,1.473005061,1388.744894,216.5321748
Pal15C_irr,DAA_044,NA,NA,NA,NA,37.08097667,1.455794417,1158.28056,214.802713
Pal15C_irr,DAA_045,NA,NA,NA,NA,43.37664583,1.462537434,1395.502165,215.2035678
Pal15C_irr,DAA_049,NA,NA,NA,NA,43.69766014,1.460472209,1882.727284,215.1319785
Pal15C_irr,DAA_051,NA,NA,NA,NA,36.99789715,1.477442916,1381.361388,217.055962
Pal15C_irr,DAA_052,NA,NA,NA,NA,36.27132277,1.459325939,1203.578758,215.7864854
Pal15C_irr,DAA_059,NA,NA,NA,NA,36.45088951,1.452238044,1235.902803,215.2349876
Pal15C_irr,DAA_060,NA,NA,NA,NA,38.4628533,1.456898953,1141.178656,214.4560271
Pal15C_irr,DAA_062,NA,NA,NA,NA,38.8718931,1.463229904,1292.571118,215.423486
Pal15C_irr,DAA_065,NA,NA,NA,NA,36.77904193,1.4817803,1091.122266,217.2467092
Pal15C_irr,DAA_078,NA,NA,NA,NA,42.68072863,1.783689186,1998.159219,235.9952511
Pal15C_irr,DAA_081,NA,NA,NA,NA,35.88223534,1.474081463,1212.555703,218.9236246
Pal15C_irr,DAA_086,NA,NA,NA,NA,37.93471405,1.473567742,1491.024547,217.541612
Pal15C_irr,DAA_091,NA,NA,NA,NA,35.55981946,1.453271593,1512.317068,215.7462747
Pal15C_irr,DAA_094,NA,NA,NA,NA,40.84090235,1.466897436,1273.267519,216.0403886
Pal15C_irr,DAA_096,NA,NA,NA,NA,40.90798558,1.457758369,1346.222954,214.006175
Pal15C_irr,DAA_098,NA,NA,NA,NA,44.28334099,1.46252273,1577.353456,215.4480412
Pal15C_irr,DAA_100,NA,NA,NA,NA,42.69104169,1.468532772,1392.28669,212.8226967
Pal15C_irr,DAA_111,NA,NA,NA,NA,33.89542054,1.791801297,879.5948751,237.1851787
Pal15C_irr,DAA_112,NA,NA,NA,NA,36.63300587,1.461042631,966.6588939,215.4578894
Pal15C_irr,DAA_113,NA,NA,NA,NA,38.76171582,1.460347369,942.3698166,215.04786
Pal15C_irr,DAA_114,NA,NA,NA,NA,41.41649491,1.465943835,1073.037165,214.1226962
Pal15C_irr,DAA_115,NA,NA,NA,NA,34.46600332,1.464423881,1130.106125,215.3618718
Pal15C_irr,DAA_116,NA,NA,NA,NA,31.63854259,1.46131091,1218.137758,218.2301152
Pal15C_irr,DAA_117,NA,NA,NA,NA,34.65942279,1.471799721,885.0163775,214.8911197
Pal15C_irr,DAA_118,NA,NA,NA,NA,38.30744832,1.461098864,1215.317812,215.7732064
Pal15C_irr,DAA_119,NA,NA,NA,NA,35.3886793,1.464622312,635.0187743,215.202502
Pal15C_irr,DAA_120,NA,NA,NA,NA,37.68418079,1.462754982,1081.716025,215.0074612
Pal15C_irr,DAA_121,NA,NA,NA,NA,38.29933489,1.465827505,1165.275072,215.9503917
Pal15C_irr,DAA_122,NA,NA,NA,NA,40.98385295,1.479100194,1466.956908,216.7313643
Pal15C_irr,DAA_123,NA,NA,NA,NA,36.65837696,1.453961138,1114.502056,214.9593133
Pal15C_irr,DAA_124,NA,NA,NA,NA,38.88245785,1.457787081,932.7538982,214.9661416
Pal15C_irr,DAA_125,NA,NA,NA,NA,36.26979669,1.467261489,758.9433588,215.9094134
Pal15C_irr,DAA_126,NA,NA,NA,NA,37.87535268,1.465515905,1330.209262,214.8646312
Pal15C_irr,DAA_142,NA,NA,NA,NA,39.78002362,1.467942575,1536.493834,214.6524584
Pal15C_irr,DAA_145,NA,NA,NA,NA,39.26855096,1.461417618,1364.932102,213.5762032
Pal15C_irr,DAA_148,NA,NA,NA,NA,37.32630576,1.462735382,1236.701438,215.5099013
Pal15C_irr,DAA_151,NA,NA,NA,NA,45.41515379,1.485238105,1245.984225,217.4001329
Pal15C_irr,DAA_153,NA,NA,NA,NA,35.96957461,1.475040486,1166.841828,216.7977533
Pal15C_irr,DAA_154,NA,NA,NA,NA,40.89176364,1.477940572,1280.280463,215.7665749
Pal15C_irr,DAA_155,NA,NA,NA,NA,42.26860249,1.468942002,977.0497433,215.7970773
Pal15C_irr,DAA_159,NA,NA,NA,NA,45.13620998,1.456296002,1480.795234,215.2627198
Pal15C_irr,DAA_164,NA,NA,NA,NA,42.89691056,1.470503523,701.749335,216.5667821
Pal15C_irr,DAA_166,NA,NA,NA,NA,45.55751089,1.462501161,1333.389179,215.1392433
Pal15C_irr,DAA_173,NA,NA,NA,NA,38.58682601,1.456719608,1495.659163,213.6951624
Pal15C_irr,DAA_175,NA,NA,NA,NA,34.01795996,1.465417514,1143.367958,215.6385175
Pal15C_irr,DAB_049,NA,NA,NA,NA,25.30291485,1.457702368,2062.038008,215.9898049
Pal15C_irr,DAB_052,NA,NA,NA,NA,24.11069912,1.782999497,1833.736275,236.0810665
Pal15C_irr,DAB_053,NA,NA,NA,NA,42.34749186,1.455635391,1090.736998,212.2962738
Pal15C_irr,DAB_062,NA,NA,NA,NA,38.10023556,1.460473448,1238.266661,214.9839486
Pal15C_irr,DAB_064,NA,NA,NA,NA,38.89192493,1.782853973,1625.871675,234.7022004
Pal15C_irr,DAB_065,NA,NA,NA,NA,35.42527576,1.776953154,1363.0493,233.6746431
Pal15C_irr,DAB_066,NA,NA,NA,NA,39.03077783,1.769252183,1612.69401,233.901034
Pal15C_irr,DAB_084,NA,NA,NA,NA,33.26337454,1.460675362,1410.42957,214.7145951
Pal15C_irr,DAB_090,NA,NA,NA,NA,31.72522459,1.467080277,1093.819726,216.1101909
Pal15C_irr,DAB_105,NA,NA,NA,NA,32.22827038,1.459389648,1301.204613,215.2662582
Pal15C_irr,DAB_106,NA,NA,NA,NA,33.04006027,1.471464987,1434.985295,215.9377649
Pal15C_irr,DAB_109,NA,NA,NA,NA,38.45899007,1.779165152,1125.595211,234.6974978
Pal15C_irr,DAB_150,NA,NA,NA,NA,31.40464852,1.46549919,1191.890836,214.9713172
Pal15C_irr,DAB_187,NA,NA,NA,NA,27.63811053,1.779387814,1412.410672,234.4030277
Pal15C_irr,DAB_231,NA,NA,NA,NA,37.64281276,1.469413282,1794.276502,215.0820019
Pal15C_irr,DAB_233,NA,NA,NA,NA,39.01587712,1.785326813,1473.334349,235.157669
Pal15C_irr,DAB_236,NA,NA,NA,NA,35.23886778,1.77289524,1442.309531,236.5242733
Pal15C_irr,DAB_244,NA,NA,NA,NA,35.41540282,1.786344549,1421.356751,234.8383448
Pal15C_irr,DAB_251,NA,NA,NA,NA,34.22873106,1.05433264,1655.783964,192.1094817
Pal15C_irr,DAB_252,NA,NA,NA,NA,35.69962564,1.785086789,1504.805488,235.8311172
Pal15C_irr,DAB_256,NA,NA,NA,NA,40.31251902,1.456624967,1447.390822,215.0345504
Pal15C_irr,DAB_258,NA,NA,NA,NA,30.53050142,2.508453316,1316.989726,287.9394805
Pal15C_irr,DAB_267,NA,NA,NA,NA,40.04078231,1.786749028,1236.922685,235.1304075
Pal15C_irr,DAB_277,NA,NA,NA,NA,38.33856131,1.463122527,1560.233139,215.3994611
Pal15C_irr,DAB_295,NA,NA,NA,NA,42.40245006,1.045108518,1819.987525,192.0132591
Pal15C_irr,DAB_302,NA,NA,NA,NA,40.22796404,1.458660735,1655.862482,215.5914902
Pal15C_irr,DAB_317,NA,NA,NA,NA,39.02319117,1.466214962,1573.202315,215.5570197
Pal15C_irr,DAB_344,NA,NA,NA,NA,34.62241668,1.464467993,1217.638274,215.0228654
Pal15C_irr,DAB_353,NA,NA,NA,NA,32.56424336,1.780584708,995.6747181,234.5746965
Pal15C_irr,DAB_366,NA,NA,NA,NA,37.04070104,1.459721233,1445.268348,214.633916
Pal15C_irr,DAB_374,NA,NA,NA,NA,36.16967195,1.7856545,1187.71684,236.9913252
Pal15C_irr,DAB_380,NA,NA,NA,NA,40.62408785,1.463516231,1647.396101,216.2215864
Pal15C_irr,DAB_384,NA,NA,NA,NA,33.63906742,1.45873931,1359.592066,215.2782615
Pal15C_irr,DAB_396,NA,NA,NA,NA,36.80349154,1.46915617,1780.307635,213.8137174
Pal15C_irr,DAB_398,NA,NA,NA,NA,32.14702508,1.79272656,1343.885235,235.8275791
Pal15C_irr,DAB_402,NA,NA,NA,NA,39.97955343,1.469982514,1388.422199,216.3740993
Pal15C_irr,DAB_441,NA,NA,NA,NA,41.3686158,1.460344599,1519.930151,213.4109045
Pal15C_irr,DAB_489,NA,NA,NA,NA,35.61565493,1.456275959,1596.8428,214.386776
Pal15C_irr,DAB_494,NA,NA,NA,NA,38.81995038,1.044863151,1730.664579,191.9860421
Pal15C_irr,DAB_514,NA,NA,NA,NA,43.10358947,1.45635779,1768.852993,214.9457546
Pal15C_irr,DAB_520,NA,NA,NA,NA,35.85673781,1.483658182,1513.054124,216.1440098
Pal15C_irr,DAB_525,NA,NA,NA,NA,38.26916867,1.462696048,1405.27238,215.7124603
Pal15C_irr,DAB_528,NA,NA,NA,NA,38.43658104,1.46195799,1290.738038,215.3652154
Pal15C_irr,DAB_534,NA,NA,NA,NA,40.31050848,1.78038624,1455.030041,235.1063943
Pal15C_irr,DAB_541,NA,NA,NA,NA,35.58837338,1.477311676,1442.97137,215.8505238
Pal15C_irr,DAB_545,NA,NA,NA,NA,37.14922199,1.465089739,1412.716865,215.7183386
Pal15C_irr,DAB_549,NA,NA,NA,NA,38.98638624,1.461114887,1454.183303,215.2433005
Pal15C_irr,DAB_555,NA,NA,NA,NA,34.27762776,1.463196462,1607.754974,214.7991491
Pal15C_irr,DAB_568,NA,NA,NA,NA,40.49710158,1.459459524,1480.071456,215.3193157
Pal15C_irr,DAB_569,NA,NA,NA,NA,38.85089711,1.469042129,1434.885177,215.3451198
Pal15C_irr,DAB_570,NA,NA,NA,NA,39.80987136,1.779738408,923.0576267,236.3095032
Pal15C_irr,DAB_571,NA,NA,NA,NA,34.29375999,1.773880477,1328.149244,233.6420625
Pal15C_irr,DAB_572,NA,NA,NA,NA,37.73643278,1.46053311,1423.335348,214.0035499
Pal15C_irr,DAB_573,NA,NA,NA,NA,33.04192604,1.460915226,1447.796718,214.6785658
Pal15C_irr,DAB_574,NA,NA,NA,NA,35.81333968,1.798451209,1471.397864,236.8312268
Pal15C_irr,DAB_575,NA,NA,NA,NA,30.3743707,1.469512081,1111.543365,216.0118384
Pal15C_irr,DAB_576,NA,NA,NA,NA,45.0654187,1.474446949,1455.305845,214.2401156
Pal15C_irr,DAB_577,NA,NA,NA,NA,48.14600318,1.787607606,1681.789049,235.4389985
Pal15C_irr,DAB_578,NA,NA,NA,NA,31.10055835,1.786534623,733.6466397,236.2242366
Pal15C_irr,DAB_579,NA,NA,NA,NA,39.71848952,1.465042086,1296.867307,215.7015289
Pal15C_irr,DAB_580,NA,NA,NA,NA,37.52272457,1.45171045,1258.13611,215.0833037
Pal15C_irr,DAB_581,NA,NA,NA,NA,33.46689959,1.481433519,927.779459,217.6234418
Pal15C_irr,DAB_583,NA,NA,NA,NA,35.63371874,1.461808735,750.977291,215.1338086
Pal15C_irr,DAB_584,NA,NA,NA,NA,35.55830965,1.77054449,855.2307094,233.5395096
Pal15C_irr,DAB_585,NA,NA,NA,NA,37.10886127,1.467394596,923.457537,214.0374554
Pal15C_irr,DAB_586,NA,NA,NA,NA,35.3313544,1.458386611,1426.417772,213.7784248
Pal15C_irr,DAB_587,NA,NA,NA,NA,34.95140096,1.466480536,1217.443533,215.0890981
Pal15C_irr,DAB_588,NA,NA,NA,NA,29.47030558,1.470006665,1147.041189,214.9012039
Pal15C_irr,DAB_589,NA,NA,NA,NA,31.86417017,1.478301149,899.7548744,216.8358663
Pal15C_irr,DAB_591,NA,NA,NA,NA,38.52571328,1.466701012,1459.622194,215.6803527
Pal15C_irr,DAB_592,NA,NA,NA,NA,33.40279399,1.783979415,1063.636072,235.1195668
Pal15C_irr,DAB_593,NA,NA,NA,NA,39.87021283,1.45686039,1576.408889,214.9024074
Pal15C_irr,DAB_594,NA,NA,NA,NA,38.63912088,1.4710079,1579.210707,215.829808
Pal15C_irr,DAB_596,NA,NA,NA,NA,40.43768406,1.458870812,1498.585307,215.5033963
Pal15C_irr,DAB_597,NA,NA,NA,NA,39.75312423,1.471155697,1775.471149,215.5495049
Pal15C_irr,DAB_598,NA,NA,NA,NA,40.50422651,1.461268809,1559.593382,215.4348531
Pal15C_irr,DAB_600,NA,NA,NA,NA,39.51669904,1.449778745,1300.531905,215.3232862
Pal15C_irr,DAB_602,NA,NA,NA,NA,43.35555551,1.459433724,1133.494038,215.8877001
Pal15C_irr,DAB_603,NA,NA,NA,NA,35.39992224,1.787536707,1092.326552,235.6254406
Pal15C_irr,DAB_604,NA,NA,NA,NA,39.09162453,1.458985126,1247.271057,214.4858354
Pal15C_irr,DAB_605,NA,NA,NA,NA,38.83106698,1.465635262,1262.520551,215.3909174
Pal15C_irr,DAB_606,NA,NA,NA,NA,29.80161368,1.469569409,983.6276441,214.1154522
Pal15C_irr,DAB_607,NA,NA,NA,NA,37.0327677,1.467242303,1119.76735,215.0052587
Pal15C_irr,DAB_609,NA,NA,NA,NA,33.59885406,1.463237917,755.1265143,216.0084841
Pal15C_irr,DAB_610,NA,NA,NA,NA,32.53276674,1.781638477,921.1663655,234.5915283
Pal15C_irr,DAB_612,NA,NA,NA,NA,35.60251124,1.475823132,924.9606497,216.7759867
Pal15C_irr,DAB_614,NA,NA,NA,NA,36.18138769,1.058226617,1521.231037,193.5040693
Pal15C_irr,DAB_615,NA,NA,NA,NA,35.42532872,1.469198954,1600.297696,215.7056923
Pal15C_irr,DAB_616,NA,NA,NA,NA,35.82837253,1.776902598,1813.680723,235.2452896
Pal15C_irr,DAB_617,NA,NA,NA,NA,34.65675444,1.776492384,1133.786053,234.884403
Pal15C_irr,DAB_619,NA,NA,NA,NA,34.72004725,1.467747831,1278.023015,216.5651321
Pal15C_irr,DAB_621,NA,NA,NA,NA,40.10081482,1.461534094,1449.628608,216.2145353
Pal15C_irr,DAB_622,NA,NA,NA,NA,40.15279089,1.475771054,1616.98097,215.9234005
Pal15C_irr,DAB_624,NA,NA,NA,NA,38.63550565,1.46670051,1473.672776,215.6708062
Pal15C_irr,DAB_625,NA,NA,NA,NA,38.96537841,1.455481423,1457.582675,212.9860558
Pal15C_irr,DAB_628,NA,NA,NA,NA,37.61691615,1.459290364,1713.050593,215.0145572
Pal15C_irr,DAB_629,NA,NA,NA,NA,38.63234467,1.466663745,1453.332885,215.9769219
Pal15C_irr,DAB_630,NA,NA,NA,NA,39.17130477,1.463065552,1617.051817,214.414686
Pal15C_irr,DAB_633,NA,NA,NA,NA,32.11016843,1.457683282,896.8004226,215.4468764
Pal15C_irr,DAB_900,NA,NA,NA,NA,34.4803436,1.463614099,1465.303047,216.9835102
Pal15C_irr,DAB_901,NA,NA,NA,NA,31.4974322,1.464408928,1056.138698,215.1887488
Pal15C_irr,DAB_902,NA,NA,NA,NA,39.37062157,1.470444673,1345.973088,213.9761128
Pal15C_irr,DAB_903,NA,NA,NA,NA,36.05909988,1.460937665,1366.957089,215.7539693
Pal15C_irr,DAB_904,NA,NA,NA,NA,35.56273267,1.457020062,1697.40679,215.5553131
Pal15C_irr,DAB_905,NA,NA,NA,NA,33.04552074,1.461042227,1507.463484,214.1518524
Pal15C_irr,DAB_906,NA,NA,NA,NA,37.70424435,1.47596938,1691.350218,216.3393586
Pal15C_irr,DAB_909,NA,NA,NA,NA,34.55306811,1.468408609,1194.423086,215.0569634
Pal15C_irr,DAB_910,NA,NA,NA,NA,38.25138207,1.481005736,1715.010742,216.4834093
Pal15C_irr,DAB_912,NA,NA,NA,NA,36.79345294,1.455112652,1468.223355,214.6424663
Pal15C_irr,DAB_913,NA,NA,NA,NA,30.30586293,1.471083173,884.2721725,215.9202358
Pal15C_irr,DAB_914,NA,NA,NA,NA,34.27543829,1.46642897,1390.384516,214.4209195
Pal15C_irr,DAB_915,NA,NA,NA,NA,34.89356874,1.783484417,1742.721714,235.1866145
Pal15C_irr,DAB_916,NA,NA,NA,NA,37.9308694,1.462049559,1199.445478,215.9204593
Pal15C_irr,DAB_917,NA,NA,NA,NA,36.68184637,1.773211112,1023.702755,235.4747559
Pal15C_irr,DAB_919,NA,NA,NA,NA,32.88680986,1.466638909,1507.066927,214.7666399
Pal15C_irr,DAB_920,NA,NA,NA,NA,31.82755372,1.460032924,1097.060645,215.4759947
Pal15C_irr,DAB_921,NA,NA,NA,NA,35.88662187,1.467179053,1514.713867,214.7340254
Pal15C_irr,DAB_923,NA,NA,NA,NA,36.59427135,1.460251162,1216.180369,214.9591969
Pal15C_irr,DAB_924,NA,NA,NA,NA,25.47881883,1.461275472,1165.497002,216.1075897
Pal15C_irr,DAB_925,NA,NA,NA,NA,36.11921145,1.469341592,1229.811628,216.7966513
Pal15C_irr,DAB_926,NA,NA,NA,NA,33.21987578,1.469155635,1330.97696,216.3520292
Pal15C_irr,DAB_927,NA,NA,NA,NA,30.83907127,1.463825779,1186.145737,218.0283556
Pal15C_irr,DAB_928,NA,NA,NA,NA,31.30140151,1.455353314,1191.983975,218.9351056
Pal15C_irr,DAB_929,NA,NA,NA,NA,34.84519411,1.480605759,1329.01011,217.5191651
Pal15C_irr,DAB_930,NA,NA,NA,NA,40.98745387,1.467701015,1194.335258,215.3348991
Pal15C_irr,DAB_932,NA,NA,NA,NA,38.37727863,1.046322751,1071.275465,191.3350891
Pal15C_irr,DAB_933,NA,NA,NA,NA,36.5879134,1.461263756,1238.980517,216.7666056
Pal15C_irr,DAB_934,NA,NA,NA,NA,30.61009552,1.467245845,1032.626742,215.108571
Pal15C_irr,DAB_936,NA,NA,NA,NA,31.55614905,1.454726902,1089.417441,215.8058916
Pal15C_irr,DAB_937,NA,NA,NA,NA,34.0737271,1.464696211,1289.359147,215.3784202
Pal15C_irr,DAB_938,NA,NA,NA,NA,32.64156288,1.457217819,1048.238305,214.7397656
Pal15C_irr,DAB_939,NA,NA,NA,NA,34.14640764,1.468840253,1695.802594,215.7290513
Pal15C_irr,DAB_940,NA,NA,NA,NA,36.13040809,1.459867457,1666.288677,215.0099282
Pal15C_irr,DAB_942,NA,NA,NA,NA,34.5030127,1.455841436,1274.133795,215.1885611
Pal15C_irr,DAD_036,NA,NA,NA,NA,31.61391676,1.779773342,638.5194979,235.7981606
Pal15C_irr,DAN_001,NA,NA,NA,NA,39.39948254,1.785680965,1111.927138,235.1689716
Pal15C_irr,DAN_002,NA,NA,NA,NA,43.25516617,2.512611165,1227.901504,288.5687042
Pal15C_irr,DAN_003,NA,NA,NA,NA,40.02414038,1.780225647,1772.487254,235.3059062
Pal15C_irr,DAN_004,NA,NA,NA,NA,36.1676928,1.781280778,992.6215503,235.3838128
Pal15C_irr,DAN_005,NA,NA,NA,NA,39.83614732,1.777088493,1520.594346,235.0655263
Pal15C_irr,DAN_006,NA,NA,NA,NA,34.03547861,1.779432591,1322.427397,235.3795883
Pal15C_irr,DAN_007,NA,NA,NA,NA,36.43393004,1.783142041,682.2142961,234.602508
Pal15C_irr,DAN_008,NA,NA,NA,NA,38.78253948,1.786838913,1367.237424,234.825432
Pal15C_irr,DAN_009,NA,NA,NA,NA,35.31649067,1.794076817,1374.452413,235.7415246
Pal15C_irr,DAN_010,NA,NA,NA,NA,38.94583224,1.76525304,1011.554958,233.3776886
Pal15C_irr,DAN_011,NA,NA,NA,NA,34.66204612,1.783358066,1318.11644,235.161131
Pal15C_irr,DAN_012,NA,NA,NA,NA,33.11480218,1.801300467,949.3962866,236.4321125
Pal15C_irr,DAN_013,NA,NA,NA,NA,44.48105923,1.780972922,1504.213156,234.8860405
Pal15C_irr,DAN_014,NA,NA,NA,NA,35.66415664,1.778998546,1064.438071,233.894112
Pal15C_irr,DAN_015,NA,NA,NA,NA,40.80073381,1.792488297,1414.14893,235.8351641
Pal15C_irr,DAN_016,NA,NA,NA,NA,41.65750718,1.788669037,1664.266353,235.6468471
Pal15C_irr,DAN_017,NA,NA,NA,NA,35.29524607,1.775918243,1272.914625,233.9253969
Pal15C_irr,DAN_018,NA,NA,NA,NA,41.56031637,1.786578647,1180.968134,234.5925531
Pal15C_irr,DAN_019,NA,NA,NA,NA,36.87779587,1.78042684,765.765247,234.7266295
Pal15C_irr,DAN_020,NA,NA,NA,NA,36.35632742,1.78343068,908.289017,234.7191003
Pal15C_irr,DAN_021,NA,NA,NA,NA,41.76668328,1.783656556,980.9103338,216.5665229
Pal15C_irr,DAN_022,NA,NA,NA,NA,39.95980638,1.782300911,1339.526162,235.9186574
Pal15C_irr,DAN_023,NA,NA,NA,NA,37.74836526,1.771004644,1074.977571,234.0421834
Pal15C_irr,DAN_024,NA,NA,NA,NA,37.07565096,1.775388209,1416.067004,234.9381928
Pal15C_irr,DAN_025,NA,NA,NA,NA,35.93748348,1.792458195,1006.171245,235.0920816
Pal15C_irr,DAN_027,NA,NA,NA,NA,39.7290794,1.787156881,1314.431294,235.398522
Pal15C_irr,DAN_028,NA,NA,NA,NA,36.0452902,1.780329355,1068.877123,235.9657843
Pal15C_irr,DAN_029,NA,NA,NA,NA,39.60791097,1.776486953,1466.813686,234.3818015
Pal15C_irr,DAN_030,NA,NA,NA,NA,32.18774376,2.523180212,1011.132845,291.2946809
Pal15C_irr,DAN_031,NA,NA,NA,NA,35.27204122,1.78533507,750.0307797,234.5506663
Pal15C_irr,DAN_032,NA,NA,NA,NA,35.13540761,1.783956096,1072.530532,235.8367949
Pal15C_irr,DAN_033,NA,NA,NA,NA,36.28048161,1.770599434,1470.159691,233.9839544
Pal15C_irr,DAN_037,NA,NA,NA,NA,42.09027449,1.459914248,930.6670028,215.0999565
Pal15C_irr,DAN_047,NA,NA,NA,NA,45.34072711,1.476736082,743.7012695,215.9699107
Pal15C_irr,DAN_054,NA,NA,NA,NA,41.31500864,1.469633156,1108.257713,216.850255
Pal15C_irr,DAN_059,NA,NA,NA,NA,37.34750056,1.785021655,1046.689864,238.7891441
Pal15C_irr,DAZ_004,NA,NA,NA,NA,39.58051342,1.46321526,1027.504175,215.5925213
Pal15C_irr,DAZ_005,NA,NA,NA,NA,40.28916558,1.472153348,1201.1411,215.6117696
Pal15C_irr,DIACOL_CALIMA,NA,NA,NA,NA,37.07245379,1.459983722,776.3415593,218.3566139
Pal15C_irr,DOR_364,NA,NA,NA,NA,18.44494624,1.472025593,1728.012776,215.0807775
Pal15C_irr,DOR_390,NA,NA,NA,NA,17.58836753,1.456145172,1992.206929,219.0804789
Pal15C_irr,DRK_149,NA,NA,NA,NA,42.7376213,1.46455181,1443.201762,223.0902324
Pal15C_irr,G4523,NA,NA,NA,NA,36.84398856,1.070558243,1290.071186,193.3098355
Pal15C_irr,ICA_CALIMA,NA,NA,NA,NA,35.65222132,1.470247564,1010.128648,215.2756558
Pal15C_irr,KAT_B1,NA,NA,NA,NA,30.36005325,1.469755935,1110.794568,217.3956277
Pal15C_irr,KAT_B9,NA,NA,NA,NA,30.59100249,1.7765881,1146.983315,236.0722711
Pal15C_irr,LPA_071,NA,NA,NA,NA,32.51206501,1.467606195,924.0388148,214.0463695
Pal15C_irr,LPA_111,NA,NA,NA,NA,38.07038049,1.46585507,1131.92198,215.4316166
Pal15C_irr,LPA_122,NA,NA,NA,NA,25.7961916,1.4671136,295.5575172,215.9502211
Pal15C_irr,LPA_146,NA,NA,NA,NA,36.99426759,1.475179811,758.642106,215.7961695
Pal15C_irr,LPA_164,NA,NA,NA,NA,47.03291299,1.464084784,1457.901534,215.1750629
Pal15C_irr,LPA_406,NA,NA,NA,NA,31.30458413,1.453006775,756.3666637,214.496447
Pal15C_irr,LPA_426,NA,NA,NA,NA,34.85330532,1.785027669,472.0225831,214.0645662
Pal15C_irr,LPA_435,NA,NA,NA,NA,44.3856404,1.464260708,888.6861107,214.7851626
Pal15C_irr,LPA_467,NA,NA,NA,NA,38.48980962,1.456457242,1147.623593,214.297821
Pal15C_irr,LPA_499,NA,NA,NA,NA,39.05054535,1.467043655,1307.662505,215.8596905
Pal15C_irr,LPA_512,NA,NA,NA,NA,42.9113334,1.48017512,1806.510618,216.60589
Pal15C_irr,LPA_530,NA,NA,NA,NA,33.68193998,1.465537795,1044.157346,216.0475121
Pal15C_irr,LPA_546,NA,NA,NA,NA,36.37627573,1.468074559,1056.191785,215.4087141
Pal15C_irr,LPA_566,NA,NA,NA,NA,42.83251398,1.473302253,1731.132701,215.6403521
Pal15C_irr,LPA_568,NA,NA,NA,NA,35.15270945,1.480786363,1216.259804,218.500385
Pal15C_irr,LPA_573,NA,NA,NA,NA,33.32715927,1.468997137,1229.18066,219.1951437
Pal15C_irr,LPA_610,NA,NA,NA,NA,38.7748286,1.458974434,1189.206966,215.3982154
Pal15C_irr,LPA_643,NA,NA,NA,NA,31.89051142,1.788344112,1019.427256,217.6028092
Pal15C_irr,LPA_714,NA,NA,NA,NA,40.3025771,1.462609995,1202.752693,217.3879072
Pal15C_irr,LPA_732,NA,NA,NA,NA,40.51412303,1.457810013,1280.906804,215.18734
Pal15C_irr,LPA_736,NA,NA,NA,NA,39.28877962,1.490085185,1255.47431,216.2894781
Pal15C_irr,LPA_770,NA,NA,NA,NA,40.63528047,1.468138775,1330.975843,215.7759868
Pal15C_irr,LPA_771,NA,NA,NA,NA,32.601907,1.467081314,1183.95593,215.2322498
Pal15C_irr,LPA_772,NA,NA,NA,NA,29.7085295,1.462091159,1566.638473,215.7714219
Pal15C_irr,LPA_773,NA,NA,NA,NA,40.12998183,1.466405193,1177.852102,214.9584686
Pal15C_irr,LPA_774,NA,NA,NA,NA,40.9495097,1.456025318,1035.855758,215.7312558
Pal15C_irr,LPA_775,NA,NA,NA,NA,38.98804681,1.451701191,1435.047442,214.4371854
Pal15C_irr,LPA_776,NA,NA,NA,NA,36.21959544,1.468115862,1099.204077,215.2097024
Pal15C_irr,LPA_777,NA,NA,NA,NA,36.31973193,1.455297182,1457.730848,214.2792122
Pal15C_irr,LPA_778,NA,NA,NA,NA,40.81778753,1.465209658,933.9342671,215.0942514
Pal15C_irr,LYAMUNGO_85,NA,NA,NA,NA,32.00527778,1.780057831,588.7263673,234.9144246
Pal15C_irr,MAZ_021,NA,NA,NA,NA,35.88752078,1.455958155,1264.561712,214.8750474
Pal15C_irr,MAZ_032,NA,NA,NA,NA,36.08003027,1.484026748,854.1406897,216.2733392
Pal15C_irr,MAZ_048,NA,NA,NA,NA,28.72355279,1.452953634,777.7647743,215.2801784
Pal15C_irr,NATAL_SUGAR,NA,NA,NA,NA,28.19130549,1.456401632,805.4731741,214.2328964
Pal15C_irr,NDZ_002,NA,NA,NA,NA,42.72553321,1.457669712,793.6352353,214.7195251
Pal15C_irr,NDZ_008,NA,NA,NA,NA,35.09563627,1.4641783,904.464312,214.5091986
Pal15C_irr,NDZ_012,NA,NA,NA,NA,34.39840654,1.460549745,1289.800804,214.28836
Pal15C_irr,NUA_035,NA,NA,NA,NA,41.26638818,1.805749947,1083.890697,237.8994844
Pal15C_irr,NUA_184,NA,NA,NA,NA,34.79190008,1.77930698,603.986616,234.7018713
Pal15C_irr,NUA_230,NA,NA,NA,NA,29.56540234,1.821460213,499.3098628,240.5804169
Pal15C_irr,NUA_291,NA,NA,NA,NA,32.65709382,1.783682327,685.5455892,235.0664458
Pal15C_irr,NUA_365,NA,NA,NA,NA,40.75756767,1.778697645,1002.321049,235.3498724
Pal15C_irr,NUA_368,NA,NA,NA,NA,44.53346895,1.779768765,1096.882717,234.5186892
Pal15C_irr,NUA_398,NA,NA,NA,NA,40.04146805,1.780691694,661.7623797,235.3112194
Pal15C_irr,NUA_430,NA,NA,NA,NA,37.61904993,1.467580166,1107.751302,216.1304594
Pal15C_irr,NUA_520,NA,NA,NA,NA,35.45253621,1.791944221,920.1018017,235.7237238
Pal15C_irr,NUA_537,NA,NA,NA,NA,40.93227425,1.787798861,1124.462353,236.2281435
Pal15C_irr,PVA_773,NA,NA,NA,NA,29.95706149,1.467270714,1087.302569,214.2871738
Pal15C_irr,RAA_021,NA,NA,NA,NA,32.14186243,1.780749264,1219.657407,235.3847287
Pal15C_irr,RAA_030,NA,NA,NA,NA,36.25525398,1.789395112,1685.782385,234.2578738
Pal15C_irr,RAA_034,NA,NA,NA,NA,31.27808199,1.288607115,1030.56374,206.0953595
Pal15C_irr,RED_CANADIAN_WONDER,NA,NA,NA,NA,24.86740691,1.462257571,1115.108595,214.3815061
Pal15C_irr,RMA_072,NA,NA,NA,NA,33.78333794,1.775397055,1088.721123,234.8859816
Pal15C_irr,RMX_019,NA,NA,NA,NA,33.61883024,1.786256174,752.2402732,217.5349642
Pal15C_irr,RMX_020,NA,NA,NA,NA,30.01828432,1.464267374,760.4532837,217.4175902
Pal15C_irr,SAA_015,NA,NA,NA,NA,38.47206865,1.782293278,1199.593587,235.1114002
Pal15C_irr,SAA_017,NA,NA,NA,NA,37.57955713,1.460429206,1314.669808,214.7493157
Pal15C_irr,SAA_020,NA,NA,NA,NA,37.04044682,1.459261327,1215.11004,215.988045
Pal15C_irr,SAA_021,NA,NA,NA,NA,38.70618579,1.460747864,1296.811477,215.1443349
Pal15C_irr,SAB_259,NA,NA,NA,NA,30.71107829,1.779556618,1255.000535,234.7676288
Pal15C_irr,SAB_516,NA,NA,NA,NA,39.00122742,1.461302993,1178.138181,216.788567
Pal15C_irr,SAB_560,NA,NA,NA,NA,36.6800868,1.041078738,1420.405744,191.5885856
Pal15C_irr,SAB_568,NA,NA,NA,NA,35.36691889,1.46291383,1302.453427,217.2126991
Pal15C_irr,SAB_576,NA,NA,NA,NA,36.23952936,1.476802746,919.9725333,215.1137282
Pal15C_irr,SAB_659,NA,NA,NA,NA,38.6077156,1.143994778,1353.77595,197.8073988
Pal15C_irr,SAB_686,NA,NA,NA,NA,36.2415749,1.050431922,1447.343906,191.8519389
Pal15C_irr,SAB_711,NA,NA,NA,NA,32.97113035,1.463922173,1288.467805,215.5136441
Pal15C_irr,SAB_712,NA,NA,NA,NA,34.77147103,1.806339387,1219.259076,238.5764061
Pal15C_irr,SAP_001-16,NA,NA,NA,NA,42.02438199,1.799345208,1506.675347,237.8342619
Pal15C_irr,SEF_060,NA,NA,NA,NA,24.20751751,1.493792635,1688.598394,219.6622912
Pal15C_irr,SEN_056,NA,NA,NA,NA,25.61533785,1.482159923,2507.961649,220.2893483
Pal15C_irr,SEQ_1003,NA,NA,NA,NA,33.67928938,1.162133025,1534.829708,197.7250533
Pal15C_irr,SEQ_1004,NA,NA,NA,NA,37.7282624,1.463467337,1597.891218,215.4009825
Pal15C_irr,SEQ_1006,NA,NA,NA,NA,42.32526203,1.467703917,1625.232113,215.9696837
Pal15C_irr,SEQ_1027,NA,NA,NA,NA,31.61810056,1.461396754,1483.430987,214.7674212
Pal15C_irr,SER_118,NA,NA,NA,NA,24.36822652,1.46075382,2012.050208,218.6167631
Pal15C_irr,SUG_131,NA,NA,NA,NA,35.49476682,1.779679606,999.8910176,234.7760216
Pal15C_irr,TIO_CANELA_75,NA,NA,NA,NA,18.187009,1.035438947,1730.927356,194.6765752
Pal16C_drt,ACC_002,32.76063946,0.43393787,62.3738953,0.327641603,25.6139254,1.828995955,1277.903318,142.0282036
Pal16C_drt,ACC_003,33.24116499,0.43061622,62.48692821,0.323355413,32.51712047,1.818065398,1559.716807,139.4696477
Pal16C_drt,ACC_004,33.18346358,0.430152917,62.33021934,0.323552185,36.66312517,1.820732592,1614.003748,139.3847097
Pal16C_drt,ACC_005,32.35826684,0.530663468,62.60436847,0.394847092,32.52452415,2.227235848,1238.627643,167.4720416
Pal16C_drt,ACC_007,32.52637142,0.43253694,62.79348487,0.323830802,30.33704937,1.822130951,1371.194522,139.1131156
Pal16C_drt,ACC_008,32.98466178,0.434765451,62.82970414,0.329095765,33.03919097,1.832813515,1715.745292,141.7367578
Pal16C_drt,ACC_009,33.22323013,0.529444007,61.73336287,0.324277829,27.86578841,1.824086665,1284.434183,140.3451772
Pal16C_drt,ACC_010,33.59732157,0.434756923,63.10339557,0.325416138,32.14191437,1.826440209,1445.409359,140.7338421
Pal16C_drt,ACC_011,33.52377877,0.432381439,62.65748778,0.325247959,29.03862717,1.826296584,1512.23811,139.9665067
Pal16C_drt,ACC_012,33.04872752,0.430223108,62.05269574,0.324083471,33.13757342,1.820954958,1415.573681,139.5810136
Pal16C_drt,ACC_014,33.29074251,0.430506462,62.69820754,0.325131316,26.43923326,1.820621666,1230.96295,141.0061683
Pal16C_drt,ACC_017,33.26377547,0.429772389,62.33400721,0.320929035,32.43272554,1.810297125,1641.025492,138.1816063
Pal16C_drt,ACC_018,33.49540726,0.432200744,62.50817411,0.324697548,27.649423,1.82293882,1492.998164,139.6716338
Pal16C_drt,ACC_022,33.40178963,0.431341244,62.45573826,0.324469301,28.68724726,1.820343444,1413.387503,139.42568
Pal16C_drt,ACC_023,33.5615309,0.431979281,62.32232151,0.322404996,38.90881353,1.817963223,1481.661026,138.6698599
Pal16C_drt,ACC_024,33.44775055,0.429634118,62.71647151,0.322967282,29.00506437,1.817060548,1714.252905,139.4367847
Pal16C_drt,ACC_025,32.44040815,0.435222412,62.24739332,0.325314324,24.70012448,1.821256158,1066.657239,168.4410636
Pal16C_drt,ACC_026,33.48469722,0.431736314,62.61668385,0.324235365,35.09757695,1.820416473,1620.370011,139.3359868
Pal16C_drt,ACC_027,33.08306316,0.430416606,62.41626426,0.324784396,30.69787851,1.82619149,1180.569913,140.1325109
Pal16C_drt,ACC_028,32.90488484,0.4340078,63.00322419,0.326007067,27.13891774,1.828371622,1393.255208,140.0969214
Pal16C_drt,ACC_029,32.49516982,0.43218043,62.84645596,0.324469215,33.49502107,1.826092697,1373.766093,139.4510342
Pal16C_drt,ACC_030,33.51164067,0.431498212,62.57628189,0.324155947,35.64861617,1.818716488,1470.489496,139.8285839
Pal16C_drt,ACC_031,33.12806196,0.432262572,62.71877694,0.324616192,36.14956989,1.823802559,1586.168801,139.8037111
Pal16C_drt,AFR_298,33.27884541,0.308139859,62.63235462,0.236228451,34.75543897,1.3007692,1787.612683,106.331459
Pal16C_drt,AFR_619,32.39501347,0.745088314,62.78081195,0.323642071,24.33012184,1.821035159,494.2080438,139.456493
Pal16C_drt,AFR_722,33.69987147,0.335524138,62.60495312,0.233257891,27.47098675,1.299175306,1161.853915,105.2846009
Pal16C_drt,AFR_735,33.39229785,0.431637915,62.08291899,0.321920934,30.70322733,1.811495995,1472.466082,138.3237287
Pal16C_drt,AMADEUS,35.22793672,0.749356626,62.50364387,0.326708586,19.18626087,1.827499174,2015.042009,141.1330447
Pal16C_drt,BRB_191,32.36343542,0.526775089,62.80525709,0.326488303,29.89789509,1.837541322,603.8839847,141.184476
Pal16C_drt,BRB_198,33.2562461,0.746030538,62.74579562,0.324833015,31.62411296,1.819235016,916.9788785,140.0698835
Pal16C_drt,BRB_215,32.44077091,0.430260347,62.84800481,0.322100766,32.65632166,1.809395269,1349.196738,138.5622837
Pal16C_drt,BRB_264,33.19140281,0.43154261,62.7514702,0.324141759,25.42084328,1.821763218,940.3452618,139.6347436
Pal16C_drt,CAL_096,33.44172476,0.309209775,62.59522651,0.234280316,33.97362107,1.305077935,1440.615069,106.5303652
Pal16C_drt,CAL_143,33.25955369,0.309471204,62.24276027,0.237151648,25.09360103,1.434823294,994.3272905,107.0648121
Pal16C_drt,CMB_004,32.42905675,0.528141783,62.30226822,0.324746185,28.5335438,1.815479026,855.408528,139.9426316
Pal16C_drt,CMB_006,33.50597076,0.528888683,62.56928739,0.395319517,27.49066515,1.815060149,1395.903278,139.7671845
Pal16C_drt,CMB_010,32.68856226,0.527284242,62.6022348,0.323945037,31.32524671,1.816309286,1165.54885,139.9007712
Pal16C_drt,CMB_012,33.3635276,0.436680909,62.86468765,0.32953825,31.52332913,1.84954107,1046.927414,142.0512393
Pal16C_drt,CMB_014,33.72595055,0.434382137,62.50395057,0.325363382,27.45853015,1.82488564,938.6799533,140.3428122
Pal16C_drt,CMB_016,33.19161326,0.434523576,62.64639833,0.323747675,30.92990179,1.826081038,1196.09193,140.190298
Pal16C_drt,CMB_018,33.11356811,0.434501075,62.66975701,0.326083295,32.72791004,1.824640927,803.6394035,142.0473677
Pal16C_drt,CMB_025,33.09324589,0.43417209,63.07473887,0.326504532,36.68943837,1.825524078,1340.117564,141.1488665
Pal16C_drt,CMB_036,33.24558212,0.529191292,62.04561619,0.39518113,30.21756596,1.821683797,791.7920817,139.842354
Pal16C_drt,CMB_043,32.84213925,0.431833358,62.35368522,0.323814214,29.46853387,1.818244293,1210.830991,139.7437809
Pal16C_drt,CMB_045,33.48902847,0.432569858,62.4421348,0.326214004,37.79212942,1.82316846,1080.126692,141.4389891
Pal16C_drt,CMB_050,33.24557615,0.744748708,62.1496747,0.32622878,29.56346154,1.830577871,995.500089,140.7629749
Pal16C_drt,CMB_057,32.66840196,0.531984084,63.01805087,0.325352263,36.28339862,1.830052123,1137.880891,140.5365604
Pal16C_drt,CMB_073,32.83781586,0.431851244,62.31141054,0.324088995,26.11672066,1.821592627,1111.493765,139.5417323
Pal16C_drt,CMB_080,32.12888203,0.432956566,62.36839995,0.323939567,24.13868374,1.820813653,1086.9566,139.9325977
Pal16C_drt,CMB_095,33.63709991,0.433294672,62.01514067,0.32607974,31.26881341,1.822925101,845.1955516,141.7710602
Pal16C_drt,CMB_103,32.37843071,0.437028175,62.35869905,0.324726479,30.31853023,1.833098765,760.1083329,140.5836979
Pal16C_drt,CMB_105,32.75393102,0.437079198,62.62116995,0.327611174,34.50589897,1.827161729,1097.574038,141.6657896
Pal16C_drt,COS_016,32.63014926,0.431370499,62.00159497,0.323031835,23.00548624,1.810439845,1304.831868,139.7412714
Pal16C_drt,DAA_001,32.08031975,0.432316199,62.12146325,0.325537464,22.75520586,1.826264299,1142.726344,140.278663
Pal16C_drt,DAA_002,33.19051544,0.433415718,62.79736941,0.325247746,38.56977313,1.825391851,1958.664348,139.9962223
Pal16C_drt,DAA_003,33.56997504,0.433492011,62.77201498,0.322372441,32.93219348,1.822698031,1851.171388,138.7228776
Pal16C_drt,DAA_004,32.70867088,0.434382699,63.15880131,0.395616681,27.61902335,1.821792151,1305.50577,140.0833526
Pal16C_drt,DAA_005,32.61177613,0.432703231,62.04394178,0.324023206,29.74558945,1.820792612,1817.882593,139.2216453
Pal16C_drt,DAA_006,32.55566427,0.432245324,62.34259935,0.32342539,27.26487534,1.819484413,2147.118668,139.0871682
Pal16C_drt,DAA_007,31.85360564,0.52762984,62.14615618,0.324800681,35.39417361,1.821685954,2079.298455,166.9384461
Pal16C_drt,DAA_008,32.70506313,0.431751923,62.3850961,0.322447881,29.89308779,1.811516717,1541.245412,139.0996091
Pal16C_drt,DAA_009,33.13623929,0.4322431,62.69952754,0.324685195,32.0536884,1.824877682,1816.823955,139.7704081
Pal16C_drt,DAA_010,33.21278197,0.435779282,62.17763146,0.326424125,30.92573378,1.82256233,1556.038176,140.6317807
Pal16C_drt,DAA_011,32.71147528,0.432398122,62.31739242,0.323865081,33.42764482,2.226235027,1415.85608,167.8647032
Pal16C_drt,DAA_012,32.5117053,0.43316586,62.22734869,0.32556327,34.54739929,1.820429669,1972.014655,140.4243197
Pal16C_drt,DAA_013,33.00682391,0.432874545,62.38839038,0.323609706,35.5482757,1.822122593,1926.486803,139.2393274
Pal16C_drt,DAA_014,32.80365256,0.433681413,62.21674299,0.325703069,37.11298386,1.831679888,1863.082099,140.1824668
Pal16C_drt,DAA_015,33.04409041,0.434345995,62.12628616,0.324880828,33.1878655,1.823436892,1792.609268,140.4006289
Pal16C_drt,DAA_016,32.86797214,0.432427233,62.68864984,0.325744984,30.34203004,1.82035929,2222.923918,140.6793792
Pal16C_drt,DAA_018,32.83341468,0.431960031,62.72686561,0.323304549,33.10432314,1.817169409,1836.346505,138.8041992
Pal16C_drt,DAA_021,32.66808201,0.433723107,62.38592628,0.325818697,38.54383733,1.827035196,1723.123459,141.1872739
Pal16C_drt,DAA_024,32.92310904,0.432666478,62.52930514,0.324747547,29.46269687,1.826025454,1768.633989,139.7222931
Pal16C_drt,DAA_027,33.18926067,0.430920479,62.77891012,0.321906247,36.4771661,1.812304161,1548.721272,138.6580416
Pal16C_drt,DAA_029,33.10983442,0.431543195,62.73981284,0.323275443,35.13174256,1.816440717,1424.046843,138.9849807
Pal16C_drt,DAA_041,32.58752313,0.433530584,62.40710158,0.325605834,32.94982127,1.835172644,1588.097793,140.1078471
Pal16C_drt,DAA_044,32.79397254,0.430012687,62.51869997,0.324007965,30.19579846,1.824486093,1694.154548,139.7742407
Pal16C_drt,DAA_045,32.72156186,0.432653957,62.33041516,0.326121924,38.75257479,1.829923546,1756.508855,140.9186779
Pal16C_drt,DAA_049,33.52194986,0.433384119,62.9993079,0.330110154,30.5487179,1.84200684,1956.596246,142.268385
Pal16C_drt,DAA_051,33.48147869,0.433118914,62.86858642,0.323914442,31.03189941,1.824909535,1735.4064,139.8892764
Pal16C_drt,DAA_052,32.33519819,0.432267712,63.17100495,0.324249097,36.33295478,1.819017954,1742.589039,139.5495164
Pal16C_drt,DAA_059,32.64993743,0.433360417,62.72514512,0.324739286,30.09498288,1.827985803,1760.665822,140.0278728
Pal16C_drt,DAA_060,32.3250049,0.43349393,62.41321213,0.325157632,36.47868042,1.829816907,1849.534041,140.2357991
Pal16C_drt,DAA_062,32.73172501,0.429993933,62.71420805,0.323167454,34.33762993,1.815143877,1839.494695,139.2553287
Pal16C_drt,DAA_065,32.24917173,0.527391929,62.10744603,0.3942658,34.21554048,1.832953224,1670.365849,140.3794612
Pal16C_drt,DAA_078,32.88063715,0.431746094,62.3414884,0.324812842,35.46135566,1.815025454,2325.829504,140.0080326
Pal16C_drt,DAA_081,32.91626858,0.431114791,62.94416094,0.323690572,34.27615112,1.818503629,1628.545882,139.5991736
Pal16C_drt,DAA_086,32.42704453,0.433618479,62.75922175,0.32412247,29.92876126,1.822464033,1786.791644,139.8328828
Pal16C_drt,DAA_091,32.82089082,0.43453318,62.53587514,0.327025384,29.47124161,1.830386736,1812.908856,140.9111606
Pal16C_drt,DAA_094,33.62328862,0.432419109,62.12061667,0.323797861,34.25514214,1.819133227,2001.49872,139.1031189
Pal16C_drt,DAA_096,32.74392921,0.430784952,62.18932068,0.323255145,33.78330051,1.811473299,1987.486791,139.1636841
Pal16C_drt,DAA_098,33.16567669,0.430965486,62.34181391,0.323354082,40.52480639,1.812184049,2090.193719,139.225383
Pal16C_drt,DAA_100,32.45754237,0.432024642,63.02775445,0.324171411,39.86376492,1.814880651,2083.155573,139.5286501
Pal16C_drt,DAA_111,32.81633924,0.435423478,62.80224718,0.326969618,25.76765629,1.832260048,1270.99779,140.9253018
Pal16C_drt,DAA_112,32.64261726,0.432281614,63.09112359,0.323987523,31.1194535,1.82135351,1404.570396,139.698509
Pal16C_drt,DAA_113,32.49703112,0.431431253,62.98607349,0.323822988,32.67557279,1.81803873,1366.6636,139.8115678
Pal16C_drt,DAA_114,33.65357866,0.431848246,62.67791352,0.323900613,28.6738282,1.817498436,1377.973077,139.6338093
Pal16C_drt,DAA_115,32.20637757,0.431763447,62.35930946,0.323140257,26.45600489,1.819375055,1053.232759,139.1079708
Pal16C_drt,DAA_116,33.80903605,0.529010791,62.22452557,0.324415398,29.84375117,1.820888766,1297.172997,139.8998859
Pal16C_drt,DAA_117,32.23112978,0.74314463,62.62863924,0.32260505,22.75178952,1.810426149,992.1319579,138.709201
Pal16C_drt,DAA_118,33.04428581,0.527354004,62.73644,0.326282386,28.66116485,1.828714233,1146.771762,140.9748205
Pal16C_drt,DAA_119,32.12618218,0.430813712,63.15652712,0.323274175,30.97654325,1.814879663,1558.444462,138.9974359
Pal16C_drt,DAA_120,33.36854206,0.43451624,62.76495857,0.326531335,31.31693175,1.839457544,1521.742585,141.1028405
Pal16C_drt,DAA_121,33.12185301,0.431074313,62.86001122,0.32509981,32.40224943,1.822780136,1427.975471,140.522204
Pal16C_drt,DAA_122,32.8293641,0.432945928,62.46282754,0.325070153,33.38108188,1.829242274,2260.267165,139.9000425
Pal16C_drt,DAA_123,32.78814745,0.432114341,62.34360833,0.325003579,29.59325504,1.823685686,1697.126678,139.9816206
Pal16C_drt,DAA_124,32.69844787,0.431980469,62.83750814,0.324702131,32.53052548,1.822148291,1615.983166,140.0094981
Pal16C_drt,DAA_125,33.15562408,0.433292286,62.79617042,0.323996017,33.02084254,1.819913172,1603.409581,139.2714561
Pal16C_drt,DAA_126,32.54066338,0.432386169,62.4216401,0.323680539,27.56949467,1.821248778,1727.810323,139.3817694
Pal16C_drt,DAA_142,33.14017503,0.430974484,62.99431501,0.32115255,35.2755066,2.217793347,1562.610985,166.5879453
Pal16C_drt,DAA_145,33.11452403,0.431542382,63.04223129,0.324978351,31.97202918,1.816169591,1723.842202,139.7768863
Pal16C_drt,DAA_148,32.90938378,0.433368045,62.61096181,0.32474038,35.06908692,1.826153006,1869.733712,139.8232996
Pal16C_drt,DAA_151,32.62306503,0.433312807,62.4444659,0.32347509,38.20815424,1.821079674,1656.818948,139.2769876
Pal16C_drt,DAA_153,32.4277609,0.430811635,62.09913512,0.321754137,33.98817448,1.810002725,1877.585816,138.1415449
Pal16C_drt,DAA_154,33.06600099,0.432432166,62.63551269,0.323683112,28.71338168,1.82157435,1624.033835,139.4702978
Pal16C_drt,DAA_155,32.28620145,0.532949145,62.45537495,0.325283677,30.1422155,1.822120925,1569.297179,140.4703765
Pal16C_drt,DAA_159,32.75002749,0.430879655,63.05415734,0.322957298,33.52654147,1.812609195,1544.851971,138.9172895
Pal16C_drt,DAA_164,32.98679185,0.431879124,62.47920885,0.323144468,37.62954033,1.818473088,1531.150392,139.3723303
Pal16C_drt,DAA_166,33.34948622,0.43444136,62.68872283,0.324750926,41.02012709,1.822547257,1823.212189,139.7039075
Pal16C_drt,DAA_173,33.44204588,0.43657753,62.37932411,0.327328671,27.47265467,1.84255022,1526.321377,141.419043
Pal16C_drt,DAA_175,33.26420475,0.438083178,62.88991103,0.324602414,31.68553029,1.836798147,1776.389818,139.3463789
Pal16C_drt,DAB_049,32.82041931,0.430404933,61.98200483,0.322437137,23.94844401,1.818861039,1837.708857,138.3968004
Pal16C_drt,DAB_052,32.10117971,0.433933244,62.51502534,0.325646682,21.67857789,1.823834605,2009.194927,140.7042257
Pal16C_drt,DAB_053,32.19580747,0.431405205,62.86627334,0.323272945,37.85915093,1.815927267,1726.174974,139.0576747
Pal16C_drt,DAB_062,32.77922602,0.432640781,62.76236402,0.325301587,32.53266638,1.835758142,1925.24991,140.4956147
Pal16C_drt,DAB_064,33.67102806,0.433107135,62.32967472,0.323052121,32.65684511,1.823678769,1781.441712,139.6288282
Pal16C_drt,DAB_065,33.10918512,0.434090765,62.78231645,0.324180527,33.45080869,1.822905319,1454.253889,139.5418154
Pal16C_drt,DAB_066,33.47040992,0.432245735,62.53925042,0.324544575,35.3519658,1.825586851,1577.234414,139.528606
Pal16C_drt,DAB_084,33.14870023,0.43187151,62.75736134,0.327274661,24.85874314,1.819834535,1694.318519,141.3078138
Pal16C_drt,DAB_090,32.53628018,0.431243791,62.68235584,0.323127216,21.6520986,1.817603101,1230.08628,139.0521752
Pal16C_drt,DAB_105,31.99921414,0.528742486,62.76609979,0.322926766,25.7546324,1.813750932,1269.449923,139.4484723
Pal16C_drt,DAB_106,32.70183301,0.432829491,62.52754397,0.325361617,26.44048599,1.825847999,1568.841356,139.9755288
Pal16C_drt,DAB_109,33.26380905,0.433082459,62.70075505,0.324960833,30.19524451,1.820572341,1708.955389,139.554197
Pal16C_drt,DAB_150,32.25519825,0.432722443,62.27495685,0.32416529,24.76230078,1.81887409,1687.152847,139.8824428
Pal16C_drt,DAB_187,34.1133461,0.433494362,62.32206503,0.325453378,25.37256216,1.834424512,1577.430559,139.9924955
Pal16C_drt,DAB_231,33.1346756,0.43041025,62.7735164,0.322390404,34.71781485,1.814016129,1987.234689,139.1142313
Pal16C_drt,DAB_233,33.28293684,0.431350843,62.0743132,0.324500596,30.71248839,1.81536115,1668.920474,140.2328495
Pal16C_drt,DAB_236,32.95576384,0.432624433,62.37676297,0.323868883,32.02567475,1.823930128,1712.611196,139.7826114
Pal16C_drt,DAB_244,32.86203881,0.434253733,62.36382086,0.327055724,31.42590023,1.830110207,1645.839894,140.9496238
Pal16C_drt,DAB_251,32.8706427,0.307406328,62.62653553,0.233669985,31.06564339,1.300261853,1861.79294,105.286274
Pal16C_drt,DAB_252,32.51599264,0.432271262,62.04748039,0.324485739,36.2285923,1.823811378,1506.63554,139.3355966
Pal16C_drt,DAB_256,33.16716746,0.432019287,62.47139668,0.324473029,34.85869233,1.820970942,1693.01512,139.5882933
Pal16C_drt,DAB_258,33.14265484,0.435045757,62.42721757,0.324376737,29.85096285,1.827749601,1525.647242,139.417149
Pal16C_drt,DAB_267,31.95802371,0.430909463,62.15134058,0.323945855,32.81533683,1.825354727,1441.801275,139.4778087
Pal16C_drt,DAB_277,32.30551915,0.433058784,62.46584696,0.325588653,34.0228457,1.826824797,1999.500405,140.2697125
Pal16C_drt,DAB_295,32.80765459,0.3065448,62.53576699,0.233341691,34.11788482,1.290438419,1985.580357,105.2943407
Pal16C_drt,DAB_302,33.19841335,0.434435012,62.67182538,0.327213742,35.78362192,1.827529861,2115.922052,140.8057132
Pal16C_drt,DAB_317,32.79110263,0.430850132,62.50546352,0.322965494,31.16641802,1.81712753,1731.92931,139.2761826
Pal16C_drt,DAB_344,33.4329682,0.432622085,62.74910952,0.322878796,24.61678736,1.822780255,1322.786524,138.851191
Pal16C_drt,DAB_353,32.91951239,0.432520755,62.70736338,0.323142881,25.57502403,1.821193786,1469.281229,139.230715
Pal16C_drt,DAB_366,32.86461783,0.432676283,62.84541196,0.32366409,33.69153827,1.821440943,1889.271047,139.0807823
Pal16C_drt,DAB_374,33.53181012,0.434195973,62.1391089,0.325990488,28.77712441,1.827565126,1879.287622,140.2183365
Pal16C_drt,DAB_380,33.04090884,0.431555657,62.68036606,0.325361845,32.58922561,1.814079116,1859.889526,140.657827
Pal16C_drt,DAB_384,32.89069021,0.432758236,62.31489379,0.323060916,29.4486911,1.824379816,1247.455413,139.0797477
Pal16C_drt,DAB_396,32.19457138,0.434910621,62.93878785,0.324198933,31.28611074,1.830830742,1877.55931,139.8624991
Pal16C_drt,DAB_398,32.92323109,0.433340169,63.02627718,0.325408415,30.05982064,1.82291554,1899.235849,140.367107
Pal16C_drt,DAB_402,32.84127214,0.432823387,62.79743063,0.324926697,35.64137109,1.823393203,1818.005868,139.4563219
Pal16C_drt,DAB_441,32.3083182,0.433261234,62.59395482,0.325724597,30.16140494,1.822780259,2163.257724,140.1296416
Pal16C_drt,DAB_489,32.90154669,0.433260306,62.78911064,0.325550254,31.70601744,1.819847719,2162.326623,140.3924714
Pal16C_drt,DAB_494,32.86577277,0.307696392,63.03317421,0.234254804,32.77464288,1.301440344,1911.933376,105.6951447
Pal16C_drt,DAB_514,32.69647235,0.433878371,62.87908667,0.327232533,33.11090916,1.835001673,2037.865,141.35339
Pal16C_drt,DAB_520,32.99665816,0.432765788,62.03485413,0.324960925,33.02365294,1.821840149,1760.623607,139.3683642
Pal16C_drt,DAB_525,33.25584197,0.433997702,63.37784449,0.326193667,29.48912061,1.827255673,2057.328112,140.1813064
Pal16C_drt,DAB_528,32.96188605,0.432374652,62.7596273,0.322706485,27.40917223,1.818066083,1396.293364,140.103256
Pal16C_drt,DAB_534,32.45142841,0.431937759,63.1504533,0.324453877,34.0081115,1.818721214,1908.589411,139.6288131
Pal16C_drt,DAB_541,33.2317215,0.431851844,62.73177875,0.323548765,31.77150038,1.821055943,2056.323695,139.1257796
Pal16C_drt,DAB_545,32.89030008,0.4326251,62.89168981,0.323097596,31.94904207,1.820580986,1993.72897,139.3797418
Pal16C_drt,DAB_549,32.80752498,0.430494752,62.44908332,0.323530533,30.91246277,1.814917862,1758.50243,139.4979744
Pal16C_drt,DAB_555,33.71597523,0.433401297,62.59010161,0.325579165,30.67717467,1.826201287,1921.665629,140.2516607
Pal16C_drt,DAB_568,33.43695814,0.429887514,62.97981235,0.323462025,34.8163283,1.817613374,1892.892477,139.3305118
Pal16C_drt,DAB_569,34.381332,0.432122946,62.84767425,0.325530495,33.51871117,1.827161682,1661.591332,140.4177564
Pal16C_drt,DAB_570,33.14762916,0.433052041,62.39473571,0.323944081,31.42032476,1.822054881,1252.720848,139.375487
Pal16C_drt,DAB_571,32.9323455,0.743256077,62.6847697,0.394651422,38.69234585,1.818437253,1648.376234,139.4785326
Pal16C_drt,DAB_572,32.70599222,0.434852722,62.82604851,0.327234306,29.43061623,1.841495684,1289.909814,141.212048
Pal16C_drt,DAB_573,33.27066487,0.434085715,62.17794906,0.324110559,30.00056684,1.823863999,1262.782224,140.0207555
Pal16C_drt,DAB_574,33.2995866,0.527773039,63.14697961,0.394339699,31.61460902,1.818343577,1320.325888,139.5638974
Pal16C_drt,DAB_575,32.45980222,0.743687139,62.50495627,0.323510474,26.84730685,1.825699704,1179.292642,139.5022599
Pal16C_drt,DAB_576,32.94072444,0.431594275,62.83076901,0.325098634,37.78873144,1.819098231,1665.333541,140.1506227
Pal16C_drt,DAB_577,32.03841702,0.431399245,62.46179753,0.321376031,35.90501165,1.811426135,1860.47274,138.5764312
Pal16C_drt,DAB_578,32.30832966,0.743779033,62.59375852,0.393349056,24.411654,1.823164223,1078.121245,139.6280788
Pal16C_drt,DAB_579,34.12484206,0.52868407,62.50302496,0.324901536,31.33068372,1.827645226,1425.381433,140.0224323
Pal16C_drt,DAB_580,33.36492023,0.531052994,62.20288476,0.395708956,30.50209908,2.225463787,1388.035182,167.6720631
Pal16C_drt,DAB_581,32.79363997,0.43411524,62.52219386,0.324525033,31.23208036,1.823503079,1421.593255,139.8378355
Pal16C_drt,DAB_583,32.61519004,0.432506204,62.79250896,0.321615413,33.57960267,1.818978265,1585.463309,138.7336779
Pal16C_drt,DAB_584,32.97124755,0.433204592,62.64355706,0.324986676,29.74156288,1.823270475,1489.004831,140.3713547
Pal16C_drt,DAB_585,33.4222712,0.431167634,62.49808609,0.321709053,28.95652524,1.810715616,1124.422581,138.7585818
Pal16C_drt,DAB_586,32.99408916,0.432315242,62.79639527,0.324268375,26.63431701,1.819832389,1507.0962,139.5289288
Pal16C_drt,DAB_587,32.90777469,0.432563455,62.48702075,0.324341778,30.10927504,1.825573693,1589.85046,139.6068235
Pal16C_drt,DAB_588,32.63940333,0.433231798,62.13153131,0.323992415,24.07677068,1.82298638,1602.201795,139.5019106
Pal16C_drt,DAB_589,32.29322444,0.433843352,62.35828384,0.326548541,28.25374411,1.829224446,1390.97302,140.4831415
Pal16C_drt,DAB_591,32.74301287,0.429049437,62.68976897,0.322496466,29.01589235,1.817922417,1775.724849,138.9458424
Pal16C_drt,DAB_592,33.27459439,0.433113664,62.97801709,0.323120533,29.55601121,1.823680074,1716.533179,138.8041885
Pal16C_drt,DAB_593,32.92432332,0.436131516,62.19496914,0.329946026,33.26277417,1.850055378,1699.231521,142.0687324
Pal16C_drt,DAB_594,32.93220659,0.526452724,62.10700591,0.392671822,31.23874868,2.221060741,1392.30212,166.0433612
Pal16C_drt,DAB_596,32.61231255,0.431756474,62.38472747,0.324585614,32.84325229,1.817629722,1909.820753,139.4499578
Pal16C_drt,DAB_597,32.45531083,0.431328471,62.41571753,0.323214326,31.32768289,1.811620573,1956.982611,139.0876023
Pal16C_drt,DAB_598,32.74832102,0.432146191,62.483591,0.325155527,32.74477591,1.82010601,1760.989734,139.9556574
Pal16C_drt,DAB_600,33.31476739,0.527933736,62.96376504,0.323848094,40.75230971,1.820562907,1793.688415,139.3848761
Pal16C_drt,DAB_602,32.28257415,0.431052958,62.76328035,0.324344936,31.90362307,1.810721899,1643.264449,139.4195505
Pal16C_drt,DAB_603,33.91437482,0.433764716,62.24983829,0.324913005,24.34507056,1.824017636,1307.190424,139.7742027
Pal16C_drt,DAB_604,32.81617902,0.433586735,62.76695367,0.327482715,33.77127834,1.833362706,1805.440785,140.9100419
Pal16C_drt,DAB_605,32.4853054,0.431557598,62.35458392,0.32457687,33.80468823,1.814454706,1490.890102,139.6467516
Pal16C_drt,DAB_606,33.23140793,0.433660463,63.06489629,0.322641877,26.44025558,1.823633617,1423.639943,138.7434297
Pal16C_drt,DAB_607,33.48926033,0.432154571,62.87508399,0.322460671,34.46128203,1.818352992,1621.564696,138.5786933
Pal16C_drt,DAB_609,32.78644087,0.431562025,62.74800568,0.322965383,23.33317708,1.81724924,1320.581277,138.8891541
Pal16C_drt,DAB_610,33.27713269,0.743160323,62.1026666,0.324014548,25.0885297,1.815373021,1243.475205,139.4470264
Pal16C_drt,DAB_612,32.89387556,0.432284067,62.82100045,0.324046028,33.44478326,1.820584149,1228.72635,139.6184543
Pal16C_drt,DAB_614,32.72139655,0.306545155,62.76812584,0.234924984,33.38899514,1.295286197,1854.227274,106.0010923
Pal16C_drt,DAB_615,33.28537656,0.431293318,63.15449645,0.324571511,30.79355356,1.813770287,1801.313038,139.508786
Pal16C_drt,DAB_616,33.40596203,0.743769364,63.00738217,0.324026661,33.03842741,1.818118672,1930.827285,139.1765729
Pal16C_drt,DAB_617,32.24285887,0.432378063,62.5420097,0.325064187,25.76795344,1.824787658,1284.60624,139.9649241
Pal16C_drt,DAB_619,33.12762259,0.431464345,62.72434835,0.324094318,25.12130014,1.821974404,1566.76717,139.9330948
Pal16C_drt,DAB_621,33.10172417,0.527160419,63.4570685,0.39404829,32.71268892,2.217962843,1577.469938,166.1637949
Pal16C_drt,DAB_622,33.39175578,0.431209194,62.5511241,0.324816127,31.84708791,1.826117596,1838.153178,140.1801754
Pal16C_drt,DAB_624,32.66862368,0.433081246,62.91092416,0.323220301,30.74050252,1.82153037,1797.623492,139.1728951
Pal16C_drt,DAB_625,32.93716348,0.430028496,62.24838788,0.323817241,33.93571835,1.817363785,1703.456116,139.7899662
Pal16C_drt,DAB_628,32.85334215,0.431817659,62.09960946,0.324772304,33.24180639,1.820510001,1929.510463,139.8074443
Pal16C_drt,DAB_629,33.13400504,0.435834433,62.29782039,0.32600484,31.74999104,1.836284658,1960.741616,140.6346341
Pal16C_drt,DAB_630,32.74672019,0.431266471,62.71800818,0.324249421,28.78129635,1.820052815,1747.609196,140.0583577
Pal16C_drt,DAB_631,33.53336403,0.433942193,62.07686982,0.325619951,23.68382202,1.824532627,1176.553771,140.4072699
Pal16C_drt,DAB_633,33.02979052,0.43134572,63.04411183,0.324471424,24.96080464,1.81221267,1094.40794,139.4963978
Pal16C_drt,DAB_900,33.17497979,0.433000321,62.92737664,0.325286727,29.61816838,1.827051622,1933.085071,140.4178712
Pal16C_drt,DAB_901,33.38430192,0.429258214,62.73255828,0.322271785,26.00284197,1.816047353,1480.439016,138.7332248
Pal16C_drt,DAB_902,33.09043352,0.438279692,62.57019433,0.328476707,33.64916285,1.845207906,1872.936618,141.4268568
Pal16C_drt,DAB_903,32.79160267,0.43225255,62.43624578,0.324054085,28.62903677,1.824835169,1840.535598,139.5110374
Pal16C_drt,DAB_904,32.70771922,0.432335934,62.53218295,0.324677907,23.75306553,1.81758659,1475.824738,139.6497985
Pal16C_drt,DAB_905,32.69743941,0.430909241,62.46671995,0.323087496,26.98073323,1.815348444,1606.707305,138.8503621
Pal16C_drt,DAB_906,33.55674697,0.439064193,62.4428189,0.326994598,30.99316838,1.837185294,1604.319439,140.5479603
Pal16C_drt,DAB_909,32.65680616,0.431703768,63.0037521,0.323970895,25.75266231,1.819234887,1580.899943,139.6077568
Pal16C_drt,DAB_910,32.49617619,0.433626953,62.6087318,0.325540873,35.71777034,1.824341125,2001.672435,139.9798491
Pal16C_drt,DAB_912,32.53520919,0.429685902,62.77381011,0.32224523,28.05174464,1.812449184,1584.264348,138.5403865
Pal16C_drt,DAB_913,32.94590875,0.431622914,62.39306997,0.324544425,23.87429281,1.814726831,1497.098546,139.9066413
Pal16C_drt,DAB_914,32.5767602,0.430227176,62.4306272,0.322770999,29.76411233,1.818418847,1425.248931,139.2807058
Pal16C_drt,DAB_915,32.46434264,0.43089817,62.84922745,0.323894428,27.50170905,1.81431017,1640.787388,139.4025348
Pal16C_drt,DAB_916,32.43157305,0.432440889,62.71599881,0.323113491,32.24109148,1.82378129,1481.904198,139.2572265
Pal16C_drt,DAB_917,33.31111369,0.433231931,62.37921725,0.322852352,36.27019006,1.822364123,1933.891039,139.2579644
Pal16C_drt,DAB_919,32.43758027,0.434290119,62.68526282,0.32503552,29.02055147,1.828758906,1879.36566,139.7028621
Pal16C_drt,DAB_920,32.7355205,0.432748288,62.70155064,0.325800831,26.4955771,1.827244007,1555.131826,140.8698998
Pal16C_drt,DAB_921,32.81633573,0.43380203,62.47526953,0.326048679,24.33914031,1.833381252,1650.238205,140.5423304
Pal16C_drt,DAB_923,32.65451016,0.432369517,62.74355104,0.3212628,29.01807013,1.819479724,1677.095579,138.4189778
Pal16C_drt,DAB_924,32.59341685,0.431445429,62.9507601,0.322406258,22.75479425,1.816381464,1075.637126,138.4534001
Pal16C_drt,DAB_925,32.51481756,0.433277198,63.00538408,0.324371897,26.85981022,1.819879877,1498.875567,139.9314765
Pal16C_drt,DAB_926,32.70813904,0.434272168,62.52642216,0.324226167,26.9158455,1.827750621,1155.156124,139.5507019
Pal16C_drt,DAB_927,32.45026983,0.435941649,63.19747856,0.326730271,24.49542351,1.837809755,1645.637801,140.8526576
Pal16C_drt,DAB_928,33.27065617,0.431496793,62.85853806,0.323914948,25.16156356,1.824737057,1525.587325,140.53213
Pal16C_drt,DAB_929,33.11897106,0.434010018,62.43275573,0.323404217,33.41548885,1.821354666,1672.247186,139.3798305
Pal16C_drt,DAB_930,33.07765738,0.439383322,62.07002212,0.327582484,35.51863451,1.833090739,1810.456584,141.2746442
Pal16C_drt,DAB_932,32.81243649,0.308738157,62.49737503,0.234355849,31.36005851,1.301367191,1590.558701,105.6921124
Pal16C_drt,DAB_933,33.19128256,0.430451735,62.10161121,0.32144178,31.69970495,1.814738542,1456.05294,138.5062786
Pal16C_drt,DAB_934,32.79796397,0.43463811,62.46255498,0.327468494,23.50854828,1.83374311,1486.781495,141.0408091
Pal16C_drt,DAB_936,33.41206964,0.432127544,62.34255392,0.323085902,25.0772504,1.819179618,1235.481859,138.8828951
Pal16C_drt,DAB_937,32.41497237,0.431453468,62.50480129,0.322256176,30.43855073,1.811593827,1807.495109,139.0103061
Pal16C_drt,DAB_938,33.02198618,0.435131575,63.12387784,0.326613838,21.76385892,1.837808312,1099.989398,140.8966094
Pal16C_drt,DAB_939,32.9318405,0.433199957,62.20845692,0.325090221,35.55095946,1.823447999,1986.336319,140.4553205
Pal16C_drt,DAB_940,32.41154281,0.42971004,62.29269626,0.322201812,26.26449896,1.81419204,1602.364981,138.9495745
Pal16C_drt,DAB_942,32.74962244,0.43107926,62.07463218,0.323750151,31.63352376,1.818599677,1656.89615,139.0043361
Pal16C_drt,DAD_036,32.51480608,0.432750434,62.81134074,0.325625686,29.99458786,1.822011678,1017.963467,140.5763221
Pal16C_drt,DAN_001,33.07623779,0.433349786,63.2234625,0.326658213,32.51034536,1.821189437,1933.482197,140.868566
Pal16C_drt,DAN_002,33.06458322,0.433529266,62.28615645,0.32527797,33.33232613,1.822737191,1645.697852,140.9083134
Pal16C_drt,DAN_003,32.60132844,0.431941905,62.07806832,0.323929043,31.40488192,1.817878282,1617.824592,139.252454
Pal16C_drt,DAN_004,33.23611612,0.432256999,62.34626253,0.323313353,28.8977361,1.819678922,1284.278117,138.8568204
Pal16C_drt,DAN_005,32.97888927,0.432323238,62.41611565,0.324050302,30.15969008,1.820734885,1060.36979,139.2491791
Pal16C_drt,DAN_006,32.76955548,0.437700316,62.44635566,0.329711299,26.65111912,1.844654703,1262.339665,142.3229332
Pal16C_drt,DAN_007,33.11965597,0.431841381,62.3881558,0.325722893,31.87347142,1.824957912,1731.290241,140.5562412
Pal16C_drt,DAN_008,33.03188476,0.431813446,62.67851644,0.394337276,23.43809975,1.819414691,1004.495925,139.9593205
Pal16C_drt,DAN_009,32.51727495,0.432883434,62.44417528,0.324537461,29.36398197,1.827161245,1496.209773,139.5193392
Pal16C_drt,DAN_010,32.27590937,0.433604475,61.90345905,0.326284047,28.37488118,1.831886803,1459.748251,140.5622578
Pal16C_drt,DAN_011,33.59412005,0.433244565,63.20086004,0.322955749,26.20111836,1.81934928,1246.658596,138.9710892
Pal16C_drt,DAN_012,32.61269642,0.429954644,62.71930993,0.323924456,27.57508669,1.818342662,1641.358259,139.74421
Pal16C_drt,DAN_013,33.22828747,0.4314242,62.75086365,0.322611238,32.6077844,1.816580843,1625.668281,138.7991201
Pal16C_drt,DAN_014,32.5027275,0.431692061,62.59628126,0.323491416,28.6829178,1.817488527,1729.235107,139.9959768
Pal16C_drt,DAN_015,32.1496558,0.43148027,62.75498341,0.324074586,34.27819977,1.812363208,1455.138546,139.5601678
Pal16C_drt,DAN_016,32.38789578,0.432559305,62.39496623,0.324958294,32.66335052,1.822305823,1690.562171,140.2282954
Pal16C_drt,DAN_017,33.14185061,0.433871303,62.73299025,0.32609594,29.81300106,1.825963153,1475.810884,140.2340738
Pal16C_drt,DAN_018,32.74364718,0.430233536,62.65575128,0.323452558,37.07060296,1.812265529,1630.434273,139.2370839
Pal16C_drt,DAN_019,33.44954909,0.434255672,61.91267724,0.324864882,29.76535715,1.825811711,1682.945698,140.248434
Pal16C_drt,DAN_020,32.32462932,0.431182352,62.19134661,0.327458312,27.08560979,1.839851794,1714.386887,141.5393145
Pal16C_drt,DAN_021,32.47846229,0.430915636,62.34955857,0.32164457,33.64492479,1.809290169,1234.933835,138.5648109
Pal16C_drt,DAN_022,32.38904597,0.432673432,62.50669004,0.326239673,33.33952858,1.821446747,1416.056865,140.8641531
Pal16C_drt,DAN_023,33.09253444,0.432004855,62.46644254,0.324738948,28.24724247,1.815016573,1438.183817,139.8800436
Pal16C_drt,DAN_024,32.67170223,0.431569354,62.93426529,0.322848071,32.85825063,1.817634986,1410.756345,138.7517615
Pal16C_drt,DAN_025,32.34124861,0.43709539,62.33272364,0.326447272,33.92695846,1.826617627,1338.778404,141.1072601
Pal16C_drt,DAN_027,32.83632335,0.434790814,62.50464917,0.324851023,31.87905933,1.827045691,1588.005771,140.0320656
Pal16C_drt,DAN_028,33.07799221,0.432450136,62.10323136,0.324254854,30.61439666,1.822217961,1661.699499,140.2152316
Pal16C_drt,DAN_029,33.50188902,0.432176637,62.55067568,0.323676228,28.1111063,1.820028805,1508.644202,138.970256
Pal16C_drt,DAN_030,32.80187914,0.432873923,62.38626412,0.325050608,26.57520145,1.826238696,1242.770447,140.1614485
Pal16C_drt,DAN_031,33.15174808,0.431127224,62.85263322,0.324835688,25.27111387,1.820774301,1305.413263,139.7891586
Pal16C_drt,DAN_032,33.17351939,0.43219615,62.4609761,0.324826636,30.7160751,1.82660787,1108.318488,140.5825216
Pal16C_drt,DAN_033,32.75100898,0.431834543,62.16721838,0.323447532,25.16582057,1.81622954,1284.765176,139.2277262
Pal16C_drt,DAN_037,32.77386012,0.432098177,62.82883971,0.325020218,35.75324695,1.822351592,1608.449043,139.8880225
Pal16C_drt,DAN_047,33.47918509,0.431597409,62.52389885,0.325845712,31.59096946,1.821818791,1586.234869,140.4953213
Pal16C_drt,DAN_054,33.61958025,0.43292682,62.73747658,0.323893153,26.9620527,1.824512864,1120.207711,139.5934098
Pal16C_drt,DAN_059,32.65939226,0.527333566,62.36150086,0.325338552,40.86570199,1.814948855,1495.069,141.5435802
Pal16C_drt,DAZ_004,33.00384177,0.4310558,62.85974425,0.326199515,36.95149916,1.834718013,1768.984362,141.1651601
Pal16C_drt,DAZ_005,32.91122218,0.438332585,62.93993513,0.326806627,39.03072638,1.840291565,1952.717552,140.7423086
Pal16C_drt,DOR_364,32.51929275,0.745736012,62.43302339,0.326784231,17.73916777,1.822278314,1985.761992,141.4089771
Pal16C_drt,DOR_390,NA,NA,63.24114698,0.395007001,18.38581157,1.832560486,2120.214023,140.7327051
Pal16C_drt,DRK_149,33.19233266,0.433931178,62.97831043,0.324119732,31.54455893,1.82261568,1554.543413,139.6875036
Pal16C_drt,G4494,33.29567751,0.432610327,62.46042411,0.324589965,27.2342361,1.820986984,1363.185175,139.398097
Pal16C_drt,ICA_CALIMA,33.51411665,0.431519897,62.75917352,0.324818608,29.45574509,1.820105547,928.3452142,140.0319124
Pal16C_drt,KAT_B1,32.61271944,0.432373753,62.75397777,0.323482936,26.93689663,1.829023635,1403.03341,139.5503948
Pal16C_drt,KAT_B9,32.68260588,0.432758229,62.6362818,0.323361829,23.13716135,1.822013574,1024.481192,139.1864755
Pal16C_drt,LPA_071,33.5016194,0.743809135,62.49375731,0.328241982,30.5927297,1.846313197,1236.831084,141.5034554
Pal16C_drt,LPA_111,33.41618039,0.434974208,62.49375788,0.323803991,31.55491024,1.831821649,1384.519121,139.6765777
Pal16C_drt,LPA_122,32.60537492,0.763168923,62.06239939,0.326481521,28.65296815,1.816654364,793.0776136,141.4490557
Pal16C_drt,LPA_146,32.3466502,0.528600765,62.33887451,0.324718112,30.20107196,1.822209087,965.714218,139.9501734
Pal16C_drt,LPA_164,33.8237148,0.433698315,63.11438663,0.324937586,37.0411728,1.831554191,1386.422804,140.1247959
Pal16C_drt,LPA_406,33.0065597,0.531460876,62.45988168,0.326076413,30.05447512,1.827429141,944.5717858,140.4526846
Pal16C_drt,LPA_426,32.91222406,0.525676114,62.5704673,0.33282205,28.85308416,1.854185972,786.3736196,144.0854237
Pal16C_drt,LPA_435,32.18850535,0.433420913,62.37353233,0.323866103,31.57764202,1.825254333,1747.005515,139.5590893
Pal16C_drt,LPA_467,33.2356499,0.433317193,62.60806673,0.328348202,34.95655354,1.82872302,1649.560239,142.6389749
Pal16C_drt,LPA_499,33.49355608,0.432304851,62.52473879,0.323922215,25.05399288,1.820139,1438.618675,139.3389557
Pal16C_drt,LPA_512,33.48259881,0.435878388,62.92507222,0.327792714,34.12948143,1.84499256,1774.754731,141.1001344
Pal16C_drt,LPA_530,33.06014819,0.433494011,62.1230572,0.324453857,29.72475627,1.817325924,1462.148364,140.0087628
Pal16C_drt,LPA_546,33.1587932,0.431910103,62.5755132,0.325228141,36.62755041,1.821034765,1424.411939,139.9337389
Pal16C_drt,LPA_566,33.25156139,0.526219253,62.51334711,0.325217094,36.95742264,1.819820456,1609.064146,140.2010794
Pal16C_drt,LPA_568,32.99798125,0.430906596,62.4079049,0.323764402,31.64597012,1.815963228,1523.171967,139.5180979
Pal16C_drt,LPA_573,32.48164761,0.432385856,62.56564346,0.324610245,24.44407158,1.82720728,1477.506738,139.7449514
Pal16C_drt,LPA_610,33.7975048,0.528615021,62.5987659,0.395381634,35.04954095,2.225257741,1711.729935,167.7020415
Pal16C_drt,LPA_643,33.32008592,0.528026437,61.98931243,0.39429183,29.7723248,1.811846208,1272.416386,140.5962484
Pal16C_drt,LPA_714,33.29578948,0.52858827,62.63882629,0.394746767,24.64201194,1.821386366,993.5990478,139.0864154
Pal16C_drt,LPA_732,33.34534771,0.432093681,63.46596758,0.322491546,32.34338917,1.817984094,1879.514049,139.0467618
Pal16C_drt,LPA_736,32.85207743,0.433211615,62.3654654,0.325162255,35.59079349,1.828018788,1750.713515,140.0123946
Pal16C_drt,LPA_770,33.04145117,0.434177356,62.25721654,0.32668004,36.7142626,1.830889981,1619.464231,141.2729153
Pal16C_drt,LPA_771,33.07865421,0.433042779,63.17103106,0.324069842,25.29677084,1.821686544,929.3190068,139.7007598
Pal16C_drt,LPA_772,33.80293727,0.431602159,63.17087754,0.324508987,27.36880827,1.814506782,1497.230782,139.6579064
Pal16C_drt,LPA_773,32.92615422,0.435210597,62.41093187,0.324329709,36.90586406,1.831050912,1387.549399,139.1544247
Pal16C_drt,LPA_774,33.31009951,0.441023532,62.51341371,0.331065964,35.5441793,1.8289518,1330.561745,143.5545569
Pal16C_drt,LPA_775,33.31727239,0.52729822,62.24338871,0.323508788,37.15582544,1.811609492,1611.755781,138.9852208
Pal16C_drt,LPA_776,33.43848695,0.431087978,63.08448806,0.323687748,32.64091067,1.813640942,979.8227377,139.4079838
Pal16C_drt,LPA_777,32.91203601,0.432208902,62.82986689,0.325131756,32.36671902,1.821083693,1444.305791,140.0697459
Pal16C_drt,LPA_778,32.7543302,0.434363316,62.69561591,0.325388597,38.41028431,1.831624874,1335.630202,139.8956157
Pal16C_drt,LYAMUNGO_85,35.18802443,0.74692417,62.6723857,0.324000057,26.28513372,1.816218913,759.6127008,139.4283073
Pal16C_drt,MAZ_021,32.90893201,0.433292653,62.66855704,0.323856962,28.38603264,1.820771681,1325.820802,139.2877645
Pal16C_drt,MAZ_032,33.07526448,0.43099471,62.97777105,0.322808426,34.87118787,2.217784707,1280.121954,138.5891575
Pal16C_drt,MAZ_048,33.23892419,0.431228445,61.97631334,0.322739842,24.61619494,1.814645386,847.9391155,138.9700282
Pal16C_drt,NATAL_SUGAR,32.50491051,0.742928924,62.43426781,0.324007465,24.36359895,1.816304263,575.30826,140.0050194
Pal16C_drt,NDZ_002,32.44844931,0.432452528,62.82503882,0.323601144,36.82769734,1.821741695,1540.615017,139.2032616
Pal16C_drt,NDZ_008,33.08432695,0.431342152,62.38901354,0.324177237,31.57347286,1.810975268,1700.404438,139.5618711
Pal16C_drt,NDZ_012,33.04856347,0.430164169,62.99519148,0.324079834,31.02656318,1.816358653,1548.470032,140.3564638
Pal16C_drt,NUA_035,32.33836022,0.432623072,62.13619211,0.324599709,34.32574626,1.822905749,1508.656468,139.6427764
Pal16C_drt,NUA_184,32.33305696,0.74325692,62.7258419,0.324553384,34.14289607,1.817980528,1064.09697,142.1011303
Pal16C_drt,NUA_230,34.16376757,0.74837599,62.83601165,0.39538044,32.43719549,1.822698722,576.6379543,139.8734085
Pal16C_drt,NUA_291,33.63014485,0.529560868,62.3531923,0.324136199,30.47847856,2.236799973,500.4238255,167.5579305
Pal16C_drt,NUA_365,32.32983107,0.432953482,62.55538163,0.327243442,30.79395933,1.834113066,1093.32581,141.7971858
Pal16C_drt,NUA_368,33.45014482,0.744351703,61.98876696,0.324267364,42.86956029,1.820621096,1270.395301,139.355364
Pal16C_drt,NUA_398,32.89734717,0.432545073,62.0693025,0.325371849,25.62825867,1.82040394,1248.044725,141.3250269
Pal16C_drt,NUA_430,33.26597714,0.432520891,62.45976543,0.324529174,30.62614794,1.822692277,1177.167299,139.5937306
Pal16C_drt,NUA_520,32.34331264,0.432371134,62.59906843,0.323399331,28.25520759,1.819905017,815.1446784,139.193611
Pal16C_drt,NUA_537,32.89068456,0.432516414,62.36960005,0.323629098,34.00333027,1.81860493,1232.324737,139.5837561
Pal16C_drt,PVA_773,32.14139693,0.743037285,62.48981164,0.324025466,26.59529509,1.816982852,927.7713349,139.2584103
Pal16C_drt,RAA_021,32.83459069,0.4313817,63.20986213,0.328720894,26.03782864,1.838343733,1541.509964,141.5632273
Pal16C_drt,RAA_030,32.51824426,0.433553809,62.37683481,0.322892302,27.3631621,1.81557268,1608.356898,139.4318446
Pal16C_drt,RAA_034,33.76062055,0.374976848,61.97146701,0.256645581,33.69433719,1.296867076,1572.367608,108.066325
Pal16C_drt,RED_CANADIAN_WONDER,32.482218,0.432191626,62.49769742,0.326106732,20.18978861,1.830583748,1182.180054,140.5615696
Pal16C_drt,RMA_072,32.04694953,0.74346324,62.46468754,0.323993539,33.80111014,1.819675506,868.5028307,139.5104448
Pal16C_drt,RMX_019,32.7061808,0.530911854,62.62098392,0.324993212,28.90537039,1.828460981,744.9420145,140.9428784
Pal16C_drt,RMX_020,32.13688834,0.743123965,62.41360527,0.326068246,24.28677128,1.836339924,646.0911463,140.5091758
Pal16C_drt,SAA_015,32.66519584,0.433917022,62.50660315,0.325268644,36.62621532,1.834741999,1796.460963,140.0555026
Pal16C_drt,SAA_017,32.46233471,0.433086859,62.44350022,0.326596064,35.00093507,1.832314253,1571.119812,140.5073097
Pal16C_drt,SAA_020,32.81355017,0.432970242,62.86177833,0.324275569,38.15426782,1.819900655,1975.308451,139.4887354
Pal16C_drt,SAA_021,33.28814157,0.431844537,63.32786604,0.324016268,35.77542348,1.818726992,1734.417414,139.2536605
Pal16C_drt,SAB_259,33.491632,0.431605729,63.11213176,0.325483488,28.42625031,1.823380911,1285.301753,142.4299766
Pal16C_drt,SAB_516,32.94024264,0.431171604,62.13863862,0.322113758,34.79881025,1.815510062,1693.15673,138.287548
Pal16C_drt,SAB_560,32.31127254,0.307861637,62.46709391,0.233779339,30.68402796,1.29246434,2010.967105,105.5934058
Pal16C_drt,SAB_568,32.81103099,0.432217895,62.32378146,0.324575367,33.16452978,1.826053598,1572.976412,140.0901859
Pal16C_drt,SAB_576,32.76998252,0.431438816,62.57933784,0.32487051,27.75214144,1.821319729,1094.836598,139.8681556
Pal16C_drt,SAB_626,32.94190098,0.43221465,62.77634368,0.323990026,32.90682343,1.81837465,1648.167674,139.3401729
Pal16C_drt,SAB_659,32.35735328,0.310089692,62.84118866,0.236474374,34.89143501,1.306603958,1649.745432,106.6167676
Pal16C_drt,SAB_686,32.77198717,0.307368269,62.41468199,0.231791854,28.72325431,1.28733763,1646.455665,104.421762
Pal16C_drt,SAB_711,32.78335086,0.431684768,62.84955762,0.324703984,20.17172339,1.822409359,1335.705342,139.9654257
Pal16C_drt,SAB_712,32.80816493,0.432358101,62.71607641,0.323801844,25.801481,1.821202664,1362.881937,139.3097755
Pal16C_drt,SAP_001-16,32.7220455,0.43190242,62.13605081,0.323517926,37.88547972,1.821028928,1733.643995,139.241677
Pal16C_drt,SEF_060,33.25603893,0.431297795,62.13537302,0.321799535,20.123308,1.816824886,2685.974246,138.8480589
Pal16C_drt,SEN_056,33.99872827,0.528293228,62.16690902,0.393447374,16.65534232,1.813692031,2568.201658,139.4392517
Pal16C_drt,SEQ_1003,32.96145505,0.335188815,62.23826249,0.252320099,29.28084617,1.292362549,1895.426394,104.7080809
Pal16C_drt,SEQ_1004,33.22149701,0.431469561,62.35759336,0.323505432,30.00585123,1.818461447,1436.108062,139.0861709
Pal16C_drt,SEQ_1006,33.09721618,0.429830473,62.78848864,0.320887915,38.26229651,1.80878007,1826.478374,138.2044837
Pal16C_drt,SEQ_1027,32.66357596,0.759418937,62.12268553,0.403016359,34.51192816,1.833441059,1607.250918,142.0683437
Pal16C_drt,SER_118,32.85231817,0.529354459,62.30148431,0.322281488,18.49719784,1.821507814,2040.098521,139.6363447
Pal16C_drt,SUG_131,NA,NA,62.68888105,0.322351219,25.87326434,1.815542101,643.4748767,138.7225271
Pal16C_drt,TIO_CANELA_75,32.89343637,0.431405504,62.77781049,0.25509674,18.54788341,1.303242065,2219.659138,105.7738326
Pal17C_drt,ACC_004,32.41133682,0.463861548,60.28763837,1.465727948,34.89354303,1.547074927,316.7775137,97.91278328
Pal17C_drt,ACC_008,31.23087601,0.466084085,59.58443824,1.035721561,36.92228511,1.559835582,486.7654179,98.15537388
Pal17C_drt,ACC_022,32.58861749,0.462820938,61.96280251,1.045291752,32.81834269,1.551268159,350.241155,97.0933681
Pal17C_drt,ACC_023,31.46685633,0.567501813,61.45049211,1.032909427,39.0764047,1.547662868,385.898276,97.43832697
Pal17C_drt,ACC_026,31.6926568,0.463182448,57.710615,1.057958375,32.19359976,1.560768559,402.6724501,96.70019352
Pal17C_drt,ACC_027,32.32253458,0.463928651,60.81354158,1.033042693,34.18588414,1.547484534,431.5902023,97.54804459
Pal17C_drt,ACC_031,31.64701712,0.462714678,59.73544977,1.057538903,37.29377108,1.551434259,372.1955296,96.95319303
Pal17C_drt,AFR_298,31.21606292,0.33137482,59.23568918,0.743005552,37.70299002,1.116780041,447.1663384,79.07925949
Pal17C_drt,AFR_619,34.76605486,0.568351954,59.47743938,1.03695639,38.63591687,1.546595483,278.6884802,97.29644392
Pal17C_drt,AFR_722,33.27760528,0.332423549,59.52670793,0.746937512,38.06112985,1.120189158,324.2042998,79.37997557
Pal17C_drt,AFR_735,31.77208343,0.462934887,59.37871773,1.05291701,35.77236868,1.581258617,452.5934238,100.4155112
Pal17C_drt,AMADEUS,NA,NA,59.77448401,1.042987647,20.06263772,1.549853056,494.1303883,97.9693671
Pal17C_drt,CAL_096,31.72573822,0.286948418,59.0172935,0.606696775,43.89940596,0.913855132,421.8662102,72.2384618
Pal17C_drt,CAL_143,34.47631446,0.3301902,59.70417201,0.733951984,32.39557561,1.104141544,383.3733354,79.35769383
Pal17C_drt,CMB_012,34.30506646,0.463644913,58.60129913,1.03884205,15.07877374,1.901029616,472.7678687,99.86016417
Pal17C_drt,CMB_018,32.54175911,0.464913698,61.88603319,1.461327782,37.32618399,1.55631683,332.0227641,99.15529283
Pal17C_drt,COS_016,31.29008538,0.567612609,59.72750534,1.031664168,28.27404709,1.545444057,202.4078167,97.27810863
Pal17C_drt,DAA_002,29.952832,0.467221832,59.60103735,1.035055764,33.60758698,1.558802631,527.3804452,96.87358653
Pal17C_drt,DAA_003,29.63545279,0.463311211,61.06517772,1.035008848,37.0072731,1.544599401,389.2663338,97.7364364
Pal17C_drt,DAA_007,32.71422711,0.463904452,58.92036627,1.0497185,35.40630456,1.562441876,447.0955843,99.07586603
Pal17C_drt,DAA_008,31.06476112,0.463280979,58.8961893,1.459805587,36.41842498,1.561050186,530.237374,99.46990281
Pal17C_drt,DAA_009,30.2433218,0.462156094,58.87472635,1.056126267,34.604833,1.550869476,408.6708538,97.83679555
Pal17C_drt,DAA_010,32.22296807,0.463714686,59.11721375,1.036101065,36.04526636,1.554893159,375.2599476,98.53747848
Pal17C_drt,DAA_012,30.85523539,0.463645802,58.84621853,1.03094897,43.05974591,1.542453599,409.243477,97.17190787
Pal17C_drt,DAA_013,29.75549516,0.463104173,58.72306123,1.050026182,33.12675194,1.563698757,419.6537063,98.11839183
Pal17C_drt,DAA_014,29.8763667,0.464055125,59.02747212,1.036792341,42.43324302,1.557731281,554.7292152,98.18223868
Pal17C_drt,DAA_015,30.08993218,0.46545628,58.45194596,1.030557779,35.33621409,1.557840675,509.0382586,98.23295355
Pal17C_drt,DAA_016,30.22965285,0.464230777,62.972881,1.034704453,35.7220253,1.55212461,577.5153706,98.11736792
Pal17C_drt,DAA_017,30.8939361,0.464890037,59.30462404,1.035607466,35.13298299,1.552077153,446.0463725,96.94214569
Pal17C_drt,DAA_018,29.31504294,0.46243413,58.90000539,1.056313444,35.10203052,1.560431277,566.2950789,97.60924376
Pal17C_drt,DAA_019,30.35648692,0.464120496,57.69131266,1.0329689,32.85138422,1.551520269,461.9071668,97.5803747
Pal17C_drt,DAA_020,29.84794854,0.464297448,58.85163959,1.043578889,31.64871362,1.550807104,296.7355445,97.85178916
Pal17C_drt,DAA_021,29.4887751,0.464941012,60.23285924,1.036183703,44.63339947,1.547531992,381.7044754,97.53421838
Pal17C_drt,DAA_022,30.36093394,0.463169884,58.83183122,1.040191483,39.8483577,1.551886424,342.9112352,97.28727027
Pal17C_drt,DAA_023,32.28577779,0.463545096,60.30614644,1.040680991,38.32496472,1.546539511,385.9498347,97.75788507
Pal17C_drt,DAA_024,30.12574589,0.463876908,59.85737779,1.459400772,37.55968961,1.546423243,594.4876415,97.20522268
Pal17C_drt,DAA_025,31.38580417,0.46487917,59.20095378,1.042852285,31.98479738,1.561099867,414.4383227,98.18649611
Pal17C_drt,DAA_026,31.71826153,0.465160561,57.94780288,1.034142864,40.20970043,1.557063152,500.7653895,98.27894214
Pal17C_drt,DAA_028,31.35050275,0.465440343,59.07957463,1.04219122,35.67719016,1.55441723,524.7441121,97.08151936
Pal17C_drt,DAA_029,29.19116612,0.463442569,58.52603945,1.033710427,35.68486583,1.548389751,367.4410105,97.6024964
Pal17C_drt,DAA_030,32.09096575,0.464410304,60.35411306,1.042944675,41.93069306,1.547477252,571.8023085,97.24325278
Pal17C_drt,DAA_031,30.36762852,0.464505631,59.49314513,1.038416437,33.55504047,1.547203252,417.1656991,97.58045301
Pal17C_drt,DAA_032,30.92028509,0.466214959,58.42068873,1.045059014,33.30923223,1.565650665,384.825551,97.36579986
Pal17C_drt,DAA_033,30.24087812,0.462709603,57.89210182,1.051722758,38.10104173,1.55273915,698.0940891,97.80180193
Pal17C_drt,DAA_034,30.49542891,0.566344608,61.65946674,1.041458698,40.78865549,1.547203147,419.5871757,97.52023789
Pal17C_drt,DAA_035,30.66946111,0.465326393,59.5828231,1.032917864,38.1666079,1.554500385,530.4467439,97.19775717
Pal17C_drt,DAA_036,30.43007109,0.465409612,58.43026681,1.041537557,39.61275353,1.561762226,495.1813628,98.14207078
Pal17C_drt,DAA_037,31.02844024,0.463064012,59.07652291,1.031505145,33.63606747,1.543832183,357.4544477,97.06119306
Pal17C_drt,DAA_038,30.80452296,0.464565183,58.81420957,1.044560985,37.09324895,1.546635877,608.0801415,97.42657572
Pal17C_drt,DAA_039,29.64322071,0.463019234,59.30867419,1.044033409,34.55809715,1.555298999,318.8435763,98.21533958
Pal17C_drt,DAA_040,30.63012388,0.464003279,60.75426686,1.040848088,37.0189132,1.554663163,426.5909663,97.76708518
Pal17C_drt,DAA_041,30.37660367,0.462966287,58.67425306,1.048262193,35.08824747,1.556621679,442.1785607,98.00674579
Pal17C_drt,DAA_042,31.67802425,0.462576436,59.33617586,1.044531539,35.46142394,1.543436286,517.2941037,97.41633622
Pal17C_drt,DAA_043,29.89153172,0.46328035,58.42843025,1.046869762,43.21890441,1.56129745,591.8012729,97.75641447
Pal17C_drt,DAA_044,29.36418987,0.463827103,60.37551606,1.468680409,36.93394732,1.555544344,524.177275,98.1602707
Pal17C_drt,DAA_045,29.50514612,0.463439486,58.41132544,1.033417172,45.0848554,1.548086674,517.7240089,97.14155849
Pal17C_drt,DAA_046,30.30504264,0.463611651,60.54039514,1.038658131,43.33908327,1.559557229,362.1889342,97.99445998
Pal17C_drt,DAA_047,31.340415,0.464456286,58.81531749,1.031915898,41.44772821,1.554034827,406.997274,98.23209509
Pal17C_drt,DAA_048,30.12093079,0.462887869,58.62531854,1.032719714,38.34813082,1.555807759,517.4941882,97.81929187
Pal17C_drt,DAA_049,30.45595398,0.567162216,60.89620056,1.033350625,32.59299919,1.558071083,561.1513881,97.50225143
Pal17C_drt,DAA_050,29.19932133,0.463839216,57.07739915,1.466212095,34.26535499,1.549423224,488.9550861,97.72182928
Pal17C_drt,DAA_051,30.01287613,0.464176966,61.37296677,1.034549061,35.76229496,1.559603852,307.3011119,98.29217461
Pal17C_drt,DAA_052,30.0837377,0.46482758,59.53203283,1.043479865,40.67787744,1.55358608,438.1951419,97.19878563
Pal17C_drt,DAA_053,31.63838896,0.465479812,59.07579805,1.045493905,34.96530904,1.559111236,343.9772492,97.65609918
Pal17C_drt,DAA_054,30.56544558,0.463929258,59.53610871,1.037223745,41.12311089,1.549361722,540.471658,96.89396193
Pal17C_drt,DAA_055,30.30982465,0.464218504,58.48478831,1.038103876,35.59396618,1.546845316,630.4920792,96.94373012
Pal17C_drt,DAA_056,29.76960826,0.464614954,60.15101652,1.036394794,35.91261795,1.547365478,500.5327604,97.34586113
Pal17C_drt,DAA_057,29.95959815,0.463273175,60.27854351,1.033503554,35.22412625,1.544016858,498.4267547,97.39938126
Pal17C_drt,DAA_058,29.27407707,0.462460872,58.24451908,1.042040372,38.1170639,1.557702763,570.782028,100.5411873
Pal17C_drt,DAA_059,30.45160523,0.462808039,58.31824487,1.048404147,31.64539718,1.547808775,743.4391413,97.28330489
Pal17C_drt,DAA_060,29.95380929,0.463188895,58.00950361,1.468158415,37.15755008,1.545216486,494.6354618,97.79583623
Pal17C_drt,DAA_061,30.02132983,0.461695452,59.26649626,1.044310755,30.70463325,1.547156924,461.5884641,97.55819609
Pal17C_drt,DAA_062,30.98807789,0.464080672,59.90799392,1.465778319,38.21469082,1.558588235,555.131615,98.37641039
Pal17C_drt,DAA_063,30.05171155,0.46577077,59.50806069,1.049911303,45.07733084,1.564613481,461.2595707,97.30805575
Pal17C_drt,DAA_064,29.91810419,0.463886206,58.80495786,1.032043848,37.44354463,1.551553831,498.1027531,99.01336555
Pal17C_drt,DAA_065,30.6070541,0.46438338,58.01710971,1.046343381,31.77412612,1.550471059,483.4299137,96.87067904
Pal17C_drt,DAA_066,29.9838732,0.567049851,58.63830529,1.044279282,38.54469332,1.562357343,518.1358749,97.87029337
Pal17C_drt,DAA_067,30.97322071,0.463528016,60.92480701,1.039739416,44.92722895,1.54843843,574.0416047,97.59272926
Pal17C_drt,DAA_068,29.6621503,0.464756817,59.78927737,1.032702558,39.69461855,1.543921659,553.7795189,97.19257915
Pal17C_drt,DAA_069,30.93715618,0.463101764,59.444537,1.467990071,42.34831028,1.550993034,580.0547398,97.12001184
Pal17C_drt,DAA_070,30.04392527,0.462069833,58.32338607,1.051653935,42.3889096,1.555002885,610.6788558,96.87074132
Pal17C_drt,DAA_071,30.43414868,0.464181063,59.10905316,1.035332847,40.49203394,1.566114139,577.2533002,99.34982625
Pal17C_drt,DAA_072,29.49664373,0.46622344,58.91468469,1.042048407,42.29596893,1.554401782,485.6352027,97.36310382
Pal17C_drt,DAA_073,32.42283455,0.463459403,61.01151222,1.031435913,30.45806755,1.550314166,385.9799268,97.84161341
Pal17C_drt,DAA_074,31.87133525,0.468090978,59.15120058,1.036274404,31.52478265,1.553825735,510.7492427,97.73780032
Pal17C_drt,DAA_075,29.62954256,0.46527506,59.10272283,1.466106131,37.4005688,1.555387066,459.5242132,97.52825248
Pal17C_drt,DAA_076,30.18208447,0.464493821,58.41482679,1.040007546,35.33495761,1.551484398,394.7754107,97.25594986
Pal17C_drt,DAA_077,30.67363054,0.462809522,59.19079025,1.042318525,33.78763842,1.540274958,356.1216898,96.99524592
Pal17C_drt,DAA_078,29.63774173,0.465419514,58.85634059,1.461493044,36.56343185,1.551809362,665.6750898,98.69462341
Pal17C_drt,DAA_079,31.13003584,0.462324806,61.12772516,1.033620192,32.09091087,1.552095615,570.0602311,97.93559141
Pal17C_drt,DAA_080,30.41239855,0.567483572,58.4038134,1.066691759,33.13086675,1.565610391,329.718201,99.21487024
Pal17C_drt,DAA_082,33.29559406,0.463353022,58.0134066,1.039134537,34.45168088,1.553609936,466.8940833,97.55752684
Pal17C_drt,DAA_083,29.88117367,0.462918598,58.34458054,1.032008523,33.32139682,1.547601806,481.8765595,97.09048379
Pal17C_drt,DAA_084,31.43614627,0.464605951,59.12885705,1.038557984,41.13320411,1.543814081,726.7039041,97.4238373
Pal17C_drt,DAA_085,30.72539208,0.463248152,58.95664707,1.0328996,37.879439,1.545415475,684.2832463,97.56481531
Pal17C_drt,DAA_086,30.08760852,0.463663817,58.43889396,1.037274799,33.93934152,1.552111034,519.8026911,97.0831039
Pal17C_drt,DAA_087,30.70219331,0.463937378,58.91634855,1.041625295,32.41227996,1.551992575,391.1799258,97.87751013
Pal17C_drt,DAA_088,30.2503487,0.462664098,58.64531727,1.041060795,39.24202186,1.555908863,693.7213072,98.90132655
Pal17C_drt,DAA_089,30.20983044,0.46383911,58.21405035,1.04537221,39.22674586,1.566902319,660.6886857,106.2393521
Pal17C_drt,DAA_090,29.71853597,0.462933337,58.92916636,1.046787644,28.5367538,1.551250935,365.7346603,97.19365574
Pal17C_drt,DAA_091,28.91100536,0.462443948,58.45016419,1.049691783,35.35824739,1.555222421,468.3915178,114.7122078
Pal17C_drt,DAA_092,30.53582872,0.56609022,59.83216851,1.047727476,31.93193834,1.556032128,367.1697744,98.19983313
Pal17C_drt,DAA_093,30.22056287,0.465000455,57.88925923,1.043078464,33.24696909,1.552037208,481.1752077,98.06521638
Pal17C_drt,DAA_094,29.37163236,0.462899119,57.45889458,1.049541586,33.03796709,1.560989713,527.5575182,97.24807918
Pal17C_drt,DAA_095,30.95193761,0.566753749,58.80241301,1.045138144,41.94958604,1.556740044,616.8087803,97.8644072
Pal17C_drt,DAA_096,30.33710143,0.465334829,59.56423178,1.04645555,36.11574931,1.558219031,477.2678083,96.78429541
Pal17C_drt,DAA_097,30.55513694,0.463377396,57.86588619,1.040252244,36.43414236,1.566509551,720.7435427,98.88015002
Pal17C_drt,DAA_098,30.33367584,0.462372266,59.57062395,1.035179531,38.5239956,1.548992377,645.7751417,98.01119738
Pal17C_drt,DAA_099,30.39504518,0.463859797,58.93559064,1.038662068,38.94260703,1.550805448,723.5765493,97.54946767
Pal17C_drt,DAA_100,30.52067655,0.46505231,59.56070997,1.033972987,43.1112044,1.551728232,648.6274912,97.64312215
Pal17C_drt,DAA_101,30.29218091,0.46496032,59.5920352,1.038213301,39.24367973,1.558382334,475.8845449,98.35017074
Pal17C_drt,DAA_102,30.21590588,0.463725402,58.68279481,1.035924577,35.93650846,1.548239634,516.7193845,97.52613487
Pal17C_drt,DAA_103,31.53731827,0.462840125,58.78150455,1.037994861,38.7064579,1.554573854,618.8512792,98.58422986
Pal17C_drt,DAA_104,31.11998292,0.466315069,58.70347517,1.036940025,39.5162309,1.555708977,475.5349433,98.3265787
Pal17C_drt,DAA_105,30.90794366,0.568095275,58.74236722,1.040159283,40.68465197,1.552963868,428.1138162,97.1026304
Pal17C_drt,DAA_106,30.40055944,0.464048703,57.88467275,1.460235492,42.91595189,1.899657963,460.0955298,98.85050101
Pal17C_drt,DAA_107,33.39713576,0.463979111,59.16951302,1.465284059,34.37469406,1.552650755,417.5283621,97.82859285
Pal17C_drt,DAA_108,30.30321845,0.465663325,58.72619543,1.0463671,38.61121421,1.56380998,426.54346,98.93818779
Pal17C_drt,DAA_109,32.56653979,0.465422489,59.77913231,1.04834882,39.48505177,1.556092656,323.4587573,98.3026422
Pal17C_drt,DAA_110,34.34816357,0.46321233,58.7549658,1.466033098,35.15794876,1.547815,472.8293774,97.43176745
Pal17C_drt,DAA_117,32.55661935,0.462806085,60.20525298,1.035941938,34.64905229,1.545905204,366.0947422,97.512297
Pal17C_drt,DAA_122,29.58349479,0.466533186,60.49198149,1.047186636,36.73071168,1.561867437,612.4101554,98.0066792
Pal17C_drt,DAA_126,33.26797837,0.465178324,59.25770713,1.050702396,34.78663748,1.554718315,487.4643299,98.1029072
Pal17C_drt,DAA_127,31.13847707,0.46246532,58.62170509,1.037705571,31.03843876,1.559873139,405.8883558,98.54100107
Pal17C_drt,DAA_128,31.94311647,0.463129472,58.86543898,1.036768525,44.10704151,1.548602284,445.502396,97.49476658
Pal17C_drt,DAA_129,33.18841704,0.569156788,60.27242724,1.054797362,19.06167028,2.751635455,281.7051553,103.2368836
Pal17C_drt,DAA_130,31.21412228,0.467845883,60.5432638,1.042093816,42.29267091,1.928241816,306.4588488,100.2245279
Pal17C_drt,DAA_131,33.17781309,0.56700297,62.10661822,1.037821786,33.1963732,1.894967204,316.9640497,99.94908459
Pal17C_drt,DAA_132,31.77957072,0.566125194,59.80277385,1.038746954,41.29735232,1.554014883,401.0775612,97.94141348
Pal17C_drt,DAA_133,32.72961546,0.567470255,60.7600424,1.049796547,27.8245812,1.554756563,271.4639405,98.47942099
Pal17C_drt,DAA_134,32.24001097,0.466105804,59.40002166,1.03201529,35.66817909,1.564915774,393.1094542,100.8131959
Pal17C_drt,DAA_135,32.86062137,0.464866177,59.01650121,1.043673919,36.52376362,1.558007079,499.8521024,98.05971152
Pal17C_drt,DAA_136,30.97181864,0.471631437,59.82812208,1.049069798,36.92616007,1.571668157,575.7974303,99.21910615
Pal17C_drt,DAA_137,34.01589535,0.463100287,58.69508478,1.042502129,27.21907309,1.910517783,224.6032466,100.3738845
Pal17C_drt,DAA_141,31.39866869,0.462342004,58.67325553,1.047102326,32.02924333,1.548979692,545.129313,97.84778234
Pal17C_drt,DAA_142,31.24499624,0.464826762,58.14510766,1.039239984,38.42997783,1.556492217,426.8611875,99.69448432
Pal17C_drt,DAA_143,31.64667336,0.468976663,59.19903332,1.037944719,26.25439353,1.558915458,481.9689799,97.91615278
Pal17C_drt,DAA_144,30.62849772,0.463777546,58.94063749,1.035929679,34.38240068,1.543719343,623.765236,96.80123223
Pal17C_drt,DAA_145,31.39846988,0.469011289,59.65814663,1.038074146,36.87499075,1.551638213,484.5965629,98.21825773
Pal17C_drt,DAA_146,31.56014457,0.464584436,60.20916139,1.040153246,32.66934836,1.549616179,522.9409795,97.28884468
Pal17C_drt,DAA_147,30.95295531,0.464484239,58.75861239,1.040078826,39.45538509,1.568005389,471.7700891,97.63022463
Pal17C_drt,DAA_148,29.62498728,0.463877424,60.35940786,1.043642735,37.43282691,1.553168578,500.9470851,97.60883704
Pal17C_drt,DAA_149,29.87332214,0.463371996,61.18716873,1.034409402,30.04137651,1.54352997,403.3223564,97.49512476
Pal17C_drt,DAA_150,31.03653178,0.465300168,58.40389012,1.043723536,27.99519423,1.549880246,452.0247942,97.68443821
Pal17C_drt,DAA_151,30.91278629,0.46399415,61.7615881,1.049072819,41.43689768,1.548520047,177.3599602,97.33997759
Pal17C_drt,DAA_152,30.99776912,0.464796353,58.89880171,1.046985164,37.8267702,1.548069561,413.1600848,97.58043908
Pal17C_drt,DAA_153,30.74277494,0.466131106,60.01815945,1.04992325,31.75754545,1.567865147,414.5760796,97.50061506
Pal17C_drt,DAA_154,30.83484607,0.567693695,59.93404779,1.038149111,35.83075125,1.560004583,550.1529715,97.42638954
Pal17C_drt,DAA_159,30.29167637,0.463900521,58.85783537,1.042906475,39.9788536,1.551375644,425.655961,97.70109443
Pal17C_drt,DAA_166,31.65350481,0.46412511,60.12171764,1.043981425,46.11179849,1.894841244,385.1350607,97.38791205
Pal17C_drt,DAB_049,34.00163501,0.464125081,61.00138355,1.035197093,23.56540875,1.553066582,408.2176996,96.97600358
Pal17C_drt,DAB_052,34.49987802,0.567699281,61.8825324,1.033759005,25.21917862,1.546176054,520.9097853,97.55187055
Pal17C_drt,DAB_062,30.39674993,0.463252507,58.03567923,1.043784874,30.64155129,1.548015205,307.7803074,98.24415155
Pal17C_drt,DAB_064,32.14789673,0.465003495,59.33269278,1.03422705,34.05497416,1.543861531,394.9222252,97.74242342
Pal17C_drt,DAB_065,31.62726507,0.465490666,58.67865813,1.037100154,35.95828585,1.55228749,521.1831413,98.2297255
Pal17C_drt,DAB_066,32.91160864,0.467341099,59.81066216,1.053051564,36.9805895,1.554403506,384.4750038,98.47757445
Pal17C_drt,DAB_084,30.81111348,0.467185146,58.0234192,1.045404154,31.18054916,1.565353688,575.0398534,98.37464803
Pal17C_drt,DAB_106,31.56453458,0.463497354,59.28677726,1.038292064,33.86755789,1.553015224,678.9972529,98.10528152
Pal17C_drt,DAB_187,30.64800951,0.462755163,61.74287345,1.05012043,23.06934844,1.562804654,532.6421443,99.47073435
Pal17C_drt,DAB_231,30.26120827,0.46372062,57.22329564,1.469069593,39.76883232,1.556453973,418.9452433,98.23665763
Pal17C_drt,DAB_233,30.63590224,0.463030852,59.50897249,1.032689662,38.27872609,1.549843824,554.6213054,97.43064129
Pal17C_drt,DAB_244,30.26048582,0.462897264,60.87273553,1.036025861,35.30860095,1.55221117,567.1574158,97.35540663
Pal17C_drt,DAB_251,30.83962964,0.327893518,59.87316182,0.861779957,33.14769507,1.112744594,544.6969664,78.46849977
Pal17C_drt,DAB_252,31.1104265,0.466049113,59.54803264,1.035799118,36.37919,1.56449601,477.3409119,98.68569873
Pal17C_drt,DAB_267,30.16941082,0.566974825,59.36080289,1.031849523,35.02232421,1.559636204,508.5160484,97.45865252
Pal17C_drt,DAB_277,29.56135228,0.463742019,57.50077324,1.043121158,34.5542418,1.555082845,496.4229991,97.68583768
Pal17C_drt,DAB_295,29.94159147,0.359308073,59.63318545,0.735911703,37.1984954,1.106287389,634.593002,79.73200822
Pal17C_drt,DAB_302,30.58338154,0.464157808,58.38090545,1.030606515,41.70727861,1.545836157,504.6356815,96.88443903
Pal17C_drt,DAB_317,30.20734691,0.466241205,61.90490604,1.461686204,34.90244921,1.552340399,507.4251734,97.22426082
Pal17C_drt,DAB_344,29.9409413,0.463878171,58.84989173,1.044799753,31.46288251,1.544833688,494.6797918,97.14163334
Pal17C_drt,DAB_366,30.66338882,0.463242085,58.78980652,1.054758018,35.19379402,1.550275635,507.1904488,113.9100095
Pal17C_drt,DAB_374,29.74235551,0.463778262,58.9103562,1.036633953,33.07825663,1.552335703,644.9788965,97.97414211
Pal17C_drt,DAB_380,30.66850673,0.467191905,59.29796574,1.045848278,34.96863293,1.561414603,398.1808042,97.4916038
Pal17C_drt,DAB_396,31.50228354,0.464499136,57.89049518,1.041410094,32.79916887,1.560361836,709.7970547,98.19718606
Pal17C_drt,DAB_398,29.75324604,0.801388797,57.88427157,1.462765292,35.71642248,1.551183024,482.4179803,98.66429066
Pal17C_drt,DAB_402,31.20846921,0.465403358,58.99676309,1.043681009,40.98754164,1.552150857,499.9169595,96.97009682
Pal17C_drt,DAB_441,30.07901688,0.463540151,58.01566346,1.462083198,37.78550495,1.552167247,485.0721458,97.8271533
Pal17C_drt,DAB_489,29.90882658,0.566846463,59.23170053,1.045437365,33.63496774,1.550036964,752.5310952,98.217528
Pal17C_drt,DAB_494,30.20924176,0.270344658,59.89942236,0.662272775,36.03328026,0.922206421,667.1057163,73.77502875
Pal17C_drt,DAB_514,29.95127251,0.465696035,57.7893219,1.055214503,36.5418626,1.549889704,574.4474241,98.31315913
Pal17C_drt,DAB_520,29.99291827,0.463618083,59.32104399,1.033799681,32.9355375,1.545628227,472.1627329,97.53773058
Pal17C_drt,DAB_525,29.97812018,0.463975645,59.11891145,1.042597292,35.37323237,1.543277844,567.4604788,97.36030714
Pal17C_drt,DAB_534,30.11290812,0.46301259,59.68355789,1.041873542,35.62315307,1.545251548,489.5313499,97.7872121
Pal17C_drt,DAB_545,29.66058906,0.464058931,58.18666988,1.042665123,31.96688046,1.566321696,595.8521309,97.53105789
Pal17C_drt,DAB_549,29.59799794,0.463360933,59.02457424,1.035122084,31.00696095,1.546177472,497.9088243,96.92433438
Pal17C_drt,DAB_555,29.73160761,0.462786246,58.34136668,1.039645574,31.27308839,1.553106965,539.0431074,97.9778536
Pal17C_drt,DAB_568,31.26153371,0.462919921,59.17922116,1.035817663,37.06949541,1.54347493,376.7593606,97.93202167
Pal17C_drt,DAB_569,31.59680647,0.46740143,58.40698989,1.057193608,33.57700444,1.558855966,369.8675211,98.31669735
Pal17C_drt,DAB_571,33.94100783,0.566380738,59.02007874,1.042206167,36.85503358,1.558193023,468.2478631,98.16508187
Pal17C_drt,DAB_573,33.89070052,0.566290074,58.44429479,1.040116005,33.97041378,1.550565208,618.1403885,97.1299412
Pal17C_drt,DAB_576,30.71588563,0.46279686,59.10716911,1.032569935,41.47265175,1.546065344,384.6691216,96.73681828
Pal17C_drt,DAB_577,30.04795492,0.462930163,58.87863397,1.042798031,44.50488502,1.547035303,580.6304299,97.15807275
Pal17C_drt,DAB_579,31.83871835,0.568947511,59.48485282,1.039357114,39.43261965,1.550505632,419.8770031,97.99983184
Pal17C_drt,DAB_580,33.96369798,0.463221939,59.21542991,1.049521161,39.11205878,1.551968783,480.8252454,98.10399454
Pal17C_drt,DAB_583,29.88113465,0.566194495,57.80612995,1.033492714,34.44947456,1.548223285,285.1922644,97.29848299
Pal17C_drt,DAB_585,30.88458149,0.46640428,59.15320225,1.041443352,33.46841497,1.557507516,347.4964277,98.63874416
Pal17C_drt,DAB_587,30.37583369,0.464129378,59.41197049,1.037112848,31.81184201,1.545099063,612.4933517,97.2980471
Pal17C_drt,DAB_588,32.49067606,0.567328794,59.42988053,1.043076513,27.23367822,1.55256018,429.5830634,97.18265402
Pal17C_drt,DAB_591,30.58501538,0.463696001,57.97326587,1.034692748,32.77440368,1.555794399,512.0568385,98.08251219
Pal17C_drt,DAB_593,30.18065136,0.463552563,59.172127,1.043218904,36.87204342,1.555829461,666.4874829,98.48357035
Pal17C_drt,DAB_594,30.73118035,0.464836779,59.32520206,1.04290332,32.67180167,1.549750245,416.0895474,97.63395207
Pal17C_drt,DAB_596,31.04618043,0.567556441,57.92967509,1.037588115,32.76015995,1.541107085,508.0095326,97.58706526
Pal17C_drt,DAB_597,30.88543555,0.463589954,58.40373792,1.035169853,34.4647342,1.542391173,535.4214212,96.67267904
Pal17C_drt,DAB_598,31.54011951,0.56751958,61.95777302,1.470910623,36.70881881,1.556416964,568.2887328,98.20277063
Pal17C_drt,DAB_604,30.90829958,0.466207683,59.28094612,1.051581931,35.96373901,1.552043174,603.7273981,97.61630016
Pal17C_drt,DAB_605,31.64437847,0.466658581,59.25590526,1.043978846,37.63019053,1.556271994,534.2751013,97.31351576
Pal17C_drt,DAB_610,35.13385289,0.82938299,61.28876249,1.037319756,36.63970204,1.928370848,384.3343028,100.1673828
Pal17C_drt,DAB_614,30.0079922,0.328780833,58.30937698,0.736130861,33.02555319,1.107132417,577.8067776,78.79048462
Pal17C_drt,DAB_615,29.86398248,0.464377398,58.89997273,1.037269032,34.53507554,1.553553903,434.0722847,99.94094548
Pal17C_drt,DAB_616,NA,NA,62.16201921,1.040453342,36.3946768,1.553325574,483.5143771,97.53902312
Pal17C_drt,DAB_617,30.40378232,0.46316744,59.05226715,1.040208015,32.07851458,1.544352771,438.8139924,97.32578724
Pal17C_drt,DAB_621,30.84825672,0.566248201,58.63972899,1.046380535,33.40614062,1.547012644,704.0012187,97.6968911
Pal17C_drt,DAB_622,30.23554129,0.465343308,61.10825389,1.049793017,33.81787149,1.554163354,505.2217035,97.50884014
Pal17C_drt,DAB_624,30.87312041,0.462068995,58.31367959,1.043929589,35.38391895,1.548574359,534.5869272,97.55102411
Pal17C_drt,DAB_625,30.33015621,0.464880285,58.44352491,1.033526858,32.94449656,1.552743227,362.4993445,98.3757518
Pal17C_drt,DAB_628,30.4701953,0.464263322,58.32481313,1.031309379,35.80202957,1.546127275,615.8559045,97.54058326
Pal17C_drt,DAB_629,30.36730384,0.461658572,58.88242712,1.049271641,32.82665625,1.552676734,543.6797533,97.64911092
Pal17C_drt,DAB_630,31.01242563,0.463659544,59.78828527,1.045506481,33.80032916,1.550237525,398.526085,97.8252094
Pal17C_drt,DAB_900,30.99859269,0.807277878,58.10598912,1.038428173,30.69340042,1.560144265,646.6430864,98.41144057
Pal17C_drt,DAB_902,31.97510581,0.463897628,57.87472325,1.046179561,30.14489397,1.559432583,492.5535086,98.2411293
Pal17C_drt,DAB_903,31.01482731,0.46415793,58.52089879,1.03867445,34.6230848,1.550607096,747.2445896,98.32104092
Pal17C_drt,DAB_906,28.93723887,0.462627898,58.78529413,1.05459523,30.67254465,1.557131894,502.6950749,97.2566473
Pal17C_drt,DAB_910,31.72895088,0.464169271,58.5165718,1.043819062,33.51312061,1.562019782,554.4593191,97.5671675
Pal17C_drt,DAB_912,30.3103779,0.464306884,58.29005139,1.041163722,36.98818869,1.568436688,432.710728,118.5499461
Pal17C_drt,DAB_915,29.29440437,0.465110955,58.52316939,1.046178361,32.20281968,1.558418765,544.4798875,98.7364284
Pal17C_drt,DAB_925,29.31572531,0.567217542,58.83792984,1.048084568,35.28241007,1.563342272,335.5678223,99.16731114
Pal17C_drt,DAB_926,30.33224098,0.463229758,57.88573276,1.041262622,32.00345325,1.553558284,734.3454009,97.78635311
Pal17C_drt,DAB_928,30.2681254,0.47093087,59.12714125,1.050744988,30.57026514,1.568736056,411.5958813,101.2095109
Pal17C_drt,DAB_929,29.00897728,0.46387211,58.82815262,1.03566992,37.5345869,1.545856201,463.2438768,97.96264557
Pal17C_drt,DAB_930,28.69928928,0.467600191,57.79473036,1.049681842,36.70229757,1.55221064,521.6374102,97.4939237
Pal17C_drt,DAB_932,28.90566318,0.328261346,58.54021035,0.74355273,37.7849852,1.110810159,424.4076922,79.26022816
Pal17C_drt,DAB_933,29.84739002,0.467005881,59.25503375,1.047723774,31.40726736,1.556710911,579.9032038,98.73943876
Pal17C_drt,DAB_934,30.4752556,0.566875776,58.66618528,1.045955142,30.1211797,1.564220305,677.9193134,98.32343595
Pal17C_drt,DAB_939,29.52193746,0.46400385,57.88150874,1.473349708,33.91253043,1.551066838,432.5347822,98.59298677
Pal17C_drt,DAB_940,29.59784679,0.463494423,58.60171294,1.032093664,29.44217157,1.548176418,371.9924614,96.96746785
Pal17C_drt,DAN_005,32.80315356,0.463347579,59.12079789,1.475691534,42.52322947,1.555038135,509.9147345,98.77055554
Pal17C_drt,DAN_016,29.99021245,0.463690098,58.44140793,1.031747599,39.60717333,1.561003254,430.2429246,99.17236386
Pal17C_drt,DAN_022,30.26546926,0.463613405,58.40721245,1.040896155,41.6082326,1.554823341,744.6604904,97.22782576
Pal17C_drt,DAN_029,29.89224279,0.567372007,58.80559604,1.037804173,31.29085264,1.546408391,407.2521979,98.41946706
Pal17C_drt,DAN_034,32.81277401,0.567247543,58.59471457,1.042601272,40.32251257,1.891721344,302.9794585,98.48442013
Pal17C_drt,DAN_035,31.28239902,0.463724426,58.82603527,1.054443498,35.85653913,1.560910853,357.220664,96.77410006
Pal17C_drt,DAN_036,31.28887097,0.464351976,60.76721268,1.050574541,37.32176065,1.561777403,391.982668,99.15275567
Pal17C_drt,DAN_037,31.58514281,0.464103518,60.15323694,1.044820634,43.7679278,1.546536128,330.3843821,97.38215339
Pal17C_drt,DAN_038,30.67478379,0.465599894,58.8190098,1.046653548,38.54233646,1.567256028,366.6135841,98.06407764
Pal17C_drt,DAN_039,30.96787873,0.464366619,60.42217349,1.035266052,27.43220929,1.569117673,327.6027743,102.4717887
Pal17C_drt,DAN_040,31.22242299,0.463431779,58.76925564,1.035522178,35.83632918,1.552473806,370.050868,98.47573443
Pal17C_drt,DAN_041,31.38168311,0.462204068,60.27884196,1.042712418,25.8478169,1.546672266,268.2348107,98.01538459
Pal17C_drt,DAN_042,31.00929158,0.463678397,61.88111827,1.033372289,35.17988449,1.559464556,370.5657605,99.69635451
Pal17C_drt,DAN_044,31.97989057,0.463609589,59.56739853,1.032161473,38.97564087,1.54730712,491.6218863,97.11921489
Pal17C_drt,DAN_045,NA,NA,61.13152513,1.044393286,3.629959268,1.573725452,127.3884223,103.2206392
Pal17C_drt,DAN_046,32.20504371,0.464429842,57.09418444,1.464565067,36.49307952,1.562957796,279.0873373,99.24190659
Pal17C_drt,DAN_048,31.33451513,0.462052577,59.96544923,1.048907118,33.19106618,1.553291248,209.0557334,97.34062298
Pal17C_drt,DAN_049,31.47950469,0.464759584,60.06014082,1.032356348,33.59166712,1.564126706,414.7556832,97.70346703
Pal17C_drt,DAN_050,31.27590038,0.46288468,59.28105126,1.046666039,32.01980914,1.55036065,433.109654,97.52166527
Pal17C_drt,DAN_051,32.35347604,0.462941364,59.29651979,1.039927148,36.07217048,1.546692202,440.0620948,96.98882573
Pal17C_drt,DAN_052,31.9496972,0.462303681,59.18329039,1.041898079,27.01620579,1.554019128,336.1065761,98.27299746
Pal17C_drt,DAN_053,30.77362049,0.467356063,58.26804648,1.033251249,30.13325604,1.55580596,464.0029532,98.59017174
Pal17C_drt,DAN_056,31.66849792,0.463646832,58.51770961,1.044578794,33.03285581,1.546218764,393.2558896,97.34197054
Pal17C_drt,DAN_058,29.63247115,0.466927481,58.90797297,1.049389886,31.69363102,1.547834839,438.2304406,98.74901117
Pal17C_drt,DAN_060,31.27308165,0.46297095,61.58051684,1.043809248,29.24370055,1.549943742,191.4350494,97.4551562
Pal17C_drt,DAN_061,30.66684769,0.466584295,59.48948483,1.049437476,41.37468409,1.911869517,337.0434311,99.34110655
Pal17C_drt,DAN_062,31.24746191,0.46358005,59.65689723,1.037047922,31.86595578,1.544074924,564.2939631,96.91276396
Pal17C_drt,DAN_063,32.48284359,0.568379828,58.32722259,1.045853234,11.06390571,1.901036811,305.9184267,99.56315236
Pal17C_drt,DAN_064,34.21618048,0.567579545,60.67022666,1.0342054,40.33801836,1.914607459,288.1137003,100.469718
Pal17C_drt,DAN_065,30.54829881,0.464146631,59.45728144,1.049817261,21.18501236,1.55398705,346.2553793,98.5909697
Pal17C_drt,DAN_066,33.49123964,0.46427848,57.99694158,1.472091114,30.37842595,1.559126812,464.0842672,98.42659327
Pal17C_drt,DAN_067,30.53365652,0.464035807,60.97853121,1.034659351,15.76245117,1.899528953,156.3364885,100.0300343
Pal17C_drt,DAN_068,31.28883061,0.462968112,60.26961958,1.038853272,31.23722771,1.542690465,603.4945439,97.20166825
Pal17C_drt,DAN_070,31.16421389,0.466537712,59.55073243,1.033885499,28.39551435,1.562163781,391.7132928,98.04853124
Pal17C_drt,DAZ_001,30.20769704,0.466981715,60.07029066,1.047633442,37.66220344,1.56012283,422.3182214,97.19879276
Pal17C_drt,DAZ_002,30.49504778,0.466722564,59.87339262,1.045069171,32.55814786,1.55575808,472.5015526,97.70011718
Pal17C_drt,DAZ_003,29.86911042,0.462644966,59.21801312,1.037017067,37.5536582,1.903410279,447.7365154,97.56259928
Pal17C_drt,DAZ_004,30.73253636,0.464506633,58.30714538,1.0305154,40.19231575,1.557661155,521.4525074,98.33249151
Pal17C_drt,DAZ_005,29.95251742,0.467521535,58.22077084,1.04548255,37.260455,1.555724488,337.9380304,97.07049145
Pal17C_drt,DAZ_006,31.92247836,0.569162446,61.23270024,1.052889849,34.68619069,1.556731907,423.2636552,97.14327946
Pal17C_drt,DIACOL_CALIMA,31.0672099,0.46296334,58.73720354,1.040286371,31.67284626,1.55014867,350.0837768,97.77505126
Pal17C_drt,DICTA_17,35.12255388,0.822985878,59.96069643,1.050151186,28.39897143,1.568947401,828.9097323,98.85101373
Pal17C_drt,DOR_364,NA,NA,59.56785026,1.050598463,16.61848835,1.550793149,496.5468312,98.09078361
Pal17C_drt,DOR_390,NA,NA,60.88750892,1.048264506,15.96290081,1.557447819,386.9209053,98.78972061
Pal17C_drt,DOR_500,NA,NA,60.97314799,1.041862149,16.02389627,1.552941082,466.7388541,96.63228952
Pal17C_drt,DRK_149,30.93374436,0.464765209,60.72870367,1.044323862,39.37824173,1.548393152,519.4852875,97.56293388
Pal17C_drt,ICA_CALIMA,31.69127025,0.462668868,59.37426165,1.0470607,34.10759669,1.559286765,374.8554423,97.92423087
Pal17C_drt,KAT_B1,28.91749065,0.465185242,61.404302,1.050000753,29.82043867,1.547215808,511.8180135,97.91435897
Pal17C_drt,KAT_B9,30.28017277,0.466509224,58.37766178,1.050450557,26.12854884,1.575085768,284.0654252,98.10393835
Pal17C_drt,LPA_146,34.27463695,0.463825307,58.17013364,1.03528879,34.35211312,1.548030519,140.500595,98.08807268
Pal17C_drt,LPA_435,31.0221412,0.463276539,59.92439327,1.037845491,36.06201218,1.559789249,249.4118758,97.27093487
Pal17C_drt,LPA_499,32.92705036,0.463875633,57.46392697,1.47326014,32.21703315,1.554876038,429.2018483,97.98653368
Pal17C_drt,LPA_512,32.79905014,0.463636383,59.13738808,1.039582874,36.66956869,1.559092363,435.4291348,98.55787616
Pal17C_drt,LPA_610,30.98418942,0.462281837,58.38155335,1.050166975,31.96294171,1.559900299,474.3789335,97.8899208
Pal17C_drt,LPA_732,30.05475376,0.46464741,58.57384725,1.039748694,41.80294363,1.541293737,572.4573797,97.54114295
Pal17C_drt,LPA_770,31.30479239,0.463152984,59.30036478,1.041752315,41.38985299,1.56410205,439.2277334,99.70488378
Pal17C_drt,LPA_777,31.23726727,0.462766522,59.60611863,1.046393782,36.42052091,1.552929063,404.9160548,97.25441683
Pal17C_drt,LPA_778,32.55198813,0.464675578,60.21245885,1.045091441,41.02485615,1.894459981,343.2343189,98.6991881
Pal17C_drt,LYAMUNGO_85,NA,NA,60.4251562,1.049738463,35.46830858,1.570155094,300.5424997,99.96119562
Pal17C_drt,MIB_465,34.72448338,0.800854932,61.35765161,1.040541595,16.22843821,1.555356645,213.8968352,98.15298906
Pal17C_drt,NATAL_SUGAR,34.91940332,0.802241006,60.28287069,1.040707108,29.91071532,1.553652985,329.6495224,99.32253302
Pal17C_drt,NDZ_001,30.51345154,0.568454946,58.52915961,1.472274614,13.93676549,1.899443339,182.6865085,103.1536096
Pal17C_drt,NDZ_003,30.74207061,0.568512303,59.01790634,1.035399051,40.54975791,1.554543348,432.3813466,97.4255015
Pal17C_drt,NDZ_004,30.89644375,0.566322622,59.88371677,1.049144976,27.1707207,1.545481206,497.2635744,97.12129604
Pal17C_drt,NDZ_005,30.87569598,0.464606685,59.26008674,1.032811404,34.49196597,1.549886413,514.5128148,97.46239252
Pal17C_drt,NDZ_006,30.11003018,0.463463682,59.59602504,1.03280968,35.48790343,1.561664802,483.4358505,98.03804469
Pal17C_drt,NDZ_007,30.54586596,0.463623925,58.45201675,1.035163648,38.19465886,1.561255489,462.2850024,97.29165774
Pal17C_drt,NDZ_009,31.3914052,0.46369925,58.31061639,1.03228736,31.88349623,1.548874277,231.2843406,97.41798858
Pal17C_drt,NDZ_010,30.52679228,0.463096164,59.98563044,1.0310453,30.55025509,1.547012398,396.8972848,97.3321647
Pal17C_drt,NDZ_011,32.20013034,0.568013171,60.2629335,1.034135399,37.50489128,1.562761991,421.6808416,100.1762022
Pal17C_drt,NDZ_012,30.91189864,0.464796723,58.07105814,1.041854869,30.39194886,1.55472211,389.593699,96.80656506
Pal17C_drt,NDZ_013,32.70893578,0.467803487,59.17715098,1.042249597,26.818643,1.555023294,264.4010484,97.1313316
Pal17C_drt,NUA_035,31.76033408,0.330387642,59.38028899,0.750026731,37.10588464,1.109135921,402.8393165,79.38916325
Pal17C_drt,NUA_184,NA,NA,59.79479494,0.742934349,31.84632473,1.219758604,173.9320596,80.64840491
Pal17C_drt,NUA_230,34.13048245,0.801000532,60.11299154,1.038390375,32.3620364,1.547128001,97.86182788,97.21452119
Pal17C_drt,NUA_291,NA,NA,59.44102056,1.034922927,21.74981477,1.555066659,301.2783188,98.44635091
Pal17C_drt,NUA_398,31.31467021,0.463297225,59.52652766,1.045804396,34.69411331,1.55102046,346.0195514,97.26143136
Pal17C_drt,NUA_430,31.61507331,0.463978479,59.86509872,1.046596815,36.77440284,1.552680049,244.8824952,97.68542173
Pal17C_drt,PVA_773,NA,NA,60.71859277,1.052834184,34.94986898,1.551118899,390.8069091,98.82255643
Pal17C_drt,RAA_021,33.51173335,0.568749081,61.26732426,1.030518232,31.88589506,1.572055198,431.4357291,98.1984447
Pal17C_drt,RAA_030,32.82308408,0.566314838,58.32158648,1.040601347,33.27942801,1.549137219,536.552601,97.03017887
Pal17C_drt,RAA_034,32.56254574,0.330634758,60.29621303,0.736478631,27.68523864,1.113535141,544.9867867,79.0849582
Pal17C_drt,RED_CANADIAN_WONDER,30.25541048,0.463740618,59.9738237,1.465720435,21.4428859,1.553947298,369.5538787,97.8098032
Pal17C_drt,RMX_019,34.94627823,0.470652155,60.08142258,1.039184533,33.50223043,1.570801919,227.2602562,100.018025
Pal17C_drt,SAA_015,31.2383662,0.464762127,58.86324537,1.061267667,36.70315007,1.560056066,512.8636209,98.21333292
Pal17C_drt,SAA_017,31.31408775,0.463346217,58.30839034,1.030880274,36.5976115,1.54652764,429.1125189,97.92626593
Pal17C_drt,SAA_020,31.29626835,0.46401667,58.70322639,1.042363527,34.75969684,1.546433539,357.4463254,97.19770922
Pal17C_drt,SAA_021,30.5911416,0.464558866,58.80472626,1.041526163,34.95174298,1.555290513,562.5504454,98.40740792
Pal17C_drt,SAB_259,31.0539736,0.463742763,59.0279265,1.038022193,24.76567283,1.575344174,448.8306035,99.26227116
Pal17C_drt,SAB_516,30.82222552,0.464232423,58.34584267,1.471837392,35.13328976,1.56171712,460.3630967,98.1554842
Pal17C_drt,SAB_560,30.79076267,0.330278269,59.60658611,0.742317141,30.40434079,1.112952467,564.4353429,78.99460641
Pal17C_drt,SAB_568,31.66375012,0.462976109,58.48847135,1.040915644,35.87047469,1.543232213,521.0820556,97.21137752
Pal17C_drt,SAB_576,30.66273444,0.464612806,59.17550702,1.04037106,33.60475622,1.554774696,328.2386979,97.7097644
Pal17C_drt,SAB_626,30.92406012,0.464302768,59.04711611,1.044899724,34.80776607,1.549742512,424.8673523,96.64732806
Pal17C_drt,SAB_659,29.88414259,0.328766407,60.64349635,0.857603816,37.67059846,1.109771473,536.4014023,79.50456714
Pal17C_drt,SAB_712,30.80343934,0.464267316,59.69337563,1.035710167,32.81811818,1.55182868,700.8509156,97.73973066
Pal17C_drt,SAP_001-16,30.36575652,0.463159576,58.96133547,1.038671267,34.39817643,1.549538527,714.0143206,97.38584482
Pal17C_drt,SEC_035,34.21880145,0.464569559,60.14011453,1.04741166,23.19636292,1.554702891,454.2492499,114.0265813
Pal17C_drt,SEF_060,29.88745519,0.56831912,58.739065,1.049773823,20.98011106,1.547752928,765.0358195,97.79715649
Pal17C_drt,SEN_056,33.13010206,0.463464699,59.06568086,1.47181558,27.65638454,1.551971243,566.2184286,98.60185737
Pal17C_drt,SEQ_1003,33.24947725,0.333270582,60.66857864,0.751214308,31.52454288,1.119046815,586.2726398,79.85458996
Pal17C_drt,SEQ_1004,33.01307216,0.465431701,60.10348176,1.042021562,35.82301949,1.556648995,683.6916164,97.44653194
Pal17C_drt,SEQ_1006,29.97082245,0.464568725,58.65749879,1.04342114,41.2581837,1.550857863,491.2167313,97.33266759
Pal17C_drt,SEQ_1027,29.95876263,0.806027025,58.43881158,1.038461447,34.87331276,1.565605665,575.4773892,98.17364661
Pal17C_drt,SER_118,35.1422578,0.567254749,59.05150796,1.036573942,23.2005601,1.886627927,420.7795994,98.23178826
Pal17C_drt,SUG_131,34.66991042,0.567530286,57.84461749,1.460954675,30.80044798,1.552354319,353.8956958,99.34874021
Pal17C_drt,TIO_CANELA_75,32.01797341,0.800321907,61.75234495,0.750288987,18.15193855,1.111441075,701.0431667,79.56493719
Pal18A_irr,ACC_004,34.08678786,0.577136817,NA,NA,50.22862667,2.434179529,1337.665307,307.3456137
Pal18A_irr,ACC_008,33.14913372,0.579267325,NA,NA,49.92239865,2.446067226,1777.6357,307.7411196
Pal18A_irr,ACC_022,34.4723249,0.583022968,NA,NA,44.31233052,2.433125901,1853.913563,312.9325294
Pal18A_irr,ACC_023,33.52703445,0.568708509,NA,NA,49.11552181,2.402335674,1642.607637,303.5646929
Pal18A_irr,ACC_026,34.45766237,0.573198439,NA,NA,40.35151512,2.429862696,1727.854254,306.2344484
Pal18A_irr,ACC_027,32.96426055,0.571810916,NA,NA,47.40672646,2.774601396,1332.722024,304.4861732
Pal18A_irr,ACC_031,32.51875534,0.570475113,NA,NA,49.8148275,2.406839,1911.239135,304.5892314
Pal18A_irr,AFR_298,32.9342098,0.419484377,NA,NA,49.42521034,2.00051961,1733.774998,265.7905113
Pal18A_irr,AFR_619,36.20929038,0.572363178,NA,NA,42.76434954,2.418195041,1521.555043,305.3871513
Pal18A_irr,AFR_722,35.7925652,0.571915782,NA,NA,54.65002267,2.417799414,1326.482534,305.9270144
Pal18A_irr,AFR_735,35.44848207,0.57524125,NA,NA,50.18210772,2.42234369,1190.041201,307.1819015
Pal18A_irr,AMADEUS,36.26584593,0.574289285,NA,NA,19.44116146,2.422345314,2038.994272,305.7451923
Pal18A_irr,CAL_096,33.20260589,0.346695881,NA,NA,54.86239247,1.827894265,1391.494612,247.0339583
Pal18A_irr,CAL_143,35.31573235,0.575400012,NA,NA,37.076233,2.419420243,1651.343692,306.8195809
Pal18A_irr,CMB_012,36.87732922,0.571224444,NA,NA,40.63325702,2.413737214,1298.799652,304.8051116
Pal18A_irr,CMB_018,36.49624036,0.575977741,NA,NA,47.89409675,2.431990054,1237.848248,306.2760322
Pal18A_irr,COS_016,33.43436607,0.69817882,NA,NA,38.23536279,2.418524715,1931.00309,305.8245753
Pal18A_irr,DAA_002,31.69570086,0.572438802,NA,NA,52.18807012,2.415427746,1809.327521,305.6724114
Pal18A_irr,DAA_003,31.7821868,0.570920271,NA,NA,48.72413872,2.417886106,1743.636555,304.9950461
Pal18A_irr,DAA_007,35.18530848,0.573055733,NA,NA,35.94220367,2.415156401,1555.444719,305.0605884
Pal18A_irr,DAA_008,33.43227349,0.577467254,NA,NA,38.19519161,2.428646767,1992.617524,306.9789488
Pal18A_irr,DAA_009,31.19231831,0.575115735,NA,NA,55.14876059,2.427250507,2129.604568,307.0099241
Pal18A_irr,DAA_010,34.49963275,0.571415371,NA,NA,43.28043218,2.41663815,1970.339144,305.8754358
Pal18A_irr,DAA_012,32.1339363,0.572105365,NA,NA,51.80526601,2.41554049,1222.921216,305.2923815
Pal18A_irr,DAA_013,31.88305277,0.5784761,NA,NA,49.84971452,2.441653714,2142.197519,308.2839145
Pal18A_irr,DAA_014,31.97086798,0.585525,NA,NA,61.5121801,2.502341734,1573.357571,314.7969149
Pal18A_irr,DAA_015,30.51038209,0.571986758,NA,NA,50.82576797,2.411841182,2009.95087,304.9504401
Pal18A_irr,DAA_016,31.89347165,0.569351347,NA,NA,49.20843787,2.406406262,1955.240796,303.8760351
Pal18A_irr,DAA_017,30.83225543,0.57825506,NA,NA,45.48204214,2.432723763,1242.437267,307.5014422
Pal18A_irr,DAA_018,31.14588169,0.577456595,NA,NA,49.50109337,2.427430657,1963.312146,307.3674711
Pal18A_irr,DAA_019,31.0299289,0.577638405,NA,NA,46.48902341,2.444207679,1279.786595,308.3301559
Pal18A_irr,DAA_020,30.42584746,0.578575316,NA,NA,44.32235137,2.443866041,1327.582171,307.9160008
Pal18A_irr,DAA_021,31.22399909,0.579293663,NA,NA,66.98647986,2.445129714,2002.332408,309.7754998
Pal18A_irr,DAA_022,30.6854604,0.576661165,NA,NA,62.35590958,2.45049712,1648.505915,308.0453811
Pal18A_irr,DAA_023,31.03951766,0.573996067,NA,NA,51.49447732,2.415020042,1011.774245,305.2917551
Pal18A_irr,DAA_024,31.19922021,0.577466636,NA,NA,57.33876542,2.435450608,2247.872663,308.5242212
Pal18A_irr,DAA_025,30.86943083,0.575956144,NA,NA,44.58419129,2.428317787,1583.209215,306.9472124
Pal18A_irr,DAA_026,31.76447634,0.574251173,NA,NA,54.07743087,2.429969749,1851.631998,306.5661193
Pal18A_irr,DAA_028,31.46229036,0.575579451,NA,NA,43.61141912,2.417734703,1744.280757,307.1519998
Pal18A_irr,DAA_029,31.18213983,0.571564843,NA,NA,57.79727485,2.412877519,1801.019513,306.230728
Pal18A_irr,DAA_030,34.28729872,0.574409383,NA,NA,58.54879848,2.428733704,1863.841578,307.9054807
Pal18A_irr,DAA_031,30.87616211,0.573305614,NA,NA,42.67775835,2.420955542,1180.188957,307.9602245
Pal18A_irr,DAA_032,31.03736894,0.574451047,NA,NA,55.48090252,2.422308969,1447.538573,306.3878243
Pal18A_irr,DAA_033,30.88040929,0.578679286,NA,NA,54.51233916,2.458349915,1587.697871,309.5913196
Pal18A_irr,DAA_034,31.05670175,0.571961853,NA,NA,55.47966935,2.419998242,1679.467834,306.1016485
Pal18A_irr,DAA_035,30.93457294,0.571007259,NA,NA,54.66445033,2.418508322,2027.387076,305.1025748
Pal18A_irr,DAA_036,30.37298708,0.578376513,NA,NA,50.32570944,2.435731129,1399.885675,308.4119145
Pal18A_irr,DAA_037,31.09917659,0.576777176,NA,NA,44.40116661,2.427000377,1506.830806,306.395131
Pal18A_irr,DAA_038,30.57036338,0.575092747,NA,NA,46.88637474,2.413726308,1101.651317,306.3497461
Pal18A_irr,DAA_039,29.81205579,0.578204351,NA,NA,49.95679254,2.459055353,1726.608219,310.653352
Pal18A_irr,DAA_040,31.27108647,0.576892909,NA,NA,50.77852248,2.429012354,1545.679617,307.7096199
Pal18A_irr,DAA_041,31.04377703,0.698752316,NA,NA,54.0178808,2.79634712,1995.370299,344.8230614
Pal18A_irr,DAA_042,31.66533544,0.575896975,NA,NA,44.49575119,2.426774596,1234.941574,307.3801055
Pal18A_irr,DAA_043,29.58374115,0.574546129,NA,NA,55.16695696,2.421052611,1188.52598,305.5414099
Pal18A_irr,DAA_044,30.23943379,0.578264431,NA,NA,49.07480546,2.436116961,2067.282836,307.8581699
Pal18A_irr,DAA_045,31.09447757,0.574830346,NA,NA,60.53922499,2.426254878,2011.055842,307.385679
Pal18A_irr,DAA_046,31.16789513,0.573670922,NA,NA,56.86745992,2.433284356,2156.549189,306.0070109
Pal18A_irr,DAA_047,31.84830751,0.57079535,NA,NA,57.9534583,2.408506688,1848.176271,305.2255548
Pal18A_irr,DAA_048,30.87545451,0.57365731,NA,NA,55.84671292,2.439157116,1489.61955,307.6766473
Pal18A_irr,DAA_049,32.0254341,0.575806219,NA,NA,52.13110084,2.433524756,2633.980261,307.493234
Pal18A_irr,DAA_050,30.22272543,0.574955573,NA,NA,44.17832912,2.424619935,1569.418799,306.9243446
Pal18A_irr,DAA_051,30.34198155,0.574257286,NA,NA,47.30640946,2.43075174,2323.954543,306.2130609
Pal18A_irr,DAA_052,30.94955381,0.590253827,NA,NA,49.1174052,2.553585283,1622.607281,322.4742866
Pal18A_irr,DAA_053,31.92780269,0.575205132,NA,NA,54.02073058,2.419282478,1375.997289,306.5313587
Pal18A_irr,DAA_054,32.25207547,0.581833563,NA,NA,57.5431686,2.452058923,1883.848202,309.9506558
Pal18A_irr,DAA_055,31.73246858,0.571448483,NA,NA,48.04632526,2.420194474,1821.923453,306.1441944
Pal18A_irr,DAA_056,30.60379611,0.57841862,NA,NA,54.63235149,2.43755107,1459.500284,308.3074393
Pal18A_irr,DAA_057,31.65114384,0.580413448,NA,NA,49.19474256,2.440468882,1363.688011,308.9680701
Pal18A_irr,DAA_058,30.42490316,0.577718836,NA,NA,53.43898991,2.441786348,1223.662283,308.7360073
Pal18A_irr,DAA_059,32.33095591,0.571704567,NA,NA,42.56204114,2.416795557,1456.846415,305.0660524
Pal18A_irr,DAA_060,30.82711987,0.572232132,NA,NA,47.22365491,2.421066489,1767.300078,305.7754321
Pal18A_irr,DAA_061,30.42065609,0.573054192,NA,NA,39.48355882,2.412480295,1546.698374,304.8773986
Pal18A_irr,DAA_062,31.92485234,0.578840508,NA,NA,53.52653375,2.439527684,2077.150266,308.5965215
Pal18A_irr,DAA_063,30.91108243,0.578515477,NA,NA,55.43418351,2.434338166,1377.092766,309.0159123
Pal18A_irr,DAA_064,30.73227049,0.572849307,NA,NA,40.52263474,2.421465121,1328.722883,305.288389
Pal18A_irr,DAA_065,32.28297326,0.578133845,NA,NA,45.08949069,2.436670505,1697.562793,307.4894052
Pal18A_irr,DAA_066,29.72233671,0.574328318,NA,NA,47.70811417,2.429046031,1376.922785,306.4574529
Pal18A_irr,DAA_067,31.45769959,0.572811478,NA,NA,61.32880916,2.417309555,2383.632623,305.5605385
Pal18A_irr,DAA_068,30.28711898,0.581083512,NA,NA,53.58924512,2.450430413,1378.300279,312.061742
Pal18A_irr,DAA_069,31.70414407,0.576605469,NA,NA,57.24375678,2.431870907,2034.699649,306.4521775
Pal18A_irr,DAA_070,31.19544582,0.58175999,NA,NA,54.03379169,2.448153329,1624.95516,309.788263
Pal18A_irr,DAA_071,31.50627158,0.570172467,NA,NA,58.16376521,2.412455785,1627.292917,304.6517858
Pal18A_irr,DAA_072,30.84787292,0.573340834,NA,NA,51.57529809,2.422139605,1080.230126,306.0597953
Pal18A_irr,DAA_073,33.79778695,0.5720546,NA,NA,44.76461285,2.421981967,1959.080667,305.0641083
Pal18A_irr,DAA_074,33.31046988,0.580467833,NA,NA,42.12206596,2.451996458,1477.886293,308.7988027
Pal18A_irr,DAA_075,31.2096603,0.57467285,NA,NA,47.17506347,2.421850844,1500.452516,305.6886181
Pal18A_irr,DAA_076,30.63932612,0.575477112,NA,NA,45.58094068,2.431097606,1843.919983,306.0322667
Pal18A_irr,DAA_077,30.80553388,0.577353122,NA,NA,52.67399342,2.437234561,1474.799081,308.0988651
Pal18A_irr,DAA_078,31.29048519,0.571462399,NA,NA,52.6938656,2.414608206,2391.232396,305.432544
Pal18A_irr,DAA_079,31.38792198,0.571358786,NA,NA,46.53489865,2.413218024,1712.721361,305.1923091
Pal18A_irr,DAA_080,31.48997973,0.578478795,NA,NA,46.04799396,2.439806766,2033.762098,307.9927151
Pal18A_irr,DAA_082,34.38599344,0.578100893,NA,NA,52.17232378,2.501917033,1368.118499,314.5269597
Pal18A_irr,DAA_083,31.02806748,0.571260322,NA,NA,48.1250749,2.4194142,1820.590856,305.922708
Pal18A_irr,DAA_084,32.00707462,0.579037195,NA,NA,55.42844634,2.445695668,1483.377574,307.6742765
Pal18A_irr,DAA_085,31.89904227,0.570709794,NA,NA,46.34212585,2.411984523,1243.970738,305.6300324
Pal18A_irr,DAA_086,30.07477228,0.578267053,NA,NA,51.65068055,2.432229148,2184.567434,307.1814379
Pal18A_irr,DAA_087,30.80079483,0.571838577,NA,NA,46.09,2.418322488,1554.868113,305.5747676
Pal18A_irr,DAA_088,31.41426603,0.577550578,NA,NA,55.67317591,2.455706818,2276.333395,309.6870582
Pal18A_irr,DAA_089,30.43329044,0.577066025,NA,NA,52.60705148,2.443572192,2083.755631,307.7010079
Pal18A_irr,DAA_090,30.82470165,0.570770898,NA,NA,40.94774258,2.413619848,1642.802168,304.9409129
Pal18A_irr,DAA_091,30.68160891,0.575323317,NA,NA,45.97879389,2.415957336,1771.21768,306.0017785
Pal18A_irr,DAA_092,31.49652033,0.575260095,NA,NA,48.45133006,2.422292787,1928.864656,306.0444076
Pal18A_irr,DAA_093,31.11440688,0.577213753,NA,NA,47.78722869,2.42470613,1809.68559,307.8239911
Pal18A_irr,DAA_094,31.13546596,0.579255784,NA,NA,58.40320294,2.430133501,2166.461037,305.7148325
Pal18A_irr,DAA_095,30.72001241,0.572545278,NA,NA,51.05492041,2.42633863,1872.161577,306.0658536
Pal18A_irr,DAA_096,31.5681676,0.571532495,NA,NA,53.76047033,2.41271076,1902.406902,305.1142348
Pal18A_irr,DAA_097,31.0051847,0.569394063,NA,NA,53.30236883,2.414012286,1661.620407,304.6410236
Pal18A_irr,DAA_098,31.82126735,0.571750312,NA,NA,55.33139344,2.410625515,2416.123154,305.2494316
Pal18A_irr,DAA_099,31.95130968,0.573735187,NA,NA,53.02789596,2.420698114,1589.706953,306.4579061
Pal18A_irr,DAA_100,32.50124066,0.572108194,NA,NA,62.27646208,2.419682693,2302.891859,305.5580889
Pal18A_irr,DAA_101,31.05366467,0.573196362,NA,NA,49.34246689,2.424427299,1792.654546,306.0461019
Pal18A_irr,DAA_102,31.32945226,0.574537561,NA,NA,48.28567444,2.429559332,1475.044233,307.4784387
Pal18A_irr,DAA_103,31.76097102,0.573875286,NA,NA,48.18034821,2.419380069,1344.679284,306.200542
Pal18A_irr,DAA_104,32.49882814,0.573096592,NA,NA,43.21167826,2.41516036,923.3021481,305.8471917
Pal18A_irr,DAA_105,32.51663737,0.576526853,NA,NA,52.76051807,2.43189073,1602.016566,306.3704768
Pal18A_irr,DAA_106,30.94878615,0.583107269,NA,NA,56.08499157,2.45375472,971.1500507,311.0334237
Pal18A_irr,DAA_107,35.62384408,0.571764973,NA,NA,47.2436775,2.415256911,1522.974403,305.4146731
Pal18A_irr,DAA_108,31.7193681,0.571488845,NA,NA,50.65523841,2.409527605,1920.247404,304.6979557
Pal18A_irr,DAA_109,33.59078388,0.57345494,NA,NA,48.37623503,2.41492448,1253.6473,305.2735987
Pal18A_irr,DAA_110,35.17732339,0.57268245,NA,NA,48.65839865,2.424300907,1444.23005,305.4738601
Pal18A_irr,DAA_117,34.15837615,0.573733914,NA,NA,44.37608302,2.772217679,933.0768706,342.1397242
Pal18A_irr,DAA_122,31.42531673,0.57991162,NA,NA,54.5317214,2.438479221,1946.006048,307.8139227
Pal18A_irr,DAA_126,34.15452428,0.570852966,NA,NA,50.71376124,2.412720017,1995.230667,304.6028284
Pal18A_irr,DAA_127,32.09698134,0.575515649,NA,NA,52.25775545,2.429679644,1249.87832,306.7311275
Pal18A_irr,DAA_128,32.16993068,0.574931156,NA,NA,57.60665159,2.421832874,1085.602277,307.2798825
Pal18A_irr,DAA_129,32.55753462,0.577278864,NA,NA,53.56789929,2.435111463,3032.63816,306.6839867
Pal18A_irr,DAA_130,32.31937056,0.571334241,NA,NA,61.62597672,2.41502773,1143.101515,304.7902892
Pal18A_irr,DAA_131,32.42203089,0.573192581,NA,NA,49.77995038,2.416055206,1939.488879,304.7219396
Pal18A_irr,DAA_132,31.80941568,0.574103871,NA,NA,56.01582871,2.415234651,1550.402068,306.9651098
Pal18A_irr,DAA_133,31.89654685,0.570925261,NA,NA,47.18603791,2.406839842,1284.639567,304.0396461
Pal18A_irr,DAA_134,32.46006579,0.570781216,NA,NA,48.93306168,2.415214818,1535.405246,305.0818368
Pal18A_irr,DAA_135,32.07722018,0.573519853,NA,NA,52.92917721,2.426946686,1447.808578,305.9430993
Pal18A_irr,DAA_136,31.29812963,0.573665658,NA,NA,48.48038948,2.421590083,2077.400825,307.4918423
Pal18A_irr,DAA_137,33.35146428,0.574428953,NA,NA,44.87128205,2.424157209,1111.405822,306.1276949
Pal18A_irr,DAA_141,31.73492621,0.582344113,NA,NA,45.00194847,2.439815098,1841.520254,308.9036883
Pal18A_irr,DAA_142,33.37263786,0.579229477,NA,NA,57.03153352,2.435645189,2217.692595,306.8862495
Pal18A_irr,DAA_143,31.60627233,0.573588755,NA,NA,43.22124187,2.420685197,1479.176952,306.4864064
Pal18A_irr,DAA_144,33.17317213,0.572105561,NA,NA,50.58471977,2.412682115,1643.524764,305.2011202
Pal18A_irr,DAA_145,30.82495239,0.572591275,NA,NA,50.39570221,2.414271677,1692.817523,304.5024982
Pal18A_irr,DAA_146,31.28949741,0.575497317,NA,NA,41.87351128,2.433666472,1594.275356,307.3264541
Pal18A_irr,DAA_147,31.65399238,0.578786404,NA,NA,52.87278618,2.434462691,1658.345697,307.6501873
Pal18A_irr,DAA_148,30.24439033,0.575417378,NA,NA,49.22821847,2.429488742,1875.123112,307.2735353
Pal18A_irr,DAA_149,30.10764618,0.572353261,NA,NA,41.47422492,2.417362787,889.9665445,305.4900911
Pal18A_irr,DAA_150,30.67390579,0.574299449,NA,NA,40.5159923,2.423476596,1388.751014,306.9929468
Pal18A_irr,DAA_151,31.57935685,0.575303661,NA,NA,52.11085682,2.420260288,1651.110363,305.0950908
Pal18A_irr,DAA_152,31.88572757,0.583371718,NA,NA,48.06106376,2.443499271,786.4344199,308.4817046
Pal18A_irr,DAA_153,31.87702853,0.574522341,NA,NA,46.79470736,2.417367261,1679.97567,306.2139925
Pal18A_irr,DAA_154,32.56461637,0.576916692,NA,NA,48.27111132,2.420522778,1546.670195,306.3888269
Pal18A_irr,DAA_178,34.56353427,0.57196053,NA,NA,41.24653945,2.418970024,1702.67269,306.4643512
Pal18A_irr,DAA_179,34.47312394,0.582615015,NA,NA,34.07452807,2.45740192,1648.26184,310.79212
Pal18A_irr,DAA_180,31.72149833,0.568964796,NA,NA,41.45284421,2.40777609,1965.871605,303.6295939
Pal18A_irr,DAA_181,32.10476983,0.570637306,NA,NA,39.03430778,2.411599525,2099.038554,304.4533251
Pal18A_irr,DAA_182,33.57754373,0.570534226,NA,NA,36.38626119,2.410992633,1951.663503,305.2141748
Pal18A_irr,DAA_183,37.55567275,1.000964834,NA,NA,26.98320128,3.060263297,1520.966282,334.3078991
Pal18A_irr,DAA_184,32.60670709,0.569739191,NA,NA,47.22309577,2.411051535,1788.7421,304.2284299
Pal18A_irr,DAA_185,39.48160467,0.729208252,NA,NA,32.80010414,2.555211658,1463.62016,316.9808484
Pal18A_irr,DAA_186,31.78862611,0.706801682,NA,NA,43.07113186,2.496200146,1575.300143,313.3791263
Pal18A_irr,DAA_187,33.89383766,0.571678558,NA,NA,57.79142315,2.411994558,1933.660539,305.1632068
Pal18A_irr,DAA_188,34.11867674,0.706415823,NA,NA,49.60415312,2.8746814,1580.561948,351.5116652
Pal18A_irr,DAA_189,30.92259917,0.700023178,NA,NA,45.0193681,2.450179286,1438.62355,308.3581645
Pal18A_irr,DAA_190,31.96175441,0.707301803,NA,NA,53.12315507,2.864558425,1497.36936,319.5801749
Pal18A_irr,DAA_191,34.332469,0.696549644,NA,NA,57.48242868,2.78178831,1950.382389,307.0887604
Pal18A_irr,DAA_192,34.67656832,0.572826231,NA,NA,56.00384807,2.425209058,1909.165149,306.3072884
Pal18A_irr,DAA_193,36.09384939,0.571338012,NA,NA,51.89167013,2.414434602,1608.742168,305.0671635
Pal18A_irr,DAA_194,37.14394422,0.616130137,NA,NA,36.78091781,2.743353203,1525.052145,333.6372237
Pal18A_irr,DAA_195,33.34328049,0.700725161,NA,NA,55.60364785,2.793209884,2071.889931,346.0869925
Pal18A_irr,DAA_196,33.7935869,0.585955416,NA,NA,55.17078598,2.445284186,1816.539928,313.3786771
Pal18A_irr,DAA_197,32.06949793,0.701256552,NA,NA,55.08111232,2.422955552,1658.023773,307.332507
Pal18A_irr,DAA_198,31.87213242,0.569521963,NA,NA,57.23270165,2.414203413,2314.34313,303.9814022
Pal18A_irr,DAA_199,31.35113445,0.586796046,NA,NA,53.74752316,2.477698065,1575.835266,313.8913901
Pal18A_irr,DAA_200,34.86550967,0.580956463,NA,NA,55.09177096,2.443419108,1617.227848,310.2657209
Pal18A_irr,DAA_201,32.53105089,0.575050904,NA,NA,52.5980417,2.415330071,2201.440333,306.3677451
Pal18A_irr,DAA_203,32.81747455,0.573361622,NA,NA,54.78342637,2.426928684,1687.799938,306.8859199
Pal18A_irr,DAA_205,NA,NA,NA,NA,18.03550294,3.87219827,1586.63617,368.9954463
Pal18A_irr,DAA_206,36.17916899,0.702493918,NA,NA,43.33169965,2.833009037,1663.496533,347.693996
Pal18A_irr,DAA_207,31.79252056,0.582136878,NA,NA,52.41576482,2.464933212,1656.085268,311.8312374
Pal18A_irr,DAA_208,36.54041667,1.005809883,NA,NA,37.21572134,3.055330758,2104.73293,365.8779651
Pal18A_irr,DAA_209,33.16985905,0.569835804,NA,NA,49.46757036,2.410624309,1967.434154,304.5998503
Pal18A_irr,DAA_210,32.96471861,0.732140289,NA,NA,59.18637643,3.077923144,1121.443831,336.2852915
Pal18A_irr,DAA_211,35.17186629,0.577708129,NA,NA,50.36965696,2.442264896,1751.723557,308.3687279
Pal18A_irr,DAA_212,31.2059745,1.00907219,NA,NA,61.79023455,3.923563527,1529.778743,370.2708156
Pal18A_irr,DAA_213,33.38860548,0.572517238,NA,NA,49.7855958,2.439757123,1608.703498,307.1994734
Pal18A_irr,DAA_214,31.93117632,0.569193809,NA,NA,52.3009919,2.414405732,1950.096325,304.5864305
Pal18A_irr,DAA_215,33.70919408,0.592600654,NA,NA,59.05086662,2.85168842,1592.565255,314.2490788
Pal18A_irr,DAA_216,37.87800226,0.73358198,NA,NA,68.06147448,3.86698857,1802.103611,368.8374305
Pal18A_irr,DAA_217,39.88767971,0.711096127,NA,NA,42.19101459,2.510469995,1688.105548,316.3821638
Pal18A_irr,DAA_218,32.18668615,0.569716972,NA,NA,50.9364673,2.411205188,2218.752905,304.2950563
Pal18A_irr,DAA_221,34.25437672,0.574273651,NA,NA,45.10405463,2.427876437,1398.68001,306.8788349
Pal18A_irr,DAB_049,35.39900088,0.573815183,NA,NA,27.19534484,2.424522056,1869.320588,306.6366518
Pal18A_irr,DAB_052,35.21636343,0.696831066,NA,NA,25.90812377,2.42241087,2454.544443,306.4356212
Pal18A_irr,DAB_062,32.46251181,0.57965574,NA,NA,48.61903631,2.434222988,1957.216119,307.3095409
Pal18A_irr,DAB_064,34.92582011,0.572026898,NA,NA,50.03331216,2.418119236,1373.431579,305.5407509
Pal18A_irr,DAB_065,33.67710089,0.571687284,NA,NA,51.12531029,2.422035388,1423.165987,306.1589963
Pal18A_irr,DAB_066,34.45686079,0.696447788,NA,NA,46.08766511,2.415576939,1251.660423,305.4618237
Pal18A_irr,DAB_084,34.45798382,0.570634172,NA,NA,39.96115385,2.413740299,1857.974476,304.5235168
Pal18A_irr,DAB_106,34.40430582,0.571026522,NA,NA,39.13984872,2.412141514,1889.33132,305.0658609
Pal18A_irr,DAB_187,32.79638845,0.573882879,NA,NA,33.736664,2.426397365,2032.304931,305.5440695
Pal18A_irr,DAB_231,32.73006595,0.57568316,NA,NA,60.19063124,2.426399986,1999.539966,307.434368
Pal18A_irr,DAB_233,31.45108504,0.572296444,NA,NA,48.918077,2.411804308,1648.653058,305.5847605
Pal18A_irr,DAB_244,31.73003819,0.571862098,NA,NA,49.73369732,2.414250089,1578.405652,305.1870544
Pal18A_irr,DAB_251,32.16252,0.570650886,NA,NA,49.07003681,2.414619358,1783.246868,305.0684614
Pal18A_irr,DAB_252,32.75307644,0.573336517,NA,NA,49.23128411,2.425550528,2007.432004,305.9046961
Pal18A_irr,DAB_267,31.00461597,0.572203292,NA,NA,49.57593634,2.412266831,1481.693021,305.4735232
Pal18A_irr,DAB_277,32.50892284,0.570621395,NA,NA,43.7192631,2.421589249,1858.360434,305.0019542
Pal18A_irr,DAB_295,31.3187437,0.34882606,NA,NA,52.75690696,1.835388542,2169.643289,247.6984962
Pal18A_irr,DAB_302,32.61156133,0.569325218,NA,NA,52.68097079,2.416985137,2131.971791,304.9722173
Pal18A_irr,DAB_317,32.12896592,0.570104261,NA,NA,48.0370602,2.408614111,2025.266436,304.0937955
Pal18A_irr,DAB_344,31.01420566,0.577474832,NA,NA,57.06893565,2.430324997,1974.810773,307.512483
Pal18A_irr,DAB_366,32.53526027,0.572840394,NA,NA,46.51096092,2.413888492,1866.9724,305.2469449
Pal18A_irr,DAB_374,31.30096017,0.575348581,NA,NA,45.99511957,2.426685251,1927.276204,306.9266936
Pal18A_irr,DAB_380,31.83682023,0.576475655,NA,NA,55.35210629,2.430728838,2241.692652,307.5619896
Pal18A_irr,DAB_396,33.83580817,0.572412208,NA,NA,44.37513132,2.416919298,2293.306569,304.7324294
Pal18A_irr,DAB_398,33.20768337,0.577524228,NA,NA,43.54520957,2.441690622,2273.214713,307.2614351
Pal18A_irr,DAB_402,33.76991479,0.571324471,NA,NA,58.41190921,2.408287869,1976.002998,305.2676625
Pal18A_irr,DAB_441,31.950892,0.575802979,NA,NA,54.02971749,2.432085157,2317.103446,306.142801
Pal18A_irr,DAB_489,31.17756206,0.574695983,NA,NA,51.23917719,2.426938502,2022.558867,306.7168678
Pal18A_irr,DAB_494,31.2616617,0.572963516,NA,NA,39.04695189,2.414651939,1782.494174,304.5637777
Pal18A_irr,DAB_514,33.28019312,0.576258554,NA,NA,56.7573679,2.434276871,2167.082956,307.1918917
Pal18A_irr,DAB_520,30.50546877,0.572739742,NA,NA,45.02093997,2.419294638,1861.759591,305.536078
Pal18A_irr,DAB_525,30.96670758,0.592614582,NA,NA,53.13384667,2.488118665,1914.945404,317.3198892
Pal18A_irr,DAB_534,31.19837229,0.572257937,NA,NA,54.08086122,2.413709708,2617.893216,305.4993093
Pal18A_irr,DAB_545,31.46169421,0.576484536,NA,NA,45.59239526,2.425722527,1466.316308,307.8238662
Pal18A_irr,DAB_549,30.53392326,0.573791331,NA,NA,42.29648615,2.420437382,1419.455411,305.4762635
Pal18A_irr,DAB_555,30.93612775,0.578252004,NA,NA,44.23425586,2.435195677,1510.39479,308.3453737
Pal18A_irr,DAB_568,34.0217771,0.572247713,NA,NA,44.29616209,2.419046285,2061.412701,306.2536732
Pal18A_irr,DAB_569,33.81493387,0.573209789,NA,NA,45.21812204,2.414700113,1531.565877,305.785437
Pal18A_irr,DAB_571,35.39262785,0.570924158,NA,NA,51.49335409,2.41401531,1222.621665,304.6288596
Pal18A_irr,DAB_573,35.34722218,0.57254868,NA,NA,47.69605289,2.414653253,1873.072551,305.3445852
Pal18A_irr,DAB_576,31.64043602,0.57139482,NA,NA,57.0770277,2.414393001,1377.632925,305.5877776
Pal18A_irr,DAB_577,31.0467785,0.57489268,NA,NA,57.81834484,2.421261651,1810.61992,305.0594251
Pal18A_irr,DAB_579,35.42550643,0.572186572,NA,NA,54.79818738,2.420432241,1798.914169,305.8253301
Pal18A_irr,DAB_580,35.80830304,0.577023512,NA,NA,57.40018929,2.429072633,1644.835004,308.8149752
Pal18A_irr,DAB_583,30.48909766,0.577670229,NA,NA,45.47169401,2.43216928,1110.810105,306.6391665
Pal18A_irr,DAB_585,32.0732443,0.572479483,NA,NA,46.3033259,2.40749893,1162.905858,305.9738709
Pal18A_irr,DAB_587,31.59180571,0.570426973,NA,NA,49.80695413,2.408619904,1665.520317,304.0368118
Pal18A_irr,DAB_588,33.19214066,0.572994169,NA,NA,44.33551446,2.420189143,1563.206955,306.1826841
Pal18A_irr,DAB_591,33.40141173,0.582634314,NA,NA,50.97657968,2.458937117,2016.537198,310.1780715
Pal18A_irr,DAB_593,33.00835329,0.576870111,NA,NA,48.03844583,2.432310908,1910.29735,307.1481618
Pal18A_irr,DAB_594,32.92648105,0.584396953,NA,NA,52.69079371,2.467130949,1473.53753,313.3783359
Pal18A_irr,DAB_596,32.80792004,0.604354182,NA,NA,47.65441619,2.53699707,1437.193653,321.4721816
Pal18A_irr,DAB_598,33.13596658,0.583121936,NA,NA,51.5674095,2.458889015,2075.909802,309.3076398
Pal18A_irr,DAB_604,32.17289314,0.571468402,NA,NA,50.26989521,2.413566675,1937.900519,305.3079546
Pal18A_irr,DAB_605,35.53280076,0.573810582,NA,NA,43.52219611,2.423293992,1500.028275,307.275665
Pal18A_irr,DAB_610,36.6624456,0.573204935,NA,NA,48.26673361,2.419133184,2146.173587,305.3017773
Pal18A_irr,DAB_614,32.22831803,0.573209284,NA,NA,43.45650063,2.419520697,1848.252879,306.6683078
Pal18A_irr,DAB_615,31.16990068,0.575415519,NA,NA,46.38098669,2.423981121,1624.20432,307.0827476
Pal18A_irr,DAB_616,38.38706886,0.571229928,NA,NA,44.03132535,2.4082355,1346.209132,304.9188371
Pal18A_irr,DAB_617,31.57744406,0.579042081,NA,NA,47.95193364,2.435427607,1646.677994,308.8072563
Pal18A_irr,DAB_621,32.48778123,0.574745734,NA,NA,46.77908312,2.432551332,1769.639661,307.8708471
Pal18A_irr,DAB_622,33.41326358,0.573025922,NA,NA,49.4447368,2.422820794,1956.297675,306.3444447
Pal18A_irr,DAB_624,33.61185651,0.579287913,NA,NA,45.31854773,2.437736116,2007.960672,308.947466
Pal18A_irr,DAB_625,32.17811652,0.703907506,NA,NA,48.31728136,2.801685689,2167.280512,347.9076357
Pal18A_irr,DAB_628,33.17937983,0.576233655,NA,NA,48.92744829,2.439266997,1690.963872,307.5339729
Pal18A_irr,DAB_629,33.31449819,0.713225903,NA,NA,50.36360692,2.850946791,1671.84922,351.0768944
Pal18A_irr,DAB_630,33.51196138,0.58009563,NA,NA,47.03950733,2.453097255,2136.424329,309.9803062
Pal18A_irr,DAB_900,30.31472493,0.572737194,NA,NA,46.8550269,2.42331134,1733.719305,305.6092546
Pal18A_irr,DAB_902,30.40307488,0.573447648,NA,NA,54.76309626,2.420766264,1286.736458,306.4809959
Pal18A_irr,DAB_903,31.05852274,0.57026514,NA,NA,47.48530647,2.409284629,1983.426288,304.8204273
Pal18A_irr,DAB_906,30.9139533,0.577342549,NA,NA,49.00008206,2.439725811,1858.165469,307.6214605
Pal18A_irr,DAB_910,32.02613763,0.570087048,NA,NA,51.95318647,2.404686457,1526.941219,304.2247464
Pal18A_irr,DAB_912,31.41021869,0.578374876,NA,NA,44.60541661,2.43719835,1139.901175,308.0535346
Pal18A_irr,DAB_915,30.81190421,0.571517617,NA,NA,54.90249643,2.419322939,1833.579417,306.0732961
Pal18A_irr,DAB_925,30.21231124,0.57294301,NA,NA,50.26307436,2.425837461,1956.087434,305.9821563
Pal18A_irr,DAB_926,31.65764728,0.572235149,NA,NA,46.4782471,2.417266954,1875.072621,305.3085052
Pal18A_irr,DAB_928,31.24793579,0.576474228,NA,NA,40.79812214,2.435936347,1573.436714,308.160031
Pal18A_irr,DAB_929,29.5165944,0.573819125,NA,NA,47.76313396,2.425861071,1583.273291,306.4691735
Pal18A_irr,DAB_930,30.60014007,0.572416831,NA,NA,49.99181767,2.417012737,2352.37834,305.2795628
Pal18A_irr,DAB_932,29.57458575,0.572628681,NA,NA,47.56277096,2.42011178,2015.017327,306.1022334
Pal18A_irr,DAB_933,30.65362107,0.577085749,NA,NA,51.95978778,2.433067281,2052.956091,306.9921648
Pal18A_irr,DAB_934,32.01512799,0.570775425,NA,NA,39.38613314,2.413042189,1895.575953,304.3311126
Pal18A_irr,DAB_939,30.65849747,0.571889842,NA,NA,38.36128513,2.41349164,2320.46958,305.4007245
Pal18A_irr,DAB_940,30.29823285,0.570190691,NA,NA,37.72758953,2.401793942,1704.847817,304.2675381
Pal18A_irr,DAN_005,33.6726264,0.57007901,NA,NA,53.47020866,2.408182341,1527.678063,304.570058
Pal18A_irr,DAN_016,32.07263857,0.574747115,NA,NA,45.69802795,2.419755731,1741.772213,306.6855799
Pal18A_irr,DAN_022,31.62224288,0.572207293,NA,NA,48.17561859,2.420007427,1896.68996,306.4057966
Pal18A_irr,DAN_029,31.27077797,0.577050347,NA,NA,53.82060574,2.424550845,1578.487953,308.2063324
Pal18A_irr,DAN_034,34.79099032,0.578502792,NA,NA,47.5700812,2.434791878,408.4934346,307.4336243
Pal18A_irr,DAN_035,31.49065069,0.577373501,NA,NA,43.41797704,2.4319061,1468.280556,307.6968552
Pal18A_irr,DAN_036,31.12549385,0.575525766,NA,NA,48.11249082,2.420912227,1472.790142,306.3655158
Pal18A_irr,DAN_037,32.274221,0.57408505,NA,NA,46.17863205,2.417027545,1182.044508,306.7193099
Pal18A_irr,DAN_038,32.00644124,0.575869912,NA,NA,49.48042123,2.426241835,1378.466882,306.5253157
Pal18A_irr,DAN_040,32.74577303,0.572500534,NA,NA,53.54038888,2.435356511,1721.398824,307.3569484
Pal18A_irr,DAN_041,33.83833115,0.576219585,NA,NA,43.35423455,2.448319807,1565.766889,309.5230285
Pal18A_irr,DAN_042,31.52147749,0.574874916,NA,NA,46.25541463,2.488962313,1059.676724,314.8261897
Pal18A_irr,DAN_043,32.14314885,0.573968756,NA,NA,53.56046854,2.41036408,1838.44541,305.262972
Pal18A_irr,DAN_044,33.12119301,0.57233742,NA,NA,53.23106862,2.414035484,1179.080879,305.6444114
Pal18A_irr,DAN_046,31.10760935,0.575626883,NA,NA,48.57981319,2.428545509,613.083692,307.4401426
Pal18A_irr,DAN_048,32.71681185,0.569351645,NA,NA,45.14179577,2.412502437,789.5510596,303.9548738
Pal18A_irr,DAN_049,34.41608523,0.573969293,NA,NA,49.20995283,2.418408895,1635.946852,305.4960618
Pal18A_irr,DAN_050,31.65292006,0.57429746,NA,NA,46.45196722,2.414111136,1256.740988,306.4284057
Pal18A_irr,DAN_051,34.74450132,0.574596819,NA,NA,46.36289803,2.420292634,1536.821423,305.367939
Pal18A_irr,DAN_052,32.48307237,0.571280362,NA,NA,37.87822765,2.410945384,1957.222187,304.9433705
Pal18A_irr,DAN_053,31.94379483,0.573119291,NA,NA,43.46697243,2.410056435,1193.4876,305.1445301
Pal18A_irr,DAN_056,31.93420659,0.573427774,NA,NA,40.17934395,2.427429164,1057.426281,306.6967528
Pal18A_irr,DAN_057,32.53559891,0.570146941,NA,NA,51.57745478,2.409747846,1455.305712,304.4314922
Pal18A_irr,DAN_058,30.83502655,0.575514727,NA,NA,33.49764642,2.424699379,778.3361532,307.3070761
Pal18A_irr,DAN_060,31.30459333,0.576562159,NA,NA,39.82169195,2.425338802,934.1101321,306.5993554
Pal18A_irr,DAN_061,32.3147359,0.571065054,NA,NA,36.21999261,2.4124334,907.3447624,305.3079954
Pal18A_irr,DAN_062,32.06160791,0.579498098,NA,NA,41.44434331,2.441625597,1003.300042,308.0100049
Pal18A_irr,DAN_063,33.79629954,0.572423619,NA,NA,51.57074355,2.417187226,1206.537924,305.4969539
Pal18A_irr,DAN_064,31.26882328,0.572088167,NA,NA,46.87804683,2.422631279,1004.492664,305.7086448
Pal18A_irr,DAN_065,32.103172,0.571055391,NA,NA,43.77381038,2.410452937,1341.222195,304.7848388
Pal18A_irr,DAN_066,32.31721878,0.574631311,NA,NA,41.16827221,2.421248782,1157.452999,305.65014
Pal18A_irr,DAN_067,32.74127788,0.580233482,NA,NA,42.64899666,2.804760883,1709.252052,309.63768
Pal18A_irr,DAN_068,31.55821013,0.580235033,NA,NA,35.66764833,2.431109472,794.7773105,311.8314256
Pal18A_irr,DAN_070,32.46365675,0.575262621,NA,NA,46.52914885,2.780467305,1076.439864,306.7108813
Pal18A_irr,DAZ_001,32.11600476,0.569824782,NA,NA,49.41318633,2.400801155,1686.006699,304.07411
Pal18A_irr,DAZ_002,31.1767186,0.5720666,NA,NA,45.55929051,2.417490161,1558.685399,305.1768748
Pal18A_irr,DAZ_003,30.89985268,0.701358934,NA,NA,47.85930119,2.437116402,1175.767874,308.4409123
Pal18A_irr,DAZ_004,31.56690759,0.578272872,NA,NA,49.63175796,2.434999602,1655.399954,308.0906969
Pal18A_irr,DAZ_005,32.58662729,0.575546146,NA,NA,54.43990355,2.437875588,2095.702356,307.7845158
Pal18A_irr,DAZ_006,30.68914322,0.576898555,NA,NA,47.44752817,2.434076468,1314.716274,307.3267016
Pal18A_irr,DIACOL_CALIMA,33.79558816,0.572528812,NA,NA,53.20803058,2.406074431,1669.295867,304.8071297
Pal18A_irr,DICTA_17,36.94165002,0.577378772,NA,NA,21.48392304,2.43796453,1906.089153,307.4114716
Pal18A_irr,DOR_364,39.95190626,0.57083021,NA,NA,17.96479629,2.407548253,2040.334635,304.3752829
Pal18A_irr,DOR_390,38.07651137,0.694276952,NA,NA,19.7648035,2.413690098,1954.36458,305.0644231
Pal18A_irr,DOR_500,40.76012898,0.70184112,NA,NA,10.89181244,2.426821514,1200.229584,306.1783617
Pal18A_irr,DRK_149,32.26780744,0.573435025,NA,NA,56.60798151,2.422780727,2494.114438,306.1490254
Pal18A_irr,ICA_CALIMA,32.78679666,0.574448928,NA,NA,48.08603269,2.422233314,1542.841733,306.3633403
Pal18A_irr,KAT_B1,32.2385447,0.572904627,NA,NA,42.64474415,2.423510537,1726.421516,306.5632412
Pal18A_irr,KAT_B9,30.91586586,0.578308046,NA,NA,47.58224391,2.437302864,1723.243089,308.3226858
Pal18A_irr,LPA_146,36.04662606,0.577129138,NA,NA,46.63158389,2.433050983,1074.090321,306.6219292
Pal18A_irr,LPA_435,31.19255664,0.573038333,NA,NA,40.26061029,2.426015207,1184.3482,305.7332647
Pal18A_irr,LPA_499,35.39968422,0.572670604,NA,NA,50.41998598,2.415617039,1448.130914,305.4039732
Pal18A_irr,LPA_512,34.28037556,0.56851861,NA,NA,49.06166842,2.408235846,1691.206423,303.7711621
Pal18A_irr,LPA_610,31.98241067,0.580081876,NA,NA,48.86371125,2.498390142,1256.812477,314.6033138
Pal18A_irr,LPA_732,32.20268804,0.573372829,NA,NA,53.2519248,2.429452211,1497.008822,306.2284529
Pal18A_irr,LPA_770,32.58762121,0.571234289,NA,NA,54.71000093,2.409066353,1798.208734,305.0655234
Pal18A_irr,LPA_777,34.95662628,0.57330635,NA,NA,51.26935677,2.422528702,1451.527694,306.1556894
Pal18A_irr,LPA_778,33.6946219,0.569916295,NA,NA,50.35979197,2.403434958,1082.401303,304.6241714
Pal18A_irr,LYAMUNGO_85,36.07633307,0.578286253,NA,NA,45.95160357,2.427273282,1156.156282,308.9690056
Pal18A_irr,MIB_465,36.44282928,0.575447212,NA,NA,15.42208498,2.42768985,1006.246263,306.3765102
Pal18A_irr,NATAL_SUGAR,37.13342825,0.578561242,NA,NA,36.73694447,2.438595928,1342.08124,307.5162283
Pal18A_irr,NDZ_001,33.75706897,0.573777692,NA,NA,42.16977965,2.417966241,1836.324709,306.558206
Pal18A_irr,NDZ_003,31.50249373,0.576628436,NA,NA,53.4387696,2.434226114,1206.775673,307.1946277
Pal18A_irr,NDZ_004,32.14011659,0.572417289,NA,NA,47.29355412,2.421516818,1721.526465,306.0295915
Pal18A_irr,NDZ_005,31.98261617,0.578103929,NA,NA,48.59300469,2.435088823,1973.26573,307.7440547
Pal18A_irr,NDZ_006,31.88775682,0.5732669,NA,NA,52.06013611,2.421729346,1553.115034,305.5267559
Pal18A_irr,NDZ_007,31.72996467,0.573284025,NA,NA,52.74424923,2.42775837,1643.004518,306.5415344
Pal18A_irr,NDZ_009,31.85657112,0.576937821,NA,NA,36.81426879,2.430447134,506.5818373,306.7388754
Pal18A_irr,NDZ_010,31.0339723,0.699862243,NA,NA,48.03719053,2.421602405,1415.817253,306.1904811
Pal18A_irr,NDZ_011,32.15240062,0.573621227,NA,NA,56.32845003,2.421159934,1088.407287,305.6553842
Pal18A_irr,NDZ_012,30.75755922,0.580345562,NA,NA,44.95416646,2.443043781,1801.571449,308.944313
Pal18A_irr,NDZ_013,36.02963344,0.570555659,NA,NA,39.3647854,2.409837279,996.0253454,305.419592
Pal18A_irr,NUA_035,32.2094969,0.572937732,NA,NA,52.59097649,2.412713416,1160.621844,304.2617344
Pal18A_irr,NUA_184,39.51612621,0.573607122,NA,NA,29.37258749,2.414638766,1392.480414,306.2845756
Pal18A_irr,NUA_230,36.00696599,0.571476621,NA,NA,40.11782871,2.411640627,830.8142904,304.8935932
Pal18A_irr,NUA_291,35.4642219,0.572513143,NA,NA,45.17296856,2.415140467,1289.359856,305.1842153
Pal18A_irr,NUA_398,33.42786747,0.574855063,NA,NA,48.13715106,2.419571393,1663.094441,306.359083
Pal18A_irr,NUA_430,34.97900347,0.569720526,NA,NA,47.63598629,2.415953428,1123.043982,305.2536769
Pal18A_irr,PVA_773,36.32634156,0.571797524,NA,NA,51.38010705,2.41683734,2001.861862,304.9538035
Pal18A_irr,RAA_021,36.00071772,0.572306691,NA,NA,37.34221627,2.418526818,1450.056181,305.4102229
Pal18A_irr,RAA_030,36.64881889,0.573087884,NA,NA,44.90818325,2.417648501,2008.833731,305.4343855
Pal18A_irr,RAA_034,35.59224237,0.574813518,NA,NA,37.73441908,2.423661934,1699.548913,307.4371769
Pal18A_irr,RED_CANADIAN_WONDER,31.10431189,0.571765428,NA,NA,30.04578637,2.419374255,1920.049866,305.2316156
Pal18A_irr,RMX_019,36.31011295,0.57120929,NA,NA,46.04897796,2.413345009,1287.771538,305.0024732
Pal18A_irr,SAA_015,32.83695201,0.573113155,NA,NA,48.32422918,2.419930309,2031.641485,305.7929402
Pal18A_irr,SAA_017,32.52458603,0.578033493,NA,NA,50.58740914,2.438382068,1949.146155,306.8379238
Pal18A_irr,SAA_020,31.46639078,0.572936715,NA,NA,43.18191694,2.412417402,1882.35186,305.6303608
Pal18A_irr,SAA_021,31.56733764,0.571105412,NA,NA,45.2862998,2.42015635,2179.497992,305.6152076
Pal18A_irr,SAB_259,32.53450221,0.568017365,NA,NA,39.27239762,2.410777448,1936.342146,304.3520493
Pal18A_irr,SAB_516,31.10320022,0.572866359,NA,NA,53.19873422,2.422959347,1627.658242,305.5117108
Pal18A_irr,SAB_560,31.97183096,0.570625929,NA,NA,40.77565673,2.413605591,1917.162867,305.8695339
Pal18A_irr,SAB_568,35.0322752,0.574489607,NA,NA,51.04750216,2.418210107,1702.749869,305.9247611
Pal18A_irr,SAB_576,30.86582118,0.574816678,NA,NA,46.35260504,2.419057971,1425.230627,306.7869183
Pal18A_irr,SAB_626,32.60899598,0.571309895,NA,NA,54.45807426,2.414760199,2286.330333,304.403107
Pal18A_irr,SAB_659,31.22737458,0.573779499,NA,NA,49.8037558,2.420587653,1780.113546,305.9046556
Pal18A_irr,SAB_712,31.3483045,0.5741991,NA,NA,47.56479829,2.423785266,1677.504033,305.4696104
Pal18A_irr,SAP_001-16,31.07243791,0.577939414,NA,NA,42.87808157,2.438574863,1773.785381,307.7576676
Pal18A_irr,SEC_035,35.48095718,0.573561647,NA,NA,11.64463441,2.42852505,1425.130455,306.2973947
Pal18A_irr,SEF_060,33.07663984,0.579069235,NA,NA,21.10339408,2.433303435,1846.185419,309.6284358
Pal18A_irr,SEN_056,34.20994683,0.705097991,NA,NA,20.28923114,2.431670771,1844.856039,307.3061364
Pal18A_irr,SEQ_1003,35.4801953,0.572318474,NA,NA,40.17477457,2.416072181,1988.845389,305.8113592
Pal18A_irr,SEQ_1004,35.45271771,0.576267924,NA,NA,43.84487875,2.429093254,1996.86449,306.5514397
Pal18A_irr,SEQ_1006,33.09300933,0.571126946,NA,NA,51.69036307,2.414268163,1879.086991,305.7244405
Pal18A_irr,SEQ_1027,36.72806249,0.697055526,NA,NA,44.14957515,2.790966985,1737.908056,305.6805455
Pal18A_irr,SER_118,37.69625973,0.570644308,NA,NA,24.14863365,2.409174911,2255.730791,304.6139399
Pal18A_irr,SUG_131,36.80643959,0.570370048,NA,NA,48.38215751,2.410544218,1215.472438,304.7319244
Pal18A_irr,TIO_CANELA_75,39.0048991,0.701320113,NA,NA,22.70124478,2.422403763,1704.476308,306.3761247
Pal18C_drt,AAB_001-b,37.84018403,0.751430757,66.05871027,0.819602695,32.05179125,1.718681218,1143.71724,187.0135328
Pal18C_drt,AAB_011,39.053193,0.6258979,68.81481429,0.829297454,26.83650104,1.753532606,772.2687047,193.4997939
Pal18C_drt,ABU_001,35.83114246,0.617042236,63.92311557,0.815770199,42.35754012,1.713136516,1280.239632,186.1241184
Pal18C_drt,ABU_002,36.35767136,0.621203576,66.50589859,0.827117776,44.09654867,1.725526104,1221.150198,186.9001498
Pal18C_drt,ABU_003,36.89062914,0.75198811,65.18103501,0.821445196,42.87745535,1.719525902,895.0435527,186.6994351
Pal18C_drt,ABU_004,35.30622747,0.619378892,64.64134403,0.818710098,45.61416081,1.729428659,1586.199933,187.9808939
Pal18C_drt,ABU_005,34.3043032,0.619138484,64.60780413,0.821449395,36.09964849,1.732842047,935.2331644,187.3805065
Pal18C_drt,ABU_006,37.24598042,0.618419909,67.09680837,0.822203391,44.41646237,1.739173993,1283.500312,187.652655
Pal18C_drt,ABU_007,36.72723151,0.615116622,65.18491314,0.817692942,46.63694855,1.71325917,1416.104009,186.6060639
Pal18C_drt,ABU_008,33.55739792,0.622533581,63.38024166,0.821699541,38.15336786,1.735850052,895.4238526,187.5713591
Pal18C_drt,ABU_009,35.95735217,0.625791456,67.47353153,0.828094778,43.26869272,1.747593351,990.6236394,193.7112686
Pal18C_drt,ABU_010,34.73939741,0.613070229,67.85679873,0.815932046,41.61810723,1.716342196,930.4704365,186.4424809
Pal18C_drt,ABU_011,35.03776844,0.618335101,64.0851442,0.8241101,42.56880942,1.720552485,824.6899522,186.9092509
Pal18C_drt,ABU_012,33.09806123,0.61794534,64.01279854,0.817242079,41.28372414,1.724387835,1260.618324,186.6739911
Pal18C_drt,ABU_013,34.74615472,0.616980926,64.20683724,0.817580534,33.08300151,1.72023273,967.7769007,186.3745844
Pal18C_drt,ABU_014,35.00801689,0.617311283,65.89078834,0.816018375,47.32056207,1.722085289,1114.580805,187.0011505
Pal18C_drt,ABU_015,33.98665953,0.617562132,64.62571667,0.820372985,42.87129087,1.727357297,1075.868163,187.0353422
Pal18C_drt,ABU_016,34.81355093,0.617668335,65.43227595,0.82104401,52.05231371,1.738683763,887.4375398,188.5518247
Pal18C_drt,ABU_017,34.9891562,0.618775302,62.30926304,0.821601582,35.42822761,1.727789662,1005.88489,186.8521817
Pal18C_drt,ABU_018,33.22239498,0.618411069,63.67485089,0.821091313,40.17939719,1.727425046,854.9954472,186.8899828
Pal18C_drt,ABU_019,34.55066152,0.618352118,61.30967252,0.820245576,39.02828507,1.727979907,813.4659363,187.1817838
Pal18C_drt,ABU_020,34.10963416,0.618204385,65.70968843,0.820775699,38.51475752,1.7262746,889.8231853,187.4650628
Pal18C_drt,ABU_021,34.68780589,0.624730225,65.08844458,0.828651896,45.62382278,1.739179267,1347.173648,187.7881494
Pal18C_drt,ABU_022,33.71283218,0.625131472,64.9800143,0.827185688,39.11278786,1.745921974,1086.827823,188.4767147
Pal18C_drt,ABU_023,35.62585667,0.61633887,65.70395923,0.816666299,42.20561761,1.715328469,1100.509629,186.617374
Pal18C_drt,ABU_024,35.03148988,0.617768799,65.44041693,0.818268762,42.1961785,1.720619641,1133.433723,186.7532647
Pal18C_drt,ABU_025,33.8038191,0.61748923,65.54425187,0.819181014,48.91706527,1.72539551,1583.963311,187.1240002
Pal18C_drt,ABU_026,35.14433046,0.619389889,65.55402282,0.821572891,45.21687619,1.732298915,1186.020244,187.348566
Pal18C_drt,ABU_027,35.24794673,0.617417816,64.29496123,0.817627511,46.24926073,1.740482044,1449.203984,187.799744
Pal18C_drt,ABU_028,35.29233095,0.613865809,64.34954585,0.818513947,48.26884642,1.70993025,1265.195527,185.6891501
Pal18C_drt,ABU_029,34.11301671,0.616817132,63.65073597,0.815269451,41.59480394,1.716785504,1081.649652,186.094449
Pal18C_drt,ABU_030,36.25300293,0.618211602,65.85015684,0.820369578,49.3793675,1.726177656,757.466521,186.9076355
Pal18C_drt,ABU_031,34.68858914,0.621785317,63.97128221,0.823581641,43.1470987,1.727713497,1437.162705,187.5776253
Pal18C_drt,ABU_032,34.79215122,0.629403969,65.92874338,0.830153323,42.72874385,1.76285897,1074.270643,189.9209092
Pal18C_drt,ABU_033,34.95909014,0.626125796,64.8516389,0.833931032,45.38066748,1.752350834,1188.547047,189.5338965
Pal18C_drt,ABU_034,34.36195512,0.619911024,64.90370132,0.823042058,43.85175056,1.720220181,1515.944935,186.339112
Pal18C_drt,ABU_035,34.30818219,0.615971354,64.51764257,0.817358514,41.63224103,1.720293439,1646.559905,186.8609634
Pal18C_drt,ABU_036,34.87394046,0.617094561,66.34545711,0.816132892,36.29608427,1.723333356,791.8522633,186.2412339
Pal18C_drt,ABU_037,35.83539633,0.622355049,66.4384927,0.827024378,41.7500785,1.730069498,1152.956964,187.4717194
Pal18C_drt,ABU_038,33.50804456,0.619269936,65.80724494,0.822445105,42.30532988,1.724541914,936.3628138,187.1218666
Pal18C_drt,ABU_039,33.01698714,0.618078088,62.36976668,0.820066129,34.93872031,1.718527433,1071.918891,186.4651356
Pal18C_drt,ABU_041,35.69399166,0.62232368,65.34130367,0.825029941,37.85577636,1.745690821,1146.958753,188.984482
Pal18C_drt,ABU_042,35.99475174,0.749370585,66.4017663,0.81342202,39.94804896,1.707741271,1111.490517,185.6099527
Pal18C_drt,ABU_043,32.49039438,0.75046709,63.65460119,0.816294622,35.24530008,1.714100195,1048.860579,185.7941779
Pal18C_drt,ABU_044,36.13765887,0.621923935,66.63358264,0.825269338,39.77150835,1.735319818,1457.832204,187.9470824
Pal18C_drt,ABU_045,33.31225882,0.754038925,65.04264799,0.821757369,39.41017237,1.725406844,1222.657566,187.8041462
Pal18C_drt,ABU_046,35.73062329,0.621560372,68.83134185,0.822880946,36.38925798,1.73416323,556.9733289,189.3206901
Pal18C_drt,ABU_047,37.8273524,0.753180308,68.11709567,0.816936773,40.80128713,1.726654882,722.8944976,187.0693266
Pal18C_drt,ABU_048,34.28076404,0.755912625,64.00122303,0.824162933,39.61832445,1.735177006,1263.123997,188.5411316
Pal18C_drt,ABU_049,35.95840394,0.624163524,65.25729688,0.824589866,32.7726845,1.73967887,870.4584227,187.522481
Pal18C_drt,ABU_050,35.39933481,0.619947551,65.46645148,0.823512178,35.84907449,1.727588968,1072.925001,187.5510616
Pal18C_drt,ABU_051,35.52519768,0.621211297,66.46677588,0.825020434,34.75728192,1.73298003,829.5725671,187.9053432
Pal18C_drt,ABU_052,37.18140146,0.619160079,67.83164725,0.818713548,33.17746813,1.725675085,718.2514241,187.2630238
Pal18C_drt,ABU_054,35.47409031,0.755265019,69.31473633,0.821155189,29.66706318,1.728640041,813.6825601,189.4853402
Pal18C_drt,ABU_055,34.89090557,0.615925697,64.34560255,0.817880347,36.95746121,1.721865052,1342.225025,187.2525176
Pal18C_drt,ABU_056,36.15959348,0.616712733,66.68032739,0.818176783,38.84076365,1.730613063,532.3547989,192.4502936
Pal18C_drt,ABU_057,35.20994217,0.622726404,68.03854338,0.825331988,41.88371328,1.736277261,778.5858021,190.4600715
Pal18C_drt,ABU_058,33.78734347,0.615504669,65.82648129,0.818012193,32.0825247,1.725822632,955.7479645,187.3002003
Pal18C_drt,ABU_059,36.2939126,0.62696876,65.28621907,0.826592925,35.05353701,1.749685624,1390.089317,188.6477492
Pal18C_drt,ABU_060,34.76905661,0.61828032,64.09469784,0.81864255,31.20207911,1.725374848,1055.239465,186.8022886
Pal18C_drt,ABU_061,40.3839758,0.750504923,67.47107606,0.81511802,28.16400914,1.718976165,498.4554347,186.7390173
Pal18C_drt,ACC_013,35.23027653,0.622302707,67.26715062,0.826779415,37.92032873,1.737210765,1023.056777,188.2278912
Pal18C_drt,ACC_023,34.53994775,0.614897575,67.32073992,0.816325509,46.24560288,1.712024966,1213.633748,186.0417297
Pal18C_drt,ACC_027,36.6174008,0.62321435,67.28785101,0.825479912,41.51477157,1.737837024,1081.797875,188.4038055
Pal18C_drt,ACC_031,35.0002547,0.617760974,67.32299558,0.819704855,44.05635423,1.72681312,1183.342726,186.7708225
Pal18C_drt,AFR_298,35.02239713,0.28758332,67.2391609,0.365578703,43.34175312,0.810953091,1209.757628,129.2295585
Pal18C_drt,AFR_612,39.44231763,0.621504289,70.62410511,0.823775351,32.69291214,1.736731897,440.0479298,189.0567944
Pal18C_drt,AFR_619,37.39562104,0.759030862,67.47915573,0.819828064,43.74702114,1.726405053,722.6653279,187.5233456
Pal18C_drt,AFR_708,38.18305319,0.753217277,68.57877395,0.820371004,35.02566927,1.725620934,584.0163073,187.535898
Pal18C_drt,AMADEUS,38.8076606,0.61673768,67.49229758,0.821233578,24.36646561,1.717212788,1908.144857,186.3468954
Pal18C_drt,AND_277,39.94744917,0.75353615,68.15096152,0.826010092,35.99832556,1.728002518,722.6344134,188.3590173
Pal18C_drt,BNA_001,38.42701768,0.620018584,66.0431156,0.824709239,44.7027002,1.731303642,550.1541457,188.5135437
Pal18C_drt,BNA_002,33.69620199,0.755945213,70.08528466,0.819867788,38.69339911,1.729605447,739.36054,189.2004593
Pal18C_drt,BNA_003,35.59980133,0.619013118,68.39259932,0.822703869,45.95301985,1.728523425,1030.249933,186.6380705
Pal18C_drt,BNA_004,33.99638927,0.619902161,65.74291213,0.824634322,49.74097513,1.725615126,1474.327112,186.9323263
Pal18C_drt,BNA_005,35.72200322,0.749521295,67.80057553,0.817494871,43.24643474,1.714727807,554.871236,186.3024366
Pal18C_drt,BNA_006,36.05754275,0.751183151,67.14720681,0.818440509,37.94018399,1.71813671,408.4331976,186.8013997
Pal18C_drt,BNA_007,38.63721597,0.620646691,64.85882893,0.824483444,32.7582327,2.1157628,394.1116873,189.316053
Pal18C_drt,BNA_008,38.8923492,0.619750516,67.4490056,0.820239651,43.61765481,1.72646301,644.1730991,187.4587196
Pal18C_drt,BNA_009,34.65210524,0.62197539,66.51421289,0.822790419,42.30547059,1.734015113,1037.466804,187.8394821
Pal18C_drt,BNA_010,35.1821068,0.616360017,68.50293773,0.81875973,46.63451983,1.723571949,909.5695924,186.8495935
Pal18C_drt,BNA_011,35.74975771,0.618452705,68.03325674,1.003844256,45.06167513,1.725718094,393.4890202,187.2017843
Pal18C_drt,BNA_012,36.2113736,0.623612274,65.58104904,0.826359551,24.19569085,1.740163776,1611.970424,188.2531515
Pal18C_drt,BNA_013,35.04508253,0.623465486,65.46537239,0.824448489,38.09087997,1.737210356,982.2549587,188.5458907
Pal18C_drt,BNA_014,34.19850203,0.622629989,62.76504512,0.821627456,42.08044777,1.735509708,1345.621018,187.4885205
Pal18C_drt,BNA_015,34.39408814,0.62169854,64.78670271,0.82765258,44.79309437,1.730173392,1279.820676,187.4631488
Pal18C_drt,BNA_016,33.78064632,0.627533997,64.77735603,0.831842598,34.84551722,1.7511424,987.9424408,189.3216015
Pal18C_drt,BNA_017,34.98925877,0.753189031,63.16337079,0.820950052,38.34666729,1.735184042,792.2064974,187.0346543
Pal18C_drt,BNA_018,35.05540506,0.619277382,65.02936232,0.821244369,38.28598652,1.728254384,915.9122713,187.3570403
Pal18C_drt,BNA_019,34.8604326,0.617541646,65.04489231,0.81650158,43.80630286,1.719462963,758.2512593,186.624207
Pal18C_drt,BNA_020,32.48822346,0.619225578,65.76580989,0.820763745,42.82945023,1.729940639,1137.184266,187.7884567
Pal18C_drt,BNA_021,34.39648517,0.616159254,62.83110596,0.818183303,40.61486476,1.714937501,841.5688365,185.9302068
Pal18C_drt,BNA_022,34.07544968,0.617028724,63.38630467,0.820195943,45.13405426,1.719832697,992.1607779,186.667375
Pal18C_drt,BNA_023,34.53086306,0.617961148,66.48452705,0.821948772,40.52978411,1.72293068,974.1312604,186.9531649
Pal18C_drt,BNA_024,34.28220979,0.622041798,66.46346305,0.82064349,44.87918806,1.746095096,1081.747293,188.7889452
Pal18C_drt,BNA_025,32.43491997,0.627846995,65.23207471,0.830447342,40.60754292,1.752080649,944.5468468,189.281939
Pal18C_drt,BNA_026,33.80615778,0.616290738,62.8342068,0.818217286,43.08459642,1.712678472,896.9087346,185.6086838
Pal18C_drt,CAL_096,35.07760878,0.270622368,65.20246561,0.344941761,48.28807972,0.789914058,1230.596992,127.7458497
Pal18C_drt,CAL_143,35.40790458,0.621980252,66.31243351,0.826951432,34.5249705,1.731458859,1229.294169,188.0473315
Pal18C_drt,COS_016,34.24954885,0.617647472,65.41786325,0.819286154,32.24400655,1.730206044,1272.475131,187.128187
Pal18C_drt,DAA_002,33.92269618,0.618391176,65.75390783,0.820798213,52.26356966,1.727256646,1603.61232,187.2050979
Pal18C_drt,DAA_003,33.09703724,0.622809628,64.44662001,0.825609653,44.66387348,1.732394977,1561.692199,186.9466736
Pal18C_drt,DAA_007,34.27498665,0.620524637,63.12970466,0.82214714,41.0601162,1.733598828,1408.970521,187.1860222
Pal18C_drt,DAA_008,34.91659906,0.617999449,63.28313171,0.822237259,39.26175283,1.730267048,1299.429403,187.0385566
Pal18C_drt,DAA_009,32.90375126,0.615418594,64.05852279,0.81421028,42.79198172,1.719138042,1372.099419,186.1596634
Pal18C_drt,DAA_010,36.14397689,0.752008481,64.14061359,0.821439938,31.24871584,1.722440303,1033.419105,186.7767506
Pal18C_drt,DAA_015,32.38588425,0.619796786,61.99399656,0.82365067,42.18568006,1.727674749,1668.59127,187.7834282
Pal18C_drt,DAA_016,33.88511994,0.618858118,64.79956656,0.817912467,45.00166888,1.725858533,1765.545493,188.2747665
Pal18C_drt,DAA_018,32.84751258,0.619481605,64.78564946,0.8243726,48.90668329,1.738535165,1544.300385,187.9858105
Pal18C_drt,DAA_024,32.72300504,0.618188642,63.598265,0.81905614,49.66484324,1.723346551,1787.292143,187.2897847
Pal18C_drt,DAA_029,34.15082971,0.617331326,63.11931055,0.818934639,49.62468219,1.723637551,1149.820057,186.942886
Pal18C_drt,DAA_030,33.36055197,0.614576588,65.59874484,0.814072793,52.86870046,1.715697418,1756.443905,194.5893867
Pal18C_drt,DAA_035,33.98768462,0.621040368,63.26703707,0.822699154,47.22414886,1.729326129,1788.724393,187.4053087
Pal18C_drt,DAA_044,32.63374514,0.621155087,63.72635541,0.824340389,47.0813358,1.726450945,1242.619191,187.3584528
Pal18C_drt,DAA_045,32.29058422,0.620612139,64.12121644,0.819053571,53.9515735,1.731724299,1598.617061,188.1077559
Pal18C_drt,DAA_049,33.92616737,0.615802509,64.02150029,0.818159565,42.91644651,1.719170482,1974.418762,186.5051559
Pal18C_drt,DAA_051,32.22176208,0.623891265,63.90054823,0.82823717,43.86113037,1.746768262,1514.754678,188.7767645
Pal18C_drt,DAA_055,32.30063214,0.622140847,64.956917,0.825842961,46.44174941,1.738788052,1306.213509,188.9110089
Pal18C_drt,DAA_059,34.1343751,0.620593178,64.92263835,0.821300466,37.89748237,1.730813287,1433.679523,190.3240935
Pal18C_drt,DAA_060,32.4520884,0.616610935,64.1333364,0.820668313,44.58991553,1.721063018,1584.757958,186.7965966
Pal18C_drt,DAA_062,33.60009014,0.614933469,63.7246988,0.817507913,50.52226975,1.717367598,1580.758187,186.9764949
Pal18C_drt,DAA_065,34.42362482,0.618631529,60.92368795,0.818301011,45.00826816,1.729741601,1498.621753,186.9007272
Pal18C_drt,DAA_067,34.67952313,0.61832542,64.08463956,0.818432621,51.10502356,1.723028611,1430.011892,186.3679681
Pal18C_drt,DAA_071,33.13941902,0.619446656,63.05285623,0.821476472,50.53789759,1.733976854,1740.887575,187.4796734
Pal18C_drt,DAA_078,32.81476409,0.619739948,64.40216786,0.818896732,47.20232476,1.730875226,1894.732111,188.0894183
Pal18C_drt,DAA_079,33.32461687,0.623594784,64.90003811,0.824493084,38.35846545,1.737266397,1605.740877,188.1698629
Pal18C_drt,DAA_086,32.71259407,0.620378213,63.62786812,0.822620281,40.77645097,1.733143772,1357.645516,187.8484639
Pal18C_drt,DAA_088,33.05350505,0.62209772,64.71016887,0.824882092,47.76673142,1.733581625,1932.351858,188.1225373
Pal18C_drt,DAA_089,34.4241815,0.616547209,64.29261181,0.818781599,46.05350097,1.720501091,2054.682437,186.380936
Pal18C_drt,DAA_091,31.92229275,0.616960994,61.59805868,0.818341113,43.28170058,1.71186255,1635.274318,185.7771546
Pal18C_drt,DAA_094,32.85182951,0.617156688,64.80915219,0.821702912,46.68544472,1.718795089,1471.639633,186.5692557
Pal18C_drt,DAA_096,33.47397686,0.621837465,65.1664913,0.823433607,42.82873873,1.743757428,1657.002225,189.072084
Pal18C_drt,DAA_098,32.12858377,0.617193146,65.15845745,0.8220352,47.10435273,1.718029555,1881.498896,187.3193893
Pal18C_drt,DAA_099,33.44578566,0.617896701,65.50802936,0.819662479,42.36502243,1.719259445,1420.267855,186.7744936
Pal18C_drt,DAA_100,34.30574188,0.615601505,65.08087822,0.817956161,50.2261651,1.715220454,1703.880881,186.4695367
Pal18C_drt,DAA_122,33.44139985,0.616695457,67.25164497,0.817515271,48.36184651,1.723864306,1647.800338,187.7078512
Pal18C_drt,DAA_126,33.98460009,0.751389921,67.28882672,0.818668164,40.8563691,1.720624294,1529.485221,187.0127208
Pal18C_drt,DAA_129,33.36095489,0.617270398,66.23360618,0.81989024,48.99749422,1.728688757,1718.422529,187.2613591
Pal18C_drt,DAA_131,33.94506941,0.617333066,63.31458002,0.816367331,42.79983165,1.72827209,1545.875642,187.306144
Pal18C_drt,DAA_136,33.95701275,0.625318906,64.71351773,0.824415555,42.49388508,1.744547082,1619.501967,190.267801
Pal18C_drt,DAA_137,34.19186506,0.621379254,64.96957443,0.819498756,37.83786991,1.734912424,989.3655058,189.0738219
Pal18C_drt,DAA_142,34.23195669,0.616242822,65.02028083,0.820840173,39.4349218,1.722004674,797.4812754,186.8926974
Pal18C_drt,DAA_145,32.26447135,0.616690301,64.75309644,0.816952884,45.84699531,1.720485515,1439.063814,186.350309
Pal18C_drt,DAA_148,32.30720038,0.619283911,63.36992535,0.822639003,43.04437756,1.731887527,1247.627973,187.4166518
Pal18C_drt,DAA_153,34.74321355,0.617537812,65.5266746,0.822672689,41.62064793,1.7166688,1100.567968,186.133926
Pal18C_drt,DAA_178,34.60606506,0.623317031,64.85496787,0.826712515,39.87917407,1.741625573,1423.777929,188.3314267
Pal18C_drt,DAA_180,33.4699566,0.62330423,65.1286686,0.82888943,53.02131386,1.73481918,1616.409332,188.2619058
Pal18C_drt,DAA_181,33.58362899,0.620185661,65.80874951,0.821961727,47.72457162,1.727940574,1798.075096,187.3462355
Pal18C_drt,DAA_182,33.53277149,0.620902964,64.17533873,0.827527146,42.98500109,1.736869985,1444.874125,188.0119848
Pal18C_drt,DAA_184,33.08738908,0.617141723,65.00210855,0.818926905,51.42429867,1.721355413,2115.505815,187.1745071
Pal18C_drt,DAA_185,32.90420769,0.618809516,63.42377354,0.819020599,46.88163382,1.731343128,1652.087338,187.0995346
Pal18C_drt,DAA_187,34.30534809,0.61804467,65.4768433,0.815753537,45.8519654,1.733944763,2108.617873,187.5500899
Pal18C_drt,DAA_189,32.20488994,0.616791955,63.31995032,0.816788644,42.2559373,1.71855025,1153.202072,186.516525
Pal18C_drt,DAA_191,34.52479225,0.617428128,65.84853768,0.821644452,44.29998912,1.722454688,1743.212163,187.1532264
Pal18C_drt,DAA_192,34.72609445,0.615160179,65.66666553,0.815858467,39.88077864,1.716617942,1439.461442,186.5456624
Pal18C_drt,DAA_193,33.59585609,0.615043804,65.76369807,0.816525247,46.62087457,1.720442184,1922.633242,186.8471509
Pal18C_drt,DAA_195,34.76244567,0.619085644,65.3171456,0.819306634,46.58511047,1.729268416,1759.505674,187.6609161
Pal18C_drt,DAA_196,33.17326468,0.62432201,63.2700742,0.826143741,46.81342602,1.736357411,1800.97144,187.6572788
Pal18C_drt,DAA_197,32.72264047,0.619915206,64.55874344,0.825010254,52.40877159,1.740776919,1849.395692,188.0580255
Pal18C_drt,DAA_198,33.17152886,0.615366103,63.27195179,0.815794383,48.2146265,1.729149393,1958.093101,188.1639147
Pal18C_drt,DAA_200,34.60145968,0.621521027,65.25647839,0.827162351,49.47931496,1.731214907,2181.539739,187.6050689
Pal18C_drt,DAA_201,33.87027178,0.618612604,64.80246444,0.820197734,46.98199792,1.723255134,1724.189768,186.4757126
Pal18C_drt,DAA_203,32.27976023,0.618015585,64.23300804,0.822859854,49.82534949,1.729365872,1487.662736,187.4616122
Pal18C_drt,DAA_206,32.29149805,0.619320192,65.02635064,0.825069727,45.80527961,1.724877928,1632.16314,187.0148165
Pal18C_drt,DAA_209,33.29982508,0.621716837,63.54996213,0.827362181,47.77771173,1.729690528,1677.824846,187.8478582
Pal18C_drt,DAA_211,33.48487605,0.61497289,63.61373693,0.81798312,51.47363546,1.713296418,1887.120669,186.3480957
Pal18C_drt,DAA_213,33.25878333,0.624452621,64.62359069,0.826060702,47.05580769,1.732862193,1927.867257,187.6517604
Pal18C_drt,DAA_214,32.91034361,0.621133593,64.59071999,0.823117205,51.17248946,1.733967112,1632.13367,187.4325516
Pal18C_drt,DAA_218,34.6461601,0.615274932,63.94477074,0.8163036,49.65248628,1.718583677,1669.056667,187.46128
Pal18C_drt,DAA_221,32.00562733,0.622714705,64.32456267,0.829023062,48.48811006,1.744351747,1964.362789,189.0383078
Pal18C_drt,DAB_049,37.06137746,0.618952392,66.25094632,0.822710136,28.73890719,1.730951256,1822.513133,187.3373058
Pal18C_drt,DAB_052,34.87930087,0.752763745,66.13881673,1.000919164,28.20007766,1.727400085,1982.831831,186.682154
Pal18C_drt,DAB_062,33.72843868,0.619503102,65.29278616,0.823059632,41.03269627,1.727350976,1446.781291,186.9014061
Pal18C_drt,DAB_064,35.16222108,0.617903892,65.40998288,0.818866514,39.67904046,1.744620259,1614.402715,188.610213
Pal18C_drt,DAB_065,34.52325659,0.628464706,65.98622963,0.82964501,40.10237613,1.75412201,1238.517857,189.0410056
Pal18C_drt,DAB_084,35.03094802,0.615560792,65.9009596,0.816329336,38.74949004,1.725226557,1138.479436,187.240806
Pal18C_drt,DAB_096,38.80205482,0.618044261,64.82808113,0.817690418,35.80269424,1.719599554,923.7541227,186.6938079
Pal18C_drt,DAB_106,33.6724199,0.616346286,62.87771713,0.817257957,36.9795609,1.714579633,1640.112322,186.653332
Pal18C_drt,DAB_107,35.61366722,0.625643772,66.73840638,0.822988695,38.12761473,1.760390484,970.715327,189.1024613
Pal18C_drt,DAB_150,35.08554497,0.618295209,65.25355429,0.823318832,32.0758117,1.722481334,1479.780604,186.5899804
Pal18C_drt,DAB_187,34.84014477,0.621155142,64.09500444,0.82395188,28.31347805,1.725715587,1571.835157,187.2128163
Pal18C_drt,DAB_231,34.73239836,0.622422023,63.54758716,0.830167353,45.15369503,1.735300629,1597.003335,187.8040341
Pal18C_drt,DAB_233,33.02438656,0.61797603,64.48124058,0.820552577,43.5530052,1.718019924,1322.306154,186.4029338
Pal18C_drt,DAB_236,34.06326696,0.624365211,65.21627363,0.831715069,40.13173143,1.746326396,1467.739319,188.6838447
Pal18C_drt,DAB_244,33.74370668,0.61830476,65.15095082,0.8217837,42.62626792,1.722807229,1398.318998,187.0583797
Pal18C_drt,DAB_251,34.40550378,0.619905971,65.59440376,0.823399334,41.98616276,1.728679328,1397.234496,187.2122892
Pal18C_drt,DAB_252,33.20423567,0.61963172,65.43697996,0.824326313,41.53101106,1.718181401,1533.518838,187.0626577
Pal18C_drt,DAB_267,32.07173144,0.617251095,63.41671075,0.822097938,44.42174341,1.716500882,1675.528983,186.0595049
Pal18C_drt,DAB_277,33.12069543,0.626953315,62.43958921,0.825726655,41.32467126,1.76238718,1441.155747,189.3981918
Pal18C_drt,DAB_295,32.65666459,0.613377762,64.02414551,0.815658671,42.22459082,1.705570862,1636.023725,185.1403669
Pal18C_drt,DAB_302,34.60197684,0.615242041,64.14539095,0.818859198,43.64612791,1.712588945,1592.31407,185.9025463
Pal18C_drt,DAB_317,32.7433489,0.616904025,64.72838431,0.81697391,39.79943373,1.716747077,1610.546894,186.0475642
Pal18C_drt,DAB_344,33.26169691,0.620567682,63.16753839,0.825008131,41.11353494,1.74455124,1352.760349,189.3228399
Pal18C_drt,DAB_366,33.95667882,0.622813094,63.40055818,0.823497379,40.85342758,1.737076609,1670.066982,188.2817225
Pal18C_drt,DAB_374,32.59961955,0.61918501,64.2285016,0.823376035,40.80780234,1.729537017,1535.902211,187.0669025
Pal18C_drt,DAB_380,33.67531162,0.619158488,64.6907729,0.821584461,48.19600502,1.732157694,1923.116943,187.9133497
Pal18C_drt,DAB_396,33.86753836,0.619031143,64.30415544,0.825573483,40.78617409,1.721888027,1766.1296,187.3536808
Pal18C_drt,DAB_398,34.61739556,0.621359,64.00998946,0.823581224,37.72590529,1.740564107,1327.532179,188.4705659
Pal18C_drt,DAB_402,34.37935774,0.619302676,64.7381925,0.821184906,48.84612042,1.738940427,1611.715359,188.1914188
Pal18C_drt,DAB_441,34.37179048,0.62001133,63.4232369,0.824735027,39.29158882,1.728477879,1499.850513,187.5398419
Pal18C_drt,DAB_489,33.94731643,0.617158841,63.75259775,0.820670637,43.51928624,1.719015838,1584.940994,186.5168503
Pal18C_drt,DAB_494,33.27138076,0.619981717,64.75398667,0.823854231,42.43915887,1.730809621,1630.070354,192.9334822
Pal18C_drt,DAB_514,34.65904423,0.61865123,63.92201552,0.82223048,46.70578995,1.725041257,2164.671584,187.442723
Pal18C_drt,DAB_520,31.93974244,0.619018938,61.53342179,0.818712338,42.31844018,1.72683804,1301.087334,187.3540606
Pal18C_drt,DAB_525,32.34565616,0.61998735,62.26707293,0.823465415,44.54062916,1.72837066,1457.544305,186.8518278
Pal18C_drt,DAB_534,33.09914527,0.616847157,64.5936114,0.820523558,50.4504433,1.718210305,1809.92474,186.395699
Pal18C_drt,DAB_545,33.13137606,0.621911801,63.53960342,0.822617406,41.98615711,1.72747317,1374.967894,186.8657735
Pal18C_drt,DAB_549,31.24489235,0.624287023,65.35698745,0.82844313,42.73680035,1.746828218,1382.637437,188.3879811
Pal18C_drt,DAB_555,31.10090216,0.616380732,62.51534454,0.820269948,39.24652324,1.712400609,1428.676836,186.4441213
Pal18C_drt,DAB_568,33.976506,0.617315047,65.10034704,0.81594966,44.48339993,1.727839984,1711.522099,186.8835231
Pal18C_drt,DAB_569,34.66818758,0.618506934,65.9139471,0.818827359,42.74828455,1.718582651,1588.450858,186.8779822
Pal18C_drt,DAB_571,37.68408656,0.753697462,65.92612206,0.821630426,41.39365269,1.727816043,1443.337546,186.994558
Pal18C_drt,DAB_573,36.99813559,0.750663292,64.33118941,0.82471869,37.00844336,1.725657086,1282.702197,187.6327845
Pal18C_drt,DAB_576,33.91981135,0.619475251,64.40920748,0.822725981,47.15280509,1.726853034,1336.528725,187.686349
Pal18C_drt,DAB_577,34.37925858,0.616187237,65.15854117,0.817940307,52.15548371,1.71581942,1505.028013,186.3958147
Pal18C_drt,DAB_583,31.30447291,0.616798231,62.96945041,0.820434304,41.5141883,1.719373777,1253.776081,187.2297992
Pal18C_drt,DAB_587,32.17841063,0.616192614,64.09313834,0.818265472,42.07882301,1.715652737,1280.994092,185.9783627
Pal18C_drt,DAB_588,34.60203619,0.620324995,65.81912586,0.821120995,37.31723093,1.73250454,1305.768479,187.4969328
Pal18C_drt,DAB_593,34.07998175,0.619930528,63.83994592,0.819749893,41.08665362,1.727196411,1802.011217,187.2679593
Pal18C_drt,DAB_600,35.87558401,0.758617901,66.62152549,0.824222715,46.47997832,1.738524468,1192.657674,188.0422168
Pal18C_drt,DAB_604,33.98420558,0.619150209,65.11822157,0.820619348,44.93795783,1.732727679,1693.363907,187.2588657
Pal18C_drt,DAB_605,35.30180935,0.619870932,64.22565481,0.82252106,37.17054722,1.733658451,1515.604562,187.7338903
Pal18C_drt,DAB_609,34.93618714,0.61760772,67.3615025,0.822522096,36.43359367,1.717033662,792.2575849,186.129882
Pal18C_drt,DAB_614,33.28420922,0.617551646,64.53364764,0.818882624,41.89418361,1.732082711,1510.834847,188.2828624
Pal18C_drt,DAB_615,33.50122683,0.61713128,64.11366053,0.81626313,40.53923703,1.730843115,1474.989378,186.9278771
Pal18C_drt,DAB_616,38.42976652,0.621226051,68.84546934,0.824735216,37.04779735,1.730425976,1262.635154,186.777494
Pal18C_drt,DAB_617,34.18005386,0.614023685,61.64298768,0.814289275,33.77483142,1.713974967,1417.742333,213.0812261
Pal18C_drt,DAB_621,34.37543567,0.61978111,64.35921327,0.820070306,41.25998291,1.728826123,1592.683819,186.7988151
Pal18C_drt,DAB_622,34.52107725,0.6147309,64.35991474,0.814446249,39.75704136,1.714797339,1651.194245,186.1805933
Pal18C_drt,DAB_624,33.49732644,0.617262774,62.23476681,0.820934738,40.49739849,1.721853972,1445.135314,187.1955362
Pal18C_drt,DAB_625,34.86833364,0.618360743,65.53734705,0.819166726,40.87980185,1.734121656,1552.129966,187.2312609
Pal18C_drt,DAB_628,34.35663181,0.617638479,63.83733368,0.814458697,42.34225468,1.730926369,1611.967921,187.2893825
Pal18C_drt,DAB_630,33.98723734,0.618056464,63.501158,0.825548964,40.62670477,1.723229293,1531.524049,186.7000318
Pal18C_drt,DAB_633,30.88539523,0.616315865,62.36107658,0.81906871,37.62421992,1.716655991,1243.831824,186.6805863
Pal18C_drt,DAB_900,32.13488138,0.62071533,61.54017193,0.82456501,39.3957964,1.733579258,1943.54955,187.8961816
Pal18C_drt,DAB_902,32.21528467,0.618422472,62.90324076,0.819266002,46.29182457,1.724107364,1647.412359,187.6374669
Pal18C_drt,DAB_903,32.6190491,0.619651208,64.44414943,0.820315824,41.56781957,1.731828415,1761.677858,187.8484044
Pal18C_drt,DAB_906,31.43814961,0.615489537,62.21990664,0.819193472,40.57812567,1.717050462,1649.448638,186.1500854
Pal18C_drt,DAB_910,34.3675927,0.617733988,64.67976088,0.821969853,43.74258391,1.720904072,2071.02658,186.8023799
Pal18C_drt,DAB_914,34.30313309,0.614155727,66.28286906,0.999222051,43.66618717,1.71514438,1482.543967,186.9992157
Pal18C_drt,DAB_915,31.28355402,0.62114521,63.06056071,0.826430006,42.78027195,1.732991048,1691.631199,187.5378998
Pal18C_drt,DAB_916,33.41296744,0.623271164,64.32125248,0.826604967,40.23938566,1.73047983,1138.584313,187.5357751
Pal18C_drt,DAB_917,33.99518638,0.615320846,64.71024103,0.815940726,42.24634309,1.716212645,1260.899979,186.100436
Pal18C_drt,DAB_925,32.78957718,0.615645567,64.9157772,0.819663663,39.65532774,1.718779241,1291.58858,186.3124876
Pal18C_drt,DAB_926,34.07874966,0.624710787,65.78992846,0.824315973,36.86624451,1.7485322,1257.622284,191.5114984
Pal18C_drt,DAB_928,31.89495692,0.619616765,62.17222871,0.818349809,34.12971373,1.745610725,1201.984438,187.7675177
Pal18C_drt,DAB_930,32.07418894,0.616983545,64.62327043,0.819401243,45.47328598,1.725321639,1432.23811,186.9592345
Pal18C_drt,DAB_932,30.27950854,0.620792929,60.02011053,0.82095025,40.68247318,1.729077748,741.1324121,187.4632194
Pal18C_drt,DAB_933,33.54575948,0.6208412,64.51590192,0.823701229,39.06836578,1.734719468,1309.541478,188.3958556
Pal18C_drt,DAB_934,34.11267111,0.617602879,64.54433248,0.818644382,32.39762571,1.719871821,1158.287399,186.3410777
Pal18C_drt,DAB_937,32.17091554,0.61751004,59.88247707,0.822228315,40.08335434,1.718399073,1265.803521,186.4195684
Pal18C_drt,DAB_939,32.84434932,0.617010191,65.18478413,0.819343243,40.44215086,1.739059067,1604.049733,187.6337409
Pal18C_drt,DAB_940,31.87287369,0.627024272,65.20265195,0.830141927,37.481866,1.744310969,1599.041057,188.644255
Pal18C_drt,DAD_019,36.76131879,0.617870653,66.36238484,0.818401595,40.37822003,1.718531457,845.9927791,186.7008381
Pal18C_drt,DAN_001,35.08380926,0.620188588,65.18450465,0.819508375,42.45547717,1.733328821,1061.731283,192.4795142
Pal18C_drt,DAN_015,34.6498432,0.757431283,68.09536691,0.825732158,43.36086674,1.751515574,1049.374913,193.7393347
Pal18C_drt,DAN_016,33.68980088,0.621079037,64.85666296,0.822738102,46.9619549,1.742516779,1619.033657,188.7159906
Pal18C_drt,DAN_022,35.67701138,0.625659403,65.78032776,0.831932637,43.35253162,1.74390373,1735.642186,189.011708
Pal18C_drt,DAN_029,34.05026832,0.619056964,63.61386316,0.82078781,45.77718846,1.727316317,1201.87679,187.1696497
Pal18C_drt,DAN_043,34.19960287,0.620121163,65.25289853,0.819913809,48.18818088,1.73034236,1186.839849,187.0860564
Pal18C_drt,DAN_057,35.32186769,0.617632665,65.41608097,0.816831903,52.49171394,1.731722655,1612.168994,187.1401823
Pal18C_drt,DAZ_004,33.93932502,0.616648632,64.36289315,0.822131936,45.38353378,1.713524061,1104.309896,186.1945664
Pal18C_drt,DAZ_005,34.56722129,0.622568817,65.0728407,0.827163174,44.63097594,1.73360707,1233.695543,187.4355754
Pal18C_drt,DIACOL_CALIMA,34.42814024,0.623633793,63.61700188,0.828057156,31.55584542,1.736349923,964.8529855,188.1364854
Pal18C_drt,DICTA_17,36.34193255,0.627834257,65.76712048,0.831357513,29.10079622,1.747519589,1915.000912,188.7077341
Pal18C_drt,DOR_364,39.63967054,0.750658044,68.24057054,0.998645083,21.75769502,1.720559379,1691.140312,186.720927
Pal18C_drt,DOR_390,40.71648689,0.752831397,64.84665976,0.818665057,22.658581,1.733563095,1836.982443,187.3424506
Pal18C_drt,DOR_500,40.59080583,0.613730159,67.8875036,0.58954554,16.16519878,1.246488215,1637.421962,154.3928437
Pal18C_drt,DRK_149,34.51564655,0.616881623,65.25981802,0.821103579,51.42381452,1.719290887,1400.082201,186.4096134
Pal18C_drt,G122,32.48902251,0.619281239,60.9512873,0.822168825,31.77368727,1.720904125,1003.831433,186.9205101
Pal18C_drt,JAMAPA,39.97527525,0.74943441,68.79031432,0.820868767,19.55604204,1.720912226,1944.034848,187.741696
Pal18C_drt,KAT_B1,31.73105679,0.623127314,63.45281935,0.822329048,35.14528112,1.734420743,1257.546376,187.1977595
Pal18C_drt,KAT_B9,31.30408037,0.617195946,62.75502594,0.821367538,31.9248989,1.718994286,1072.036237,187.1659899
Pal18C_drt,LPA_435,32.85450881,0.62393339,67.03564505,0.827356635,48.25948493,1.73849562,753.8707931,187.6212293
Pal18C_drt,LPA_512,35.36851328,0.623002139,64.66937126,0.829412972,43.14952951,1.733966853,1315.806898,187.8774577
Pal18C_drt,LPA_610,35.15700104,0.618795969,65.15008506,0.820426037,41.65909005,1.724499757,1315.020521,186.6325936
Pal18C_drt,LPA_714,38.77772182,0.621238812,69.55933113,0.823351694,42.19776837,1.737046462,603.5323833,198.1202445
Pal18C_drt,LPA_732,34.43482854,0.625426714,65.25120821,0.828188687,43.61180124,1.744710806,1321.924044,188.9757344
Pal18C_drt,LPA_778,34.8275187,0.620949979,66.95022082,0.825804493,48.48651298,1.73411313,1058.665649,187.210231
Pal18C_drt,LYAMUNGO_85,37.60342794,0.622626236,63.47238015,0.827831987,34.21519422,1.735347546,703.1599899,187.5519057
Pal18C_drt,MIB_465,36.10288487,0.490237849,67.68340033,0.595034692,20.14960512,1.263875071,1470.287857,155.2789064
Pal18C_drt,NDZ_001,34.43404826,0.616080579,65.41332374,0.817094159,37.27938511,1.714256131,1221.402243,186.0774775
Pal18C_drt,NDZ_012,33.08777723,0.616459269,64.70879411,0.817476804,39.79112827,1.710015396,1103.161781,185.8854243
Pal18C_drt,NUA_035,35.41933008,0.443380601,64.84866448,0.586246427,44.07469675,1.250874534,1144.80649,153.4356168
Pal18C_drt,NUA_184,39.16683372,0.621071703,68.21529543,0.822137111,37.38397581,1.742957402,767.2672961,188.5573327
Pal18C_drt,NUA_289,39.74432798,0.629039616,68.74314209,0.834510246,38.57341053,1.767921834,379.7922678,209.7101624
Pal18C_drt,NUA_326,39.66320669,0.754934864,67.50136591,1.006104312,43.44078702,1.726511716,662.8363229,188.8934296
Pal18C_drt,NUA_463,38.63388699,1.063194819,77.24192618,1.407275032,35.25262807,2.948079108,416.3854358,354.5253096
Pal18C_drt,NUA_540,40.43047383,0.75736239,68.93703215,0.82426546,37.72601971,1.739308452,831.7134386,189.2296329
Pal18C_drt,NUA_548,39.0838241,0.62353644,67.74363894,0.828967022,33.35587988,1.735089623,573.6198411,187.8553859
Pal18C_drt,NUA_560,35.31321934,0.618025813,68.14399138,0.820624746,33.64767376,1.730247389,691.5076925,187.2775515
Pal18C_drt,NUA_671,37.18200226,0.621033778,66.76219227,0.823954517,21.50630766,1.735330181,822.8444891,196.9358701
Pal18C_drt,NUA_711,38.00852143,0.75012232,65.42640531,0.821250622,42.87682197,1.722546245,1268.334345,187.0490603
Pal18C_drt,PVA_773,38.78112352,0.753023192,66.45233862,0.820705581,32.65204754,1.726218845,932.4791459,186.9617821
Pal18C_drt,RAA_021,36.71740254,0.616474435,64.7199516,0.817935069,35.26483645,1.723680955,1519.514658,187.4247681
Pal18C_drt,RAA_030,34.56480315,0.751916447,63.85462282,0.817489275,39.92706851,1.721243899,1508.499618,187.0210899
Pal18C_drt,RAA_034,36.87200535,0.619239553,66.28127304,0.822094249,33.71836353,1.729255646,1309.641033,187.047726
Pal18C_drt,RED_CANADIAN_WONDER,33.3424718,0.621838069,64.53123747,0.827930919,27.16797987,1.733440151,1048.845418,187.5005797
Pal18C_drt,RMX_008,37.04614167,0.757913141,69.98042701,0.997404777,22.36837078,1.73394549,676.4097841,191.1214879
Pal18C_drt,SAA_015,35.50316843,0.621143991,66.75918466,0.821150101,42.83968705,1.726507453,1330.564299,187.0710742
Pal18C_drt,SAA_017,35.29788313,0.615793449,66.73501293,0.814946655,45.61032987,1.720568722,1250.988168,187.4559005
Pal18C_drt,SAA_020,33.9179028,0.619564862,65.80331952,0.821641388,43.94233304,1.732537105,1117.403531,190.0446828
Pal18C_drt,SAA_021,32.2055423,0.620189331,66.14696467,0.826306163,41.20893951,1.725306292,1201.532872,187.8313996
Pal18C_drt,SAB_259,34.99514578,0.615036784,62.60954382,0.814556079,31.28988038,1.707043008,1195.796542,185.902346
Pal18C_drt,SAB_516,33.76314527,0.62135386,64.32385797,0.827589454,40.53361558,1.745840555,1395.096642,188.6945299
Pal18C_drt,SAB_560,33.53720142,0.619216903,62.48885435,0.821035579,35.1139379,1.72875623,1257.944885,187.7751268
Pal18C_drt,SAB_568,34.12593089,0.621982367,65.20549428,0.825036538,39.75372897,1.733745114,1314.643607,187.6425997
Pal18C_drt,SAB_576,33.63559706,0.616708142,65.38689099,0.817296992,44.27351727,1.718114841,1134.976924,186.7132468
Pal18C_drt,SAB_626,33.22856328,0.622182721,64.09857549,0.827035703,41.05789396,1.74111439,1912.599927,188.4763577
Pal18C_drt,SAB_632,31.58979855,0.623212126,61.87518764,0.827422329,37.17475511,1.740816986,1248.928129,187.882117
Pal18C_drt,SAB_659,33.51730964,0.616127534,64.07838673,0.817516447,44.39058621,1.711815508,1462.34834,185.8630418
Pal18C_drt,SAP_001-15,32.98592788,0.626162743,61.92734217,0.829263456,43.3817139,1.745245311,1233.859849,191.6554747
Pal18C_drt,SAP_001-16,33.18888174,0.61782498,64.69892173,0.816711148,40.53286926,1.719592096,1375.1239,186.6226816
Pal18C_drt,SAR_003,NA,NA,73.26725167,1.413329308,23.37983161,2.964389119,-15.47583913,355.0904346
Pal18C_drt,SAR_004,34.88763437,1.062337893,NA,NA,NA,NA,NA,NA
Pal18C_drt,SEA_005,37.96353435,0.618093631,68.00594681,1.0029467,27.06596466,1.725330759,1179.647418,196.2679322
Pal18C_drt,SEF_060,34.14717654,0.615990433,64.03928625,0.818590488,25.01045618,1.714648308,2028.021661,187.0578383
Pal18C_drt,SEN_056,35.73968431,0.750342723,67.74061452,0.822894104,28.70512118,1.72432552,2162.680708,187.5054015
Pal18C_drt,SEQ_1003,37.95605808,0.751554122,63.73683681,0.820174829,37.24703416,1.723864786,1273.3096,186.8245764
Pal18C_drt,SEQ_1004,36.33470198,0.617669721,64.79717477,0.818432436,34.48390962,1.734308149,1164.623254,187.1458899
Pal18C_drt,SEQ_1006,33.36238814,0.616292759,65.66020328,0.815003197,43.176037,1.7255312,1663.557033,186.7944463
Pal18C_drt,SER_016,39.07865772,1.060508161,69.45862217,1.413275906,28.68448119,2.107287673,439.5393451,301.4338304
Pal18C_drt,SER_118,38.00141875,0.616989987,66.7289381,0.817955832,27.98575543,1.722438948,2304.009206,186.8266396
Pal18C_drt,SMC_033,39.40958432,0.75768866,64.53375688,0.824169685,27.3593401,1.749007558,1240.263729,219.7342016
Pal18C_drt,SUG_131,35.38703006,0.755355567,65.97317873,0.823661807,37.3062459,1.730707126,1018.868573,187.619557
Pal18C_drt,TIO_CANELA_75,37.12238773,0.753007853,65.99751214,1.004021903,16.46471135,1.733477766,2024.46016,187.2302066
