Env,Hybrid,Yield_Mg_ha
DEH1_2022,B14A/OH43,9.976789
DEH1_2022,B37/H95,9.896529
DEH1_2022,B73/MO17,11.124008
DEH1_2022,B73/PHN82,11.334112
DEH1_2022,B73/TX779,9.868725
DEH1_2022,B97/LH244,11.062058
DEH1_2022,BGEM-0039-N/LH244,10.496944
DEH1_2022,BGEM-0063-N/LH244,11.334608
DEH1_2022,BGEM-0089-N/LH244,10.632232
DEH1_2022,BGEM-0124-N/LH244,10.618629
DEH1_2022,BGEM-0129-N/LH244,8.141598
DEH1_2022,CG119/CG108,5.977673
DEH1_2022,CG44/CGR01,9.801653
DEH1_2022,DK3IIH6/LH244,11.976617
DEH1_2022,DK78010/LH244,11.293947
DEH1_2022,GEMN-0096/LH244,11.275209
DEH1_2022,GEMN-0096_LH212HT_0001/LH244,11.235643
DEH1_2022,GEMN-0096_LH212HT_0002/LH244,11.270958
DEH1_2022,GEMN-0096_LH212HT_0003/LH244,11.23559
DEH1_2022,GEMN-0096_LH212HT_0004/LH244,11.262964
DEH1_2022,GEMN-0096_LH212HT_0005/LH244,11.317987
DEH1_2022,GEMN-0096_LH212HT_0006/LH244,11.230791
DEH1_2022,GEMN-0096_LH212HT_0008/LH244,11.251975
DEH1_2022,GEMN-0096_LH212HT_0009/LH244,11.238964
DEH1_2022,GEMN-0096_LH212HT_0012/LH244,11.228416
DEH1_2022,GEMN-0096_LH212HT_0013/LH244,11.290449
DEH1_2022,GEMN-0096_LH212HT_0017/LH244,11.294024
DEH1_2022,GEMN-0096_LH212HT_0020/LH244,11.26424
DEH1_2022,GEMN-0096_LH212HT_0021/LH244,11.271522
DEH1_2022,GEMN-0096_LH212HT_0027/LH244,11.257008
DEH1_2022,GEMN-0096_PHJ89_0001/LH244,11.239246
DEH1_2022,GEMN-0096_PHJ89_0002/LH244,11.281151
DEH1_2022,GEMN-0096_PHJ89_0006/LH244,11.254992
DEH1_2022,GEMN-0096_PHJ89_0007/LH244,11.253508
DEH1_2022,GEMN-0096_PHJ89_0009/LH244,11.229229
DEH1_2022,GEMN-0096_PHJ89_0010/LH244,11.277825
DEH1_2022,GEMN-0096_PHJ89_0011/LH244,11.245993
DEH1_2022,GEMN-0096_PHJ89_0012/LH244,11.27031
DEH1_2022,GEMN-0096_PHJ89_0013/LH244,11.292946
DEH1_2022,GEMN-0096_PHJ89_0014/LH244,11.293717
DEH1_2022,GEMN-0096_PHJ89_0016/LH244,11.222962
DEH1_2022,GEMN-0096_PHK76_0001/LH244,11.26434
DEH1_2022,GEMN-0096_PHK76_0002/LH244,11.231935
DEH1_2022,GEMN-0096_PHK76_0003/LH244,11.256659
DEH1_2022,GEMN-0096_PHK76_0004/LH244,11.301636
DEH1_2022,GEMN-0096_PHK76_0006/LH244,11.313124
DEH1_2022,GEMN-0096_PHK76_0007/LH244,11.24389
DEH1_2022,GEMN-0096_PHK76_0008/LH244,11.257049
DEH1_2022,GEMN-0096_PHK76_0010/LH244,11.258325
DEH1_2022,GEMN-0096_PHK76_0013/LH244,11.227427
DEH1_2022,GEMN-0096_PHK76_0015/LH244,11.222628
DEH1_2022,GEMN-0096_PHK76_0016/LH244,11.238265
DEH1_2022,GEMN-0096_PHN46_0001/LH244,11.254753
DEH1_2022,GEMN-0096_PHN46_0003/LH244,11.230249
DEH1_2022,GEMN-0096_PHN46_0004/LH244,11.227207
DEH1_2022,GEMN-0096_PHN46_0005/LH244,11.256879
DEH1_2022,GEMN-0096_PHN46_0007/LH244,11.236124
DEH1_2022,GEMN-0096_PHN46_0008/LH244,11.253749
DEH1_2022,GEMN-0096_PHN46_0012/LH244,11.309811
DEH1_2022,GEMN-0096_PHN46_0013/LH244,11.208737
DEH1_2022,GEMN-0096_PHN46_0014/LH244,11.239293
DEH1_2022,GEMN-0096_PHN46_0018/LH244,11.238346
DEH1_2022,GEMN-0096_PHN46_0020/LH244,11.22821
DEH1_2022,GEMN-0096_PHN46_0023/LH244,11.239916
DEH1_2022,GEMN-0096_PHP02_0001/LH244,11.263813
DEH1_2022,GEMN-0096_PHP02_0002/LH244,11.255033
DEH1_2022,GEMN-0096_PHP02_0003/LH244,11.284973
DEH1_2022,GEMN-0096_PHP02_0004/LH244,11.257617
DEH1_2022,GEMN-0096_PHP02_0005/LH244,11.282332
DEH1_2022,GEMN-0096_PHP02_0006/LH244,11.254109
DEH1_2022,GEMN-0096_PHP02_0007/LH244,11.219585
DEH1_2022,GEMN-0096_PHP02_0009/LH244,11.28534
DEH1_2022,GEMN-0096_PHP02_0011/LH244,11.260597
DEH1_2022,GEMN-0096_PHP02_0012/LH244,11.252116
DEH1_2022,GEMN-0096_PHP02_0015/LH244,11.269785
DEH1_2022,GEMN-0096_PHP02_0016/LH244,11.242333
DEH1_2022,GEMN-0096_PHP02_0025/LH244,11.309124
DEH1_2022,GEMN-0096_PHP02_0030/LH244,11.262998
DEH1_2022,GEMN-0097/LH244,11.264553
DEH1_2022,GEMN-0097_LH212HT_0002/LH244,11.310662
DEH1_2022,GEMN-0097_LH212HT_0004/LH244,11.237204
DEH1_2022,GEMN-0097_LH212HT_0018/LH244,11.261061
DEH1_2022,GEMN-0097_LH212HT_0019/LH244,11.268808
DEH1_2022,GEMN-0097_LH212HT_0020/LH244,11.294258
DEH1_2022,GEMN-0097_LH212HT_0023/LH244,11.298429
DEH1_2022,GEMN-0097_LH212HT_0026/LH244,11.273717
DEH1_2022,GEMN-0097_LH212HT_0032/LH244,11.300034
DEH1_2022,GEMN-0097_LH212HT_0034/LH244,11.271809
DEH1_2022,GEMN-0097_LH212HT_0039/LH244,11.258169
DEH1_2022,GEMN-0097_LH212HT_0047/LH244,11.283489
DEH1_2022,GEMN-0097_LH212HT_0051/LH244,11.244518
DEH1_2022,GEMN-0097_LH212HT_0054/LH244,11.231421
DEH1_2022,GEMN-0097_LH212HT_0058/LH244,11.256638
DEH1_2022,GEMN-0097_LH212HT_0061/LH244,11.230583
DEH1_2022,GEMN-0097_LH212HT_0062/LH244,11.276567
DEH1_2022,GEMN-0097_LH212HT_0069/LH244,11.250225
DEH1_2022,GEMN-0097_LH212HT_0074/LH244,11.248592
DEH1_2022,GEMN-0097_LH212HT_0078/LH244,11.264311
DEH1_2022,GEMN-0097_LH212HT_0085/LH244,11.238264
DEH1_2022,GEMN-0097_LH212HT_0090/LH244,11.270354
DEH1_2022,GEMN-0097_PHJ89_0001/LH244,11.23567
DEH1_2022,GEMN-0097_PHJ89_0002/LH244,11.262901
DEH1_2022,GEMN-0097_PHJ89_0003/LH244,11.271624
DEH1_2022,GEMN-0097_PHJ89_0005/LH244,11.228208
DEH1_2022,GEMN-0097_PHJ89_0006/LH244,11.248674
DEH1_2022,GEMN-0097_PHJ89_0007/LH244,11.265512
DEH1_2022,GEMN-0097_PHJ89_0008/LH244,11.276904
DEH1_2022,GEMN-0097_PHJ89_0010/LH244,11.302351
DEH1_2022,GEMN-0097_PHJ89_0011/LH244,11.252263
DEH1_2022,GEMN-0097_PHJ89_0012/LH244,11.296831
DEH1_2022,GEMN-0097_PHJ89_0013/LH244,11.271877
DEH1_2022,GEMN-0097_PHJ89_0016/LH244,11.299005
DEH1_2022,GEMN-0097_PHJ89_0020/LH244,11.25458
DEH1_2022,GEMN-0097_PHJ89_0023/LH244,11.281423
DEH1_2022,GEMN-0097_PHJ89_0025/LH244,11.227478
DEH1_2022,GEMN-0097_PHJ89_0026/LH244,11.285546
DEH1_2022,GEMN-0097_PHJ89_0027/LH244,11.229366
DEH1_2022,GEMN-0097_PHJ89_0028/LH244,11.265446
DEH1_2022,GEMN-0097_PHJ89_0029/LH244,11.270677
DEH1_2022,GEMN-0097_PHJ89_0033/LH244,11.269444
DEH1_2022,GEMN-0097_PHJ89_0036/LH244,11.233355
DEH1_2022,GEMN-0097_PHJ89_0039/LH244,11.235273
DEH1_2022,GEMN-0097_PHK76_0002/LH244,11.282601
DEH1_2022,GEMN-0097_PHK76_0003/LH244,11.273432
DEH1_2022,GEMN-0097_PHK76_0007/LH244,11.242268
DEH1_2022,GEMN-0097_PHK76_0009/LH244,11.272087
DEH1_2022,GEMN-0097_PHK76_0010/LH244,11.2336
DEH1_2022,GEMN-0097_PHK76_0011/LH244,11.263686
DEH1_2022,GEMN-0097_PHK76_0012/LH244,11.269347
DEH1_2022,GEMN-0097_PHK76_0014/LH244,11.27172
DEH1_2022,GEMN-0097_PHK76_0015/LH244,11.27059
DEH1_2022,GEMN-0097_PHK76_0016/LH244,11.227608
DEH1_2022,GEMN-0097_PHK76_0017/LH244,11.259207
DEH1_2022,GEMN-0097_PHK76_0018/LH244,11.235404
DEH1_2022,GEMN-0097_PHK76_0021/LH244,11.232929
DEH1_2022,GEMN-0097_PHK76_0023/LH244,11.239525
DEH1_2022,GEMN-0097_PHK76_0029/LH244,11.26966
DEH1_2022,GEMN-0097_PHK76_0032/LH244,11.260908
DEH1_2022,GEMN-0097_PHK76_0036/LH244,11.290981
DEH1_2022,GEMN-0097_PHK76_0037/LH244,11.30772
DEH1_2022,GEMN-0097_PHK76_0038/LH244,11.256061
DEH1_2022,GEMN-0097_PHK76_0039/LH244,11.300733
DEH1_2022,GEMN-0097_PHK76_0041/LH244,11.252798
DEH1_2022,GEMN-0097_PHK76_0048/LH244,11.299866
DEH1_2022,GEMN-0097_PHK76_0053/LH244,11.293835
DEH1_2022,GEMN-0097_PHK76_0055/LH244,11.266998
DEH1_2022,GEMN-0097_PHK76_0060/LH244,11.265394
DEH1_2022,GEMN-0097_PHN46_0001/LH244,11.229917
DEH1_2022,GEMN-0097_PHN46_0002/LH244,11.213221
DEH1_2022,GEMN-0097_PHN46_0003/LH244,11.280996
DEH1_2022,GEMN-0097_PHN46_0004/LH244,11.27573
DEH1_2022,GEMN-0097_PHN46_0005/LH244,11.284769
DEH1_2022,GEMN-0097_PHN46_0006/LH244,11.274576
DEH1_2022,GEMN-0097_PHN46_0007/LH244,11.291468
DEH1_2022,GEMN-0097_PHN46_0008/LH244,11.312717
DEH1_2022,GEMN-0097_PHN46_0009/LH244,11.263006
DEH1_2022,GEMN-0097_PHN46_0010/LH244,11.252108
DEH1_2022,GEMN-0097_PHN46_0011/LH244,11.200038
DEH1_2022,GEMN-0097_PHN46_0014/LH244,11.243774
DEH1_2022,GEMN-0097_PHN46_0016/LH244,11.267305
DEH1_2022,GEMN-0097_PHN46_0018/LH244,11.258435
DEH1_2022,GEMN-0097_PHP02_0001/LH244,11.211446
DEH1_2022,GEMN-0097_PHP02_0002/LH244,11.262951
DEH1_2022,GEMN-0097_PHP02_0003/LH244,11.25332
DEH1_2022,GEMN-0097_PHP02_0005/LH244,11.239123
DEH1_2022,GEMN-0097_PHP02_0006/LH244,11.237827
DEH1_2022,GEMN-0097_PHP02_0007/LH244,11.280886
DEH1_2022,GEMN-0098/LH244,11.269683
DEH1_2022,GEMN-0104/LH244,11.215399
DEH1_2022,GEMN-0124/LH244,11.244586
DEH1_2022,GEMN-0135/LH244,11.266813
DEH1_2022,GEMN-0144/LH244,11.255394
DEH1_2022,GEMN-0157/LH244,11.252377
DEH1_2022,GEMN-0177/LH244,11.281408
DEH1_2022,GEMN-0178/LH244,11.293512
DEH1_2022,GEMN-0187/LH244,11.280048
DEH1_2022,GEMN-0192/LH244,11.2547
DEH1_2022,GEMN-0192_LH212HT_0001/LH244,11.256925
DEH1_2022,GEMN-0192_LH212HT_0002/LH244,11.301961
DEH1_2022,GEMN-0192_LH212HT_0006/LH244,11.327337
DEH1_2022,GEMN-0192_LH212HT_0007/LH244,11.2542
DEH1_2022,GEMN-0192_LH212HT_0008/LH244,11.313697
DEH1_2022,GEMN-0192_LH212HT_0009/LH244,11.26668
DEH1_2022,GEMN-0192_LH212HT_0010/LH244,11.259512
DEH1_2022,GEMN-0192_LH212HT_0011/LH244,11.2903
DEH1_2022,GEMN-0192_LH212HT_0012/LH244,11.264363
DEH1_2022,GEMN-0192_LH212HT_0013/LH244,11.225801
DEH1_2022,GEMN-0192_LH212HT_0014/LH244,11.236794
DEH1_2022,GEMN-0192_LH212HT_0015/LH244,11.239381
DEH1_2022,GEMN-0192_LH212HT_0018/LH244,11.270639
DEH1_2022,GEMN-0192_LH212HT_0021/LH244,11.244799
DEH1_2022,GEMN-0192_LH212HT_0023/LH244,11.222527
DEH1_2022,GEMN-0192_PHJ89_0001/LH244,11.271048
DEH1_2022,GEMN-0192_PHJ89_0002/LH244,11.236397
DEH1_2022,GEMN-0192_PHK76_0002/LH244,11.307405
DEH1_2022,GEMN-0192_PHK76_0004/LH244,11.280622
DEH1_2022,GEMN-0192_PHK76_0005/LH244,11.259086
DEH1_2022,GEMN-0192_PHK76_0006/LH244,11.24032
DEH1_2022,GEMN-0192_PHK76_0007/LH244,11.30409
DEH1_2022,GEMN-0192_PHK76_0008/LH244,11.268843
DEH1_2022,GEMN-0192_PHK76_0009/LH244,11.268462
DEH1_2022,GEMN-0192_PHK76_0010/LH244,11.222795
DEH1_2022,GEMN-0192_PHK76_0011/LH244,11.271936
DEH1_2022,GEMN-0192_PHK76_0012/LH244,11.247612
DEH1_2022,GEMN-0192_PHK76_0013/LH244,11.296613
DEH1_2022,GEMN-0192_PHK76_0014/LH244,11.313467
DEH1_2022,GEMN-0192_PHK76_0015/LH244,11.29108
DEH1_2022,GEMN-0192_PHK76_0016/LH244,11.268368
DEH1_2022,GEMN-0192_PHK76_0017/LH244,11.2679
DEH1_2022,GEMN-0192_PHK76_0018/LH244,11.289295
DEH1_2022,GEMN-0192_PHK76_0019/LH244,11.268847
DEH1_2022,GEMN-0192_PHK76_0021/LH244,11.260502
DEH1_2022,GEMN-0192_PHK76_0025/LH244,11.236912
DEH1_2022,GEMN-0192_PHK76_0027/LH244,11.243248
DEH1_2022,GEMN-0192_PHK76_0028/LH244,11.298021
DEH1_2022,GEMN-0192_PHK76_0030/LH244,11.273942
DEH1_2022,GEMN-0192_PHK76_0032/LH244,11.275151
DEH1_2022,GEMN-0192_PHK76_0033/LH244,11.247999
DEH1_2022,GEMN-0192_PHK76_0035/LH244,11.247697
DEH1_2022,GEMN-0192_PHK76_0036/LH244,11.27586
DEH1_2022,GEMN-0192_PHK76_0037/LH244,11.266474
DEH1_2022,GEMN-0192_PHK76_0041/LH244,11.261271
DEH1_2022,GEMN-0192_PHK76_0044/LH244,11.229563
DEH1_2022,GEMN-0192_PHK76_0045/LH244,11.259111
DEH1_2022,GEMN-0192_PHN46_0001/LH244,11.276953
DEH1_2022,GEMN-0192_PHN46_0002/LH244,11.312198
DEH1_2022,GEMN-0192_PHN46_0003/LH244,11.262503
DEH1_2022,GEMN-0192_PHN46_0004/LH244,11.254196
DEH1_2022,GEMN-0192_PHN46_0005/LH244,11.283273
DEH1_2022,GEMN-0192_PHN46_0006/LH244,11.228304
DEH1_2022,GEMN-0192_PHN46_0007/LH244,11.239082
DEH1_2022,GEMN-0192_PHN46_0008/LH244,11.276723
DEH1_2022,GEMN-0192_PHN46_0009/LH244,11.270155
DEH1_2022,GEMN-0192_PHN46_0010/LH244,11.300688
DEH1_2022,GEMN-0192_PHN46_0011/LH244,11.276119
DEH1_2022,GEMN-0192_PHN46_0012/LH244,11.214027
DEH1_2022,GEMN-0192_PHN46_0014/LH244,11.201248
DEH1_2022,GEMN-0192_PHN46_0015/LH244,11.290714
DEH1_2022,GEMN-0192_PHN46_0017/LH244,11.244373
DEH1_2022,GEMN-0192_PHN46_0018/LH244,11.274699
DEH1_2022,GEMN-0192_PHN46_0019/LH244,11.269754
DEH1_2022,GEMN-0192_PHN46_0020/LH244,11.27515
DEH1_2022,GEMN-0192_PHN46_0021/LH244,11.222789
DEH1_2022,GEMN-0192_PHN46_0025/LH244,11.293828
DEH1_2022,GEMN-0192_PHP02_0001/LH244,11.293603
DEH1_2022,GEMN-0192_PHP02_0003/LH244,11.237788
DEH1_2022,GEMN-0207/LH244,11.309203
DEH1_2022,GEMN-0225/LH244,11.254231
DEH1_2022,GEMN-0225_LH212HT_0002/LH244,11.253988
DEH1_2022,GEMN-0225_LH212HT_0003/LH244,11.260085
DEH1_2022,GEMN-0225_LH212HT_0005/LH244,11.27981
DEH1_2022,GEMN-0225_LH212HT_0006/LH244,11.232943
DEH1_2022,GEMN-0225_LH212HT_0008/LH244,11.221652
DEH1_2022,GEMN-0225_LH212HT_0009/LH244,11.231643
DEH1_2022,GEMN-0225_LH212HT_0015/LH244,11.299505
DEH1_2022,GEMN-0225_LH212HT_0017/LH244,11.32521
DEH1_2022,GEMN-0225_LH212HT_0021/LH244,11.298981
DEH1_2022,GEMN-0225_LH212HT_0023/LH244,11.238058
DEH1_2022,GEMN-0225_LH212HT_0024/LH244,11.255569
DEH1_2022,GEMN-0225_LH212HT_0025/LH244,11.276493
DEH1_2022,GEMN-0225_LH212HT_0029/LH244,11.307618
DEH1_2022,GEMN-0225_LH212HT_0036/LH244,11.270356
DEH1_2022,GEMN-0225_LH212HT_0038/LH244,11.290681
DEH1_2022,GEMN-0225_LH212HT_0040/LH244,11.256677
DEH1_2022,GEMN-0225_LH212HT_0043/LH244,11.276492
DEH1_2022,GEMN-0225_PHJ89_0001/LH244,11.250725
DEH1_2022,GEMN-0225_PHJ89_0002/LH244,11.298111
DEH1_2022,GEMN-0225_PHJ89_0003/LH244,11.22629
DEH1_2022,GEMN-0225_PHJ89_0004/LH244,11.266555
DEH1_2022,GEMN-0225_PHJ89_0005/LH244,11.248526
DEH1_2022,GEMN-0225_PHJ89_0006/LH244,11.213765
DEH1_2022,GEMN-0225_PHJ89_0008/LH244,11.294133
DEH1_2022,GEMN-0225_PHJ89_0009/LH244,11.259339
DEH1_2022,GEMN-0225_PHJ89_0013/LH244,11.268284
DEH1_2022,GEMN-0225_PHJ89_0014/LH244,11.291493
DEH1_2022,GEMN-0225_PHJ89_0015/LH244,11.322083
DEH1_2022,GEMN-0225_PHJ89_0016/LH244,11.294619
DEH1_2022,GEMN-0225_PHJ89_0017/LH244,11.257984
DEH1_2022,GEMN-0225_PHJ89_0018/LH244,11.276537
DEH1_2022,GEMN-0225_PHJ89_0019/LH244,11.26231
DEH1_2022,GEMN-0225_PHJ89_0020/LH244,11.242715
DEH1_2022,GEMN-0225_PHJ89_0021/LH244,11.220438
DEH1_2022,GEMN-0225_PHJ89_0022/LH244,11.283934
DEH1_2022,GEMN-0225_PHJ89_0025/LH244,11.28896
DEH1_2022,GEMN-0225_PHJ89_0026/LH244,11.253167
DEH1_2022,GEMN-0225_PHJ89_0027/LH244,11.215754
DEH1_2022,GEMN-0225_PHJ89_0032/LH244,11.298708
DEH1_2022,GEMN-0225_PHK76_0001/LH244,11.291294
DEH1_2022,GEMN-0225_PHK76_0002/LH244,11.287165
DEH1_2022,GEMN-0225_PHK76_0003/LH244,11.262868
DEH1_2022,GEMN-0225_PHK76_0004/LH244,11.31039
DEH1_2022,GEMN-0225_PHK76_0005/LH244,11.297804
DEH1_2022,GEMN-0225_PHK76_0007/LH244,11.278923
DEH1_2022,GEMN-0225_PHK76_0008/LH244,11.246151
DEH1_2022,GEMN-0225_PHK76_0010/LH244,11.277606
DEH1_2022,GEMN-0225_PHK76_0012/LH244,11.262819
DEH1_2022,GEMN-0225_PHK76_0013/LH244,11.24423
DEH1_2022,GEMN-0225_PHK76_0014/LH244,11.220102
DEH1_2022,GEMN-0225_PHK76_0018/LH244,11.245518
DEH1_2022,GEMN-0225_PHK76_0019/LH244,11.30481
DEH1_2022,GEMN-0225_PHK76_0021/LH244,11.274313
DEH1_2022,GEMN-0225_PHK76_0022/LH244,11.286249
DEH1_2022,GEMN-0225_PHK76_0027/LH244,11.252443
DEH1_2022,GEMN-0225_PHK76_0028/LH244,11.311848
DEH1_2022,GEMN-0225_PHK76_0031/LH244,11.259336
DEH1_2022,GEMN-0225_PHK76_0032/LH244,11.293486
DEH1_2022,GEMN-0225_PHN46_0001/LH244,11.264182
DEH1_2022,GEMN-0225_PHN46_0002/LH244,11.262136
DEH1_2022,GEMN-0225_PHN46_0003/LH244,11.282066
DEH1_2022,GEMN-0225_PHN46_0004/LH244,11.269762
DEH1_2022,GEMN-0225_PHN46_0005/LH244,11.229246
DEH1_2022,GEMN-0225_PHN46_0006/LH244,11.300025
DEH1_2022,GEMN-0225_PHN46_0008/LH244,11.297295
DEH1_2022,GEMN-0225_PHN46_0021/LH244,11.253162
DEH1_2022,GEMN-0225_PHP02_0001/LH244,11.256936
DEH1_2022,GEMN-0225_PHP02_0002/LH244,11.260778
DEH1_2022,GEMN-0225_PHP02_0003/LH244,11.299112
DEH1_2022,GEMN-0225_PHP02_0005/LH244,11.279537
DEH1_2022,GEMN-0225_PHP02_0006/LH244,11.226934
DEH1_2022,GEMN-0225_PHP02_0007/LH244,11.225316
DEH1_2022,GEMN-0225_PHP02_0008/LH244,11.290347
DEH1_2022,GEMN-0225_PHP02_0009/LH244,11.26713
DEH1_2022,GEMN-0225_PHP02_0010/LH244,11.245331
DEH1_2022,GEMN-0225_PHP02_0012/LH244,11.273312
DEH1_2022,GEMN-0225_PHP02_0013/LH244,11.282372
DEH1_2022,GEMN-0225_PHP02_0014/LH244,11.238597
DEH1_2022,GEMN-0225_PHP02_0015/LH244,11.219433
DEH1_2022,GEMN-0225_PHP02_0017/LH244,11.284658
DEH1_2022,GEMN-0232/LH244,11.252738
DEH1_2022,GEMN-0238/LH244,11.260191
DEH1_2022,GEMN-0257/LH244,11.279084
DEH1_2022,GEMN-0270/LH244,11.307401
DEH1_2022,GEMN-0271/LH244,11.282028
DEH1_2022,GEMN-0287/LH244,11.261311
DEH1_2022,LH185/LH244,12.032792
DEH1_2022,LH195/PHZ51,10.657946
DEH1_2022,LH212HT/LH244,11.599979
DEH1_2022,LH213/LH244,11.226386
DEH1_2022,LH216/LH244,11.140495
DEH1_2022,LH244/MO17,12.016347
DEH1_2022,LH244/PHK76,11.37687
DEH1_2022,LH244/PHZ51,11.035597
DEH1_2022,LH283/LH244,11.257415
DEH1_2022,LH287/LH244,11.323154
DEH1_2022,LH82/LH244,11.130388
DEH1_2022,M162W/LH244,11.269622
DEH1_2022,M37W/LH244,11.261013
DEH1_2022,MBUB/LH244,11.290822
DEH1_2022,MM501D/LH244,11.274315
DEH1_2022,MO17_PHW30-008-(2N)-01/LH244,11.241855
DEH1_2022,MO17_PHW30-200-(2N)-02/LH244,11.312153
DEH1_2022,MO17_PHW30-309-(2N)-01/LH244,11.261578
DEH1_2022,MO44/LH244,12.180158
DEH1_2022,MO44_LH145_0127/LH244,11.323607
DEH1_2022,MO44_LH145_0138/LH244,11.223599
DEH1_2022,MO44_PHG47_0072/LH244,11.260727
DEH1_2022,MO44_PHG47_0125/LH244,11.320543
DEH1_2022,MO44_PHW65_0025/LH244,11.418378
DEH1_2022,MO44_PHW65_0035/LH244,10.675846
DEH1_2022,MOG/LH244,10.976695
DEH1_2022,NC350/LH244,11.306672
DEH1_2022,NC358/LH244,11.258303
DEH1_2022,NC360/LH244,11.220308
DEH1_2022,NC366/LH244,11.277489
DEH1_2022,NC374/LH244,11.26247
DEH1_2022,NC378/LH244,11.22263
DEH1_2022,NC388/LH244,11.22788
DEH1_2022,NC398/LH244,11.300957
DEH1_2022,NC406/LH244,11.315933
DEH1_2022,NC428/LH244,11.276315
DEH1_2022,NC438/LH244,11.307049
DEH1_2022,NC454/LH244,11.226587
DEH1_2022,NC456/LH244,11.267226
DEH1_2022,NC458/LH244,11.28301
DEH1_2022,NC512/LH244,11.312538
DEH1_2022,NC528/LH244,11.286247
DEH1_2022,NC530/LH244,11.305362
DEH1_2022,NC540/LH244,11.261247
DEH1_2022,NC542/LH244,11.290593
DEH1_2022,NC546/LH244,11.250292
DEH1_2022,NC548/LH244,11.260572
DEH1_2022,NKH8431/LH244,11.490565
DEH1_2022,OH43/LH244,11.270468
DEH1_2022,PH207/LH244,11.236224
DEH1_2022,PH24E/LH244,11.253518
DEH1_2022,PHAP9/LH244,11.25041
DEH1_2022,PHB47/LH244,11.359169
DEH1_2022,PHB47/PHN82,11.382632
DEH1_2022,PHB47/PHZ51,10.294909
DEH1_2022,PHG29/PHG47,9.612432
DEH1_2022,PHG35/LH244,11.314659
DEH1_2022,PHG47/LH244,11.201099
DEH1_2022,PHJ40/PHAJ0,8.431728
DEH1_2022,PHJ89/LH244,11.310413
DEH1_2022,PHJ90/LH244,11.310008
DEH1_2022,PHK56/LH244,11.584942
DEH1_2022,PHKE6/LH244,11.317822
DEH1_2022,PHN11/LH244,11.743687
DEH1_2022,PHN11_LH145_0005/LH244,11.28825
DEH1_2022,PHN11_LH145_0028/LH244,11.278172
DEH1_2022,PHN11_LH145_0085/LH244,11.279536
DEH1_2022,PHN11_OH43_0001/LH244,11.184538
DEH1_2022,PHN11_OH43_0075/LH244,11.278251
DEH1_2022,PHN11_OH43_0088/LH244,11.265285
DEH1_2022,PHN11_PHG47_0251/LH244,10.997549
DEH1_2022,PHN11_PHG47_0287/LH244,11.262318
DEH1_2022,PHN11_PHW65_0312/LH244,12.024734
DEH1_2022,PHN11_PHW65_0323/LH244,12.026573
DEH1_2022,PHN11_PHW65_0359/LH244,11.046106
DEH1_2022,PHN46/LH244,11.312506
DEH1_2022,PHP02/LH244,11.219187
DEH1_2022,PHP55/LH244,11.269171
DEH1_2022,PHR03/LH244,11.264986
DEH1_2022,PHRE1/PHTD5,9.607085
DEH1_2022,PHW30/LH244,11.266558
DEH1_2022,PHW30_MO17-010-(2N)-01/LH244,11.261363
DEH1_2022,PHW30_MO17-032-(2N)-01/LH244,11.230189
DEH1_2022,PHW30_MO17-095-(2N)-01/LH244,11.234767
DEH1_2022,PHW30_MO17-129-(2N)-01/LH244,11.300621
DEH1_2022,PHW30_MO17-178-(2N)-01/LH244,11.297588
DEH1_2022,PHW30_MO17-234-(2N)-02/LH244,11.295861
DEH1_2022,PHW30_MO17-299-(2N)-01/LH244,11.244995
DEH1_2022,PHW52/PHM49,10.515841
DEH1_2022,PHW52/PHN82,11.490558
DEH1_2022,PHW65/LH244,11.859076
DEH1_2022,PHW65_MOG_0137/LH244,11.967175
DEH1_2022,PHW65_MOG_0176/LH244,11.111198
DEH1_2022,PHW65_MOG_0271/LH244,11.532263
DEH1_2022,TX777/LH195,10.400076
DEH1_2022,TX779/LH195,10.530554
DEH1_2022,W10001_0003/LH244,11.258125
DEH1_2022,W10001_0007/LH244,11.261386
DEH1_2022,W10001_0008/LH244,11.251603
DEH1_2022,W10001_0009/LH244,11.215724
DEH1_2022,W10001_0010/LH244,11.283689
DEH1_2022,W10001_0011/LH244,11.266521
DEH1_2022,W10001_0012/LH244,11.267468
DEH1_2022,W10001_0013/LH244,11.266203
DEH1_2022,W10001_0014/LH244,11.30768
DEH1_2022,W10001_0016/LH244,11.23818
DEH1_2022,W10001_0017/LH244,11.231777
DEH1_2022,W10001_0021/LH244,11.277718
DEH1_2022,W10001_0022/LH244,10.598609
DEH1_2022,W10001_0023/LH244,11.241446
DEH1_2022,W10001_0030/LH244,11.292298
DEH1_2022,W10001_0031/LH244,11.284515
DEH1_2022,W10001_0033/LH244,11.269895
DEH1_2022,W10001_0036/LH244,11.267635
DEH1_2022,W10001_0040/LH244,11.236702
DEH1_2022,W10001_0047/LH244,11.253324
DEH1_2022,W10002_0002/LH244,11.262981
DEH1_2022,W10005_0029/LH244,11.288595
DEH1_2022,W10005_0107/LH244,11.012188
DEH1_2022,W10005_0111/LH244,11.247668
DEH1_2022,W10005_0147/LH244,11.181437
DEH1_2022,W10005_0220/LH244,11.222817
DEH1_2022,W10010_0018/LH244,11.273088
DEH1_2022,W10010_0032/LH244,11.268603
DEH1_2022,W10010_0084/LH244,11.223976
DEH1_2022,W10010_0093/LH244,11.254992
DEH1_2022,W10010_0101/LH244,11.283178
DEH1_2022,W10010_0118/LH244,11.326071
DEH1_2022,W10010_0124/LH244,11.285015
DEH1_2022,W10010_0148/LH244,11.30198
DEH1_2022,W10010_0170/LH244,11.255826
DEH1_2022,W10010_0188/LH244,11.248999
DEH1_2022,W10010_0189/LH244,11.264278
DEH1_2022,W10010_0279/LH244,11.274694
DEH1_2022,W10010_0294/LH244,11.258184
DEH1_2022,W10010_0310/LH244,11.300197
DEH1_2022,W10010_0311/LH244,11.234846
DEH1_2022,W10010_0337/LH244,11.289386
DEH1_2022,W10010_0346/LH244,11.290138
DEH1_2022,W10010_0358/LH244,11.292063
DEH1_2022,W10010_0366/LH244,11.290978
DEH1_2022,W10010_0381/LH244,11.287005
DEH1_2022,W10010_0464/LH244,11.237459
GAH1_2022,B14A/H95,11.664154
GAH1_2022,B14A/MO17,11.696448
GAH1_2022,B14A/OH43,11.806374
GAH1_2022,B37/H95,11.737873
GAH1_2022,B37/MO17,11.806374
GAH1_2022,B37/OH43,11.791594
GAH1_2022,B73/MO17,12.40537
GAH1_2022,B73/PHM49,12.371136
GAH1_2022,B73/PHN82,12.479654
GAH1_2022,B73/TX779,11.713463
GAH1_2022,B97/LH244,12.383467
GAH1_2022,BGEM-0039-N/LH244,12.154143
GAH1_2022,BGEM-0063-N/LH244,12.47983
GAH1_2022,BGEM-0089-N/LH244,12.220617
GAH1_2022,BGEM-0124-N/LH244,12.214458
GAH1_2022,BGEM-0129-N/LH244,9.997135
GAH1_2022,CG119/CG108,6.053307
GAH1_2022,CG44/CGR01,11.65317
GAH1_2022,DK3IIH6/LH244,12.714956
GAH1_2022,DK78010/LH244,12.465454
GAH1_2022,F42/H95,12.121122
GAH1_2022,F42/MO17,12.345666
GAH1_2022,F42/OH43,12.113779
GAH1_2022,GEMN-0096/LH244,12.458829
GAH1_2022,GEMN-0096_LH212HT_0001/LH244,12.444839
GAH1_2022,GEMN-0096_LH212HT_0002/LH244,12.457326
GAH1_2022,GEMN-0096_LH212HT_0004/LH244,12.454499
GAH1_2022,GEMN-0096_LH212HT_0005/LH244,12.473953
GAH1_2022,GEMN-0096_LH212HT_0006/LH244,12.443124
GAH1_2022,GEMN-0096_LH212HT_0009/LH244,12.446014
GAH1_2022,GEMN-0096_LH212HT_0010/LH244,12.466174
GAH1_2022,GEMN-0096_LH212HT_0012/LH244,12.442286
GAH1_2022,GEMN-0096_LH212HT_0013/LH244,12.464216
GAH1_2022,GEMN-0096_LH212HT_0017/LH244,12.465481
GAH1_2022,GEMN-0096_LH212HT_0021/LH244,12.457525
GAH1_2022,GEMN-0096_PHJ89_0001/LH244,12.446114
GAH1_2022,GEMN-0096_PHJ89_0002/LH244,12.46093
GAH1_2022,GEMN-0096_PHJ89_0006/LH244,12.45168
GAH1_2022,GEMN-0096_PHJ89_0007/LH244,12.451157
GAH1_2022,GEMN-0096_PHJ89_0009/LH244,12.442572
GAH1_2022,GEMN-0096_PHJ89_0010/LH244,12.459754
GAH1_2022,GEMN-0096_PHJ89_0011/LH244,12.448499
GAH1_2022,GEMN-0096_PHJ89_0012/LH244,12.457097
GAH1_2022,GEMN-0096_PHJ89_0013/LH244,12.465099
GAH1_2022,GEMN-0096_PHJ89_0014/LH244,12.465372
GAH1_2022,GEMN-0096_PHJ89_0016/LH244,12.440356
GAH1_2022,GEMN-0096_PHJ89_0017/LH244,12.47179
GAH1_2022,GEMN-0096_PHK76_0001/LH244,12.454986
GAH1_2022,GEMN-0096_PHK76_0002/LH244,12.443528
GAH1_2022,GEMN-0096_PHK76_0003/LH244,12.452271
GAH1_2022,GEMN-0096_PHK76_0004/LH244,12.468172
GAH1_2022,GEMN-0096_PHK76_0006/LH244,12.472234
GAH1_2022,GEMN-0096_PHK76_0007/LH244,12.447755
GAH1_2022,GEMN-0096_PHK76_0008/LH244,12.452408
GAH1_2022,GEMN-0096_PHK76_0009/LH244,12.448694
GAH1_2022,GEMN-0096_PHK76_0010/LH244,12.452859
GAH1_2022,GEMN-0096_PHK76_0013/LH244,12.441936
GAH1_2022,GEMN-0096_PHK76_0015/LH244,12.440238
GAH1_2022,GEMN-0096_PHK76_0016/LH244,12.445766
GAH1_2022,GEMN-0096_PHN46_0001/LH244,12.451595
GAH1_2022,GEMN-0096_PHN46_0002/LH244,12.433648
GAH1_2022,GEMN-0096_PHN46_0003/LH244,12.442932
GAH1_2022,GEMN-0096_PHN46_0004/LH244,12.441856
GAH1_2022,GEMN-0096_PHN46_0005/LH244,12.452348
GAH1_2022,GEMN-0096_PHN46_0007/LH244,12.445009
GAH1_2022,GEMN-0096_PHN46_0009/LH244,12.434488
GAH1_2022,GEMN-0096_PHN46_0010/LH244,12.448019
GAH1_2022,GEMN-0096_PHN46_0011/LH244,12.470242
GAH1_2022,GEMN-0096_PHN46_0012/LH244,12.471062
GAH1_2022,GEMN-0096_PHN46_0013/LH244,12.435327
GAH1_2022,GEMN-0096_PHN46_0014/LH244,12.44613
GAH1_2022,GEMN-0096_PHN46_0018/LH244,12.445795
GAH1_2022,GEMN-0096_PHN46_0020/LH244,12.442211
GAH1_2022,GEMN-0096_PHN46_0023/LH244,12.44635
GAH1_2022,GEMN-0096_PHP02_0001/LH244,12.4548
GAH1_2022,GEMN-0096_PHP02_0003/LH244,12.46228
GAH1_2022,GEMN-0096_PHP02_0005/LH244,12.461348
GAH1_2022,GEMN-0096_PHP02_0006/LH244,12.451368
GAH1_2022,GEMN-0096_PHP02_0007/LH244,12.439162
GAH1_2022,GEMN-0096_PHP02_0009/LH244,12.462411
GAH1_2022,GEMN-0096_PHP02_0011/LH244,12.453663
GAH1_2022,GEMN-0096_PHP02_0012/LH244,12.450665
GAH1_2022,GEMN-0096_PHP02_0016/LH244,12.447205
GAH1_2022,GEMN-0096_PHP02_0017/LH244,12.460783
GAH1_2022,GEMN-0096_PHP02_0022/LH244,12.447362
GAH1_2022,GEMN-0096_PHP02_0025/LH244,12.470819
GAH1_2022,GEMN-0096_PHP02_0030/LH244,12.454512
GAH1_2022,GEMN-0097/LH244,12.455061
GAH1_2022,GEMN-0097_LH212HT_0002/LH244,12.471363
GAH1_2022,GEMN-0097_LH212HT_0004/LH244,12.445391
GAH1_2022,GEMN-0097_LH212HT_0019/LH244,12.456566
GAH1_2022,GEMN-0097_LH212HT_0020/LH244,12.465564
GAH1_2022,GEMN-0097_LH212HT_0023/LH244,12.467039
GAH1_2022,GEMN-0097_LH212HT_0026/LH244,12.458302
GAH1_2022,GEMN-0097_LH212HT_0032/LH244,12.467606
GAH1_2022,GEMN-0097_LH212HT_0034/LH244,12.457626
GAH1_2022,GEMN-0097_LH212HT_0039/LH244,12.452805
GAH1_2022,GEMN-0097_LH212HT_0047/LH244,12.461756
GAH1_2022,GEMN-0097_LH212HT_0051/LH244,12.447977
GAH1_2022,GEMN-0097_LH212HT_0054/LH244,12.443347
GAH1_2022,GEMN-0097_LH212HT_0058/LH244,12.452263
GAH1_2022,GEMN-0097_LH212HT_0061/LH244,12.44305
GAH1_2022,GEMN-0097_LH212HT_0062/LH244,12.459309
GAH1_2022,GEMN-0097_LH212HT_0069/LH244,12.449995
GAH1_2022,GEMN-0097_LH212HT_0074/LH244,12.449418
GAH1_2022,GEMN-0097_LH212HT_0078/LH244,12.454975
GAH1_2022,GEMN-0097_LH212HT_0085/LH244,12.445765
GAH1_2022,GEMN-0097_PHJ89_0001/LH244,12.444849
GAH1_2022,GEMN-0097_PHJ89_0002/LH244,12.454477
GAH1_2022,GEMN-0097_PHJ89_0003/LH244,12.457561
GAH1_2022,GEMN-0097_PHJ89_0005/LH244,12.442211
GAH1_2022,GEMN-0097_PHJ89_0006/LH244,12.449448
GAH1_2022,GEMN-0097_PHJ89_0007/LH244,12.4554
GAH1_2022,GEMN-0097_PHJ89_0008/LH244,12.459429
GAH1_2022,GEMN-0097_PHJ89_0010/LH244,12.468426
GAH1_2022,GEMN-0097_PHJ89_0011/LH244,12.450716
GAH1_2022,GEMN-0097_PHJ89_0012/LH244,12.466474
GAH1_2022,GEMN-0097_PHJ89_0013/LH244,12.457651
GAH1_2022,GEMN-0097_PHJ89_0016/LH244,12.467241
GAH1_2022,GEMN-0097_PHJ89_0020/LH244,12.451535
GAH1_2022,GEMN-0097_PHJ89_0023/LH244,12.461025
GAH1_2022,GEMN-0097_PHJ89_0025/LH244,12.441953
GAH1_2022,GEMN-0097_PHJ89_0026/LH244,12.462483
GAH1_2022,GEMN-0097_PHJ89_0027/LH244,12.44262
GAH1_2022,GEMN-0097_PHJ89_0028/LH244,12.455377
GAH1_2022,GEMN-0097_PHJ89_0029/LH244,12.457226
GAH1_2022,GEMN-0097_PHJ89_0033/LH244,12.456791
GAH1_2022,GEMN-0097_PHJ89_0036/LH244,12.444031
GAH1_2022,GEMN-0097_PHJ89_0039/LH244,12.44471
GAH1_2022,GEMN-0097_PHK76_0003/LH244,12.4582
GAH1_2022,GEMN-0097_PHK76_0007/LH244,12.447182
GAH1_2022,GEMN-0097_PHK76_0009/LH244,12.457726
GAH1_2022,GEMN-0097_PHK76_0011/LH244,12.454755
GAH1_2022,GEMN-0097_PHK76_0014/LH244,12.457595
GAH1_2022,GEMN-0097_PHK76_0015/LH244,12.457195
GAH1_2022,GEMN-0097_PHK76_0018/LH244,12.444756
GAH1_2022,GEMN-0097_PHK76_0021/LH244,12.44388
GAH1_2022,GEMN-0097_PHK76_0032/LH244,12.453773
GAH1_2022,GEMN-0097_PHK76_0036/LH244,12.464405
GAH1_2022,GEMN-0097_PHK76_0037/LH244,12.470324
GAH1_2022,GEMN-0097_PHK76_0038/LH244,12.452059
GAH1_2022,GEMN-0097_PHK76_0039/LH244,12.467853
GAH1_2022,GEMN-0097_PHK76_0041/LH244,12.450905
GAH1_2022,GEMN-0097_PHK76_0048/LH244,12.467546
GAH1_2022,GEMN-0097_PHK76_0053/LH244,12.465414
GAH1_2022,GEMN-0097_PHK76_0055/LH244,12.455926
GAH1_2022,GEMN-0097_PHK76_0060/LH244,12.455359
GAH1_2022,GEMN-0097_PHN46_0001/LH244,12.442815
GAH1_2022,GEMN-0097_PHN46_0003/LH244,12.460875
GAH1_2022,GEMN-0097_PHN46_0004/LH244,12.459013
GAH1_2022,GEMN-0097_PHN46_0005/LH244,12.462209
GAH1_2022,GEMN-0097_PHN46_0007/LH244,12.464577
GAH1_2022,GEMN-0097_PHN46_0008/LH244,12.47209
GAH1_2022,GEMN-0097_PHN46_0011/LH244,12.432251
GAH1_2022,GEMN-0097_PHN46_0013/LH244,12.451606
GAH1_2022,GEMN-0097_PHN46_0014/LH244,12.447714
GAH1_2022,GEMN-0097_PHN46_0016/LH244,12.456034
GAH1_2022,GEMN-0097_PHN46_0018/LH244,12.452898
GAH1_2022,GEMN-0097_PHP02_0001/LH244,12.436285
GAH1_2022,GEMN-0097_PHP02_0002/LH244,12.454494
GAH1_2022,GEMN-0097_PHP02_0003/LH244,12.45109
GAH1_2022,GEMN-0097_PHP02_0005/LH244,12.44607
GAH1_2022,GEMN-0097_PHP02_0006/LH244,12.445612
GAH1_2022,GEMN-0097_PHP02_0007/LH244,12.460836
GAH1_2022,GEMN-0098/LH244,12.456875
GAH1_2022,GEMN-0104/LH244,12.437682
GAH1_2022,GEMN-0124/LH244,12.448002
GAH1_2022,GEMN-0144/LH244,12.451822
GAH1_2022,GEMN-0157/LH244,12.450756
GAH1_2022,GEMN-0177/LH244,12.46102
GAH1_2022,GEMN-0178/LH244,12.465301
GAH1_2022,GEMN-0187/LH244,12.46054
GAH1_2022,GEMN-0192/LH244,12.451577
GAH1_2022,GEMN-0192_LH212HT_0001/LH244,12.452364
GAH1_2022,GEMN-0192_LH212HT_0006/LH244,12.47726
GAH1_2022,GEMN-0192_LH212HT_0008/LH244,12.472437
GAH1_2022,GEMN-0192_LH212HT_0010/LH244,12.453279
GAH1_2022,GEMN-0192_LH212HT_0011/LH244,12.464165
GAH1_2022,GEMN-0192_LH212HT_0012/LH244,12.454994
GAH1_2022,GEMN-0192_LH212HT_0013/LH244,12.44136
GAH1_2022,GEMN-0192_LH212HT_0014/LH244,12.445246
GAH1_2022,GEMN-0192_LH212HT_0015/LH244,12.446161
GAH1_2022,GEMN-0192_LH212HT_0018/LH244,12.457212
GAH1_2022,GEMN-0192_LH212HT_0021/LH244,12.448077
GAH1_2022,GEMN-0192_LH212HT_0023/LH244,12.440202
GAH1_2022,GEMN-0192_PHJ89_0001/LH244,12.457357
GAH1_2022,GEMN-0192_PHJ89_0002/LH244,12.445107
GAH1_2022,GEMN-0192_PHK76_0002/LH244,12.470212
GAH1_2022,GEMN-0192_PHK76_0004/LH244,12.460743
GAH1_2022,GEMN-0192_PHK76_0005/LH244,12.453128
GAH1_2022,GEMN-0192_PHK76_0006/LH244,12.446494
GAH1_2022,GEMN-0192_PHK76_0007/LH244,12.46904
GAH1_2022,GEMN-0192_PHK76_0008/LH244,12.456578
GAH1_2022,GEMN-0192_PHK76_0009/LH244,12.456443
GAH1_2022,GEMN-0192_PHK76_0010/LH244,12.440297
GAH1_2022,GEMN-0192_PHK76_0011/LH244,12.457671
GAH1_2022,GEMN-0192_PHK76_0012/LH244,12.449072
GAH1_2022,GEMN-0192_PHK76_0013/LH244,12.466396
GAH1_2022,GEMN-0192_PHK76_0014/LH244,12.472356
GAH1_2022,GEMN-0192_PHK76_0015/LH244,12.46444
GAH1_2022,GEMN-0192_PHK76_0016/LH244,12.456409
GAH1_2022,GEMN-0192_PHK76_0017/LH244,12.456244
GAH1_2022,GEMN-0192_PHK76_0019/LH244,12.456579
GAH1_2022,GEMN-0192_PHK76_0021/LH244,12.453629
GAH1_2022,GEMN-0192_PHK76_0025/LH244,12.445288
GAH1_2022,GEMN-0192_PHK76_0027/LH244,12.447529
GAH1_2022,GEMN-0192_PHK76_0028/LH244,12.466894
GAH1_2022,GEMN-0192_PHK76_0030/LH244,12.458381
GAH1_2022,GEMN-0192_PHK76_0032/LH244,12.458808
GAH1_2022,GEMN-0192_PHK76_0033/LH244,12.449208
GAH1_2022,GEMN-0192_PHK76_0035/LH244,12.449101
GAH1_2022,GEMN-0192_PHK76_0036/LH244,12.459059
GAH1_2022,GEMN-0192_PHK76_0037/LH244,12.45574
GAH1_2022,GEMN-0192_PHK76_0041/LH244,12.4539
GAH1_2022,GEMN-0192_PHK76_0044/LH244,12.44269
GAH1_2022,GEMN-0192_PHK76_0045/LH244,12.453137
GAH1_2022,GEMN-0192_PHN46_0001/LH244,12.459445
GAH1_2022,GEMN-0192_PHN46_0002/LH244,12.471907
GAH1_2022,GEMN-0192_PHN46_0003/LH244,12.454336
GAH1_2022,GEMN-0192_PHN46_0004/LH244,12.451399
GAH1_2022,GEMN-0192_PHN46_0005/LH244,12.461679
GAH1_2022,GEMN-0192_PHN46_0006/LH244,12.442245
GAH1_2022,GEMN-0192_PHN46_0008/LH244,12.459364
GAH1_2022,GEMN-0192_PHN46_0009/LH244,12.457042
GAH1_2022,GEMN-0192_PHN46_0010/LH244,12.467836
GAH1_2022,GEMN-0192_PHN46_0011/LH244,12.45915
GAH1_2022,GEMN-0192_PHN46_0012/LH244,12.437197
GAH1_2022,GEMN-0192_PHN46_0014/LH244,12.432678
GAH1_2022,GEMN-0192_PHN46_0015/LH244,12.464311
GAH1_2022,GEMN-0192_PHN46_0017/LH244,12.447927
GAH1_2022,GEMN-0192_PHN46_0018/LH244,12.458649
GAH1_2022,GEMN-0192_PHN46_0019/LH244,12.456901
GAH1_2022,GEMN-0192_PHN46_0025/LH244,12.465411
GAH1_2022,GEMN-0192_PHP02_0001/LH244,12.465332
GAH1_2022,GEMN-0192_PHP02_0003/LH244,12.445598
GAH1_2022,GEMN-0225/LH244,12.451412
GAH1_2022,GEMN-0225_LH212HT_0002/LH244,12.451326
GAH1_2022,GEMN-0225_LH212HT_0003/LH244,12.453482
GAH1_2022,GEMN-0225_LH212HT_0005/LH244,12.460455
GAH1_2022,GEMN-0225_LH212HT_0006/LH244,12.443885
GAH1_2022,GEMN-0225_LH212HT_0008/LH244,12.439893
GAH1_2022,GEMN-0225_LH212HT_0015/LH244,12.467419
GAH1_2022,GEMN-0225_LH212HT_0017/LH244,12.476507
GAH1_2022,GEMN-0225_LH212HT_0024/LH244,12.451885
GAH1_2022,GEMN-0225_LH212HT_0025/LH244,12.459283
GAH1_2022,GEMN-0225_LH212HT_0028/LH244,12.45693
GAH1_2022,GEMN-0225_LH212HT_0029/LH244,12.470287
GAH1_2022,GEMN-0225_LH212HT_0033/LH244,12.459669
GAH1_2022,GEMN-0225_LH212HT_0036/LH244,12.457113
GAH1_2022,GEMN-0225_LH212HT_0038/LH244,12.464299
GAH1_2022,GEMN-0225_LH212HT_0040/LH244,12.452276
GAH1_2022,GEMN-0225_LH212HT_0043/LH244,12.459282
GAH1_2022,GEMN-0225_PHJ89_0001/LH244,12.450172
GAH1_2022,GEMN-0225_PHJ89_0002/LH244,12.466926
GAH1_2022,GEMN-0225_PHJ89_0003/LH244,12.441533
GAH1_2022,GEMN-0225_PHJ89_0004/LH244,12.455769
GAH1_2022,GEMN-0225_PHJ89_0005/LH244,12.449394
GAH1_2022,GEMN-0225_PHJ89_0006/LH244,12.437105
GAH1_2022,GEMN-0225_PHJ89_0008/LH244,12.465519
GAH1_2022,GEMN-0225_PHJ89_0009/LH244,12.453218
GAH1_2022,GEMN-0225_PHJ89_0013/LH244,12.45638
GAH1_2022,GEMN-0225_PHJ89_0015/LH244,12.475402
GAH1_2022,GEMN-0225_PHJ89_0016/LH244,12.465692
GAH1_2022,GEMN-0225_PHJ89_0017/LH244,12.452739
GAH1_2022,GEMN-0225_PHJ89_0018/LH244,12.459298
GAH1_2022,GEMN-0225_PHJ89_0020/LH244,12.44734
GAH1_2022,GEMN-0225_PHJ89_0021/LH244,12.439465
GAH1_2022,GEMN-0225_PHJ89_0022/LH244,12.461913
GAH1_2022,GEMN-0225_PHJ89_0026/LH244,12.451035
GAH1_2022,GEMN-0225_PHJ89_0032/LH244,12.467137
GAH1_2022,GEMN-0225_PHK76_0001/LH244,12.464516
GAH1_2022,GEMN-0225_PHK76_0002/LH244,12.463056
GAH1_2022,GEMN-0225_PHK76_0003/LH244,12.454466
GAH1_2022,GEMN-0225_PHK76_0004/LH244,12.471267
GAH1_2022,GEMN-0225_PHK76_0005/LH244,12.466818
GAH1_2022,GEMN-0225_PHK76_0007/LH244,12.460142
GAH1_2022,GEMN-0225_PHK76_0008/LH244,12.448555
GAH1_2022,GEMN-0225_PHK76_0010/LH244,12.459677
GAH1_2022,GEMN-0225_PHK76_0012/LH244,12.454449
GAH1_2022,GEMN-0225_PHK76_0013/LH244,12.447876
GAH1_2022,GEMN-0225_PHK76_0014/LH244,12.439345
GAH1_2022,GEMN-0225_PHK76_0018/LH244,12.448332
GAH1_2022,GEMN-0225_PHK76_0019/LH244,12.469295
GAH1_2022,GEMN-0225_PHK76_0021/LH244,12.458512
GAH1_2022,GEMN-0225_PHK76_0022/LH244,12.462732
GAH1_2022,GEMN-0225_PHK76_0027/LH244,12.450779
GAH1_2022,GEMN-0225_PHK76_0028/LH244,12.471783
GAH1_2022,GEMN-0225_PHK76_0031/LH244,12.453217
GAH1_2022,GEMN-0225_PHN46_0001/LH244,12.454929
GAH1_2022,GEMN-0225_PHN46_0003/LH244,12.461253
GAH1_2022,GEMN-0225_PHN46_0004/LH244,12.456903
GAH1_2022,GEMN-0225_PHN46_0005/LH244,12.442578
GAH1_2022,GEMN-0225_PHN46_0006/LH244,12.467603
GAH1_2022,GEMN-0225_PHN46_0009/LH244,12.468199
GAH1_2022,GEMN-0225_PHN46_0014/LH244,12.460619
GAH1_2022,GEMN-0225_PHN46_0021/LH244,12.451034
GAH1_2022,GEMN-0225_PHP02_0001/LH244,12.452368
GAH1_2022,GEMN-0225_PHP02_0002/LH244,12.453727
GAH1_2022,GEMN-0225_PHP02_0003/LH244,12.467279
GAH1_2022,GEMN-0225_PHP02_0005/LH244,12.46036
GAH1_2022,GEMN-0225_PHP02_0006/LH244,12.441761
GAH1_2022,GEMN-0225_PHP02_0008/LH244,12.464181
GAH1_2022,GEMN-0225_PHP02_0009/LH244,12.455973
GAH1_2022,GEMN-0225_PHP02_0010/LH244,12.448265
GAH1_2022,GEMN-0225_PHP02_0012/LH244,12.458158
GAH1_2022,GEMN-0225_PHP02_0013/LH244,12.461361
GAH1_2022,GEMN-0225_PHP02_0014/LH244,12.445884
GAH1_2022,GEMN-0225_PHP02_0015/LH244,12.439108
GAH1_2022,GEMN-0225_PHP02_0017/LH244,12.46217
GAH1_2022,GEMN-0232/LH244,12.450884
GAH1_2022,GEMN-0238/LH244,12.453519
GAH1_2022,GEMN-0257/LH244,12.460199
GAH1_2022,GEMN-0271/LH244,12.46124
GAH1_2022,GEMN-0287/LH244,12.453915
GAH1_2022,LH185/LH244,12.739092
GAH1_2022,LH195/PHZ51,12.231256
GAH1_2022,LH213/LH244,12.441566
GAH1_2022,LH216/LH244,12.4112
GAH1_2022,LH244/MO17,12.731973
GAH1_2022,LH244/PHK76,12.494772
GAH1_2022,LH244/PHZ51,12.374111
GAH1_2022,LH283/LH244,12.452538
GAH1_2022,LH287/LH244,12.47578
GAH1_2022,LH74/PHN82,12.31183
GAH1_2022,LH82/LH244,12.407626
GAH1_2022,M162W/LH244,12.456854
GAH1_2022,MBUB/LH244,12.464348
GAH1_2022,MM501D/LH244,12.458512
GAH1_2022,MO17_PHW30-008-(2N)-01/LH244,12.447036
GAH1_2022,MO17_PHW30-200-(2N)-02/LH244,12.47189
GAH1_2022,MO17_PHW30-309-(2N)-01/LH244,12.45401
GAH1_2022,MO44/LH244,12.817772
GAH1_2022,MO44_LH145_0127/LH244,12.47594
GAH1_2022,MO44_LH145_0138/LH244,12.440582
GAH1_2022,MO44_PHG47_0072/LH244,12.453709
GAH1_2022,MO44_PHG47_0125/LH244,12.474857
GAH1_2022,MO44_PHW65_0025/LH244,12.509447
GAH1_2022,MO44_PHW65_0035/LH244,12.238663
GAH1_2022,MOG/LH244,12.353286
GAH1_2022,MS71/LH244,12.453736
GAH1_2022,NC358/LH244,12.452851
GAH1_2022,NC360/LH244,12.439419
GAH1_2022,NC366/LH244,12.459635
GAH1_2022,NC374/LH244,12.454325
GAH1_2022,NC386/LH244,12.450996
GAH1_2022,NC388/LH244,12.442095
GAH1_2022,NC398/LH244,12.467933
GAH1_2022,NC426/LH244,12.437041
GAH1_2022,NC512/LH244,12.472027
GAH1_2022,NC528/LH244,12.462731
GAH1_2022,NC542/LH244,12.464268
GAH1_2022,NC546/LH244,12.45002
GAH1_2022,NC548/LH244,12.453653
GAH1_2022,NKH8431/LH244,12.53497
GAH1_2022,OH43/LH244,12.457152
GAH1_2022,PH207/LH244,12.445045
GAH1_2022,PH24E/LH244,12.451159
GAH1_2022,PHAP9/LH244,12.450061
GAH1_2022,PHB47/LH244,12.488514
GAH1_2022,PHB47/PHN82,12.496809
GAH1_2022,PHB47/PHZ51,12.04364
GAH1_2022,PHG29/PHG47,11.46797
GAH1_2022,PHG35/LH244,12.472776
GAH1_2022,PHG39/PHN82,12.388153
GAH1_2022,PHG47/LH244,12.432627
GAH1_2022,PHJ40/PHAJ0,10.287265
GAH1_2022,PHJ89/LH244,12.471275
GAH1_2022,PHJ90/LH244,12.471132
GAH1_2022,PHK56/LH244,12.568338
GAH1_2022,PHKE6/LH244,12.473894
GAH1_2022,PHN11/LH244,12.629679
GAH1_2022,PHN11_LH145_0005/LH244,12.463439
GAH1_2022,PHN11_LH145_0028/LH244,12.459876
GAH1_2022,PHN11_LH145_0085/LH244,12.460359
GAH1_2022,PHN11_OH43_0001/LH244,12.426771
GAH1_2022,PHN11_OH43_0075/LH244,12.459904
GAH1_2022,PHN11_OH43_0088/LH244,12.45532
GAH1_2022,PHN11_PHG47_0251/LH244,12.360659
GAH1_2022,PHN11_PHG47_0287/LH244,12.45427
GAH1_2022,PHN11_PHW65_0312/LH244,12.735603
GAH1_2022,PHN11_PHW65_0323/LH244,12.7364
GAH1_2022,PHN11_PHW65_0359/LH244,12.377827
GAH1_2022,PHN46/LH244,12.472015
GAH1_2022,PHP02/LH244,12.439022
GAH1_2022,PHP55/LH244,12.456694
GAH1_2022,PHR03/LH244,12.455214
GAH1_2022,PHRE1/PHTD5,11.462623
GAH1_2022,PHW30/LH244,12.45577
GAH1_2022,PHW30_MO17-010-(2N)-01/LH244,12.453934
GAH1_2022,PHW30_MO17-032-(2N)-01/LH244,12.442911
GAH1_2022,PHW30_MO17-095-(2N)-01/LH244,12.44453
GAH1_2022,PHW30_MO17-129-(2N)-01/LH244,12.467813
GAH1_2022,PHW30_MO17-178-(2N)-01/LH244,12.466742
GAH1_2022,PHW30_MO17-234-(2N)-02/LH244,12.46613
GAH1_2022,PHW30_MO17-299-(2N)-01/LH244,12.448146
GAH1_2022,PHW52/PHM49,12.164409
GAH1_2022,PHW52/PHN82,12.534967
GAH1_2022,PHW65/LH244,12.670185
GAH1_2022,PHW65_MOG_0137/LH244,12.711267
GAH1_2022,PHW65_MOG_0176/LH244,12.400841
GAH1_2022,PHW65_MOG_0271/LH244,12.549713
GAH1_2022,TX714/TX779,12.002207
GAH1_2022,TX777/LH195,12.101522
GAH1_2022,TX779/LH195,12.172274
GAH1_2022,TX951/LH195,12.03937
GAH1_2022,W10001_0003/LH244,12.452788
GAH1_2022,W10001_0007/LH244,12.453941
GAH1_2022,W10001_0009/LH244,12.437797
GAH1_2022,W10001_0012/LH244,12.456092
GAH1_2022,W10001_0013/LH244,12.455645
GAH1_2022,W10001_0014/LH244,12.470309
GAH1_2022,W10001_0016/LH244,12.445736
GAH1_2022,W10001_0017/LH244,12.443473
GAH1_2022,W10001_0019/LH244,12.452999
GAH1_2022,W10001_0021/LH244,12.459715
GAH1_2022,W10001_0022/LH244,12.204869
GAH1_2022,W10001_0023/LH244,12.446891
GAH1_2022,W10001_0031/LH244,12.462119
GAH1_2022,W10001_0033/LH244,12.456949
GAH1_2022,W10001_0040/LH244,12.445214
GAH1_2022,W10001_0047/LH244,12.451091
GAH1_2022,W10002_0002/LH244,12.454505
GAH1_2022,W10005_0029/LH244,12.463562
GAH1_2022,W10005_0107/LH244,12.365835
GAH1_2022,W10005_0111/LH244,12.449091
GAH1_2022,W10005_0147/LH244,12.425674
GAH1_2022,W10005_0220/LH244,12.440305
GAH1_2022,W10010_0032/LH244,12.456493
GAH1_2022,W10010_0084/LH244,12.440714
GAH1_2022,W10010_0093/LH244,12.451681
GAH1_2022,W10010_0101/LH244,12.461646
GAH1_2022,W10010_0118/LH244,12.47681
GAH1_2022,W10010_0124/LH244,12.462296
GAH1_2022,W10010_0148/LH244,12.468293
GAH1_2022,W10010_0170/LH244,12.451976
GAH1_2022,W10010_0175/LH244,12.468729
GAH1_2022,W10010_0189/LH244,12.454964
GAH1_2022,W10010_0215/LH244,12.461493
GAH1_2022,W10010_0279/LH244,12.458647
GAH1_2022,W10010_0294/LH244,12.452809
GAH1_2022,W10010_0311/LH244,12.444557
GAH1_2022,W10010_0337/LH244,12.46384
GAH1_2022,W10010_0346/LH244,12.464107
GAH1_2022,W10010_0358/LH244,12.464787
GAH1_2022,W10010_0381/LH244,12.462999
GAH1_2022,W10010_0452/LH244,12.466605
GAH2_2022,B14A/H95,12.441675
GAH2_2022,B14A/MO17,12.454401
GAH2_2022,B14A/OH43,12.49946
GAH2_2022,B37/H95,12.471083
GAH2_2022,B37/MO17,12.49946
GAH2_2022,B37/OH43,12.493012
GAH2_2022,B73/MO17,12.857151
GAH2_2022,B73/PHM49,12.828864
GAH2_2022,B73/PHN82,12.91853
GAH2_2022,B73/TX779,12.461252
GAH2_2022,B97/LH244,12.839053
GAH2_2022,BGEM-0039-N/LH244,12.673965
GAH2_2022,BGEM-0063-N/LH244,12.918674
GAH2_2022,BGEM-0089-N/LH244,12.713487
GAH2_2022,BGEM-0124-N/LH244,12.709513
GAH2_2022,BGEM-0129-N/LH244,11.410475
GAH2_2022,CG119/CG108,7.466647
GAH2_2022,CG44/CGR01,12.437538
GAH2_2022,DK3IIH6/LH244,13.127839
GAH2_2022,DK78010/LH244,12.906796
GAH2_2022,F42/H95,12.656207
GAH2_2022,F42/MO17,12.80782
GAH2_2022,F42/OH43,12.652259
GAH2_2022,GEMN-0096/LH244,12.901321
GAH2_2022,GEMN-0096_LH212HT_0001/LH244,12.889763
GAH2_2022,GEMN-0096_LH212HT_0002/LH244,12.90008
GAH2_2022,GEMN-0096_LH212HT_0004/LH244,12.897744
GAH2_2022,GEMN-0096_LH212HT_0005/LH244,12.913818
GAH2_2022,GEMN-0096_LH212HT_0006/LH244,12.888346
GAH2_2022,GEMN-0096_LH212HT_0009/LH244,12.890734
GAH2_2022,GEMN-0096_LH212HT_0010/LH244,12.907391
GAH2_2022,GEMN-0096_LH212HT_0012/LH244,12.887652
GAH2_2022,GEMN-0096_LH212HT_0013/LH244,12.905773
GAH2_2022,GEMN-0096_LH212HT_0017/LH244,12.906818
GAH2_2022,GEMN-0096_LH212HT_0020/LH244,12.898117
GAH2_2022,GEMN-0096_LH212HT_0021/LH244,12.900245
GAH2_2022,GEMN-0096_PHJ89_0001/LH244,12.890816
GAH2_2022,GEMN-0096_PHJ89_0002/LH244,12.903058
GAH2_2022,GEMN-0096_PHJ89_0006/LH244,12.895414
GAH2_2022,GEMN-0096_PHJ89_0007/LH244,12.894981
GAH2_2022,GEMN-0096_PHJ89_0009/LH244,12.88789
GAH2_2022,GEMN-0096_PHJ89_0010/LH244,12.902086
GAH2_2022,GEMN-0096_PHJ89_0011/LH244,12.892786
GAH2_2022,GEMN-0096_PHJ89_0012/LH244,12.899891
GAH2_2022,GEMN-0096_PHJ89_0013/LH244,12.906503
GAH2_2022,GEMN-0096_PHJ89_0014/LH244,12.906729
GAH2_2022,GEMN-0096_PHJ89_0016/LH244,12.886059
GAH2_2022,GEMN-0096_PHJ89_0017/LH244,12.912031
GAH2_2022,GEMN-0096_PHK76_0001/LH244,12.898147
GAH2_2022,GEMN-0096_PHK76_0002/LH244,12.88868
GAH2_2022,GEMN-0096_PHK76_0003/LH244,12.895903
GAH2_2022,GEMN-0096_PHK76_0004/LH244,12.909041
GAH2_2022,GEMN-0096_PHK76_0006/LH244,12.912397
GAH2_2022,GEMN-0096_PHK76_0007/LH244,12.892172
GAH2_2022,GEMN-0096_PHK76_0008/LH244,12.896016
GAH2_2022,GEMN-0096_PHK76_0009/LH244,12.892947
GAH2_2022,GEMN-0096_PHK76_0010/LH244,12.896389
GAH2_2022,GEMN-0096_PHK76_0013/LH244,12.887363
GAH2_2022,GEMN-0096_PHK76_0015/LH244,12.885962
GAH2_2022,GEMN-0096_PHK76_0016/LH244,12.890529
GAH2_2022,GEMN-0096_PHN46_0001/LH244,12.895346
GAH2_2022,GEMN-0096_PHN46_0002/LH244,12.880516
GAH2_2022,GEMN-0096_PHN46_0003/LH244,12.888187
GAH2_2022,GEMN-0096_PHN46_0004/LH244,12.887299
GAH2_2022,GEMN-0096_PHN46_0005/LH244,12.895967
GAH2_2022,GEMN-0096_PHN46_0007/LH244,12.889904
GAH2_2022,GEMN-0096_PHN46_0009/LH244,12.88121
GAH2_2022,GEMN-0096_PHN46_0010/LH244,12.892389
GAH2_2022,GEMN-0096_PHN46_0011/LH244,12.910751
GAH2_2022,GEMN-0096_PHN46_0012/LH244,12.911429
GAH2_2022,GEMN-0096_PHN46_0013/LH244,12.881903
GAH2_2022,GEMN-0096_PHN46_0014/LH244,12.890829
GAH2_2022,GEMN-0096_PHN46_0018/LH244,12.890553
GAH2_2022,GEMN-0096_PHN46_0020/LH244,12.887591
GAH2_2022,GEMN-0096_PHN46_0023/LH244,12.891012
GAH2_2022,GEMN-0096_PHP02_0001/LH244,12.897992
GAH2_2022,GEMN-0096_PHP02_0003/LH244,12.904174
GAH2_2022,GEMN-0096_PHP02_0005/LH244,12.903402
GAH2_2022,GEMN-0096_PHP02_0006/LH244,12.895157
GAH2_2022,GEMN-0096_PHP02_0007/LH244,12.885073
GAH2_2022,GEMN-0096_PHP02_0009/LH244,12.904282
GAH2_2022,GEMN-0096_PHP02_0011/LH244,12.897053
GAH2_2022,GEMN-0096_PHP02_0012/LH244,12.894575
GAH2_2022,GEMN-0096_PHP02_0015/LH244,12.899736
GAH2_2022,GEMN-0096_PHP02_0016/LH244,12.891718
GAH2_2022,GEMN-0096_PHP02_0017/LH244,12.902937
GAH2_2022,GEMN-0096_PHP02_0025/LH244,12.911229
GAH2_2022,GEMN-0096_PHP02_0030/LH244,12.897755
GAH2_2022,GEMN-0097/LH244,12.898209
GAH2_2022,GEMN-0097_LH212HT_0004/LH244,12.890219
GAH2_2022,GEMN-0097_LH212HT_0019/LH244,12.899452
GAH2_2022,GEMN-0097_LH212HT_0020/LH244,12.906887
GAH2_2022,GEMN-0097_LH212HT_0023/LH244,12.908106
GAH2_2022,GEMN-0097_LH212HT_0026/LH244,12.900886
GAH2_2022,GEMN-0097_LH212HT_0032/LH244,12.908573
GAH2_2022,GEMN-0097_LH212HT_0039/LH244,12.896343
GAH2_2022,GEMN-0097_LH212HT_0047/LH244,12.903741
GAH2_2022,GEMN-0097_LH212HT_0051/LH244,12.892355
GAH2_2022,GEMN-0097_LH212HT_0054/LH244,12.888529
GAH2_2022,GEMN-0097_LH212HT_0058/LH244,12.895896
GAH2_2022,GEMN-0097_LH212HT_0061/LH244,12.888285
GAH2_2022,GEMN-0097_LH212HT_0062/LH244,12.901718
GAH2_2022,GEMN-0097_LH212HT_0069/LH244,12.894023
GAH2_2022,GEMN-0097_LH212HT_0074/LH244,12.893545
GAH2_2022,GEMN-0097_LH212HT_0085/LH244,12.890528
GAH2_2022,GEMN-0097_LH212HT_0090/LH244,12.899902
GAH2_2022,GEMN-0097_PHJ89_0001/LH244,12.889771
GAH2_2022,GEMN-0097_PHJ89_0002/LH244,12.897726
GAH2_2022,GEMN-0097_PHJ89_0003/LH244,12.900274
GAH2_2022,GEMN-0097_PHJ89_0005/LH244,12.887591
GAH2_2022,GEMN-0097_PHJ89_0006/LH244,12.89357
GAH2_2022,GEMN-0097_PHJ89_0007/LH244,12.898489
GAH2_2022,GEMN-0097_PHJ89_0008/LH244,12.901816
GAH2_2022,GEMN-0097_PHJ89_0010/LH244,12.90925
GAH2_2022,GEMN-0097_PHJ89_0011/LH244,12.894617
GAH2_2022,GEMN-0097_PHJ89_0012/LH244,12.907639
GAH2_2022,GEMN-0097_PHJ89_0013/LH244,12.900349
GAH2_2022,GEMN-0097_PHJ89_0016/LH244,12.908274
GAH2_2022,GEMN-0097_PHJ89_0020/LH244,12.895295
GAH2_2022,GEMN-0097_PHJ89_0023/LH244,12.903136
GAH2_2022,GEMN-0097_PHJ89_0025/LH244,12.887378
GAH2_2022,GEMN-0097_PHJ89_0026/LH244,12.904341
GAH2_2022,GEMN-0097_PHJ89_0027/LH244,12.88793
GAH2_2022,GEMN-0097_PHJ89_0028/LH244,12.89847
GAH2_2022,GEMN-0097_PHJ89_0029/LH244,12.899998
GAH2_2022,GEMN-0097_PHJ89_0036/LH244,12.889094
GAH2_2022,GEMN-0097_PHJ89_0039/LH244,12.889655
GAH2_2022,GEMN-0097_PHK76_0002/LH244,12.903481
GAH2_2022,GEMN-0097_PHK76_0003/LH244,12.900803
GAH2_2022,GEMN-0097_PHK76_0007/LH244,12.891699
GAH2_2022,GEMN-0097_PHK76_0009/LH244,12.90041
GAH2_2022,GEMN-0097_PHK76_0011/LH244,12.897955
GAH2_2022,GEMN-0097_PHK76_0014/LH244,12.900303
GAH2_2022,GEMN-0097_PHK76_0015/LH244,12.899972
GAH2_2022,GEMN-0097_PHK76_0018/LH244,12.889693
GAH2_2022,GEMN-0097_PHK76_0021/LH244,12.88897
GAH2_2022,GEMN-0097_PHK76_0036/LH244,12.905929
GAH2_2022,GEMN-0097_PHK76_0037/LH244,12.910819
GAH2_2022,GEMN-0097_PHK76_0038/LH244,12.895727
GAH2_2022,GEMN-0097_PHK76_0039/LH244,12.908777
GAH2_2022,GEMN-0097_PHK76_0041/LH244,12.894774
GAH2_2022,GEMN-0097_PHK76_0048/LH244,12.908525
GAH2_2022,GEMN-0097_PHK76_0053/LH244,12.906763
GAH2_2022,GEMN-0097_PHK76_0055/LH244,12.898923
GAH2_2022,GEMN-0097_PHK76_0060/LH244,12.898455
GAH2_2022,GEMN-0097_PHN46_0001/LH244,12.88809
GAH2_2022,GEMN-0097_PHN46_0003/LH244,12.903012
GAH2_2022,GEMN-0097_PHN46_0004/LH244,12.901474
GAH2_2022,GEMN-0097_PHN46_0005/LH244,12.904114
GAH2_2022,GEMN-0097_PHN46_0007/LH244,12.906071
GAH2_2022,GEMN-0097_PHN46_0008/LH244,12.912279
GAH2_2022,GEMN-0097_PHN46_0011/LH244,12.879362
GAH2_2022,GEMN-0097_PHN46_0013/LH244,12.895353
GAH2_2022,GEMN-0097_PHN46_0014/LH244,12.892138
GAH2_2022,GEMN-0097_PHN46_0016/LH244,12.899013
GAH2_2022,GEMN-0097_PHN46_0018/LH244,12.896421
GAH2_2022,GEMN-0097_PHP02_0001/LH244,12.882694
GAH2_2022,GEMN-0097_PHP02_0002/LH244,12.897741
GAH2_2022,GEMN-0097_PHP02_0003/LH244,12.894926
GAH2_2022,GEMN-0097_PHP02_0005/LH244,12.890779
GAH2_2022,GEMN-0097_PHP02_0006/LH244,12.890402
GAH2_2022,GEMN-0097_PHP02_0007/LH244,12.90298
GAH2_2022,GEMN-0098/LH244,12.899708
GAH2_2022,GEMN-0104/LH244,12.883849
GAH2_2022,GEMN-0124/LH244,12.892375
GAH2_2022,GEMN-0144/LH244,12.895533
GAH2_2022,GEMN-0157/LH244,12.894651
GAH2_2022,GEMN-0177/LH244,12.903132
GAH2_2022,GEMN-0178/LH244,12.906669
GAH2_2022,GEMN-0187/LH244,12.902736
GAH2_2022,GEMN-0192/LH244,12.895329
GAH2_2022,GEMN-0192_LH212HT_0001/LH244,12.89598
GAH2_2022,GEMN-0192_LH212HT_0002/LH244,12.909137
GAH2_2022,GEMN-0192_LH212HT_0006/LH244,12.91655
GAH2_2022,GEMN-0192_LH212HT_0008/LH244,12.912565
GAH2_2022,GEMN-0192_LH212HT_0010/LH244,12.896735
GAH2_2022,GEMN-0192_LH212HT_0011/LH244,12.90573
GAH2_2022,GEMN-0192_LH212HT_0012/LH244,12.898153
GAH2_2022,GEMN-0192_LH212HT_0013/LH244,12.886888
GAH2_2022,GEMN-0192_LH212HT_0014/LH244,12.890099
GAH2_2022,GEMN-0192_LH212HT_0015/LH244,12.890855
GAH2_2022,GEMN-0192_LH212HT_0016/LH244,12.89831
GAH2_2022,GEMN-0192_LH212HT_0018/LH244,12.899986
GAH2_2022,GEMN-0192_LH212HT_0021/LH244,12.892438
GAH2_2022,GEMN-0192_LH212HT_0023/LH244,12.885931
GAH2_2022,GEMN-0192_PHJ89_0001/LH244,12.900106
GAH2_2022,GEMN-0192_PHJ89_0002/LH244,12.889983
GAH2_2022,GEMN-0192_PHK76_0002/LH244,12.910728
GAH2_2022,GEMN-0192_PHK76_0004/LH244,12.902903
GAH2_2022,GEMN-0192_PHK76_0005/LH244,12.896611
GAH2_2022,GEMN-0192_PHK76_0006/LH244,12.891129
GAH2_2022,GEMN-0192_PHK76_0007/LH244,12.909759
GAH2_2022,GEMN-0192_PHK76_0008/LH244,12.899462
GAH2_2022,GEMN-0192_PHK76_0009/LH244,12.89935
GAH2_2022,GEMN-0192_PHK76_0010/LH244,12.88601
GAH2_2022,GEMN-0192_PHK76_0011/LH244,12.900366
GAH2_2022,GEMN-0192_PHK76_0012/LH244,12.893259
GAH2_2022,GEMN-0192_PHK76_0013/LH244,12.907574
GAH2_2022,GEMN-0192_PHK76_0014/LH244,12.912498
GAH2_2022,GEMN-0192_PHK76_0015/LH244,12.905958
GAH2_2022,GEMN-0192_PHK76_0016/LH244,12.899323
GAH2_2022,GEMN-0192_PHK76_0019/LH244,12.899463
GAH2_2022,GEMN-0192_PHK76_0021/LH244,12.897025
GAH2_2022,GEMN-0192_PHK76_0025/LH244,12.890133
GAH2_2022,GEMN-0192_PHK76_0027/LH244,12.891985
GAH2_2022,GEMN-0192_PHK76_0028/LH244,12.907986
GAH2_2022,GEMN-0192_PHK76_0030/LH244,12.900951
GAH2_2022,GEMN-0192_PHK76_0032/LH244,12.901304
GAH2_2022,GEMN-0192_PHK76_0033/LH244,12.893373
GAH2_2022,GEMN-0192_PHK76_0035/LH244,12.893285
GAH2_2022,GEMN-0192_PHK76_0036/LH244,12.901512
GAH2_2022,GEMN-0192_PHK76_0037/LH244,12.898769
GAH2_2022,GEMN-0192_PHK76_0041/LH244,12.89725
GAH2_2022,GEMN-0192_PHK76_0044/LH244,12.887987
GAH2_2022,GEMN-0192_PHK76_0045/LH244,12.896619
GAH2_2022,GEMN-0192_PHN46_0001/LH244,12.901831
GAH2_2022,GEMN-0192_PHN46_0002/LH244,12.912127
GAH2_2022,GEMN-0192_PHN46_0003/LH244,12.89761
GAH2_2022,GEMN-0192_PHN46_0004/LH244,12.895184
GAH2_2022,GEMN-0192_PHN46_0005/LH244,12.903677
GAH2_2022,GEMN-0192_PHN46_0006/LH244,12.887619
GAH2_2022,GEMN-0192_PHN46_0008/LH244,12.901764
GAH2_2022,GEMN-0192_PHN46_0009/LH244,12.899845
GAH2_2022,GEMN-0192_PHN46_0010/LH244,12.908765
GAH2_2022,GEMN-0192_PHN46_0011/LH244,12.901587
GAH2_2022,GEMN-0192_PHN46_0012/LH244,12.883449
GAH2_2022,GEMN-0192_PHN46_0014/LH244,12.879715
GAH2_2022,GEMN-0192_PHN46_0015/LH244,12.905851
GAH2_2022,GEMN-0192_PHN46_0017/LH244,12.892314
GAH2_2022,GEMN-0192_PHN46_0018/LH244,12.901173
GAH2_2022,GEMN-0192_PHN46_0020/LH244,12.901304
GAH2_2022,GEMN-0192_PHN46_0025/LH244,12.906761
GAH2_2022,GEMN-0192_PHP02_0001/LH244,12.906695
GAH2_2022,GEMN-0192_PHP02_0003/LH244,12.89039
GAH2_2022,GEMN-0225/LH244,12.895193
GAH2_2022,GEMN-0225_LH212HT_0002/LH244,12.895123
GAH2_2022,GEMN-0225_LH212HT_0003/LH244,12.896904
GAH2_2022,GEMN-0225_LH212HT_0005/LH244,12.902665
GAH2_2022,GEMN-0225_LH212HT_0006/LH244,12.888973
GAH2_2022,GEMN-0225_LH212HT_0008/LH244,12.885675
GAH2_2022,GEMN-0225_LH212HT_0015/LH244,12.90842
GAH2_2022,GEMN-0225_LH212HT_0017/LH244,12.915929
GAH2_2022,GEMN-0225_LH212HT_0021/LH244,12.908266
GAH2_2022,GEMN-0225_LH212HT_0022/LH244,12.890694
GAH2_2022,GEMN-0225_LH212HT_0023/LH244,12.890469
GAH2_2022,GEMN-0225_LH212HT_0024/LH244,12.895584
GAH2_2022,GEMN-0225_LH212HT_0025/LH244,12.901697
GAH2_2022,GEMN-0225_LH212HT_0029/LH244,12.910789
GAH2_2022,GEMN-0225_LH212HT_0033/LH244,12.902017
GAH2_2022,GEMN-0225_LH212HT_0036/LH244,12.899904
GAH2_2022,GEMN-0225_LH212HT_0040/LH244,12.895907
GAH2_2022,GEMN-0225_LH212HT_0043/LH244,12.901697
GAH2_2022,GEMN-0225_PHJ89_0001/LH244,12.894169
GAH2_2022,GEMN-0225_PHJ89_0002/LH244,12.908011
GAH2_2022,GEMN-0225_PHJ89_0003/LH244,12.88703
GAH2_2022,GEMN-0225_PHJ89_0004/LH244,12.898793
GAH2_2022,GEMN-0225_PHJ89_0005/LH244,12.893526
GAH2_2022,GEMN-0225_PHJ89_0006/LH244,12.883371
GAH2_2022,GEMN-0225_PHJ89_0008/LH244,12.906849
GAH2_2022,GEMN-0225_PHJ89_0009/LH244,12.896686
GAH2_2022,GEMN-0225_PHJ89_0013/LH244,12.899299
GAH2_2022,GEMN-0225_PHJ89_0014/LH244,12.906078
GAH2_2022,GEMN-0225_PHJ89_0015/LH244,12.915015
GAH2_2022,GEMN-0225_PHJ89_0016/LH244,12.906992
GAH2_2022,GEMN-0225_PHJ89_0017/LH244,12.89629
GAH2_2022,GEMN-0225_PHJ89_0018/LH244,12.90171
GAH2_2022,GEMN-0225_PHJ89_0020/LH244,12.891829
GAH2_2022,GEMN-0225_PHJ89_0021/LH244,12.885322
GAH2_2022,GEMN-0225_PHJ89_0022/LH244,12.903871
GAH2_2022,GEMN-0225_PHJ89_0026/LH244,12.894882
GAH2_2022,GEMN-0225_PHJ89_0032/LH244,12.908187
GAH2_2022,GEMN-0225_PHK76_0002/LH244,12.904814
GAH2_2022,GEMN-0225_PHK76_0003/LH244,12.897717
GAH2_2022,GEMN-0225_PHK76_0004/LH244,12.911599
GAH2_2022,GEMN-0225_PHK76_0005/LH244,12.907923
GAH2_2022,GEMN-0225_PHK76_0007/LH244,12.902407
GAH2_2022,GEMN-0225_PHK76_0008/LH244,12.892833
GAH2_2022,GEMN-0225_PHK76_0010/LH244,12.902021
GAH2_2022,GEMN-0225_PHK76_0012/LH244,12.897702
GAH2_2022,GEMN-0225_PHK76_0013/LH244,12.892271
GAH2_2022,GEMN-0225_PHK76_0014/LH244,12.885223
GAH2_2022,GEMN-0225_PHK76_0018/LH244,12.892648
GAH2_2022,GEMN-0225_PHK76_0019/LH244,12.909969
GAH2_2022,GEMN-0225_PHK76_0021/LH244,12.90106
GAH2_2022,GEMN-0225_PHK76_0022/LH244,12.904547
GAH2_2022,GEMN-0225_PHK76_0027/LH244,12.89467
GAH2_2022,GEMN-0225_PHK76_0028/LH244,12.912025
GAH2_2022,GEMN-0225_PHK76_0031/LH244,12.896685
GAH2_2022,GEMN-0225_PHK76_0032/LH244,12.906661
GAH2_2022,GEMN-0225_PHN46_0001/LH244,12.8981
GAH2_2022,GEMN-0225_PHN46_0003/LH244,12.903324
GAH2_2022,GEMN-0225_PHN46_0004/LH244,12.899731
GAH2_2022,GEMN-0225_PHN46_0005/LH244,12.887895
GAH2_2022,GEMN-0225_PHN46_0006/LH244,12.908571
GAH2_2022,GEMN-0225_PHN46_0009/LH244,12.909063
GAH2_2022,GEMN-0225_PHN46_0021/LH244,12.89488
GAH2_2022,GEMN-0225_PHP02_0001/LH244,12.895984
GAH2_2022,GEMN-0225_PHP02_0002/LH244,12.897106
GAH2_2022,GEMN-0225_PHP02_0003/LH244,12.908304
GAH2_2022,GEMN-0225_PHP02_0005/LH244,12.902586
GAH2_2022,GEMN-0225_PHP02_0006/LH244,12.887218
GAH2_2022,GEMN-0225_PHP02_0008/LH244,12.905745
GAH2_2022,GEMN-0225_PHP02_0009/LH244,12.898962
GAH2_2022,GEMN-0225_PHP02_0010/LH244,12.892592
GAH2_2022,GEMN-0225_PHP02_0012/LH244,12.900767
GAH2_2022,GEMN-0225_PHP02_0013/LH244,12.903414
GAH2_2022,GEMN-0225_PHP02_0014/LH244,12.890626
GAH2_2022,GEMN-0225_PHP02_0015/LH244,12.885027
GAH2_2022,GEMN-0225_PHP02_0017/LH244,12.904081
GAH2_2022,GEMN-0238/LH244,12.896935
GAH2_2022,GEMN-0257/LH244,12.902453
GAH2_2022,GEMN-0271/LH244,12.903314
GAH2_2022,GEMN-0287/LH244,12.897262
GAH2_2022,LH185/LH244,13.151975
GAH2_2022,LH195/PHZ51,12.720999
GAH2_2022,LH213/LH244,12.887058
GAH2_2022,LH216/LH244,12.861967
GAH2_2022,LH244/MO17,13.144856
GAH2_2022,LH244/PHK76,12.93102
GAH2_2022,LH244/PHZ51,12.831323
GAH2_2022,LH283/LH244,12.896123
GAH2_2022,LH287/LH244,12.915327
GAH2_2022,LH74/PHN82,12.779862
GAH2_2022,LH82/LH244,12.859015
GAH2_2022,M162W/LH244,12.89969
GAH2_2022,MBUB/LH244,12.905882
GAH2_2022,MM501D/LH244,12.90106
GAH2_2022,MO17_PHW30-008-(2N)-01/LH244,12.891577
GAH2_2022,MO17_PHW30-200-(2N)-02/LH244,12.912114
GAH2_2022,MO17_PHW30-309-(2N)-01/LH244,12.897339
GAH2_2022,MO44_LH145_0127/LH244,12.915461
GAH2_2022,MO44_LH145_0138/LH244,12.886245
GAH2_2022,MO44_PHG47_0072/LH244,12.897091
GAH2_2022,MO44_PHG47_0125/LH244,12.914564
GAH2_2022,MO44_PHW65_0025/LH244,12.943146
GAH2_2022,MO44_PHW65_0035/LH244,12.726228
GAH2_2022,MOG/LH244,12.814116
GAH2_2022,MS71/LH244,12.897114
GAH2_2022,NC350/LH244,12.910513
GAH2_2022,NC358/LH244,12.896382
GAH2_2022,NC366/LH244,12.901988
GAH2_2022,NC374/LH244,12.8976
GAH2_2022,NC378/LH244,12.885962
GAH2_2022,NC386/LH244,12.89485
GAH2_2022,NC388/LH244,12.887495
GAH2_2022,NC398/LH244,12.908844
GAH2_2022,NC426/LH244,12.88332
GAH2_2022,NC428/LH244,12.901644
GAH2_2022,NC458/LH244,12.903601
GAH2_2022,NC528/LH244,12.904547
GAH2_2022,NC542/LH244,12.905815
GAH2_2022,NC546/LH244,12.894043
GAH2_2022,NKH8431/LH244,12.964233
GAH2_2022,OH43/LH244,12.899937
GAH2_2022,PH207/LH244,12.889933
GAH2_2022,PH24E/LH244,12.894985
GAH2_2022,PHAP9/LH244,12.894077
GAH2_2022,PHB47/LH244,12.925849
GAH2_2022,PHB47/PHN82,12.932703
GAH2_2022,PHB47/PHZ51,12.611935
GAH2_2022,PHG29/PHG47,12.370638
GAH2_2022,PHG35/LH244,12.912846
GAH2_2022,PHG39/PHN82,12.842925
GAH2_2022,PHG47/LH244,12.879671
GAH2_2022,PHJ40/PHAJ0,11.692692
GAH2_2022,PHJ89/LH244,12.911606
GAH2_2022,PHJ90/LH244,12.911488
GAH2_2022,PHK56/LH244,12.991805
GAH2_2022,PHKE6/LH244,12.913771
GAH2_2022,PHN11/LH244,13.042562
GAH2_2022,PHN11_LH145_0005/LH244,12.90513
GAH2_2022,PHN11_LH145_0028/LH244,12.902187
GAH2_2022,PHN11_LH145_0085/LH244,12.902586
GAH2_2022,PHN11_OH43_0001/LH244,12.874833
GAH2_2022,PHN11_OH43_0075/LH244,12.90221
GAH2_2022,PHN11_OH43_0088/LH244,12.898422
GAH2_2022,PHN11_PHG47_0251/LH244,12.820208
GAH2_2022,PHN11_PHG47_0287/LH244,12.897555
GAH2_2022,PHN11_PHW65_0312/LH244,13.148486
GAH2_2022,PHN11_PHW65_0323/LH244,13.149282
GAH2_2022,PHN11_PHW65_0359/LH244,12.834394
GAH2_2022,PHN46/LH244,12.912217
GAH2_2022,PHP02/LH244,12.884955
GAH2_2022,PHP55/LH244,12.899557
GAH2_2022,PHR03/LH244,12.898335
GAH2_2022,PHRE1/PHTD5,12.368747
GAH2_2022,PHW30/LH244,12.898794
GAH2_2022,PHW30_MO17-010-(2N)-01/LH244,12.897276
GAH2_2022,PHW30_MO17-032-(2N)-01/LH244,12.88817
GAH2_2022,PHW30_MO17-095-(2N)-01/LH244,12.889507
GAH2_2022,PHW30_MO17-129-(2N)-01/LH244,12.908745
GAH2_2022,PHW30_MO17-178-(2N)-01/LH244,12.907859
GAH2_2022,PHW30_MO17-234-(2N)-02/LH244,12.907354
GAH2_2022,PHW52/PHM49,12.679485
GAH2_2022,PHW52/PHN82,12.964231
GAH2_2022,PHW65/LH244,13.083068
GAH2_2022,PHW65_MOG_0137/LH244,13.124149
GAH2_2022,PHW65_MOG_0176/LH244,12.853409
GAH2_2022,PHW65_MOG_0271/LH244,12.976416
GAH2_2022,TX714/TX779,12.589822
GAH2_2022,TX777/LH195,12.645667
GAH2_2022,TX779/LH195,12.683784
GAH2_2022,TX951/LH195,12.609426
GAH2_2022,W10001_0003/LH244,12.896331
GAH2_2022,W10001_0007/LH244,12.897284
GAH2_2022,W10001_0009/LH244,12.883944
GAH2_2022,W10001_0012/LH244,12.89906
GAH2_2022,W10001_0013/LH244,12.89869
GAH2_2022,W10001_0014/LH244,12.910808
GAH2_2022,W10001_0016/LH244,12.890504
GAH2_2022,W10001_0017/LH244,12.888634
GAH2_2022,W10001_0019/LH244,12.896504
GAH2_2022,W10001_0021/LH244,12.902054
GAH2_2022,W10001_0022/LH244,12.703665
GAH2_2022,W10001_0023/LH244,12.891459
GAH2_2022,W10001_0030/LH244,12.906314
GAH2_2022,W10001_0031/LH244,12.904039
GAH2_2022,W10001_0033/LH244,12.899769
GAH2_2022,W10001_0040/LH244,12.890073
GAH2_2022,W10001_0047/LH244,12.894928
GAH2_2022,W10002_0002/LH244,12.897749
GAH2_2022,W10005_0029/LH244,12.905231
GAH2_2022,W10005_0107/LH244,12.824484
GAH2_2022,W10005_0111/LH244,12.893275
GAH2_2022,W10005_0147/LH244,12.873928
GAH2_2022,W10005_0220/LH244,12.886016
GAH2_2022,W10010_0018/LH244,12.900702
GAH2_2022,W10010_0032/LH244,12.899391
GAH2_2022,W10010_0084/LH244,12.886354
GAH2_2022,W10010_0093/LH244,12.895415
GAH2_2022,W10010_0118/LH244,12.91618
GAH2_2022,W10010_0124/LH244,12.904186
GAH2_2022,W10010_0148/LH244,12.909142
GAH2_2022,W10010_0170/LH244,12.895658
GAH2_2022,W10010_0188/LH244,12.893664
GAH2_2022,W10010_0189/LH244,12.898129
GAH2_2022,W10010_0215/LH244,12.903522
GAH2_2022,W10010_0279/LH244,12.901172
GAH2_2022,W10010_0294/LH244,12.896348
GAH2_2022,W10010_0311/LH244,12.88953
GAH2_2022,W10010_0337/LH244,12.905462
GAH2_2022,W10010_0346/LH244,12.905683
GAH2_2022,W10010_0358/LH244,12.906245
GAH2_2022,W10010_0366/LH244,12.905928
GAH2_2022,W10010_0381/LH244,12.904768
GAH2_2022,W10010_0452/LH244,12.907747
IAH1_2022,B14A/H95,11.520611
IAH1_2022,B14A/MO17,11.556604
IAH1_2022,B14A/OH43,11.678153
IAH1_2022,B37/H95,11.603035
IAH1_2022,B37/MO17,11.678153
IAH1_2022,B37/OH43,11.661263
IAH1_2022,B73/MO17,12.352943
IAH1_2022,B73/PHM49,12.318709
IAH1_2022,B73/PHN82,12.427229
IAH1_2022,B73/TX779,11.575983
IAH1_2022,B97/LH244,12.331041
IAH1_2022,BGEM-0039-N/LH244,12.073593
IAH1_2022,BGEM-0063-N/LH244,12.427403
IAH1_2022,BGEM-0089-N/LH244,12.147085
IAH1_2022,BGEM-0124-N/LH244,12.139696
IAH1_2022,BGEM-0129-N/LH244,9.848855
IAH1_2022,CG119/CG108,5.977673
IAH1_2022,CG44/CGR01,11.50891
IAH1_2022,DK3IIH6/LH244,12.671638
IAH1_2022,DK78010/LH244,12.413028
IAH1_2022,F42/H95,12.039407
IAH1_2022,F42/MO17,12.29287
IAH1_2022,F42/OH43,12.030552
IAH1_2022,GEMN-0096/LH244,12.406403
IAH1_2022,GEMN-0096_LH212HT_0001/LH244,12.392414
IAH1_2022,GEMN-0096_LH212HT_0002/LH244,12.4049
IAH1_2022,GEMN-0096_LH212HT_0003/LH244,12.392395
IAH1_2022,GEMN-0096_LH212HT_0004/LH244,12.402074
IAH1_2022,GEMN-0096_LH212HT_0005/LH244,12.421528
IAH1_2022,GEMN-0096_LH212HT_0006/LH244,12.390697
IAH1_2022,GEMN-0096_LH212HT_0008/LH244,12.398188
IAH1_2022,GEMN-0096_LH212HT_0009/LH244,12.393588
IAH1_2022,GEMN-0096_LH212HT_0010/LH244,12.413749
IAH1_2022,GEMN-0096_LH212HT_0011/LH244,12.402128
IAH1_2022,GEMN-0096_LH212HT_0012/LH244,12.389858
IAH1_2022,GEMN-0096_LH212HT_0013/LH244,12.411791
IAH1_2022,GEMN-0096_LH212HT_0017/LH244,12.413054
IAH1_2022,GEMN-0096_LH212HT_0020/LH244,12.402525
IAH1_2022,GEMN-0096_LH212HT_0021/LH244,12.405099
IAH1_2022,GEMN-0096_PHJ89_0001/LH244,12.393688
IAH1_2022,GEMN-0096_PHJ89_0002/LH244,12.408504
IAH1_2022,GEMN-0096_PHJ89_0006/LH244,12.399254
IAH1_2022,GEMN-0096_PHJ89_0007/LH244,12.398729
IAH1_2022,GEMN-0096_PHJ89_0009/LH244,12.390146
IAH1_2022,GEMN-0096_PHJ89_0010/LH244,12.407328
IAH1_2022,GEMN-0096_PHJ89_0011/LH244,12.396072
IAH1_2022,GEMN-0096_PHJ89_0012/LH244,12.404671
IAH1_2022,GEMN-0096_PHJ89_0013/LH244,12.412674
IAH1_2022,GEMN-0096_PHJ89_0014/LH244,12.412947
IAH1_2022,GEMN-0096_PHJ89_0016/LH244,12.387931
IAH1_2022,GEMN-0096_PHJ89_0017/LH244,12.419364
IAH1_2022,GEMN-0096_PHK76_0001/LH244,12.402559
IAH1_2022,GEMN-0096_PHK76_0002/LH244,12.391103
IAH1_2022,GEMN-0096_PHK76_0003/LH244,12.399844
IAH1_2022,GEMN-0096_PHK76_0004/LH244,12.415747
IAH1_2022,GEMN-0096_PHK76_0006/LH244,12.419807
IAH1_2022,GEMN-0096_PHK76_0007/LH244,12.395329
IAH1_2022,GEMN-0096_PHK76_0008/LH244,12.399982
IAH1_2022,GEMN-0096_PHK76_0009/LH244,12.396269
IAH1_2022,GEMN-0096_PHK76_0010/LH244,12.400433
IAH1_2022,GEMN-0096_PHK76_0013/LH244,12.389509
IAH1_2022,GEMN-0096_PHK76_0015/LH244,12.387812
IAH1_2022,GEMN-0096_PHK76_0016/LH244,12.393341
IAH1_2022,GEMN-0096_PHN46_0001/LH244,12.39917
IAH1_2022,GEMN-0096_PHN46_0002/LH244,12.381222
IAH1_2022,GEMN-0096_PHN46_0003/LH244,12.390507
IAH1_2022,GEMN-0096_PHN46_0004/LH244,12.389431
IAH1_2022,GEMN-0096_PHN46_0005/LH244,12.399921
IAH1_2022,GEMN-0096_PHN46_0007/LH244,12.392584
IAH1_2022,GEMN-0096_PHN46_0008/LH244,12.398815
IAH1_2022,GEMN-0096_PHN46_0009/LH244,12.382063
IAH1_2022,GEMN-0096_PHN46_0010/LH244,12.395594
IAH1_2022,GEMN-0096_PHN46_0011/LH244,12.417815
IAH1_2022,GEMN-0096_PHN46_0012/LH244,12.418636
IAH1_2022,GEMN-0096_PHN46_0013/LH244,12.382901
IAH1_2022,GEMN-0096_PHN46_0014/LH244,12.393703
IAH1_2022,GEMN-0096_PHN46_0018/LH244,12.39337
IAH1_2022,GEMN-0096_PHN46_0020/LH244,12.389786
IAH1_2022,GEMN-0096_PHN46_0023/LH244,12.393925
IAH1_2022,GEMN-0096_PHP02_0001/LH244,12.402373
IAH1_2022,GEMN-0096_PHP02_0002/LH244,12.399269
IAH1_2022,GEMN-0096_PHP02_0003/LH244,12.409855
IAH1_2022,GEMN-0096_PHP02_0004/LH244,12.400183
IAH1_2022,GEMN-0096_PHP02_0005/LH244,12.408921
IAH1_2022,GEMN-0096_PHP02_0006/LH244,12.398942
IAH1_2022,GEMN-0096_PHP02_0007/LH244,12.386736
IAH1_2022,GEMN-0096_PHP02_0008/LH244,12.410952
IAH1_2022,GEMN-0096_PHP02_0009/LH244,12.409985
IAH1_2022,GEMN-0096_PHP02_0010/LH244,12.40248
IAH1_2022,GEMN-0096_PHP02_0011/LH244,12.401237
IAH1_2022,GEMN-0096_PHP02_0012/LH244,12.398238
IAH1_2022,GEMN-0096_PHP02_0015/LH244,12.404486
IAH1_2022,GEMN-0096_PHP02_0016/LH244,12.394779
IAH1_2022,GEMN-0096_PHP02_0017/LH244,12.408358
IAH1_2022,GEMN-0096_PHP02_0022/LH244,12.394936
IAH1_2022,GEMN-0096_PHP02_0025/LH244,12.418394
IAH1_2022,GEMN-0096_PHP02_0030/LH244,12.402085
IAH1_2022,GEMN-0097/LH244,12.402636
IAH1_2022,GEMN-0097_LH212HT_0002/LH244,12.418938
IAH1_2022,GEMN-0097_LH212HT_0004/LH244,12.392965
IAH1_2022,GEMN-0097_LH212HT_0017/LH244,12.390306
IAH1_2022,GEMN-0097_LH212HT_0018/LH244,12.401401
IAH1_2022,GEMN-0097_LH212HT_0019/LH244,12.40414
IAH1_2022,GEMN-0097_LH212HT_0020/LH244,12.413137
IAH1_2022,GEMN-0097_LH212HT_0023/LH244,12.414612
IAH1_2022,GEMN-0097_LH212HT_0026/LH244,12.405875
IAH1_2022,GEMN-0097_LH212HT_0032/LH244,12.41518
IAH1_2022,GEMN-0097_LH212HT_0034/LH244,12.405201
IAH1_2022,GEMN-0097_LH212HT_0039/LH244,12.400378
IAH1_2022,GEMN-0097_LH212HT_0047/LH244,12.40933
IAH1_2022,GEMN-0097_LH212HT_0051/LH244,12.395552
IAH1_2022,GEMN-0097_LH212HT_0054/LH244,12.390921
IAH1_2022,GEMN-0097_LH212HT_0058/LH244,12.399837
IAH1_2022,GEMN-0097_LH212HT_0061/LH244,12.390625
IAH1_2022,GEMN-0097_LH212HT_0062/LH244,12.406883
IAH1_2022,GEMN-0097_LH212HT_0069/LH244,12.39757
IAH1_2022,GEMN-0097_LH212HT_0074/LH244,12.396992
IAH1_2022,GEMN-0097_LH212HT_0078/LH244,12.40255
IAH1_2022,GEMN-0097_LH212HT_0085/LH244,12.39334
IAH1_2022,GEMN-0097_LH212HT_0090/LH244,12.404686
IAH1_2022,GEMN-0097_PHJ89_0001/LH244,12.392424
IAH1_2022,GEMN-0097_PHJ89_0002/LH244,12.402052
IAH1_2022,GEMN-0097_PHJ89_0003/LH244,12.405134
IAH1_2022,GEMN-0097_PHJ89_0004/LH244,12.396989
IAH1_2022,GEMN-0097_PHJ89_0005/LH244,12.389785
IAH1_2022,GEMN-0097_PHJ89_0006/LH244,12.397021
IAH1_2022,GEMN-0097_PHJ89_0007/LH244,12.402974
IAH1_2022,GEMN-0097_PHJ89_0008/LH244,12.407002
IAH1_2022,GEMN-0097_PHJ89_0010/LH244,12.415999
IAH1_2022,GEMN-0097_PHJ89_0011/LH244,12.39829
IAH1_2022,GEMN-0097_PHJ89_0012/LH244,12.414047
IAH1_2022,GEMN-0097_PHJ89_0013/LH244,12.405225
IAH1_2022,GEMN-0097_PHJ89_0016/LH244,12.414816
IAH1_2022,GEMN-0097_PHJ89_0020/LH244,12.399109
IAH1_2022,GEMN-0097_PHJ89_0023/LH244,12.4086
IAH1_2022,GEMN-0097_PHJ89_0025/LH244,12.389527
IAH1_2022,GEMN-0097_PHJ89_0026/LH244,12.410057
IAH1_2022,GEMN-0097_PHJ89_0027/LH244,12.390195
IAH1_2022,GEMN-0097_PHJ89_0028/LH244,12.40295
IAH1_2022,GEMN-0097_PHJ89_0029/LH244,12.4048
IAH1_2022,GEMN-0097_PHJ89_0033/LH244,12.404365
IAH1_2022,GEMN-0097_PHJ89_0036/LH244,12.391604
IAH1_2022,GEMN-0097_PHJ89_0039/LH244,12.392283
IAH1_2022,GEMN-0097_PHK76_0002/LH244,12.409016
IAH1_2022,GEMN-0097_PHK76_0003/LH244,12.405774
IAH1_2022,GEMN-0097_PHK76_0007/LH244,12.394756
IAH1_2022,GEMN-0097_PHK76_0009/LH244,12.405299
IAH1_2022,GEMN-0097_PHK76_0010/LH244,12.391691
IAH1_2022,GEMN-0097_PHK76_0011/LH244,12.402328
IAH1_2022,GEMN-0097_PHK76_0012/LH244,12.40433
IAH1_2022,GEMN-0097_PHK76_0014/LH244,12.405169
IAH1_2022,GEMN-0097_PHK76_0015/LH244,12.40477
IAH1_2022,GEMN-0097_PHK76_0016/LH244,12.389572
IAH1_2022,GEMN-0097_PHK76_0017/LH244,12.400745
IAH1_2022,GEMN-0097_PHK76_0018/LH244,12.392329
IAH1_2022,GEMN-0097_PHK76_0021/LH244,12.391455
IAH1_2022,GEMN-0097_PHK76_0023/LH244,12.393785
IAH1_2022,GEMN-0097_PHK76_0032/LH244,12.401346
IAH1_2022,GEMN-0097_PHK76_0036/LH244,12.411979
IAH1_2022,GEMN-0097_PHK76_0037/LH244,12.417897
IAH1_2022,GEMN-0097_PHK76_0038/LH244,12.399632
IAH1_2022,GEMN-0097_PHK76_0039/LH244,12.415426
IAH1_2022,GEMN-0097_PHK76_0041/LH244,12.398479
IAH1_2022,GEMN-0097_PHK76_0048/LH244,12.415121
IAH1_2022,GEMN-0097_PHK76_0050/LH244,12.411284
IAH1_2022,GEMN-0097_PHK76_0052/LH244,12.38743
IAH1_2022,GEMN-0097_PHK76_0053/LH244,12.412989
IAH1_2022,GEMN-0097_PHK76_0055/LH244,12.4035
IAH1_2022,GEMN-0097_PHK76_0060/LH244,12.402933
IAH1_2022,GEMN-0097_PHN46_0001/LH244,12.390388
IAH1_2022,GEMN-0097_PHN46_0003/LH244,12.408449
IAH1_2022,GEMN-0097_PHN46_0004/LH244,12.406587
IAH1_2022,GEMN-0097_PHN46_0005/LH244,12.409783
IAH1_2022,GEMN-0097_PHN46_0006/LH244,12.406178
IAH1_2022,GEMN-0097_PHN46_0007/LH244,12.41215
IAH1_2022,GEMN-0097_PHN46_0008/LH244,12.419664
IAH1_2022,GEMN-0097_PHN46_0009/LH244,12.402088
IAH1_2022,GEMN-0097_PHN46_0010/LH244,12.398235
IAH1_2022,GEMN-0097_PHN46_0011/LH244,12.379826
IAH1_2022,GEMN-0097_PHN46_0013/LH244,12.399179
IAH1_2022,GEMN-0097_PHN46_0014/LH244,12.395288
IAH1_2022,GEMN-0097_PHN46_0016/LH244,12.403608
IAH1_2022,GEMN-0097_PHN46_0018/LH244,12.400473
IAH1_2022,GEMN-0097_PHP02_0001/LH244,12.383859
IAH1_2022,GEMN-0097_PHP02_0002/LH244,12.402069
IAH1_2022,GEMN-0097_PHP02_0003/LH244,12.398664
IAH1_2022,GEMN-0097_PHP02_0005/LH244,12.393644
IAH1_2022,GEMN-0097_PHP02_0006/LH244,12.393187
IAH1_2022,GEMN-0097_PHP02_0007/LH244,12.40841
IAH1_2022,GEMN-0098/LH244,12.404449
IAH1_2022,GEMN-0104/LH244,12.385256
IAH1_2022,GEMN-0124/LH244,12.395576
IAH1_2022,GEMN-0135/LH244,12.403435
IAH1_2022,GEMN-0144/LH244,12.399397
IAH1_2022,GEMN-0157/LH244,12.398331
IAH1_2022,GEMN-0177/LH244,12.408594
IAH1_2022,GEMN-0178/LH244,12.412874
IAH1_2022,GEMN-0187/LH244,12.408113
IAH1_2022,GEMN-0192/LH244,12.399152
IAH1_2022,GEMN-0192_LH212HT_0001/LH244,12.399939
IAH1_2022,GEMN-0192_LH212HT_0002/LH244,12.415861
IAH1_2022,GEMN-0192_LH212HT_0006/LH244,12.424833
IAH1_2022,GEMN-0192_LH212HT_0007/LH244,12.398974
IAH1_2022,GEMN-0192_LH212HT_0008/LH244,12.420011
IAH1_2022,GEMN-0192_LH212HT_0010/LH244,12.400852
IAH1_2022,GEMN-0192_LH212HT_0011/LH244,12.411738
IAH1_2022,GEMN-0192_LH212HT_0012/LH244,12.402568
IAH1_2022,GEMN-0192_LH212HT_0013/LH244,12.388933
IAH1_2022,GEMN-0192_LH212HT_0014/LH244,12.39282
IAH1_2022,GEMN-0192_LH212HT_0015/LH244,12.393735
IAH1_2022,GEMN-0192_LH212HT_0016/LH244,12.402757
IAH1_2022,GEMN-0192_LH212HT_0018/LH244,12.404787
IAH1_2022,GEMN-0192_LH212HT_0021/LH244,12.395651
IAH1_2022,GEMN-0192_LH212HT_0023/LH244,12.387776
IAH1_2022,GEMN-0192_LH212HT_0026/LH244,12.394869
IAH1_2022,GEMN-0192_PHJ89_0001/LH244,12.404931
IAH1_2022,GEMN-0192_PHJ89_0002/LH244,12.39268
IAH1_2022,GEMN-0192_PHK76_0002/LH244,12.417787
IAH1_2022,GEMN-0192_PHK76_0004/LH244,12.408317
IAH1_2022,GEMN-0192_PHK76_0005/LH244,12.400702
IAH1_2022,GEMN-0192_PHK76_0006/LH244,12.394068
IAH1_2022,GEMN-0192_PHK76_0007/LH244,12.416614
IAH1_2022,GEMN-0192_PHK76_0008/LH244,12.404152
IAH1_2022,GEMN-0192_PHK76_0009/LH244,12.404017
IAH1_2022,GEMN-0192_PHK76_0010/LH244,12.387872
IAH1_2022,GEMN-0192_PHK76_0011/LH244,12.405245
IAH1_2022,GEMN-0192_PHK76_0012/LH244,12.396646
IAH1_2022,GEMN-0192_PHK76_0013/LH244,12.41397
IAH1_2022,GEMN-0192_PHK76_0014/LH244,12.41993
IAH1_2022,GEMN-0192_PHK76_0015/LH244,12.412014
IAH1_2022,GEMN-0192_PHK76_0016/LH244,12.403984
IAH1_2022,GEMN-0192_PHK76_0017/LH244,12.403819
IAH1_2022,GEMN-0192_PHK76_0019/LH244,12.404154
IAH1_2022,GEMN-0192_PHK76_0021/LH244,12.401203
IAH1_2022,GEMN-0192_PHK76_0025/LH244,12.392862
IAH1_2022,GEMN-0192_PHK76_0027/LH244,12.395103
IAH1_2022,GEMN-0192_PHK76_0028/LH244,12.414468
IAH1_2022,GEMN-0192_PHK76_0030/LH244,12.405955
IAH1_2022,GEMN-0192_PHK76_0032/LH244,12.406383
IAH1_2022,GEMN-0192_PHK76_0033/LH244,12.396782
IAH1_2022,GEMN-0192_PHK76_0035/LH244,12.396675
IAH1_2022,GEMN-0192_PHK76_0036/LH244,12.406633
IAH1_2022,GEMN-0192_PHK76_0037/LH244,12.403315
IAH1_2022,GEMN-0192_PHK76_0041/LH244,12.401475
IAH1_2022,GEMN-0192_PHK76_0044/LH244,12.390265
IAH1_2022,GEMN-0192_PHK76_0045/LH244,12.400711
IAH1_2022,GEMN-0192_PHN46_0001/LH244,12.407019
IAH1_2022,GEMN-0192_PHN46_0002/LH244,12.41948
IAH1_2022,GEMN-0192_PHN46_0003/LH244,12.401911
IAH1_2022,GEMN-0192_PHN46_0004/LH244,12.398973
IAH1_2022,GEMN-0192_PHN46_0005/LH244,12.409254
IAH1_2022,GEMN-0192_PHN46_0006/LH244,12.389818
IAH1_2022,GEMN-0192_PHN46_0007/LH244,12.393629
IAH1_2022,GEMN-0192_PHN46_0008/LH244,12.406939
IAH1_2022,GEMN-0192_PHN46_0009/LH244,12.404615
IAH1_2022,GEMN-0192_PHN46_0010/LH244,12.415411
IAH1_2022,GEMN-0192_PHN46_0011/LH244,12.406725
IAH1_2022,GEMN-0192_PHN46_0012/LH244,12.384771
IAH1_2022,GEMN-0192_PHN46_0014/LH244,12.380253
IAH1_2022,GEMN-0192_PHN46_0015/LH244,12.411884
IAH1_2022,GEMN-0192_PHN46_0017/LH244,12.3955
IAH1_2022,GEMN-0192_PHN46_0018/LH244,12.406222
IAH1_2022,GEMN-0192_PHN46_0019/LH244,12.404474
IAH1_2022,GEMN-0192_PHN46_0020/LH244,12.406382
IAH1_2022,GEMN-0192_PHN46_0021/LH244,12.387869
IAH1_2022,GEMN-0192_PHN46_0025/LH244,12.412985
IAH1_2022,GEMN-0192_PHP02_0001/LH244,12.412907
IAH1_2022,GEMN-0192_PHP02_0003/LH244,12.393172
IAH1_2022,GEMN-0207/LH244,12.418422
IAH1_2022,GEMN-0225/LH244,12.398986
IAH1_2022,GEMN-0225_LH212HT_0002/LH244,12.3989
IAH1_2022,GEMN-0225_LH212HT_0003/LH244,12.401055
IAH1_2022,GEMN-0225_LH212HT_0005/LH244,12.40803
IAH1_2022,GEMN-0225_LH212HT_0006/LH244,12.391459
IAH1_2022,GEMN-0225_LH212HT_0008/LH244,12.387467
IAH1_2022,GEMN-0225_LH212HT_0009/LH244,12.391
IAH1_2022,GEMN-0225_LH212HT_0015/LH244,12.414993
IAH1_2022,GEMN-0225_LH212HT_0017/LH244,12.424081
IAH1_2022,GEMN-0225_LH212HT_0021/LH244,12.414807
IAH1_2022,GEMN-0225_LH212HT_0022/LH244,12.39354
IAH1_2022,GEMN-0225_LH212HT_0023/LH244,12.393268
IAH1_2022,GEMN-0225_LH212HT_0024/LH244,12.399459
IAH1_2022,GEMN-0225_LH212HT_0025/LH244,12.406857
IAH1_2022,GEMN-0225_LH212HT_0028/LH244,12.404504
IAH1_2022,GEMN-0225_LH212HT_0029/LH244,12.417862
IAH1_2022,GEMN-0225_LH212HT_0033/LH244,12.407244
IAH1_2022,GEMN-0225_LH212HT_0036/LH244,12.404687
IAH1_2022,GEMN-0225_LH212HT_0038/LH244,12.411873
IAH1_2022,GEMN-0225_LH212HT_0040/LH244,12.39985
IAH1_2022,GEMN-0225_LH212HT_0043/LH244,12.406857
IAH1_2022,GEMN-0225_PHJ89_0001/LH244,12.397746
IAH1_2022,GEMN-0225_PHJ89_0002/LH244,12.414499
IAH1_2022,GEMN-0225_PHJ89_0003/LH244,12.389107
IAH1_2022,GEMN-0225_PHJ89_0004/LH244,12.403343
IAH1_2022,GEMN-0225_PHJ89_0005/LH244,12.396969
IAH1_2022,GEMN-0225_PHJ89_0006/LH244,12.384679
IAH1_2022,GEMN-0225_PHJ89_0007/LH244,12.394363
IAH1_2022,GEMN-0225_PHJ89_0008/LH244,12.413094
IAH1_2022,GEMN-0225_PHJ89_0009/LH244,12.400792
IAH1_2022,GEMN-0225_PHJ89_0013/LH244,12.403955
IAH1_2022,GEMN-0225_PHJ89_0014/LH244,12.412161
IAH1_2022,GEMN-0225_PHJ89_0015/LH244,12.422976
IAH1_2022,GEMN-0225_PHJ89_0016/LH244,12.413265
IAH1_2022,GEMN-0225_PHJ89_0017/LH244,12.400312
IAH1_2022,GEMN-0225_PHJ89_0018/LH244,12.406872
IAH1_2022,GEMN-0225_PHJ89_0019/LH244,12.401842
IAH1_2022,GEMN-0225_PHJ89_0020/LH244,12.394914
IAH1_2022,GEMN-0225_PHJ89_0021/LH244,12.387037
IAH1_2022,GEMN-0225_PHJ89_0022/LH244,12.409488
IAH1_2022,GEMN-0225_PHJ89_0025/LH244,12.411264
IAH1_2022,GEMN-0225_PHJ89_0026/LH244,12.39861
IAH1_2022,GEMN-0225_PHJ89_0027/LH244,12.385382
IAH1_2022,GEMN-0225_PHJ89_0032/LH244,12.414711
IAH1_2022,GEMN-0225_PHK76_0001/LH244,12.41209
IAH1_2022,GEMN-0225_PHK76_0002/LH244,12.410629
IAH1_2022,GEMN-0225_PHK76_0003/LH244,12.40204
IAH1_2022,GEMN-0225_PHK76_0004/LH244,12.418842
IAH1_2022,GEMN-0225_PHK76_0005/LH244,12.414391
IAH1_2022,GEMN-0225_PHK76_0007/LH244,12.407716
IAH1_2022,GEMN-0225_PHK76_0008/LH244,12.396129
IAH1_2022,GEMN-0225_PHK76_0010/LH244,12.407249
IAH1_2022,GEMN-0225_PHK76_0012/LH244,12.402022
IAH1_2022,GEMN-0225_PHK76_0013/LH244,12.39545
IAH1_2022,GEMN-0225_PHK76_0014/LH244,12.386919
IAH1_2022,GEMN-0225_PHK76_0018/LH244,12.395905
IAH1_2022,GEMN-0225_PHK76_0019/LH244,12.416868
IAH1_2022,GEMN-0225_PHK76_0021/LH244,12.406086
IAH1_2022,GEMN-0225_PHK76_0022/LH244,12.410306
IAH1_2022,GEMN-0225_PHK76_0027/LH244,12.398354
IAH1_2022,GEMN-0225_PHK76_0028/LH244,12.419356
IAH1_2022,GEMN-0225_PHK76_0031/LH244,12.400791
IAH1_2022,GEMN-0225_PHK76_0032/LH244,12.412865
IAH1_2022,GEMN-0225_PHK76_0039/LH244,12.4078
IAH1_2022,GEMN-0225_PHN46_0001/LH244,12.402504
IAH1_2022,GEMN-0225_PHN46_0002/LH244,12.40178
IAH1_2022,GEMN-0225_PHN46_0003/LH244,12.408827
IAH1_2022,GEMN-0225_PHN46_0004/LH244,12.404476
IAH1_2022,GEMN-0225_PHN46_0005/LH244,12.390152
IAH1_2022,GEMN-0225_PHN46_0006/LH244,12.415176
IAH1_2022,GEMN-0225_PHN46_0008/LH244,12.414211
IAH1_2022,GEMN-0225_PHN46_0009/LH244,12.415773
IAH1_2022,GEMN-0225_PHN46_0014/LH244,12.408194
IAH1_2022,GEMN-0225_PHN46_0021/LH244,12.398607
IAH1_2022,GEMN-0225_PHP02_0001/LH244,12.399942
IAH1_2022,GEMN-0225_PHP02_0002/LH244,12.4013
IAH1_2022,GEMN-0225_PHP02_0003/LH244,12.414854
IAH1_2022,GEMN-0225_PHP02_0005/LH244,12.407933
IAH1_2022,GEMN-0225_PHP02_0006/LH244,12.389335
IAH1_2022,GEMN-0225_PHP02_0007/LH244,12.388762
IAH1_2022,GEMN-0225_PHP02_0008/LH244,12.411755
IAH1_2022,GEMN-0225_PHP02_0009/LH244,12.403546
IAH1_2022,GEMN-0225_PHP02_0010/LH244,12.395839
IAH1_2022,GEMN-0225_PHP02_0012/LH244,12.405732
IAH1_2022,GEMN-0225_PHP02_0013/LH244,12.408936
IAH1_2022,GEMN-0225_PHP02_0014/LH244,12.393457
IAH1_2022,GEMN-0225_PHP02_0015/LH244,12.386683
IAH1_2022,GEMN-0225_PHP02_0017/LH244,12.409743
IAH1_2022,GEMN-0232/LH244,12.398458
IAH1_2022,GEMN-0238/LH244,12.401093
IAH1_2022,GEMN-0257/LH244,12.407773
IAH1_2022,GEMN-0270/LH244,12.417784
IAH1_2022,GEMN-0271/LH244,12.408813
IAH1_2022,GEMN-0287/LH244,12.401488
IAH1_2022,LH185/LH244,12.695774
IAH1_2022,LH195/PHZ51,12.161054
IAH1_2022,LH212HT/LH244,12.521424
IAH1_2022,LH213/LH244,12.389141
IAH1_2022,LH216/LH244,12.358773
IAH1_2022,LH244/MO17,12.688656
IAH1_2022,LH244/PHK76,12.442346
IAH1_2022,LH244/PHZ51,12.321685
IAH1_2022,LH283/LH244,12.400111
IAH1_2022,LH287/LH244,12.423354
IAH1_2022,LH74/PHN82,12.253274
IAH1_2022,LH82/LH244,12.3552
IAH1_2022,M162W/LH244,12.404428
IAH1_2022,M37W/LH244,12.401383
IAH1_2022,MBUB/LH244,12.411922
IAH1_2022,MM501D/LH244,12.406087
IAH1_2022,MO17_PHW30-008-(2N)-01/LH244,12.394609
IAH1_2022,MO17_PHW30-200-(2N)-02/LH244,12.419465
IAH1_2022,MO17_PHW30-309-(2N)-01/LH244,12.401583
IAH1_2022,MO44/LH244,12.774454
IAH1_2022,MO44_LH145_0127/LH244,12.423514
IAH1_2022,MO44_LH145_0138/LH244,12.388155
IAH1_2022,MO44_PHG47_0072/LH244,12.401282
IAH1_2022,MO44_PHG47_0125/LH244,12.422431
IAH1_2022,MO44_PHW65_0025/LH244,12.457022
IAH1_2022,MO44_PHW65_0035/LH244,12.170778
IAH1_2022,MOG/LH244,12.300859
IAH1_2022,MS71/LH244,12.40131
IAH1_2022,NC350/LH244,12.417527
IAH1_2022,NC358/LH244,12.400425
IAH1_2022,NC360/LH244,12.386992
IAH1_2022,NC366/LH244,12.407209
IAH1_2022,NC370/LH244,12.402668
IAH1_2022,NC374/LH244,12.401899
IAH1_2022,NC378/LH244,12.387812
IAH1_2022,NC386/LH244,12.398571
IAH1_2022,NC388/LH244,12.389669
IAH1_2022,NC398/LH244,12.415506
IAH1_2022,NC406/LH244,12.420801
IAH1_2022,NC426/LH244,12.384615
IAH1_2022,NC428/LH244,12.406794
IAH1_2022,NC438/LH244,12.41766
IAH1_2022,NC454/LH244,12.389212
IAH1_2022,NC456/LH244,12.40358
IAH1_2022,NC458/LH244,12.409161
IAH1_2022,NC508/LH244,12.396415
IAH1_2022,NC512/LH244,12.419601
IAH1_2022,NC524/LH244,12.403984
IAH1_2022,NC528/LH244,12.410305
IAH1_2022,NC530/LH244,12.417063
IAH1_2022,NC540/LH244,12.401466
IAH1_2022,NC542/LH244,12.411842
IAH1_2022,NC546/LH244,12.397593
IAH1_2022,NC548/LH244,12.401228
IAH1_2022,NKH8431/LH244,12.482544
IAH1_2022,OH43/LH244,12.404727
IAH1_2022,OH7B/LH244,12.402212
IAH1_2022,PH207/LH244,12.392619
IAH1_2022,PH24E/LH244,12.398734
IAH1_2022,PHAP9/LH244,12.397635
IAH1_2022,PHB47/LH244,12.436088
IAH1_2022,PHB47/PHN82,12.444384
IAH1_2022,PHB47/PHZ51,11.940399
IAH1_2022,PHG29/PHG47,11.319691
IAH1_2022,PHG35/LH244,12.420351
IAH1_2022,PHG39/PHN82,12.335727
IAH1_2022,PHG47/LH244,12.3802
IAH1_2022,PHJ40/PHAJ0,10.138986
IAH1_2022,PHJ89/LH244,12.41885
IAH1_2022,PHJ90/LH244,12.418707
IAH1_2022,PHK56/LH244,12.515913
IAH1_2022,PHKE6/LH244,12.421469
IAH1_2022,PHN11/LH244,12.577342
IAH1_2022,PHN11_LH145_0005/LH244,12.411013
IAH1_2022,PHN11_LH145_0028/LH244,12.40745
IAH1_2022,PHN11_LH145_0085/LH244,12.407932
IAH1_2022,PHN11_OH43_0001/LH244,12.374345
IAH1_2022,PHN11_OH43_0075/LH244,12.407478
IAH1_2022,PHN11_OH43_0088/LH244,12.402894
IAH1_2022,PHN11_PHG47_0251/LH244,12.308233
IAH1_2022,PHN11_PHG47_0287/LH244,12.401845
IAH1_2022,PHN11_PHW65_0312/LH244,12.692286
IAH1_2022,PHN11_PHW65_0323/LH244,12.693083
IAH1_2022,PHN11_PHW65_0359/LH244,12.325401
IAH1_2022,PHN46/LH244,12.41959
IAH1_2022,PHP02/LH244,12.386596
IAH1_2022,PHP55/LH244,12.404268
IAH1_2022,PHR03/LH244,12.402788
IAH1_2022,PHRE1/PHTD5,11.314342
IAH1_2022,PHW30/LH244,12.403343
IAH1_2022,PHW30_MO17-010-(2N)-01/LH244,12.401507
IAH1_2022,PHW30_MO17-032-(2N)-01/LH244,12.390486
IAH1_2022,PHW30_MO17-095-(2N)-01/LH244,12.392104
IAH1_2022,PHW30_MO17-129-(2N)-01/LH244,12.415387
IAH1_2022,PHW30_MO17-178-(2N)-01/LH244,12.414315
IAH1_2022,PHW30_MO17-234-(2N)-02/LH244,12.413704
IAH1_2022,PHW30_MO17-299-(2N)-01/LH244,12.39572
IAH1_2022,PHW52/PHM49,12.083858
IAH1_2022,PHW52/PHN82,12.482542
IAH1_2022,PHW65/LH244,12.626366
IAH1_2022,PHW65_MOG_0137/LH244,12.66795
IAH1_2022,PHW65_MOG_0176/LH244,12.348415
IAH1_2022,PHW65_MOG_0271/LH244,12.497287
IAH1_2022,TX303/LH244,12.234161
IAH1_2022,TX714/TX779,11.893345
IAH1_2022,TX777/LH195,12.015322
IAH1_2022,TX779/LH195,12.091851
IAH1_2022,TX951/LH195,11.935095
IAH1_2022,W10001_0003/LH244,12.400362
IAH1_2022,W10001_0007/LH244,12.401516
IAH1_2022,W10001_0008/LH244,12.398056
IAH1_2022,W10001_0009/LH244,12.385371
IAH1_2022,W10001_0010/LH244,12.409401
IAH1_2022,W10001_0011/LH244,12.403332
IAH1_2022,W10001_0012/LH244,12.403666
IAH1_2022,W10001_0013/LH244,12.403218
IAH1_2022,W10001_0014/LH244,12.417883
IAH1_2022,W10001_0016/LH244,12.393311
IAH1_2022,W10001_0017/LH244,12.391047
IAH1_2022,W10001_0018/LH244,12.397316
IAH1_2022,W10001_0019/LH244,12.400574
IAH1_2022,W10001_0021/LH244,12.40729
IAH1_2022,W10001_0022/LH244,12.12882
IAH1_2022,W10001_0023/LH244,12.394465
IAH1_2022,W10001_0029/LH244,12.397505
IAH1_2022,W10001_0030/LH244,12.412445
IAH1_2022,W10001_0031/LH244,12.409693
IAH1_2022,W10001_0033/LH244,12.404524
IAH1_2022,W10001_0036/LH244,12.403725
IAH1_2022,W10001_0040/LH244,12.392788
IAH1_2022,W10001_0042/LH244,12.39101
IAH1_2022,W10001_0047/LH244,12.398664
IAH1_2022,W10002_0002/LH244,12.40208
IAH1_2022,W10002_0004/LH244,12.412177
IAH1_2022,W10005_0029/LH244,12.411136
IAH1_2022,W10005_0107/LH244,12.313409
IAH1_2022,W10005_0111/LH244,12.396666
IAH1_2022,W10005_0147/LH244,12.373249
IAH1_2022,W10005_0220/LH244,12.387878
IAH1_2022,W10010_0018/LH244,12.405653
IAH1_2022,W10010_0032/LH244,12.404067
IAH1_2022,W10010_0084/LH244,12.388288
IAH1_2022,W10010_0093/LH244,12.399255
IAH1_2022,W10010_0101/LH244,12.40922
IAH1_2022,W10010_0118/LH244,12.424385
IAH1_2022,W10010_0124/LH244,12.40987
IAH1_2022,W10010_0148/LH244,12.415868
IAH1_2022,W10010_0170/LH244,12.399549
IAH1_2022,W10010_0175/LH244,12.416304
IAH1_2022,W10010_0188/LH244,12.397136
IAH1_2022,W10010_0189/LH244,12.402538
IAH1_2022,W10010_0215/LH244,12.409067
IAH1_2022,W10010_0239/LH244,12.411067
IAH1_2022,W10010_0279/LH244,12.40622
IAH1_2022,W10010_0294/LH244,12.400383
IAH1_2022,W10010_0310/LH244,12.415237
IAH1_2022,W10010_0311/LH244,12.392132
IAH1_2022,W10010_0337/LH244,12.411415
IAH1_2022,W10010_0346/LH244,12.411681
IAH1_2022,W10010_0358/LH244,12.412362
IAH1_2022,W10010_0366/LH244,12.411978
IAH1_2022,W10010_0381/LH244,12.410574
IAH1_2022,W10010_0452/LH244,12.414179
IAH1_2022,W10010_0464/LH244,12.393055
IAH1_2022,W22/LH244,12.405877
IAH2_2022,B14A/H95,12.271998
IAH2_2022,B14A/MO17,12.28689
IAH2_2022,B14A/OH43,12.333189
IAH2_2022,B37/H95,12.304813
IAH2_2022,B37/MO17,12.333189
IAH2_2022,B37/OH43,12.326742
IAH2_2022,B73/MO17,12.719769
IAH2_2022,B73/PHM49,12.691482
IAH2_2022,B73/PHN82,12.781147
IAH2_2022,B73/TX779,12.294908
IAH2_2022,B97/LH244,12.701671
IAH2_2022,BGEM-0039-N/LH244,12.517097
IAH2_2022,BGEM-0063-N/LH244,12.781292
IAH2_2022,BGEM-0089-N/LH244,12.564929
IAH2_2022,BGEM-0124-N/LH244,12.560119
IAH2_2022,BGEM-0129-N/LH244,10.940201
IAH2_2022,CG119/CG108,6.996373
IAH2_2022,CG44/CGR01,12.267158
IAH2_2022,DK3IIH6/LH244,12.990457
IAH2_2022,DK78010/LH244,12.769413
IAH2_2022,F42/H95,12.495605
IAH2_2022,F42/MO17,12.670437
IAH2_2022,F42/OH43,12.490826
IAH2_2022,GEMN-0096/LH244,12.763939
IAH2_2022,GEMN-0096_LH212HT_0001/LH244,12.75238
IAH2_2022,GEMN-0096_LH212HT_0002/LH244,12.762697
IAH2_2022,GEMN-0096_LH212HT_0003/LH244,12.752365
IAH2_2022,GEMN-0096_LH212HT_0004/LH244,12.760362
IAH2_2022,GEMN-0096_LH212HT_0005/LH244,12.776436
IAH2_2022,GEMN-0096_LH212HT_0006/LH244,12.750963
IAH2_2022,GEMN-0096_LH212HT_0008/LH244,12.757152
IAH2_2022,GEMN-0096_LH212HT_0009/LH244,12.753351
IAH2_2022,GEMN-0096_LH212HT_0010/LH244,12.770008
IAH2_2022,GEMN-0096_LH212HT_0011/LH244,12.760407
IAH2_2022,GEMN-0096_LH212HT_0012/LH244,12.75027
IAH2_2022,GEMN-0096_LH212HT_0013/LH244,12.768391
IAH2_2022,GEMN-0096_LH212HT_0014/LH244,12.763574
IAH2_2022,GEMN-0096_LH212HT_0017/LH244,12.769435
IAH2_2022,GEMN-0096_LH212HT_0020/LH244,12.760735
IAH2_2022,GEMN-0096_LH212HT_0021/LH244,12.762862
IAH2_2022,GEMN-0096_PHJ89_0001/LH244,12.753433
IAH2_2022,GEMN-0096_PHJ89_0002/LH244,12.765675
IAH2_2022,GEMN-0096_PHJ89_0006/LH244,12.758033
IAH2_2022,GEMN-0096_PHJ89_0007/LH244,12.757599
IAH2_2022,GEMN-0096_PHJ89_0009/LH244,12.750507
IAH2_2022,GEMN-0096_PHJ89_0010/LH244,12.764704
IAH2_2022,GEMN-0096_PHJ89_0011/LH244,12.755404
IAH2_2022,GEMN-0096_PHJ89_0012/LH244,12.762508
IAH2_2022,GEMN-0096_PHJ89_0013/LH244,12.769121
IAH2_2022,GEMN-0096_PHJ89_0014/LH244,12.769346
IAH2_2022,GEMN-0096_PHJ89_0016/LH244,12.748676
IAH2_2022,GEMN-0096_PHJ89_0017/LH244,12.774649
IAH2_2022,GEMN-0096_PHK76_0001/LH244,12.760763
IAH2_2022,GEMN-0096_PHK76_0002/LH244,12.751297
IAH2_2022,GEMN-0096_PHK76_0003/LH244,12.75852
IAH2_2022,GEMN-0096_PHK76_0004/LH244,12.771659
IAH2_2022,GEMN-0096_PHK76_0006/LH244,12.775015
IAH2_2022,GEMN-0096_PHK76_0007/LH244,12.754789
IAH2_2022,GEMN-0096_PHK76_0008/LH244,12.758635
IAH2_2022,GEMN-0096_PHK76_0009/LH244,12.755566
IAH2_2022,GEMN-0096_PHK76_0010/LH244,12.759007
IAH2_2022,GEMN-0096_PHK76_0013/LH244,12.749981
IAH2_2022,GEMN-0096_PHK76_0015/LH244,12.748579
IAH2_2022,GEMN-0096_PHK76_0016/LH244,12.753147
IAH2_2022,GEMN-0096_PHN46_0001/LH244,12.757963
IAH2_2022,GEMN-0096_PHN46_0002/LH244,12.743134
IAH2_2022,GEMN-0096_PHN46_0003/LH244,12.750805
IAH2_2022,GEMN-0096_PHN46_0004/LH244,12.749916
IAH2_2022,GEMN-0096_PHN46_0005/LH244,12.758584
IAH2_2022,GEMN-0096_PHN46_0007/LH244,12.752522
IAH2_2022,GEMN-0096_PHN46_0008/LH244,12.757669
IAH2_2022,GEMN-0096_PHN46_0009/LH244,12.743829
IAH2_2022,GEMN-0096_PHN46_0010/LH244,12.755008
IAH2_2022,GEMN-0096_PHN46_0011/LH244,12.773369
IAH2_2022,GEMN-0096_PHN46_0012/LH244,12.774047
IAH2_2022,GEMN-0096_PHN46_0013/LH244,12.74452
IAH2_2022,GEMN-0096_PHN46_0014/LH244,12.753447
IAH2_2022,GEMN-0096_PHN46_0018/LH244,12.753171
IAH2_2022,GEMN-0096_PHN46_0020/LH244,12.750209
IAH2_2022,GEMN-0096_PHN46_0023/LH244,12.753629
IAH2_2022,GEMN-0096_PHP02_0001/LH244,12.760611
IAH2_2022,GEMN-0096_PHP02_0002/LH244,12.758045
IAH2_2022,GEMN-0096_PHP02_0003/LH244,12.766791
IAH2_2022,GEMN-0096_PHP02_0004/LH244,12.758801
IAH2_2022,GEMN-0096_PHP02_0005/LH244,12.76602
IAH2_2022,GEMN-0096_PHP02_0006/LH244,12.757775
IAH2_2022,GEMN-0096_PHP02_0007/LH244,12.74769
IAH2_2022,GEMN-0096_PHP02_0009/LH244,12.766899
IAH2_2022,GEMN-0096_PHP02_0010/LH244,12.760698
IAH2_2022,GEMN-0096_PHP02_0011/LH244,12.75967
IAH2_2022,GEMN-0096_PHP02_0012/LH244,12.757193
IAH2_2022,GEMN-0096_PHP02_0015/LH244,12.762355
IAH2_2022,GEMN-0096_PHP02_0016/LH244,12.754335
IAH2_2022,GEMN-0096_PHP02_0017/LH244,12.765554
IAH2_2022,GEMN-0096_PHP02_0022/LH244,12.754464
IAH2_2022,GEMN-0096_PHP02_0025/LH244,12.773847
IAH2_2022,GEMN-0096_PHP02_0030/LH244,12.760372
IAH2_2022,GEMN-0097/LH244,12.760826
IAH2_2022,GEMN-0097_LH212HT_0002/LH244,12.774296
IAH2_2022,GEMN-0097_LH212HT_0004/LH244,12.752836
IAH2_2022,GEMN-0097_LH212HT_0017/LH244,12.75064
IAH2_2022,GEMN-0097_LH212HT_0019/LH244,12.76207
IAH2_2022,GEMN-0097_LH212HT_0020/LH244,12.769505
IAH2_2022,GEMN-0097_LH212HT_0023/LH244,12.770722
IAH2_2022,GEMN-0097_LH212HT_0026/LH244,12.763503
IAH2_2022,GEMN-0097_LH212HT_0032/LH244,12.771191
IAH2_2022,GEMN-0097_LH212HT_0034/LH244,12.762945
IAH2_2022,GEMN-0097_LH212HT_0039/LH244,12.758961
IAH2_2022,GEMN-0097_LH212HT_0047/LH244,12.766357
IAH2_2022,GEMN-0097_LH212HT_0051/LH244,12.754973
IAH2_2022,GEMN-0097_LH212HT_0054/LH244,12.751147
IAH2_2022,GEMN-0097_LH212HT_0058/LH244,12.758513
IAH2_2022,GEMN-0097_LH212HT_0061/LH244,12.750902
IAH2_2022,GEMN-0097_LH212HT_0062/LH244,12.764336
IAH2_2022,GEMN-0097_LH212HT_0069/LH244,12.756639
IAH2_2022,GEMN-0097_LH212HT_0074/LH244,12.756164
IAH2_2022,GEMN-0097_LH212HT_0078/LH244,12.760756
IAH2_2022,GEMN-0097_LH212HT_0085/LH244,12.753146
IAH2_2022,GEMN-0097_LH212HT_0090/LH244,12.762521
IAH2_2022,GEMN-0097_PHJ89_0001/LH244,12.752388
IAH2_2022,GEMN-0097_PHJ89_0002/LH244,12.760344
IAH2_2022,GEMN-0097_PHJ89_0003/LH244,12.762892
IAH2_2022,GEMN-0097_PHJ89_0004/LH244,12.756161
IAH2_2022,GEMN-0097_PHJ89_0005/LH244,12.750209
IAH2_2022,GEMN-0097_PHJ89_0006/LH244,12.756187
IAH2_2022,GEMN-0097_PHJ89_0007/LH244,12.761106
IAH2_2022,GEMN-0097_PHJ89_0008/LH244,12.764434
IAH2_2022,GEMN-0097_PHJ89_0010/LH244,12.771869
IAH2_2022,GEMN-0097_PHJ89_0011/LH244,12.757236
IAH2_2022,GEMN-0097_PHJ89_0012/LH244,12.770256
IAH2_2022,GEMN-0097_PHJ89_0013/LH244,12.762966
IAH2_2022,GEMN-0097_PHJ89_0016/LH244,12.770891
IAH2_2022,GEMN-0097_PHJ89_0020/LH244,12.757913
IAH2_2022,GEMN-0097_PHJ89_0023/LH244,12.765755
IAH2_2022,GEMN-0097_PHJ89_0025/LH244,12.749996
IAH2_2022,GEMN-0097_PHJ89_0026/LH244,12.766959
IAH2_2022,GEMN-0097_PHJ89_0027/LH244,12.750547
IAH2_2022,GEMN-0097_PHJ89_0028/LH244,12.761086
IAH2_2022,GEMN-0097_PHJ89_0029/LH244,12.762615
IAH2_2022,GEMN-0097_PHJ89_0033/LH244,12.762255
IAH2_2022,GEMN-0097_PHJ89_0036/LH244,12.751712
IAH2_2022,GEMN-0097_PHJ89_0039/LH244,12.752273
IAH2_2022,GEMN-0097_PHK76_0002/LH244,12.766098
IAH2_2022,GEMN-0097_PHK76_0003/LH244,12.76342
IAH2_2022,GEMN-0097_PHK76_0007/LH244,12.754316
IAH2_2022,GEMN-0097_PHK76_0009/LH244,12.763027
IAH2_2022,GEMN-0097_PHK76_0010/LH244,12.751783
IAH2_2022,GEMN-0097_PHK76_0011/LH244,12.760572
IAH2_2022,GEMN-0097_PHK76_0012/LH244,12.762226
IAH2_2022,GEMN-0097_PHK76_0014/LH244,12.76292
IAH2_2022,GEMN-0097_PHK76_0015/LH244,12.762589
IAH2_2022,GEMN-0097_PHK76_0017/LH244,12.759264
IAH2_2022,GEMN-0097_PHK76_0018/LH244,12.752311
IAH2_2022,GEMN-0097_PHK76_0021/LH244,12.751588
IAH2_2022,GEMN-0097_PHK76_0023/LH244,12.753514
IAH2_2022,GEMN-0097_PHK76_0032/LH244,12.759761
IAH2_2022,GEMN-0097_PHK76_0036/LH244,12.768546
IAH2_2022,GEMN-0097_PHK76_0037/LH244,12.773437
IAH2_2022,GEMN-0097_PHK76_0038/LH244,12.758346
IAH2_2022,GEMN-0097_PHK76_0039/LH244,12.771395
IAH2_2022,GEMN-0097_PHK76_0041/LH244,12.757392
IAH2_2022,GEMN-0097_PHK76_0048/LH244,12.771142
IAH2_2022,GEMN-0097_PHK76_0053/LH244,12.769381
IAH2_2022,GEMN-0097_PHK76_0055/LH244,12.76154
IAH2_2022,GEMN-0097_PHK76_0060/LH244,12.761072
IAH2_2022,GEMN-0097_PHN46_0001/LH244,12.750708
IAH2_2022,GEMN-0097_PHN46_0003/LH244,12.76563
IAH2_2022,GEMN-0097_PHN46_0004/LH244,12.764091
IAH2_2022,GEMN-0097_PHN46_0005/LH244,12.766731
IAH2_2022,GEMN-0097_PHN46_0007/LH244,12.768688
IAH2_2022,GEMN-0097_PHN46_0008/LH244,12.774897
IAH2_2022,GEMN-0097_PHN46_0009/LH244,12.760374
IAH2_2022,GEMN-0097_PHN46_0010/LH244,12.75719
IAH2_2022,GEMN-0097_PHN46_0011/LH244,12.74198
IAH2_2022,GEMN-0097_PHN46_0013/LH244,12.757971
IAH2_2022,GEMN-0097_PHN46_0014/LH244,12.754756
IAH2_2022,GEMN-0097_PHN46_0016/LH244,12.76163
IAH2_2022,GEMN-0097_PHN46_0018/LH244,12.759039
IAH2_2022,GEMN-0097_PHP02_0001/LH244,12.745312
IAH2_2022,GEMN-0097_PHP02_0002/LH244,12.760358
IAH2_2022,GEMN-0097_PHP02_0003/LH244,12.757545
IAH2_2022,GEMN-0097_PHP02_0005/LH244,12.753397
IAH2_2022,GEMN-0097_PHP02_0006/LH244,12.753018
IAH2_2022,GEMN-0097_PHP02_0007/LH244,12.765597
IAH2_2022,GEMN-0098/LH244,12.762325
IAH2_2022,GEMN-0104/LH244,12.746467
IAH2_2022,GEMN-0124/LH244,12.754992
IAH2_2022,GEMN-0135/LH244,12.761486
IAH2_2022,GEMN-0144/LH244,12.75815
IAH2_2022,GEMN-0157/LH244,12.757269
IAH2_2022,GEMN-0177/LH244,12.76575
IAH2_2022,GEMN-0178/LH244,12.769286
IAH2_2022,GEMN-0187/LH244,12.765353
IAH2_2022,GEMN-0192/LH244,12.757948
IAH2_2022,GEMN-0192_LH212HT_0001/LH244,12.758597
IAH2_2022,GEMN-0192_LH212HT_0002/LH244,12.771755
IAH2_2022,GEMN-0192_LH212HT_0006/LH244,12.779168
IAH2_2022,GEMN-0192_LH212HT_0007/LH244,12.757801
IAH2_2022,GEMN-0192_LH212HT_0008/LH244,12.775183
IAH2_2022,GEMN-0192_LH212HT_0010/LH244,12.759354
IAH2_2022,GEMN-0192_LH212HT_0011/LH244,12.768348
IAH2_2022,GEMN-0192_LH212HT_0012/LH244,12.760771
IAH2_2022,GEMN-0192_LH212HT_0013/LH244,12.749505
IAH2_2022,GEMN-0192_LH212HT_0014/LH244,12.752716
IAH2_2022,GEMN-0192_LH212HT_0015/LH244,12.753472
IAH2_2022,GEMN-0192_LH212HT_0016/LH244,12.760927
IAH2_2022,GEMN-0192_LH212HT_0018/LH244,12.762604
IAH2_2022,GEMN-0192_LH212HT_0021/LH244,12.755055
IAH2_2022,GEMN-0192_LH212HT_0023/LH244,12.748549
IAH2_2022,GEMN-0192_LH212HT_0026/LH244,12.754409
IAH2_2022,GEMN-0192_PHJ89_0001/LH244,12.762723
IAH2_2022,GEMN-0192_PHJ89_0002/LH244,12.752601
IAH2_2022,GEMN-0192_PHK76_0002/LH244,12.773345
IAH2_2022,GEMN-0192_PHK76_0004/LH244,12.76552
IAH2_2022,GEMN-0192_PHK76_0005/LH244,12.75923
IAH2_2022,GEMN-0192_PHK76_0006/LH244,12.753747
IAH2_2022,GEMN-0192_PHK76_0007/LH244,12.772377
IAH2_2022,GEMN-0192_PHK76_0008/LH244,12.762079
IAH2_2022,GEMN-0192_PHK76_0009/LH244,12.761969
IAH2_2022,GEMN-0192_PHK76_0010/LH244,12.748627
IAH2_2022,GEMN-0192_PHK76_0011/LH244,12.762983
IAH2_2022,GEMN-0192_PHK76_0012/LH244,12.755877
IAH2_2022,GEMN-0192_PHK76_0013/LH244,12.770192
IAH2_2022,GEMN-0192_PHK76_0014/LH244,12.775115
IAH2_2022,GEMN-0192_PHK76_0015/LH244,12.768576
IAH2_2022,GEMN-0192_PHK76_0016/LH244,12.761941
IAH2_2022,GEMN-0192_PHK76_0017/LH244,12.761805
IAH2_2022,GEMN-0192_PHK76_0018/LH244,12.768054
IAH2_2022,GEMN-0192_PHK76_0019/LH244,12.762081
IAH2_2022,GEMN-0192_PHK76_0021/LH244,12.759643
IAH2_2022,GEMN-0192_PHK76_0025/LH244,12.75275
IAH2_2022,GEMN-0192_PHK76_0027/LH244,12.754602
IAH2_2022,GEMN-0192_PHK76_0028/LH244,12.770603
IAH2_2022,GEMN-0192_PHK76_0030/LH244,12.763569
IAH2_2022,GEMN-0192_PHK76_0032/LH244,12.763923
IAH2_2022,GEMN-0192_PHK76_0033/LH244,12.75599
IAH2_2022,GEMN-0192_PHK76_0035/LH244,12.755902
IAH2_2022,GEMN-0192_PHK76_0036/LH244,12.76413
IAH2_2022,GEMN-0192_PHK76_0037/LH244,12.761387
IAH2_2022,GEMN-0192_PHK76_0041/LH244,12.759868
IAH2_2022,GEMN-0192_PHK76_0044/LH244,12.750605
IAH2_2022,GEMN-0192_PHK76_0045/LH244,12.759237
IAH2_2022,GEMN-0192_PHN46_0001/LH244,12.764448
IAH2_2022,GEMN-0192_PHN46_0002/LH244,12.774744
IAH2_2022,GEMN-0192_PHN46_0003/LH244,12.760227
IAH2_2022,GEMN-0192_PHN46_0004/LH244,12.7578
IAH2_2022,GEMN-0192_PHN46_0005/LH244,12.766294
IAH2_2022,GEMN-0192_PHN46_0006/LH244,12.750237
IAH2_2022,GEMN-0192_PHN46_0007/LH244,12.753386
IAH2_2022,GEMN-0192_PHN46_0008/LH244,12.764381
IAH2_2022,GEMN-0192_PHN46_0009/LH244,12.762463
IAH2_2022,GEMN-0192_PHN46_0010/LH244,12.771383
IAH2_2022,GEMN-0192_PHN46_0011/LH244,12.764205
IAH2_2022,GEMN-0192_PHN46_0012/LH244,12.746066
IAH2_2022,GEMN-0192_PHN46_0014/LH244,12.742332
IAH2_2022,GEMN-0192_PHN46_0015/LH244,12.768469
IAH2_2022,GEMN-0192_PHN46_0017/LH244,12.754931
IAH2_2022,GEMN-0192_PHN46_0018/LH244,12.76379
IAH2_2022,GEMN-0192_PHN46_0019/LH244,12.762346
IAH2_2022,GEMN-0192_PHN46_0020/LH244,12.763922
IAH2_2022,GEMN-0192_PHN46_0025/LH244,12.769379
IAH2_2022,GEMN-0192_PHP02_0001/LH244,12.769313
IAH2_2022,GEMN-0192_PHP02_0003/LH244,12.753007
IAH2_2022,GEMN-0207/LH244,12.77387
IAH2_2022,GEMN-0225/LH244,12.757811
IAH2_2022,GEMN-0225_LH212HT_0002/LH244,12.75774
IAH2_2022,GEMN-0225_LH212HT_0003/LH244,12.759521
IAH2_2022,GEMN-0225_LH212HT_0005/LH244,12.765284
IAH2_2022,GEMN-0225_LH212HT_0006/LH244,12.751592
IAH2_2022,GEMN-0225_LH212HT_0008/LH244,12.748293
IAH2_2022,GEMN-0225_LH212HT_0009/LH244,12.751212
IAH2_2022,GEMN-0225_LH212HT_0015/LH244,12.771036
IAH2_2022,GEMN-0225_LH212HT_0017/LH244,12.778545
IAH2_2022,GEMN-0225_LH212HT_0021/LH244,12.770884
IAH2_2022,GEMN-0225_LH212HT_0022/LH244,12.753311
IAH2_2022,GEMN-0225_LH212HT_0023/LH244,12.753086
IAH2_2022,GEMN-0225_LH212HT_0024/LH244,12.758202
IAH2_2022,GEMN-0225_LH212HT_0025/LH244,12.764315
IAH2_2022,GEMN-0225_LH212HT_0028/LH244,12.76237
IAH2_2022,GEMN-0225_LH212HT_0029/LH244,12.773407
IAH2_2022,GEMN-0225_LH212HT_0033/LH244,12.764634
IAH2_2022,GEMN-0225_LH212HT_0036/LH244,12.762522
IAH2_2022,GEMN-0225_LH212HT_0038/LH244,12.768459
IAH2_2022,GEMN-0225_LH212HT_0040/LH244,12.758525
IAH2_2022,GEMN-0225_LH212HT_0043/LH244,12.764315
IAH2_2022,GEMN-0225_PHJ89_0001/LH244,12.756786
IAH2_2022,GEMN-0225_PHJ89_0002/LH244,12.77063
IAH2_2022,GEMN-0225_PHJ89_0003/LH244,12.749648
IAH2_2022,GEMN-0225_PHJ89_0004/LH244,12.761411
IAH2_2022,GEMN-0225_PHJ89_0005/LH244,12.756144
IAH2_2022,GEMN-0225_PHJ89_0006/LH244,12.74599
IAH2_2022,GEMN-0225_PHJ89_0007/LH244,12.753991
IAH2_2022,GEMN-0225_PHJ89_0008/LH244,12.769467
IAH2_2022,GEMN-0225_PHJ89_0009/LH244,12.759303
IAH2_2022,GEMN-0225_PHJ89_0013/LH244,12.761916
IAH2_2022,GEMN-0225_PHJ89_0014/LH244,12.768696
IAH2_2022,GEMN-0225_PHJ89_0015/LH244,12.777633
IAH2_2022,GEMN-0225_PHJ89_0016/LH244,12.769609
IAH2_2022,GEMN-0225_PHJ89_0017/LH244,12.758907
IAH2_2022,GEMN-0225_PHJ89_0018/LH244,12.764327
IAH2_2022,GEMN-0225_PHJ89_0019/LH244,12.760171
IAH2_2022,GEMN-0225_PHJ89_0020/LH244,12.754446
IAH2_2022,GEMN-0225_PHJ89_0021/LH244,12.747939
IAH2_2022,GEMN-0225_PHJ89_0022/LH244,12.766488
IAH2_2022,GEMN-0225_PHJ89_0025/LH244,12.767956
IAH2_2022,GEMN-0225_PHJ89_0026/LH244,12.7575
IAH2_2022,GEMN-0225_PHJ89_0027/LH244,12.746571
IAH2_2022,GEMN-0225_PHJ89_0032/LH244,12.770804
IAH2_2022,GEMN-0225_PHK76_0001/LH244,12.768639
IAH2_2022,GEMN-0225_PHK76_0002/LH244,12.767431
IAH2_2022,GEMN-0225_PHK76_0003/LH244,12.760334
IAH2_2022,GEMN-0225_PHK76_0004/LH244,12.774217
IAH2_2022,GEMN-0225_PHK76_0005/LH244,12.770539
IAH2_2022,GEMN-0225_PHK76_0007/LH244,12.765024
IAH2_2022,GEMN-0225_PHK76_0008/LH244,12.75545
IAH2_2022,GEMN-0225_PHK76_0010/LH244,12.76464
IAH2_2022,GEMN-0225_PHK76_0012/LH244,12.76032
IAH2_2022,GEMN-0225_PHK76_0013/LH244,12.754889
IAH2_2022,GEMN-0225_PHK76_0014/LH244,12.747841
IAH2_2022,GEMN-0225_PHK76_0018/LH244,12.755265
IAH2_2022,GEMN-0225_PHK76_0019/LH244,12.772587
IAH2_2022,GEMN-0225_PHK76_0021/LH244,12.763678
IAH2_2022,GEMN-0225_PHK76_0022/LH244,12.767164
IAH2_2022,GEMN-0225_PHK76_0027/LH244,12.757288
IAH2_2022,GEMN-0225_PHK76_0028/LH244,12.774643
IAH2_2022,GEMN-0225_PHK76_0031/LH244,12.759302
IAH2_2022,GEMN-0225_PHK76_0032/LH244,12.769278
IAH2_2022,GEMN-0225_PHK76_0039/LH244,12.765093
IAH2_2022,GEMN-0225_PHN46_0001/LH244,12.760717
IAH2_2022,GEMN-0225_PHN46_0002/LH244,12.76012
IAH2_2022,GEMN-0225_PHN46_0003/LH244,12.765943
IAH2_2022,GEMN-0225_PHN46_0004/LH244,12.762348
IAH2_2022,GEMN-0225_PHN46_0005/LH244,12.750512
IAH2_2022,GEMN-0225_PHN46_0006/LH244,12.771189
IAH2_2022,GEMN-0225_PHN46_0008/LH244,12.770391
IAH2_2022,GEMN-0225_PHN46_0009/LH244,12.771681
IAH2_2022,GEMN-0225_PHN46_0014/LH244,12.765419
IAH2_2022,GEMN-0225_PHN46_0021/LH244,12.757499
IAH2_2022,GEMN-0225_PHP02_0001/LH244,12.758601
IAH2_2022,GEMN-0225_PHP02_0002/LH244,12.759724
IAH2_2022,GEMN-0225_PHP02_0003/LH244,12.770922
IAH2_2022,GEMN-0225_PHP02_0005/LH244,12.765203
IAH2_2022,GEMN-0225_PHP02_0006/LH244,12.749837
IAH2_2022,GEMN-0225_PHP02_0007/LH244,12.749364
IAH2_2022,GEMN-0225_PHP02_0008/LH244,12.768362
IAH2_2022,GEMN-0225_PHP02_0009/LH244,12.761579
IAH2_2022,GEMN-0225_PHP02_0010/LH244,12.755211
IAH2_2022,GEMN-0225_PHP02_0012/LH244,12.763385
IAH2_2022,GEMN-0225_PHP02_0013/LH244,12.766031
IAH2_2022,GEMN-0225_PHP02_0014/LH244,12.753243
IAH2_2022,GEMN-0225_PHP02_0015/LH244,12.747645
IAH2_2022,GEMN-0225_PHP02_0017/LH244,12.7667
IAH2_2022,GEMN-0232/LH244,12.757374
IAH2_2022,GEMN-0238/LH244,12.759552
IAH2_2022,GEMN-0257/LH244,12.765071
IAH2_2022,GEMN-0270/LH244,12.773343
IAH2_2022,GEMN-0271/LH244,12.765931
IAH2_2022,GEMN-0287/LH244,12.759879
IAH2_2022,LH185/LH244,13.014592
IAH2_2022,LH195/PHZ51,12.574019
IAH2_2022,LH212HT/LH244,12.858976
IAH2_2022,LH213/LH244,12.749676
IAH2_2022,LH216/LH244,12.724586
IAH2_2022,LH244/MO17,13.007474
IAH2_2022,LH244/PHK76,12.793637
IAH2_2022,LH244/PHZ51,12.69394
IAH2_2022,LH283/LH244,12.758741
IAH2_2022,LH287/LH244,12.777945
IAH2_2022,LH74/PHN82,12.64248
IAH2_2022,LH82/LH244,12.721632
IAH2_2022,M162W/LH244,12.762307
IAH2_2022,M37W/LH244,12.759792
IAH2_2022,MBUB/LH244,12.768499
IAH2_2022,MM501D/LH244,12.763678
IAH2_2022,MO17_PHW30-008-(2N)-01/LH244,12.754195
IAH2_2022,MO17_PHW30-200-(2N)-02/LH244,12.774733
IAH2_2022,MO17_PHW30-309-(2N)-01/LH244,12.759957
IAH2_2022,MO44/LH244,13.093272
IAH2_2022,MO44_LH145_0127/LH244,12.778078
IAH2_2022,MO44_LH145_0138/LH244,12.748862
IAH2_2022,MO44_PHG47_0072/LH244,12.759708
IAH2_2022,MO44_PHG47_0125/LH244,12.777183
IAH2_2022,MO44_PHW65_0025/LH244,12.805763
IAH2_2022,MO44_PHW65_0035/LH244,12.580349
IAH2_2022,MOG/LH244,12.676733
IAH2_2022,MS71/LH244,12.759731
IAH2_2022,NC350/LH244,12.77313
IAH2_2022,NC358/LH244,12.759001
IAH2_2022,NC360/LH244,12.747901
IAH2_2022,NC366/LH244,12.764605
IAH2_2022,NC370/LH244,12.760853
IAH2_2022,NC374/LH244,12.760218
IAH2_2022,NC378/LH244,12.748579
IAH2_2022,NC386/LH244,12.757467
IAH2_2022,NC388/LH244,12.750113
IAH2_2022,NC398/LH244,12.771461
IAH2_2022,NC406/LH244,12.775836
IAH2_2022,NC426/LH244,12.745937
IAH2_2022,NC428/LH244,12.764262
IAH2_2022,NC438/LH244,12.77324
IAH2_2022,NC454/LH244,12.749735
IAH2_2022,NC456/LH244,12.761606
IAH2_2022,NC458/LH244,12.766218
IAH2_2022,NC508/LH244,12.755686
IAH2_2022,NC512/LH244,12.774844
IAH2_2022,NC524/LH244,12.761941
IAH2_2022,NC528/LH244,12.767163
IAH2_2022,NC530/LH244,12.772748
IAH2_2022,NC540/LH244,12.75986
IAH2_2022,NC542/LH244,12.768434
IAH2_2022,NC546/LH244,12.75666
IAH2_2022,NC548/LH244,12.759664
IAH2_2022,NKH8431/LH244,12.826852
IAH2_2022,OH43/LH244,12.762554
IAH2_2022,PH207/LH244,12.75255
IAH2_2022,PH24E/LH244,12.757603
IAH2_2022,PHAP9/LH244,12.756695
IAH2_2022,PHB47/LH244,12.788466
IAH2_2022,PHB47/PHN82,12.795321
IAH2_2022,PHB47/PHZ51,12.445663
IAH2_2022,PHG29/PHG47,12.184221
IAH2_2022,PHG35/LH244,12.775463
IAH2_2022,PHG39/PHN82,12.705543
IAH2_2022,PHG47/LH244,12.742289
IAH2_2022,PHJ40/PHAJ0,11.230332
IAH2_2022,PHJ89/LH244,12.774223
IAH2_2022,PHJ90/LH244,12.774105
IAH2_2022,PHK56/LH244,12.854423
IAH2_2022,PHKE6/LH244,12.776387
IAH2_2022,PHN11/LH244,12.905179
IAH2_2022,PHN11_LH145_0005/LH244,12.767749
IAH2_2022,PHN11_LH145_0028/LH244,12.764805
IAH2_2022,PHN11_LH145_0085/LH244,12.765203
IAH2_2022,PHN11_OH43_0001/LH244,12.737451
IAH2_2022,PHN11_OH43_0075/LH244,12.764828
IAH2_2022,PHN11_OH43_0088/LH244,12.76104
IAH2_2022,PHN11_PHG47_0251/LH244,12.682825
IAH2_2022,PHN11_PHG47_0287/LH244,12.760173
IAH2_2022,PHN11_PHW65_0312/LH244,13.011104
IAH2_2022,PHN11_PHW65_0323/LH244,13.011901
IAH2_2022,PHN11_PHW65_0359/LH244,12.697011
IAH2_2022,PHN46/LH244,12.774835
IAH2_2022,PHP02/LH244,12.747573
IAH2_2022,PHP55/LH244,12.762176
IAH2_2022,PHR03/LH244,12.760953
IAH2_2022,PHRE1/PHTD5,12.181661
IAH2_2022,PHW30/LH244,12.761412
IAH2_2022,PHW30_MO17-010-(2N)-01/LH244,12.759894
IAH2_2022,PHW30_MO17-032-(2N)-01/LH244,12.750788
IAH2_2022,PHW30_MO17-095-(2N)-01/LH244,12.752125
IAH2_2022,PHW30_MO17-129-(2N)-01/LH244,12.771362
IAH2_2022,PHW30_MO17-178-(2N)-01/LH244,12.770476
IAH2_2022,PHW30_MO17-234-(2N)-02/LH244,12.769972
IAH2_2022,PHW30_MO17-299-(2N)-01/LH244,12.755113
IAH2_2022,PHW52/PHM49,12.523777
IAH2_2022,PHW52/PHN82,12.82685
IAH2_2022,PHW65/LH244,12.945686
IAH2_2022,PHW65_MOG_0137/LH244,12.986767
IAH2_2022,PHW65_MOG_0176/LH244,12.716026
IAH2_2022,PHW65_MOG_0271/LH244,12.839033
IAH2_2022,TX714/TX779,12.423552
IAH2_2022,TX777/LH195,12.482847
IAH2_2022,TX779/LH195,12.528979
IAH2_2022,TX951/LH195,12.443156
IAH2_2022,W10001_0003/LH244,12.758948
IAH2_2022,W10001_0007/LH244,12.759901
IAH2_2022,W10001_0008/LH244,12.757043
IAH2_2022,W10001_0009/LH244,12.746561
IAH2_2022,W10001_0010/LH244,12.766417
IAH2_2022,W10001_0011/LH244,12.761402
IAH2_2022,W10001_0012/LH244,12.761679
IAH2_2022,W10001_0013/LH244,12.761309
IAH2_2022,W10001_0014/LH244,12.773425
IAH2_2022,W10001_0016/LH244,12.753121
IAH2_2022,W10001_0017/LH244,12.751251
IAH2_2022,W10001_0018/LH244,12.756432
IAH2_2022,W10001_0019/LH244,12.759123
IAH2_2022,W10001_0021/LH244,12.764671
IAH2_2022,W10001_0022/LH244,12.553041
IAH2_2022,W10001_0023/LH244,12.754076
IAH2_2022,W10001_0029/LH244,12.756588
IAH2_2022,W10001_0030/LH244,12.768931
IAH2_2022,W10001_0031/LH244,12.766657
IAH2_2022,W10001_0033/LH244,12.762386
IAH2_2022,W10001_0036/LH244,12.761726
IAH2_2022,W10001_0040/LH244,12.75269
IAH2_2022,W10001_0047/LH244,12.757545
IAH2_2022,W10002_0002/LH244,12.760367
IAH2_2022,W10005_0029/LH244,12.767849
IAH2_2022,W10005_0107/LH244,12.687102
IAH2_2022,W10005_0111/LH244,12.755894
IAH2_2022,W10005_0147/LH244,12.736546
IAH2_2022,W10005_0220/LH244,12.748634
IAH2_2022,W10010_0018/LH244,12.763319
IAH2_2022,W10010_0032/LH244,12.76201
IAH2_2022,W10010_0084/LH244,12.748972
IAH2_2022,W10010_0093/LH244,12.758033
IAH2_2022,W10010_0101/LH244,12.766268
IAH2_2022,W10010_0118/LH244,12.778797
IAH2_2022,W10010_0124/LH244,12.766804
IAH2_2022,W10010_0148/LH244,12.77176
IAH2_2022,W10010_0170/LH244,12.758276
IAH2_2022,W10010_0188/LH244,12.756283
IAH2_2022,W10010_0189/LH244,12.760746
IAH2_2022,W10010_0215/LH244,12.766141
IAH2_2022,W10010_0239/LH244,12.767793
IAH2_2022,W10010_0279/LH244,12.763788
IAH2_2022,W10010_0294/LH244,12.758965
IAH2_2022,W10010_0310/LH244,12.771238
IAH2_2022,W10010_0311/LH244,12.752148
IAH2_2022,W10010_0337/LH244,12.768081
IAH2_2022,W10010_0346/LH244,12.768301
IAH2_2022,W10010_0358/LH244,12.768863
IAH2_2022,W10010_0366/LH244,12.768545
IAH2_2022,W10010_0381/LH244,12.767385
IAH2_2022,W10010_0452/LH244,12.770365
IAH2_2022,W10010_0464/LH244,12.752911
IAH2_2022,W22/LH244,12.763505
IAH3_2022,B14A/H95,11.288691
IAH3_2022,B14A/MO17,11.324684
IAH3_2022,B14A/OH43,11.452126
IAH3_2022,B37/H95,11.371866
IAH3_2022,B37/MO17,11.452126
IAH3_2022,B37/OH43,11.433889
IAH3_2022,B73/MO17,12.266781
IAH3_2022,B73/PHM49,12.226719
IAH3_2022,B73/PHN82,12.34523
IAH3_2022,B73/TX779,11.344063
IAH3_2022,B97/LH244,12.24115
IAH3_2022,BGEM-0039-N/LH244,11.918054
IAH3_2022,BGEM-0063-N/LH244,12.345406
IAH3_2022,BGEM-0089-N/LH244,12.01548
IAH3_2022,BGEM-0124-N/LH244,12.006298
IAH3_2022,BGEM-0129-N/LH244,9.616935
IAH3_2022,CG119/CG108,5.977673
IAH3_2022,CG44/CGR01,11.276991
IAH3_2022,DK3IIH6/LH244,12.598553
IAH3_2022,DK78010/LH244,12.33103
IAH3_2022,F42/H95,11.870545
IAH3_2022,F42/MO17,12.193535
IAH3_2022,F42/OH43,11.859591
IAH3_2022,GEMN-0096/LH244,12.324405
IAH3_2022,GEMN-0096_LH212HT_0001/LH244,12.310415
IAH3_2022,GEMN-0096_LH212HT_0002/LH244,12.322902
IAH3_2022,GEMN-0096_LH212HT_0003/LH244,12.310397
IAH3_2022,GEMN-0096_LH212HT_0004/LH244,12.320075
IAH3_2022,GEMN-0096_LH212HT_0005/LH244,12.339529
IAH3_2022,GEMN-0096_LH212HT_0006/LH244,12.308701
IAH3_2022,GEMN-0096_LH212HT_0008/LH244,12.31619
IAH3_2022,GEMN-0096_LH212HT_0009/LH244,12.31159
IAH3_2022,GEMN-0096_LH212HT_0010/LH244,12.331751
IAH3_2022,GEMN-0096_LH212HT_0011/LH244,12.32013
IAH3_2022,GEMN-0096_LH212HT_0012/LH244,12.30786
IAH3_2022,GEMN-0096_LH212HT_0013/LH244,12.329793
IAH3_2022,GEMN-0096_LH212HT_0017/LH244,12.331057
IAH3_2022,GEMN-0096_LH212HT_0020/LH244,12.320526
IAH3_2022,GEMN-0096_LH212HT_0021/LH244,12.323101
IAH3_2022,GEMN-0096_LH212HT_0027/LH244,12.317969
IAH3_2022,GEMN-0096_PHJ89_0001/LH244,12.311689
IAH3_2022,GEMN-0096_PHJ89_0002/LH244,12.326506
IAH3_2022,GEMN-0096_PHJ89_0006/LH244,12.317257
IAH3_2022,GEMN-0096_PHJ89_0007/LH244,12.316732
IAH3_2022,GEMN-0096_PHJ89_0009/LH244,12.308147
IAH3_2022,GEMN-0096_PHJ89_0010/LH244,12.32533
IAH3_2022,GEMN-0096_PHJ89_0011/LH244,12.314075
IAH3_2022,GEMN-0096_PHJ89_0012/LH244,12.322673
IAH3_2022,GEMN-0096_PHJ89_0013/LH244,12.330675
IAH3_2022,GEMN-0096_PHJ89_0014/LH244,12.330948
IAH3_2022,GEMN-0096_PHJ89_0016/LH244,12.305932
IAH3_2022,GEMN-0096_PHJ89_0017/LH244,12.337366
IAH3_2022,GEMN-0096_PHK76_0001/LH244,12.320562
IAH3_2022,GEMN-0096_PHK76_0002/LH244,12.309105
IAH3_2022,GEMN-0096_PHK76_0003/LH244,12.317846
IAH3_2022,GEMN-0096_PHK76_0004/LH244,12.333748
IAH3_2022,GEMN-0096_PHK76_0006/LH244,12.33781
IAH3_2022,GEMN-0096_PHK76_0007/LH244,12.313332
IAH3_2022,GEMN-0096_PHK76_0008/LH244,12.317984
IAH3_2022,GEMN-0096_PHK76_0009/LH244,12.31427
IAH3_2022,GEMN-0096_PHK76_0010/LH244,12.318436
IAH3_2022,GEMN-0096_PHK76_0013/LH244,12.30751
IAH3_2022,GEMN-0096_PHK76_0015/LH244,12.305815
IAH3_2022,GEMN-0096_PHK76_0016/LH244,12.311343
IAH3_2022,GEMN-0096_PHN46_0001/LH244,12.317172
IAH3_2022,GEMN-0096_PHN46_0002/LH244,12.299224
IAH3_2022,GEMN-0096_PHN46_0003/LH244,12.308509
IAH3_2022,GEMN-0096_PHN46_0004/LH244,12.307433
IAH3_2022,GEMN-0096_PHN46_0005/LH244,12.317924
IAH3_2022,GEMN-0096_PHN46_0007/LH244,12.310586
IAH3_2022,GEMN-0096_PHN46_0008/LH244,12.316817
IAH3_2022,GEMN-0096_PHN46_0009/LH244,12.300065
IAH3_2022,GEMN-0096_PHN46_0010/LH244,12.313595
IAH3_2022,GEMN-0096_PHN46_0011/LH244,12.335817
IAH3_2022,GEMN-0096_PHN46_0012/LH244,12.336638
IAH3_2022,GEMN-0096_PHN46_0013/LH244,12.300902
IAH3_2022,GEMN-0096_PHN46_0014/LH244,12.311707
IAH3_2022,GEMN-0096_PHN46_0018/LH244,12.311371
IAH3_2022,GEMN-0096_PHN46_0020/LH244,12.307788
IAH3_2022,GEMN-0096_PHN46_0023/LH244,12.311926
IAH3_2022,GEMN-0096_PHP02_0001/LH244,12.320375
IAH3_2022,GEMN-0096_PHP02_0002/LH244,12.317271
IAH3_2022,GEMN-0096_PHP02_0003/LH244,12.327857
IAH3_2022,GEMN-0096_PHP02_0004/LH244,12.318185
IAH3_2022,GEMN-0096_PHP02_0005/LH244,12.326923
IAH3_2022,GEMN-0096_PHP02_0006/LH244,12.316944
IAH3_2022,GEMN-0096_PHP02_0007/LH244,12.304738
IAH3_2022,GEMN-0096_PHP02_0008/LH244,12.328954
IAH3_2022,GEMN-0096_PHP02_0009/LH244,12.327987
IAH3_2022,GEMN-0096_PHP02_0010/LH244,12.320482
IAH3_2022,GEMN-0096_PHP02_0011/LH244,12.319239
IAH3_2022,GEMN-0096_PHP02_0012/LH244,12.31624
IAH3_2022,GEMN-0096_PHP02_0015/LH244,12.322487
IAH3_2022,GEMN-0096_PHP02_0016/LH244,12.312781
IAH3_2022,GEMN-0096_PHP02_0017/LH244,12.32636
IAH3_2022,GEMN-0096_PHP02_0022/LH244,12.312938
IAH3_2022,GEMN-0096_PHP02_0025/LH244,12.336395
IAH3_2022,GEMN-0096_PHP02_0030/LH244,12.320087
IAH3_2022,GEMN-0097/LH244,12.320637
IAH3_2022,GEMN-0097_LH212HT_0002/LH244,12.33694
IAH3_2022,GEMN-0097_LH212HT_0004/LH244,12.310966
IAH3_2022,GEMN-0097_LH212HT_0018/LH244,12.319403
IAH3_2022,GEMN-0097_LH212HT_0019/LH244,12.322142
IAH3_2022,GEMN-0097_LH212HT_0020/LH244,12.33114
IAH3_2022,GEMN-0097_LH212HT_0023/LH244,12.332615
IAH3_2022,GEMN-0097_LH212HT_0026/LH244,12.323877
IAH3_2022,GEMN-0097_LH212HT_0032/LH244,12.333181
IAH3_2022,GEMN-0097_LH212HT_0034/LH244,12.323202
IAH3_2022,GEMN-0097_LH212HT_0039/LH244,12.31838
IAH3_2022,GEMN-0097_LH212HT_0046/LH244,12.32275
IAH3_2022,GEMN-0097_LH212HT_0047/LH244,12.327332
IAH3_2022,GEMN-0097_LH212HT_0051/LH244,12.313553
IAH3_2022,GEMN-0097_LH212HT_0054/LH244,12.308923
IAH3_2022,GEMN-0097_LH212HT_0058/LH244,12.317839
IAH3_2022,GEMN-0097_LH212HT_0061/LH244,12.308626
IAH3_2022,GEMN-0097_LH212HT_0062/LH244,12.324885
IAH3_2022,GEMN-0097_LH212HT_0069/LH244,12.315572
IAH3_2022,GEMN-0097_LH212HT_0074/LH244,12.314994
IAH3_2022,GEMN-0097_LH212HT_0078/LH244,12.320552
IAH3_2022,GEMN-0097_LH212HT_0085/LH244,12.311342
IAH3_2022,GEMN-0097_LH212HT_0090/LH244,12.322688
IAH3_2022,GEMN-0097_PHJ89_0001/LH244,12.310425
IAH3_2022,GEMN-0097_PHJ89_0002/LH244,12.320053
IAH3_2022,GEMN-0097_PHJ89_0003/LH244,12.323137
IAH3_2022,GEMN-0097_PHJ89_0004/LH244,12.314991
IAH3_2022,GEMN-0097_PHJ89_0005/LH244,12.307787
IAH3_2022,GEMN-0097_PHJ89_0006/LH244,12.315023
IAH3_2022,GEMN-0097_PHJ89_0007/LH244,12.320976
IAH3_2022,GEMN-0097_PHJ89_0008/LH244,12.325005
IAH3_2022,GEMN-0097_PHJ89_0010/LH244,12.334002
IAH3_2022,GEMN-0097_PHJ89_0011/LH244,12.316292
IAH3_2022,GEMN-0097_PHJ89_0012/LH244,12.332049
IAH3_2022,GEMN-0097_PHJ89_0013/LH244,12.323227
IAH3_2022,GEMN-0097_PHJ89_0016/LH244,12.332818
IAH3_2022,GEMN-0097_PHJ89_0020/LH244,12.317112
IAH3_2022,GEMN-0097_PHJ89_0023/LH244,12.326601
IAH3_2022,GEMN-0097_PHJ89_0025/LH244,12.307528
IAH3_2022,GEMN-0097_PHJ89_0026/LH244,12.32806
IAH3_2022,GEMN-0097_PHJ89_0027/LH244,12.308197
IAH3_2022,GEMN-0097_PHJ89_0028/LH244,12.320952
IAH3_2022,GEMN-0097_PHJ89_0029/LH244,12.322802
IAH3_2022,GEMN-0097_PHJ89_0033/LH244,12.322367
IAH3_2022,GEMN-0097_PHJ89_0036/LH244,12.309607
IAH3_2022,GEMN-0097_PHJ89_0039/LH244,12.310286
IAH3_2022,GEMN-0097_PHK76_0002/LH244,12.327019
IAH3_2022,GEMN-0097_PHK76_0003/LH244,12.323776
IAH3_2022,GEMN-0097_PHK76_0007/LH244,12.312757
IAH3_2022,GEMN-0097_PHK76_0009/LH244,12.323301
IAH3_2022,GEMN-0097_PHK76_0010/LH244,12.309692
IAH3_2022,GEMN-0097_PHK76_0011/LH244,12.320331
IAH3_2022,GEMN-0097_PHK76_0012/LH244,12.322332
IAH3_2022,GEMN-0097_PHK76_0014/LH244,12.323172
IAH3_2022,GEMN-0097_PHK76_0015/LH244,12.322771
IAH3_2022,GEMN-0097_PHK76_0018/LH244,12.310331
IAH3_2022,GEMN-0097_PHK76_0021/LH244,12.309456
IAH3_2022,GEMN-0097_PHK76_0023/LH244,12.311789
IAH3_2022,GEMN-0097_PHK76_0029/LH244,12.322443
IAH3_2022,GEMN-0097_PHK76_0032/LH244,12.319348
IAH3_2022,GEMN-0097_PHK76_0036/LH244,12.329981
IAH3_2022,GEMN-0097_PHK76_0037/LH244,12.335899
IAH3_2022,GEMN-0097_PHK76_0038/LH244,12.317635
IAH3_2022,GEMN-0097_PHK76_0039/LH244,12.333428
IAH3_2022,GEMN-0097_PHK76_0041/LH244,12.316481
IAH3_2022,GEMN-0097_PHK76_0048/LH244,12.333122
IAH3_2022,GEMN-0097_PHK76_0052/LH244,12.305431
IAH3_2022,GEMN-0097_PHK76_0053/LH244,12.33099
IAH3_2022,GEMN-0097_PHK76_0055/LH244,12.321502
IAH3_2022,GEMN-0097_PHK76_0060/LH244,12.320934
IAH3_2022,GEMN-0097_PHN46_0001/LH244,12.308392
IAH3_2022,GEMN-0097_PHN46_0002/LH244,12.302488
IAH3_2022,GEMN-0097_PHN46_0003/LH244,12.32645
IAH3_2022,GEMN-0097_PHN46_0004/LH244,12.324589
IAH3_2022,GEMN-0097_PHN46_0005/LH244,12.327784
IAH3_2022,GEMN-0097_PHN46_0006/LH244,12.324181
IAH3_2022,GEMN-0097_PHN46_0007/LH244,12.330153
IAH3_2022,GEMN-0097_PHN46_0008/LH244,12.337666
IAH3_2022,GEMN-0097_PHN46_0009/LH244,12.32009
IAH3_2022,GEMN-0097_PHN46_0010/LH244,12.316236
IAH3_2022,GEMN-0097_PHN46_0011/LH244,12.297827
IAH3_2022,GEMN-0097_PHN46_0013/LH244,12.317182
IAH3_2022,GEMN-0097_PHN46_0014/LH244,12.313291
IAH3_2022,GEMN-0097_PHN46_0016/LH244,12.32161
IAH3_2022,GEMN-0097_PHN46_0018/LH244,12.318474
IAH3_2022,GEMN-0097_PHP02_0001/LH244,12.301861
IAH3_2022,GEMN-0097_PHP02_0002/LH244,12.32007
IAH3_2022,GEMN-0097_PHP02_0003/LH244,12.316666
IAH3_2022,GEMN-0097_PHP02_0005/LH244,12.311646
IAH3_2022,GEMN-0097_PHP02_0006/LH244,12.311188
IAH3_2022,GEMN-0097_PHP02_0007/LH244,12.326412
IAH3_2022,GEMN-0098/LH244,12.322451
IAH3_2022,GEMN-0104/LH244,12.303259
IAH3_2022,GEMN-0124/LH244,12.313578
IAH3_2022,GEMN-0135/LH244,12.321436
IAH3_2022,GEMN-0144/LH244,12.317398
IAH3_2022,GEMN-0157/LH244,12.316333
IAH3_2022,GEMN-0177/LH244,12.326596
IAH3_2022,GEMN-0178/LH244,12.330876
IAH3_2022,GEMN-0187/LH244,12.326117
IAH3_2022,GEMN-0192/LH244,12.317153
IAH3_2022,GEMN-0192_LH212HT_0001/LH244,12.31794
IAH3_2022,GEMN-0192_LH212HT_0002/LH244,12.333863
IAH3_2022,GEMN-0192_LH212HT_0006/LH244,12.342835
IAH3_2022,GEMN-0192_LH212HT_0007/LH244,12.316977
IAH3_2022,GEMN-0192_LH212HT_0008/LH244,12.338013
IAH3_2022,GEMN-0192_LH212HT_0010/LH244,12.318854
IAH3_2022,GEMN-0192_LH212HT_0011/LH244,12.329741
IAH3_2022,GEMN-0192_LH212HT_0012/LH244,12.32057
IAH3_2022,GEMN-0192_LH212HT_0013/LH244,12.306935
IAH3_2022,GEMN-0192_LH212HT_0014/LH244,12.310822
IAH3_2022,GEMN-0192_LH212HT_0015/LH244,12.311737
IAH3_2022,GEMN-0192_LH212HT_0016/LH244,12.320759
IAH3_2022,GEMN-0192_LH212HT_0018/LH244,12.322789
IAH3_2022,GEMN-0192_LH212HT_0021/LH244,12.313653
IAH3_2022,GEMN-0192_LH212HT_0023/LH244,12.305779
IAH3_2022,GEMN-0192_LH212HT_0026/LH244,12.31287
IAH3_2022,GEMN-0192_PHJ89_0001/LH244,12.322933
IAH3_2022,GEMN-0192_PHJ89_0002/LH244,12.310682
IAH3_2022,GEMN-0192_PHK76_0002/LH244,12.335789
IAH3_2022,GEMN-0192_PHK76_0004/LH244,12.326319
IAH3_2022,GEMN-0192_PHK76_0005/LH244,12.318705
IAH3_2022,GEMN-0192_PHK76_0006/LH244,12.312069
IAH3_2022,GEMN-0192_PHK76_0007/LH244,12.334616
IAH3_2022,GEMN-0192_PHK76_0008/LH244,12.322154
IAH3_2022,GEMN-0192_PHK76_0009/LH244,12.32202
IAH3_2022,GEMN-0192_PHK76_0010/LH244,12.305874
IAH3_2022,GEMN-0192_PHK76_0011/LH244,12.323248
IAH3_2022,GEMN-0192_PHK76_0012/LH244,12.314648
IAH3_2022,GEMN-0192_PHK76_0013/LH244,12.331972
IAH3_2022,GEMN-0192_PHK76_0014/LH244,12.337932
IAH3_2022,GEMN-0192_PHK76_0015/LH244,12.330016
IAH3_2022,GEMN-0192_PHK76_0016/LH244,12.321985
IAH3_2022,GEMN-0192_PHK76_0017/LH244,12.321821
IAH3_2022,GEMN-0192_PHK76_0018/LH244,12.329385
IAH3_2022,GEMN-0192_PHK76_0019/LH244,12.322155
IAH3_2022,GEMN-0192_PHK76_0021/LH244,12.319204
IAH3_2022,GEMN-0192_PHK76_0025/LH244,12.310864
IAH3_2022,GEMN-0192_PHK76_0027/LH244,12.313105
IAH3_2022,GEMN-0192_PHK76_0028/LH244,12.33247
IAH3_2022,GEMN-0192_PHK76_0030/LH244,12.323957
IAH3_2022,GEMN-0192_PHK76_0032/LH244,12.324385
IAH3_2022,GEMN-0192_PHK76_0033/LH244,12.314784
IAH3_2022,GEMN-0192_PHK76_0035/LH244,12.314677
IAH3_2022,GEMN-0192_PHK76_0036/LH244,12.324636
IAH3_2022,GEMN-0192_PHK76_0037/LH244,12.321316
IAH3_2022,GEMN-0192_PHK76_0041/LH244,12.319477
IAH3_2022,GEMN-0192_PHK76_0044/LH244,12.308266
IAH3_2022,GEMN-0192_PHK76_0045/LH244,12.318713
IAH3_2022,GEMN-0192_PHN46_0001/LH244,12.325021
IAH3_2022,GEMN-0192_PHN46_0002/LH244,12.337482
IAH3_2022,GEMN-0192_PHN46_0003/LH244,12.319912
IAH3_2022,GEMN-0192_PHN46_0004/LH244,12.316976
IAH3_2022,GEMN-0192_PHN46_0005/LH244,12.327255
IAH3_2022,GEMN-0192_PHN46_0006/LH244,12.307821
IAH3_2022,GEMN-0192_PHN46_0008/LH244,12.32494
IAH3_2022,GEMN-0192_PHN46_0009/LH244,12.322618
IAH3_2022,GEMN-0192_PHN46_0010/LH244,12.333413
IAH3_2022,GEMN-0192_PHN46_0011/LH244,12.324726
IAH3_2022,GEMN-0192_PHN46_0012/LH244,12.302773
IAH3_2022,GEMN-0192_PHN46_0014/LH244,12.298255
IAH3_2022,GEMN-0192_PHN46_0015/LH244,12.329886
IAH3_2022,GEMN-0192_PHN46_0017/LH244,12.313502
IAH3_2022,GEMN-0192_PHN46_0018/LH244,12.324224
IAH3_2022,GEMN-0192_PHN46_0019/LH244,12.322476
IAH3_2022,GEMN-0192_PHN46_0020/LH244,12.324384
IAH3_2022,GEMN-0192_PHN46_0025/LH244,12.330988
IAH3_2022,GEMN-0192_PHP02_0001/LH244,12.330908
IAH3_2022,GEMN-0192_PHP02_0003/LH244,12.311174
IAH3_2022,GEMN-0207/LH244,12.336424
IAH3_2022,GEMN-0225/LH244,12.316988
IAH3_2022,GEMN-0225_LH212HT_0002/LH244,12.316902
IAH3_2022,GEMN-0225_LH212HT_0003/LH244,12.319057
IAH3_2022,GEMN-0225_LH212HT_0005/LH244,12.326032
IAH3_2022,GEMN-0225_LH212HT_0006/LH244,12.309462
IAH3_2022,GEMN-0225_LH212HT_0008/LH244,12.30547
IAH3_2022,GEMN-0225_LH212HT_0009/LH244,12.309002
IAH3_2022,GEMN-0225_LH212HT_0015/LH244,12.332994
IAH3_2022,GEMN-0225_LH212HT_0017/LH244,12.342083
IAH3_2022,GEMN-0225_LH212HT_0021/LH244,12.332809
IAH3_2022,GEMN-0225_LH212HT_0022/LH244,12.311543
IAH3_2022,GEMN-0225_LH212HT_0023/LH244,12.31127
IAH3_2022,GEMN-0225_LH212HT_0024/LH244,12.317461
IAH3_2022,GEMN-0225_LH212HT_0025/LH244,12.324859
IAH3_2022,GEMN-0225_LH212HT_0028/LH244,12.322506
IAH3_2022,GEMN-0225_LH212HT_0029/LH244,12.335863
IAH3_2022,GEMN-0225_LH212HT_0033/LH244,12.325246
IAH3_2022,GEMN-0225_LH212HT_0036/LH244,12.322689
IAH3_2022,GEMN-0225_LH212HT_0038/LH244,12.329875
IAH3_2022,GEMN-0225_LH212HT_0040/LH244,12.317852
IAH3_2022,GEMN-0225_LH212HT_0043/LH244,12.324859
IAH3_2022,GEMN-0225_PHJ89_0001/LH244,12.315748
IAH3_2022,GEMN-0225_PHJ89_0002/LH244,12.332501
IAH3_2022,GEMN-0225_PHJ89_0003/LH244,12.307109
IAH3_2022,GEMN-0225_PHJ89_0004/LH244,12.321345
IAH3_2022,GEMN-0225_PHJ89_0005/LH244,12.31497
IAH3_2022,GEMN-0225_PHJ89_0006/LH244,12.302681
IAH3_2022,GEMN-0225_PHJ89_0007/LH244,12.312365
IAH3_2022,GEMN-0225_PHJ89_0008/LH244,12.331096
IAH3_2022,GEMN-0225_PHJ89_0009/LH244,12.318794
IAH3_2022,GEMN-0225_PHJ89_0013/LH244,12.321957
IAH3_2022,GEMN-0225_PHJ89_0014/LH244,12.330162
IAH3_2022,GEMN-0225_PHJ89_0015/LH244,12.340979
IAH3_2022,GEMN-0225_PHJ89_0016/LH244,12.331267
IAH3_2022,GEMN-0225_PHJ89_0017/LH244,12.318315
IAH3_2022,GEMN-0225_PHJ89_0018/LH244,12.324874
IAH3_2022,GEMN-0225_PHJ89_0019/LH244,12.319844
IAH3_2022,GEMN-0225_PHJ89_0020/LH244,12.312916
IAH3_2022,GEMN-0225_PHJ89_0021/LH244,12.30504
IAH3_2022,GEMN-0225_PHJ89_0022/LH244,12.32749
IAH3_2022,GEMN-0225_PHJ89_0025/LH244,12.329266
IAH3_2022,GEMN-0225_PHJ89_0026/LH244,12.316612
IAH3_2022,GEMN-0225_PHJ89_0027/LH244,12.303384
IAH3_2022,GEMN-0225_PHJ89_0032/LH244,12.332713
IAH3_2022,GEMN-0225_PHK76_0001/LH244,12.330091
IAH3_2022,GEMN-0225_PHK76_0002/LH244,12.328631
IAH3_2022,GEMN-0225_PHK76_0003/LH244,12.320042
IAH3_2022,GEMN-0225_PHK76_0004/LH244,12.336843
IAH3_2022,GEMN-0225_PHK76_0005/LH244,12.332394
IAH3_2022,GEMN-0225_PHK76_0007/LH244,12.325718
IAH3_2022,GEMN-0225_PHK76_0008/LH244,12.314131
IAH3_2022,GEMN-0225_PHK76_0010/LH244,12.325253
IAH3_2022,GEMN-0225_PHK76_0012/LH244,12.320024
IAH3_2022,GEMN-0225_PHK76_0013/LH244,12.313452
IAH3_2022,GEMN-0225_PHK76_0014/LH244,12.304921
IAH3_2022,GEMN-0225_PHK76_0018/LH244,12.313908
IAH3_2022,GEMN-0225_PHK76_0019/LH244,12.33487
IAH3_2022,GEMN-0225_PHK76_0021/LH244,12.324088
IAH3_2022,GEMN-0225_PHK76_0022/LH244,12.328308
IAH3_2022,GEMN-0225_PHK76_0027/LH244,12.316356
IAH3_2022,GEMN-0225_PHK76_0028/LH244,12.337358
IAH3_2022,GEMN-0225_PHK76_0031/LH244,12.318792
IAH3_2022,GEMN-0225_PHK76_0032/LH244,12.330866
IAH3_2022,GEMN-0225_PHK76_0039/LH244,12.325802
IAH3_2022,GEMN-0225_PHN46_0001/LH244,12.320506
IAH3_2022,GEMN-0225_PHN46_0003/LH244,12.32683
IAH3_2022,GEMN-0225_PHN46_0004/LH244,12.322479
IAH3_2022,GEMN-0225_PHN46_0005/LH244,12.308154
IAH3_2022,GEMN-0225_PHN46_0006/LH244,12.333179
IAH3_2022,GEMN-0225_PHN46_0008/LH244,12.332213
IAH3_2022,GEMN-0225_PHN46_0009/LH244,12.333775
IAH3_2022,GEMN-0225_PHN46_0014/LH244,12.326196
IAH3_2022,GEMN-0225_PHN46_0021/LH244,12.31661
IAH3_2022,GEMN-0225_PHP02_0001/LH244,12.317944
IAH3_2022,GEMN-0225_PHP02_0002/LH244,12.319303
IAH3_2022,GEMN-0225_PHP02_0003/LH244,12.332856
IAH3_2022,GEMN-0225_PHP02_0005/LH244,12.325935
IAH3_2022,GEMN-0225_PHP02_0006/LH244,12.307337
IAH3_2022,GEMN-0225_PHP02_0007/LH244,12.306765
IAH3_2022,GEMN-0225_PHP02_0008/LH244,12.329757
IAH3_2022,GEMN-0225_PHP02_0009/LH244,12.321548
IAH3_2022,GEMN-0225_PHP02_0010/LH244,12.313841
IAH3_2022,GEMN-0225_PHP02_0012/LH244,12.323734
IAH3_2022,GEMN-0225_PHP02_0013/LH244,12.326938
IAH3_2022,GEMN-0225_PHP02_0014/LH244,12.31146
IAH3_2022,GEMN-0225_PHP02_0015/LH244,12.304685
IAH3_2022,GEMN-0225_PHP02_0017/LH244,12.327745
IAH3_2022,GEMN-0232/LH244,12.31646
IAH3_2022,GEMN-0238/LH244,12.319095
IAH3_2022,GEMN-0257/LH244,12.325775
IAH3_2022,GEMN-0270/LH244,12.335787
IAH3_2022,GEMN-0271/LH244,12.326816
IAH3_2022,GEMN-0287/LH244,12.31949
IAH3_2022,LH185/LH244,12.627764
IAH3_2022,LH195/PHZ51,12.032834
IAH3_2022,LH212HT/LH244,12.439426
IAH3_2022,LH213/LH244,12.307142
IAH3_2022,LH216/LH244,12.273602
IAH3_2022,LH244/MO17,12.619148
IAH3_2022,LH244/PHK76,12.360348
IAH3_2022,LH244/PHZ51,12.230201
IAH3_2022,LH283/LH244,12.318113
IAH3_2022,LH287/LH244,12.341356
IAH3_2022,LH74/PHN82,12.144526
IAH3_2022,LH82/LH244,12.269421
IAH3_2022,M162W/LH244,12.32243
IAH3_2022,M37W/LH244,12.319386
IAH3_2022,MBUB/LH244,12.329925
IAH3_2022,MM501D/LH244,12.324089
IAH3_2022,MO17_PHW30-008-(2N)-01/LH244,12.312612
IAH3_2022,MO17_PHW30-200-(2N)-02/LH244,12.337467
IAH3_2022,MO17_PHW30-309-(2N)-01/LH244,12.319586
IAH3_2022,MO44/LH244,12.706703
IAH3_2022,MO44_LH145_0127/LH244,12.341516
IAH3_2022,MO44_LH145_0138/LH244,12.306158
IAH3_2022,MO44_PHG47_0072/LH244,12.319284
IAH3_2022,MO44_PHG47_0125/LH244,12.340433
IAH3_2022,MO44_PHW65_0025/LH244,12.375023
IAH3_2022,MO44_PHW65_0035/LH244,12.044085
IAH3_2022,MOG/LH244,12.203856
IAH3_2022,MS71/LH244,12.319313
IAH3_2022,NC350/LH244,12.335529
IAH3_2022,NC358/LH244,12.318427
IAH3_2022,NC360/LH244,12.304994
IAH3_2022,NC366/LH244,12.325211
IAH3_2022,NC370/LH244,12.32067
IAH3_2022,NC374/LH244,12.319901
IAH3_2022,NC378/LH244,12.305815
IAH3_2022,NC386/LH244,12.316572
IAH3_2022,NC388/LH244,12.307671
IAH3_2022,NC398/LH244,12.333508
IAH3_2022,NC406/LH244,12.338803
IAH3_2022,NC426/LH244,12.302617
IAH3_2022,NC428/LH244,12.324795
IAH3_2022,NC438/LH244,12.335662
IAH3_2022,NC454/LH244,12.307214
IAH3_2022,NC456/LH244,12.321583
IAH3_2022,NC458/LH244,12.327164
IAH3_2022,NC508/LH244,12.314416
IAH3_2022,NC512/LH244,12.337603
IAH3_2022,NC524/LH244,12.321986
IAH3_2022,NC528/LH244,12.328307
IAH3_2022,NC540/LH244,12.319468
IAH3_2022,NC542/LH244,12.329844
IAH3_2022,NC546/LH244,12.315596
IAH3_2022,NC548/LH244,12.319229
IAH3_2022,NKH8431/LH244,12.400546
IAH3_2022,OH43/LH244,12.322729
IAH3_2022,PH207/LH244,12.310621
IAH3_2022,PH24E/LH244,12.316736
IAH3_2022,PHAP9/LH244,12.315637
IAH3_2022,PHB47/LH244,12.35409
IAH3_2022,PHB47/PHN82,12.362386
IAH3_2022,PHB47/PHZ51,11.753835
IAH3_2022,PHG29/PHG47,11.08777
IAH3_2022,PHG35/LH244,12.338352
IAH3_2022,PHG39/PHN82,12.246634
IAH3_2022,PHG47/LH244,12.298203
IAH3_2022,PHJ40/PHAJ0,9.907065
IAH3_2022,PHJ89/LH244,12.336851
IAH3_2022,PHJ90/LH244,12.336708
IAH3_2022,PHK56/LH244,12.433914
IAH3_2022,PHKE6/LH244,12.339471
IAH3_2022,PHN11/LH244,12.495344
IAH3_2022,PHN11_LH145_0005/LH244,12.329015
IAH3_2022,PHN11_LH145_0028/LH244,12.325452
IAH3_2022,PHN11_LH145_0085/LH244,12.325934
IAH3_2022,PHN11_OH43_0001/LH244,12.291823
IAH3_2022,PHN11_OH43_0075/LH244,12.32548
IAH3_2022,PHN11_OH43_0088/LH244,12.320896
IAH3_2022,PHN11_PHG47_0251/LH244,12.213845
IAH3_2022,PHN11_PHG47_0287/LH244,12.319847
IAH3_2022,PHN11_PHW65_0312/LH244,12.623543
IAH3_2022,PHN11_PHW65_0323/LH244,12.624506
IAH3_2022,PHN11_PHW65_0359/LH244,12.23455
IAH3_2022,PHN46/LH244,12.337591
IAH3_2022,PHP02/LH244,12.304598
IAH3_2022,PHP55/LH244,12.322269
IAH3_2022,PHR03/LH244,12.32079
IAH3_2022,PHRE1/PHTD5,11.082422
IAH3_2022,PHW30/LH244,12.321345
IAH3_2022,PHW30_MO17-010-(2N)-01/LH244,12.31951
IAH3_2022,PHW30_MO17-032-(2N)-01/LH244,12.308488
IAH3_2022,PHW30_MO17-095-(2N)-01/LH244,12.310106
IAH3_2022,PHW30_MO17-129-(2N)-01/LH244,12.333389
IAH3_2022,PHW30_MO17-178-(2N)-01/LH244,12.332317
IAH3_2022,PHW30_MO17-234-(2N)-02/LH244,12.331706
IAH3_2022,PHW30_MO17-299-(2N)-01/LH244,12.313723
IAH3_2022,PHW52/PHM49,11.932184
IAH3_2022,PHW52/PHN82,12.400543
IAH3_2022,PHW65/LH244,12.544368
IAH3_2022,PHW65_MOG_0137/LH244,12.594088
IAH3_2022,PHW65_MOG_0176/LH244,12.26148
IAH3_2022,PHW65_MOG_0271/LH244,12.415289
IAH3_2022,TX303/LH244,12.119432
IAH3_2022,TX714/TX779,11.698923
IAH3_2022,TX777/LH195,11.8413
IAH3_2022,TX779/LH195,11.943186
IAH3_2022,TX951/LH195,11.747606
IAH3_2022,W10001_0003/LH244,12.318364
IAH3_2022,W10001_0007/LH244,12.319517
IAH3_2022,W10001_0008/LH244,12.316059
IAH3_2022,W10001_0009/LH244,12.303373
IAH3_2022,W10001_0010/LH244,12.327403
IAH3_2022,W10001_0011/LH244,12.321333
IAH3_2022,W10001_0012/LH244,12.321669
IAH3_2022,W10001_0013/LH244,12.32122
IAH3_2022,W10001_0014/LH244,12.335886
IAH3_2022,W10001_0016/LH244,12.311312
IAH3_2022,W10001_0017/LH244,12.309049
IAH3_2022,W10001_0018/LH244,12.315317
IAH3_2022,W10001_0019/LH244,12.318575
IAH3_2022,W10001_0021/LH244,12.325291
IAH3_2022,W10001_0022/LH244,11.992787
IAH3_2022,W10001_0023/LH244,12.312468
IAH3_2022,W10001_0030/LH244,12.330446
IAH3_2022,W10001_0031/LH244,12.327695
IAH3_2022,W10001_0033/LH244,12.322525
IAH3_2022,W10001_0036/LH244,12.321727
IAH3_2022,W10001_0040/LH244,12.31079
IAH3_2022,W10001_0047/LH244,12.316667
IAH3_2022,W10002_0002/LH244,12.320082
IAH3_2022,W10002_0004/LH244,12.330179
IAH3_2022,W10005_0029/LH244,12.329138
IAH3_2022,W10005_0107/LH244,12.220516
IAH3_2022,W10005_0111/LH244,12.314668
IAH3_2022,W10005_0147/LH244,12.290541
IAH3_2022,W10005_0220/LH244,12.305882
IAH3_2022,W10010_0018/LH244,12.323654
IAH3_2022,W10010_0032/LH244,12.322069
IAH3_2022,W10010_0084/LH244,12.306291
IAH3_2022,W10010_0093/LH244,12.317257
IAH3_2022,W10010_0101/LH244,12.327223
IAH3_2022,W10010_0118/LH244,12.342388
IAH3_2022,W10010_0124/LH244,12.327871
IAH3_2022,W10010_0148/LH244,12.33387
IAH3_2022,W10010_0170/LH244,12.317551
IAH3_2022,W10010_0188/LH244,12.315138
IAH3_2022,W10010_0189/LH244,12.320539
IAH3_2022,W10010_0215/LH244,12.327069
IAH3_2022,W10010_0239/LH244,12.329069
IAH3_2022,W10010_0279/LH244,12.324223
IAH3_2022,W10010_0294/LH244,12.318385
IAH3_2022,W10010_0310/LH244,12.333239
IAH3_2022,W10010_0311/LH244,12.310134
IAH3_2022,W10010_0337/LH244,12.329417
IAH3_2022,W10010_0346/LH244,12.329683
IAH3_2022,W10010_0358/LH244,12.330364
IAH3_2022,W10010_0366/LH244,12.32998
IAH3_2022,W10010_0381/LH244,12.328575
IAH3_2022,W10010_0452/LH244,12.332181
IAH3_2022,W10010_0464/LH244,12.311058
IAH3_2022,W22/LH244,12.323879
IAH4_2022,B14A/H95,13.048495
IAH4_2022,B14A/MO17,13.05901
IAH4_2022,B14A/OH43,13.09624
IAH4_2022,B37/H95,13.072794
IAH4_2022,B37/MO17,13.09624
IAH4_2022,B37/OH43,13.090913
IAH4_2022,B73/MO17,13.43138
IAH4_2022,B73/PHM49,13.403093
IAH4_2022,B73/PHN82,13.492759
IAH4_2022,B73/TX779,13.064672
IAH4_2022,B97/LH244,13.413283
IAH4_2022,BGEM-0039-N/LH244,13.248195
IAH4_2022,BGEM-0063-N/LH244,13.492903
IAH4_2022,BGEM-0089-N/LH244,13.287717
IAH4_2022,BGEM-0124-N/LH244,13.283743
IAH4_2022,BGEM-0129-N/LH244,12.545584
IAH4_2022,CG119/CG108,9.432293
IAH4_2022,CG44/CGR01,13.045076
IAH4_2022,DK3IIH6/LH244,13.702068
IAH4_2022,DK78010/LH244,13.481026
IAH4_2022,F42/H95,13.230437
IAH4_2022,F42/MO17,13.38205
IAH4_2022,F42/OH43,13.226488
IAH4_2022,GEMN-0096/LH244,13.475552
IAH4_2022,GEMN-0096_LH212HT_0001/LH244,13.463993
IAH4_2022,GEMN-0096_LH212HT_0002/LH244,13.47431
IAH4_2022,GEMN-0096_LH212HT_0003/LH244,13.463978
IAH4_2022,GEMN-0096_LH212HT_0004/LH244,13.471974
IAH4_2022,GEMN-0096_LH212HT_0005/LH244,13.488049
IAH4_2022,GEMN-0096_LH212HT_0006/LH244,13.462576
IAH4_2022,GEMN-0096_LH212HT_0008/LH244,13.468763
IAH4_2022,GEMN-0096_LH212HT_0009/LH244,13.464964
IAH4_2022,GEMN-0096_LH212HT_0010/LH244,13.481621
IAH4_2022,GEMN-0096_LH212HT_0011/LH244,13.472019
IAH4_2022,GEMN-0096_LH212HT_0012/LH244,13.461882
IAH4_2022,GEMN-0096_LH212HT_0013/LH244,13.480003
IAH4_2022,GEMN-0096_LH212HT_0017/LH244,13.481048
IAH4_2022,GEMN-0096_LH212HT_0020/LH244,13.472347
IAH4_2022,GEMN-0096_LH212HT_0021/LH244,13.474474
IAH4_2022,GEMN-0096_LH212HT_0027/LH244,13.470234
IAH4_2022,GEMN-0096_PHJ89_0001/LH244,13.465046
IAH4_2022,GEMN-0096_PHJ89_0002/LH244,13.477287
IAH4_2022,GEMN-0096_PHJ89_0006/LH244,13.469645
IAH4_2022,GEMN-0096_PHJ89_0007/LH244,13.469212
IAH4_2022,GEMN-0096_PHJ89_0009/LH244,13.462119
IAH4_2022,GEMN-0096_PHJ89_0010/LH244,13.476315
IAH4_2022,GEMN-0096_PHJ89_0011/LH244,13.467016
IAH4_2022,GEMN-0096_PHJ89_0012/LH244,13.474121
IAH4_2022,GEMN-0096_PHJ89_0013/LH244,13.480733
IAH4_2022,GEMN-0096_PHJ89_0014/LH244,13.480959
IAH4_2022,GEMN-0096_PHJ89_0016/LH244,13.460288
IAH4_2022,GEMN-0096_PHJ89_0017/LH244,13.486261
IAH4_2022,GEMN-0096_PHK76_0001/LH244,13.472376
IAH4_2022,GEMN-0096_PHK76_0002/LH244,13.46291
IAH4_2022,GEMN-0096_PHK76_0003/LH244,13.470133
IAH4_2022,GEMN-0096_PHK76_0004/LH244,13.483271
IAH4_2022,GEMN-0096_PHK76_0006/LH244,13.486628
IAH4_2022,GEMN-0096_PHK76_0007/LH244,13.466402
IAH4_2022,GEMN-0096_PHK76_0008/LH244,13.470247
IAH4_2022,GEMN-0096_PHK76_0009/LH244,13.467177
IAH4_2022,GEMN-0096_PHK76_0010/LH244,13.470619
IAH4_2022,GEMN-0096_PHK76_0013/LH244,13.461593
IAH4_2022,GEMN-0096_PHK76_0015/LH244,13.460191
IAH4_2022,GEMN-0096_PHK76_0016/LH244,13.46476
IAH4_2022,GEMN-0096_PHN46_0001/LH244,13.469576
IAH4_2022,GEMN-0096_PHN46_0002/LH244,13.454745
IAH4_2022,GEMN-0096_PHN46_0003/LH244,13.462418
IAH4_2022,GEMN-0096_PHN46_0004/LH244,13.461529
IAH4_2022,GEMN-0096_PHN46_0005/LH244,13.470196
IAH4_2022,GEMN-0096_PHN46_0007/LH244,13.464133
IAH4_2022,GEMN-0096_PHN46_0008/LH244,13.469282
IAH4_2022,GEMN-0096_PHN46_0009/LH244,13.455441
IAH4_2022,GEMN-0096_PHN46_0010/LH244,13.466619
IAH4_2022,GEMN-0096_PHN46_0011/LH244,13.484981
IAH4_2022,GEMN-0096_PHN46_0012/LH244,13.48566
IAH4_2022,GEMN-0096_PHN46_0013/LH244,13.456133
IAH4_2022,GEMN-0096_PHN46_0014/LH244,13.465059
IAH4_2022,GEMN-0096_PHN46_0018/LH244,13.464783
IAH4_2022,GEMN-0096_PHN46_0020/LH244,13.461822
IAH4_2022,GEMN-0096_PHN46_0023/LH244,13.465241
IAH4_2022,GEMN-0096_PHP02_0001/LH244,13.472222
IAH4_2022,GEMN-0096_PHP02_0002/LH244,13.469658
IAH4_2022,GEMN-0096_PHP02_0003/LH244,13.478403
IAH4_2022,GEMN-0096_PHP02_0004/LH244,13.470411
IAH4_2022,GEMN-0096_PHP02_0005/LH244,13.477633
IAH4_2022,GEMN-0096_PHP02_0006/LH244,13.469387
IAH4_2022,GEMN-0096_PHP02_0007/LH244,13.459302
IAH4_2022,GEMN-0096_PHP02_0009/LH244,13.478512
IAH4_2022,GEMN-0096_PHP02_0011/LH244,13.471283
IAH4_2022,GEMN-0096_PHP02_0012/LH244,13.468805
IAH4_2022,GEMN-0096_PHP02_0015/LH244,13.473967
IAH4_2022,GEMN-0096_PHP02_0016/LH244,13.465947
IAH4_2022,GEMN-0096_PHP02_0017/LH244,13.477167
IAH4_2022,GEMN-0096_PHP02_0022/LH244,13.466076
IAH4_2022,GEMN-0096_PHP02_0025/LH244,13.485459
IAH4_2022,GEMN-0096_PHP02_0030/LH244,13.471984
IAH4_2022,GEMN-0097/LH244,13.472439
IAH4_2022,GEMN-0097_LH212HT_0002/LH244,13.485909
IAH4_2022,GEMN-0097_LH212HT_0004/LH244,13.464449
IAH4_2022,GEMN-0097_LH212HT_0017/LH244,13.462252
IAH4_2022,GEMN-0097_LH212HT_0018/LH244,13.471418
IAH4_2022,GEMN-0097_LH212HT_0019/LH244,13.473681
IAH4_2022,GEMN-0097_LH212HT_0020/LH244,13.481116
IAH4_2022,GEMN-0097_LH212HT_0023/LH244,13.482334
IAH4_2022,GEMN-0097_LH212HT_0026/LH244,13.475115
IAH4_2022,GEMN-0097_LH212HT_0032/LH244,13.482803
IAH4_2022,GEMN-0097_LH212HT_0034/LH244,13.474558
IAH4_2022,GEMN-0097_LH212HT_0039/LH244,13.470573
IAH4_2022,GEMN-0097_LH212HT_0047/LH244,13.47797
IAH4_2022,GEMN-0097_LH212HT_0051/LH244,13.466585
IAH4_2022,GEMN-0097_LH212HT_0054/LH244,13.462759
IAH4_2022,GEMN-0097_LH212HT_0058/LH244,13.470126
IAH4_2022,GEMN-0097_LH212HT_0061/LH244,13.462515
IAH4_2022,GEMN-0097_LH212HT_0062/LH244,13.475948
IAH4_2022,GEMN-0097_LH212HT_0069/LH244,13.468252
IAH4_2022,GEMN-0097_LH212HT_0074/LH244,13.467775
IAH4_2022,GEMN-0097_LH212HT_0078/LH244,13.472367
IAH4_2022,GEMN-0097_LH212HT_0085/LH244,13.464759
IAH4_2022,GEMN-0097_LH212HT_0090/LH244,13.474133
IAH4_2022,GEMN-0097_PHJ89_0001/LH244,13.464001
IAH4_2022,GEMN-0097_PHJ89_0002/LH244,13.471956
IAH4_2022,GEMN-0097_PHJ89_0003/LH244,13.474504
IAH4_2022,GEMN-0097_PHJ89_0005/LH244,13.461821
IAH4_2022,GEMN-0097_PHJ89_0006/LH244,13.4678
IAH4_2022,GEMN-0097_PHJ89_0007/LH244,13.472719
IAH4_2022,GEMN-0097_PHJ89_0008/LH244,13.476047
IAH4_2022,GEMN-0097_PHJ89_0010/LH244,13.48348
IAH4_2022,GEMN-0097_PHJ89_0011/LH244,13.468848
IAH4_2022,GEMN-0097_PHJ89_0012/LH244,13.481868
IAH4_2022,GEMN-0097_PHJ89_0013/LH244,13.474579
IAH4_2022,GEMN-0097_PHJ89_0016/LH244,13.482503
IAH4_2022,GEMN-0097_PHJ89_0020/LH244,13.469525
IAH4_2022,GEMN-0097_PHJ89_0023/LH244,13.477366
IAH4_2022,GEMN-0097_PHJ89_0025/LH244,13.461608
IAH4_2022,GEMN-0097_PHJ89_0026/LH244,13.478571
IAH4_2022,GEMN-0097_PHJ89_0027/LH244,13.462159
IAH4_2022,GEMN-0097_PHJ89_0028/LH244,13.472698
IAH4_2022,GEMN-0097_PHJ89_0029/LH244,13.474228
IAH4_2022,GEMN-0097_PHJ89_0033/LH244,13.473867
IAH4_2022,GEMN-0097_PHJ89_0036/LH244,13.463325
IAH4_2022,GEMN-0097_PHJ89_0039/LH244,13.463885
IAH4_2022,GEMN-0097_PHK76_0002/LH244,13.477711
IAH4_2022,GEMN-0097_PHK76_0003/LH244,13.475032
IAH4_2022,GEMN-0097_PHK76_0007/LH244,13.465929
IAH4_2022,GEMN-0097_PHK76_0009/LH244,13.474639
IAH4_2022,GEMN-0097_PHK76_0010/LH244,13.463396
IAH4_2022,GEMN-0097_PHK76_0011/LH244,13.472185
IAH4_2022,GEMN-0097_PHK76_0012/LH244,13.473839
IAH4_2022,GEMN-0097_PHK76_0014/LH244,13.474532
IAH4_2022,GEMN-0097_PHK76_0015/LH244,13.474202
IAH4_2022,GEMN-0097_PHK76_0016/LH244,13.461646
IAH4_2022,GEMN-0097_PHK76_0017/LH244,13.470877
IAH4_2022,GEMN-0097_PHK76_0018/LH244,13.463923
IAH4_2022,GEMN-0097_PHK76_0021/LH244,13.463201
IAH4_2022,GEMN-0097_PHK76_0023/LH244,13.465126
IAH4_2022,GEMN-0097_PHK76_0032/LH244,13.471374
IAH4_2022,GEMN-0097_PHK76_0036/LH244,13.480159
IAH4_2022,GEMN-0097_PHK76_0037/LH244,13.485048
IAH4_2022,GEMN-0097_PHK76_0038/LH244,13.469957
IAH4_2022,GEMN-0097_PHK76_0039/LH244,13.483007
IAH4_2022,GEMN-0097_PHK76_0041/LH244,13.469004
IAH4_2022,GEMN-0097_PHK76_0048/LH244,13.482755
IAH4_2022,GEMN-0097_PHK76_0053/LH244,13.480993
IAH4_2022,GEMN-0097_PHK76_0055/LH244,13.473152
IAH4_2022,GEMN-0097_PHK76_0060/LH244,13.472684
IAH4_2022,GEMN-0097_PHN46_0001/LH244,13.46232
IAH4_2022,GEMN-0097_PHN46_0002/LH244,13.457443
IAH4_2022,GEMN-0097_PHN46_0003/LH244,13.477242
IAH4_2022,GEMN-0097_PHN46_0004/LH244,13.475704
IAH4_2022,GEMN-0097_PHN46_0005/LH244,13.478344
IAH4_2022,GEMN-0097_PHN46_0006/LH244,13.475367
IAH4_2022,GEMN-0097_PHN46_0007/LH244,13.480301
IAH4_2022,GEMN-0097_PHN46_0008/LH244,13.486508
IAH4_2022,GEMN-0097_PHN46_0009/LH244,13.471987
IAH4_2022,GEMN-0097_PHN46_0011/LH244,13.453592
IAH4_2022,GEMN-0097_PHN46_0013/LH244,13.469584
IAH4_2022,GEMN-0097_PHN46_0014/LH244,13.466368
IAH4_2022,GEMN-0097_PHN46_0016/LH244,13.473242
IAH4_2022,GEMN-0097_PHN46_0018/LH244,13.470651
IAH4_2022,GEMN-0097_PHP02_0001/LH244,13.456924
IAH4_2022,GEMN-0097_PHP02_0002/LH244,13.471971
IAH4_2022,GEMN-0097_PHP02_0003/LH244,13.469157
IAH4_2022,GEMN-0097_PHP02_0005/LH244,13.46501
IAH4_2022,GEMN-0097_PHP02_0006/LH244,13.46463
IAH4_2022,GEMN-0097_PHP02_0007/LH244,13.477209
IAH4_2022,GEMN-0098/LH244,13.473937
IAH4_2022,GEMN-0104/LH244,13.458078
IAH4_2022,GEMN-0124/LH244,13.466605
IAH4_2022,GEMN-0135/LH244,13.473099
IAH4_2022,GEMN-0144/LH244,13.469763
IAH4_2022,GEMN-0157/LH244,13.468881
IAH4_2022,GEMN-0177/LH244,13.477363
IAH4_2022,GEMN-0178/LH244,13.480898
IAH4_2022,GEMN-0187/LH244,13.476965
IAH4_2022,GEMN-0192/LH244,13.46956
IAH4_2022,GEMN-0192_LH212HT_0001/LH244,13.47021
IAH4_2022,GEMN-0192_LH212HT_0002/LH244,13.483367
IAH4_2022,GEMN-0192_LH212HT_0006/LH244,13.49078
IAH4_2022,GEMN-0192_LH212HT_0008/LH244,13.486795
IAH4_2022,GEMN-0192_LH212HT_0009/LH244,13.473059
IAH4_2022,GEMN-0192_LH212HT_0010/LH244,13.470964
IAH4_2022,GEMN-0192_LH212HT_0011/LH244,13.479959
IAH4_2022,GEMN-0192_LH212HT_0012/LH244,13.472383
IAH4_2022,GEMN-0192_LH212HT_0013/LH244,13.461117
IAH4_2022,GEMN-0192_LH212HT_0014/LH244,13.464329
IAH4_2022,GEMN-0192_LH212HT_0015/LH244,13.465085
IAH4_2022,GEMN-0192_LH212HT_0016/LH244,13.472539
IAH4_2022,GEMN-0192_LH212HT_0018/LH244,13.474216
IAH4_2022,GEMN-0192_LH212HT_0021/LH244,13.466668
IAH4_2022,GEMN-0192_LH212HT_0023/LH244,13.460161
IAH4_2022,GEMN-0192_LH212HT_0026/LH244,13.466021
IAH4_2022,GEMN-0192_PHJ89_0001/LH244,13.474336
IAH4_2022,GEMN-0192_PHJ89_0002/LH244,13.464212
IAH4_2022,GEMN-0192_PHK76_0002/LH244,13.484957
IAH4_2022,GEMN-0192_PHK76_0004/LH244,13.477133
IAH4_2022,GEMN-0192_PHK76_0005/LH244,13.470841
IAH4_2022,GEMN-0192_PHK76_0006/LH244,13.465359
IAH4_2022,GEMN-0192_PHK76_0007/LH244,13.483989
IAH4_2022,GEMN-0192_PHK76_0008/LH244,13.473692
IAH4_2022,GEMN-0192_PHK76_0009/LH244,13.47358
IAH4_2022,GEMN-0192_PHK76_0010/LH244,13.460239
IAH4_2022,GEMN-0192_PHK76_0011/LH244,13.474595
IAH4_2022,GEMN-0192_PHK76_0012/LH244,13.467489
IAH4_2022,GEMN-0192_PHK76_0013/LH244,13.481804
IAH4_2022,GEMN-0192_PHK76_0014/LH244,13.486728
IAH4_2022,GEMN-0192_PHK76_0015/LH244,13.480187
IAH4_2022,GEMN-0192_PHK76_0016/LH244,13.473553
IAH4_2022,GEMN-0192_PHK76_0017/LH244,13.473416
IAH4_2022,GEMN-0192_PHK76_0018/LH244,13.479666
IAH4_2022,GEMN-0192_PHK76_0019/LH244,13.473692
IAH4_2022,GEMN-0192_PHK76_0021/LH244,13.471254
IAH4_2022,GEMN-0192_PHK76_0025/LH244,13.464363
IAH4_2022,GEMN-0192_PHK76_0027/LH244,13.466214
IAH4_2022,GEMN-0192_PHK76_0028/LH244,13.482216
IAH4_2022,GEMN-0192_PHK76_0030/LH244,13.475182
IAH4_2022,GEMN-0192_PHK76_0032/LH244,13.475534
IAH4_2022,GEMN-0192_PHK76_0033/LH244,13.467602
IAH4_2022,GEMN-0192_PHK76_0035/LH244,13.467514
IAH4_2022,GEMN-0192_PHK76_0036/LH244,13.475742
IAH4_2022,GEMN-0192_PHK76_0037/LH244,13.473
IAH4_2022,GEMN-0192_PHK76_0041/LH244,13.471479
IAH4_2022,GEMN-0192_PHK76_0044/LH244,13.462217
IAH4_2022,GEMN-0192_PHK76_0045/LH244,13.470848
IAH4_2022,GEMN-0192_PHN46_0001/LH244,13.47606
IAH4_2022,GEMN-0192_PHN46_0002/LH244,13.486357
IAH4_2022,GEMN-0192_PHN46_0003/LH244,13.47184
IAH4_2022,GEMN-0192_PHN46_0004/LH244,13.469413
IAH4_2022,GEMN-0192_PHN46_0005/LH244,13.477907
IAH4_2022,GEMN-0192_PHN46_0006/LH244,13.461849
IAH4_2022,GEMN-0192_PHN46_0007/LH244,13.464997
IAH4_2022,GEMN-0192_PHN46_0008/LH244,13.475994
IAH4_2022,GEMN-0192_PHN46_0009/LH244,13.474075
IAH4_2022,GEMN-0192_PHN46_0010/LH244,13.482995
IAH4_2022,GEMN-0192_PHN46_0011/LH244,13.475817
IAH4_2022,GEMN-0192_PHN46_0012/LH244,13.457678
IAH4_2022,GEMN-0192_PHN46_0014/LH244,13.453945
IAH4_2022,GEMN-0192_PHN46_0015/LH244,13.480081
IAH4_2022,GEMN-0192_PHN46_0017/LH244,13.466543
IAH4_2022,GEMN-0192_PHN46_0018/LH244,13.475403
IAH4_2022,GEMN-0192_PHN46_0019/LH244,13.473958
IAH4_2022,GEMN-0192_PHN46_0020/LH244,13.475534
IAH4_2022,GEMN-0192_PHN46_0021/LH244,13.460238
IAH4_2022,GEMN-0192_PHN46_0025/LH244,13.48099
IAH4_2022,GEMN-0192_PHP02_0001/LH244,13.480925
IAH4_2022,GEMN-0192_PHP02_0003/LH244,13.46462
IAH4_2022,GEMN-0225/LH244,13.469423
IAH4_2022,GEMN-0225_LH212HT_0002/LH244,13.469352
IAH4_2022,GEMN-0225_LH212HT_0003/LH244,13.471133
IAH4_2022,GEMN-0225_LH212HT_0005/LH244,13.476896
IAH4_2022,GEMN-0225_LH212HT_0006/LH244,13.463203
IAH4_2022,GEMN-0225_LH212HT_0008/LH244,13.459906
IAH4_2022,GEMN-0225_LH212HT_0009/LH244,13.462824
IAH4_2022,GEMN-0225_LH212HT_0015/LH244,13.482649
IAH4_2022,GEMN-0225_LH212HT_0017/LH244,13.490158
IAH4_2022,GEMN-0225_LH212HT_0021/LH244,13.482496
IAH4_2022,GEMN-0225_LH212HT_0022/LH244,13.464924
IAH4_2022,GEMN-0225_LH212HT_0023/LH244,13.464699
IAH4_2022,GEMN-0225_LH212HT_0024/LH244,13.469814
IAH4_2022,GEMN-0225_LH212HT_0025/LH244,13.475926
IAH4_2022,GEMN-0225_LH212HT_0028/LH244,13.473982
IAH4_2022,GEMN-0225_LH212HT_0029/LH244,13.48502
IAH4_2022,GEMN-0225_LH212HT_0033/LH244,13.476247
IAH4_2022,GEMN-0225_LH212HT_0036/LH244,13.474133
IAH4_2022,GEMN-0225_LH212HT_0038/LH244,13.480071
IAH4_2022,GEMN-0225_LH212HT_0040/LH244,13.470138
IAH4_2022,GEMN-0225_LH212HT_0043/LH244,13.475926
IAH4_2022,GEMN-0225_PHJ89_0001/LH244,13.468399
IAH4_2022,GEMN-0225_PHJ89_0002/LH244,13.482242
IAH4_2022,GEMN-0225_PHJ89_0003/LH244,13.46126
IAH4_2022,GEMN-0225_PHJ89_0004/LH244,13.473023
IAH4_2022,GEMN-0225_PHJ89_0005/LH244,13.467756
IAH4_2022,GEMN-0225_PHJ89_0006/LH244,13.457602
IAH4_2022,GEMN-0225_PHJ89_0007/LH244,13.465603
IAH4_2022,GEMN-0225_PHJ89_0008/LH244,13.48108
IAH4_2022,GEMN-0225_PHJ89_0009/LH244,13.470915
IAH4_2022,GEMN-0225_PHJ89_0013/LH244,13.473528
IAH4_2022,GEMN-0225_PHJ89_0014/LH244,13.480309
IAH4_2022,GEMN-0225_PHJ89_0015/LH244,13.489244
IAH4_2022,GEMN-0225_PHJ89_0016/LH244,13.481221
IAH4_2022,GEMN-0225_PHJ89_0017/LH244,13.47052
IAH4_2022,GEMN-0225_PHJ89_0018/LH244,13.475939
IAH4_2022,GEMN-0225_PHJ89_0019/LH244,13.471784
IAH4_2022,GEMN-0225_PHJ89_0020/LH244,13.466059
IAH4_2022,GEMN-0225_PHJ89_0021/LH244,13.459551
IAH4_2022,GEMN-0225_PHJ89_0022/LH244,13.4781
IAH4_2022,GEMN-0225_PHJ89_0025/LH244,13.479568
IAH4_2022,GEMN-0225_PHJ89_0026/LH244,13.469112
IAH4_2022,GEMN-0225_PHJ89_0027/LH244,13.458183
IAH4_2022,GEMN-0225_PHJ89_0032/LH244,13.482416
IAH4_2022,GEMN-0225_PHK76_0001/LH244,13.48025
IAH4_2022,GEMN-0225_PHK76_0002/LH244,13.479044
IAH4_2022,GEMN-0225_PHK76_0003/LH244,13.471947
IAH4_2022,GEMN-0225_PHK76_0004/LH244,13.485829
IAH4_2022,GEMN-0225_PHK76_0005/LH244,13.482152
IAH4_2022,GEMN-0225_PHK76_0007/LH244,13.476636
IAH4_2022,GEMN-0225_PHK76_0008/LH244,13.467062
IAH4_2022,GEMN-0225_PHK76_0010/LH244,13.476252
IAH4_2022,GEMN-0225_PHK76_0012/LH244,13.471931
IAH4_2022,GEMN-0225_PHK76_0013/LH244,13.466501
IAH4_2022,GEMN-0225_PHK76_0014/LH244,13.459454
IAH4_2022,GEMN-0225_PHK76_0018/LH244,13.466878
IAH4_2022,GEMN-0225_PHK76_0019/LH244,13.484199
IAH4_2022,GEMN-0225_PHK76_0021/LH244,13.47529
IAH4_2022,GEMN-0225_PHK76_0022/LH244,13.478777
IAH4_2022,GEMN-0225_PHK76_0025/LH244,13.456855
IAH4_2022,GEMN-0225_PHK76_0027/LH244,13.468901
IAH4_2022,GEMN-0225_PHK76_0028/LH244,13.486255
IAH4_2022,GEMN-0225_PHK76_0031/LH244,13.470914
IAH4_2022,GEMN-0225_PHK76_0032/LH244,13.48089
IAH4_2022,GEMN-0225_PHK76_0039/LH244,13.476706
IAH4_2022,GEMN-0225_PHN46_0001/LH244,13.47233
IAH4_2022,GEMN-0225_PHN46_0002/LH244,13.471732
IAH4_2022,GEMN-0225_PHN46_0003/LH244,13.477554
IAH4_2022,GEMN-0225_PHN46_0004/LH244,13.473961
IAH4_2022,GEMN-0225_PHN46_0005/LH244,13.462124
IAH4_2022,GEMN-0225_PHN46_0006/LH244,13.482801
IAH4_2022,GEMN-0225_PHN46_0008/LH244,13.482003
IAH4_2022,GEMN-0225_PHN46_0009/LH244,13.483294
IAH4_2022,GEMN-0225_PHN46_0014/LH244,13.477032
IAH4_2022,GEMN-0225_PHN46_0021/LH244,13.46911
IAH4_2022,GEMN-0225_PHP02_0001/LH244,13.470213
IAH4_2022,GEMN-0225_PHP02_0002/LH244,13.471335
IAH4_2022,GEMN-0225_PHP02_0003/LH244,13.482534
IAH4_2022,GEMN-0225_PHP02_0005/LH244,13.476816
IAH4_2022,GEMN-0225_PHP02_0006/LH244,13.461449
IAH4_2022,GEMN-0225_PHP02_0007/LH244,13.460976
IAH4_2022,GEMN-0225_PHP02_0008/LH244,13.479974
IAH4_2022,GEMN-0225_PHP02_0009/LH244,13.473191
IAH4_2022,GEMN-0225_PHP02_0010/LH244,13.466824
IAH4_2022,GEMN-0225_PHP02_0012/LH244,13.474997
IAH4_2022,GEMN-0225_PHP02_0013/LH244,13.477644
IAH4_2022,GEMN-0225_PHP02_0014/LH244,13.464855
IAH4_2022,GEMN-0225_PHP02_0015/LH244,13.459257
IAH4_2022,GEMN-0225_PHP02_0017/LH244,13.478312
IAH4_2022,GEMN-0232/LH244,13.468987
IAH4_2022,GEMN-0238/LH244,13.471165
IAH4_2022,GEMN-0257/LH244,13.476683
IAH4_2022,GEMN-0270/LH244,13.484956
IAH4_2022,GEMN-0271/LH244,13.477543
IAH4_2022,GEMN-0287/LH244,13.471491
IAH4_2022,LH185/LH244,13.726205
IAH4_2022,LH195/PHZ51,13.295229
IAH4_2022,LH212HT/LH244,13.570589
IAH4_2022,LH213/LH244,13.461288
IAH4_2022,LH216/LH244,13.436197
IAH4_2022,LH244/MO17,13.719086
IAH4_2022,LH244/PHK76,13.50525
IAH4_2022,LH244/PHZ51,13.405553
IAH4_2022,LH283/LH244,13.470353
IAH4_2022,LH287/LH244,13.489557
IAH4_2022,LH74/PHN82,13.354093
IAH4_2022,LH82/LH244,13.433245
IAH4_2022,M162W/LH244,13.473919
IAH4_2022,M37W/LH244,13.471404
IAH4_2022,MBUB/LH244,13.480112
IAH4_2022,MM501D/LH244,13.47529
IAH4_2022,MO17_PHW30-008-(2N)-01/LH244,13.465808
IAH4_2022,MO17_PHW30-200-(2N)-02/LH244,13.486343
IAH4_2022,MO17_PHW30-309-(2N)-01/LH244,13.471569
IAH4_2022,MO44/LH244,13.804886
IAH4_2022,MO44_LH145_0127/LH244,13.48969
IAH4_2022,MO44_LH145_0138/LH244,13.460475
IAH4_2022,MO44_PHG47_0072/LH244,13.471321
IAH4_2022,MO44_PHG47_0125/LH244,13.488794
IAH4_2022,MO44_PHW65_0025/LH244,13.517376
IAH4_2022,MO44_PHW65_0035/LH244,13.300458
IAH4_2022,MOG/LH244,13.388346
IAH4_2022,MS71/LH244,13.471344
IAH4_2022,NC350/LH244,13.484742
IAH4_2022,NC358/LH244,13.470613
IAH4_2022,NC360/LH244,13.459513
IAH4_2022,NC366/LH244,13.476217
IAH4_2022,NC370/LH244,13.472466
IAH4_2022,NC374/LH244,13.47183
IAH4_2022,NC378/LH244,13.460191
IAH4_2022,NC386/LH244,13.46908
IAH4_2022,NC388/LH244,13.461725
IAH4_2022,NC398/LH244,13.483074
IAH4_2022,NC406/LH244,13.487448
IAH4_2022,NC426/LH244,13.45755
IAH4_2022,NC428/LH244,13.475874
IAH4_2022,NC438/LH244,13.484853
IAH4_2022,NC454/LH244,13.461348
IAH4_2022,NC456/LH244,13.473219
IAH4_2022,NC458/LH244,13.477831
IAH4_2022,NC508/LH244,13.467299
IAH4_2022,NC512/LH244,13.486457
IAH4_2022,NC524/LH244,13.473554
IAH4_2022,NC528/LH244,13.478775
IAH4_2022,NC540/LH244,13.471473
IAH4_2022,NC542/LH244,13.480045
IAH4_2022,NC546/LH244,13.468272
IAH4_2022,NC548/LH244,13.471275
IAH4_2022,NKH8431/LH244,13.538464
IAH4_2022,OH43/LH244,13.474166
IAH4_2022,PH207/LH244,13.464163
IAH4_2022,PH24E/LH244,13.469215
IAH4_2022,PHAP9/LH244,13.468307
IAH4_2022,PHB47/LH244,13.500079
IAH4_2022,PHB47/PHN82,13.506933
IAH4_2022,PHB47/PHZ51,13.189173
IAH4_2022,PHG29/PHG47,12.989799
IAH4_2022,PHG35/LH244,13.487076
IAH4_2022,PHG39/PHN82,13.417155
IAH4_2022,PHG47/LH244,13.453901
IAH4_2022,PHJ40/PHAJ0,12.644876
IAH4_2022,PHJ89/LH244,13.485836
IAH4_2022,PHJ90/LH244,13.485718
IAH4_2022,PHK56/LH244,13.566034
IAH4_2022,PHKE6/LH244,13.488
IAH4_2022,PHN11/LH244,13.616791
IAH4_2022,PHN11_LH145_0005/LH244,13.479361
IAH4_2022,PHN11_LH145_0028/LH244,13.476417
IAH4_2022,PHN11_LH145_0085/LH244,13.476816
IAH4_2022,PHN11_OH43_0001/LH244,13.449063
IAH4_2022,PHN11_OH43_0075/LH244,13.476439
IAH4_2022,PHN11_OH43_0088/LH244,13.472652
IAH4_2022,PHN11_PHG47_0251/LH244,13.394438
IAH4_2022,PHN11_PHG47_0287/LH244,13.471785
IAH4_2022,PHN11_PHW65_0312/LH244,13.722716
IAH4_2022,PHN11_PHW65_0323/LH244,13.723513
IAH4_2022,PHN11_PHW65_0359/LH244,13.408623
IAH4_2022,PHP02/LH244,13.459185
IAH4_2022,PHP55/LH244,13.473787
IAH4_2022,PHR03/LH244,13.472565
IAH4_2022,PHRE1/PHTD5,12.988237
IAH4_2022,PHW30/LH244,13.473023
IAH4_2022,PHW30_MO17-010-(2N)-01/LH244,13.471506
IAH4_2022,PHW30_MO17-032-(2N)-01/LH244,13.462399
IAH4_2022,PHW30_MO17-095-(2N)-01/LH244,13.463737
IAH4_2022,PHW30_MO17-129-(2N)-01/LH244,13.482975
IAH4_2022,PHW30_MO17-178-(2N)-01/LH244,13.482089
IAH4_2022,PHW30_MO17-234-(2N)-02/LH244,13.481585
IAH4_2022,PHW30_MO17-299-(2N)-01/LH244,13.466724
IAH4_2022,PHW52/PHM49,13.253716
IAH4_2022,PHW52/PHN82,13.538462
IAH4_2022,PHW65/LH244,13.657297
IAH4_2022,PHW65_MOG_0137/LH244,13.69838
IAH4_2022,PHW65_MOG_0176/LH244,13.427639
IAH4_2022,PHW65_MOG_0271/LH244,13.550645
IAH4_2022,TX714/TX779,13.170902
IAH4_2022,TX777/LH195,13.219896
IAH4_2022,TX779/LH195,13.258013
IAH4_2022,TX951/LH195,13.187101
IAH4_2022,W10001_0003/LH244,13.47056
IAH4_2022,W10001_0007/LH244,13.471514
IAH4_2022,W10001_0008/LH244,13.468655
IAH4_2022,W10001_0009/LH244,13.458174
IAH4_2022,W10001_0010/LH244,13.478029
IAH4_2022,W10001_0011/LH244,13.473014
IAH4_2022,W10001_0012/LH244,13.47329
IAH4_2022,W10001_0013/LH244,13.47292
IAH4_2022,W10001_0014/LH244,13.485037
IAH4_2022,W10001_0016/LH244,13.464733
IAH4_2022,W10001_0017/LH244,13.462864
IAH4_2022,W10001_0018/LH244,13.468043
IAH4_2022,W10001_0019/LH244,13.470735
IAH4_2022,W10001_0021/LH244,13.476284
IAH4_2022,W10001_0022/LH244,13.277894
IAH4_2022,W10001_0023/LH244,13.465688
IAH4_2022,W10001_0029/LH244,13.4682
IAH4_2022,W10001_0030/LH244,13.480543
IAH4_2022,W10001_0031/LH244,13.47827
IAH4_2022,W10001_0033/LH244,13.473999
IAH4_2022,W10001_0036/LH244,13.473339
IAH4_2022,W10001_0040/LH244,13.464302
IAH4_2022,W10001_0047/LH244,13.469158
IAH4_2022,W10002_0002/LH244,13.471979
IAH4_2022,W10005_0029/LH244,13.479462
IAH4_2022,W10005_0107/LH244,13.398714
IAH4_2022,W10005_0111/LH244,13.467506
IAH4_2022,W10005_0147/LH244,13.448157
IAH4_2022,W10005_0220/LH244,13.460245
IAH4_2022,W10010_0018/LH244,13.474932
IAH4_2022,W10010_0032/LH244,13.473621
IAH4_2022,W10010_0084/LH244,13.460585
IAH4_2022,W10010_0093/LH244,13.469645
IAH4_2022,W10010_0101/LH244,13.477879
IAH4_2022,W10010_0118/LH244,13.49041
IAH4_2022,W10010_0124/LH244,13.478416
IAH4_2022,W10010_0148/LH244,13.483372
IAH4_2022,W10010_0170/LH244,13.469889
IAH4_2022,W10010_0188/LH244,13.467896
IAH4_2022,W10010_0189/LH244,13.472358
IAH4_2022,W10010_0215/LH244,13.477753
IAH4_2022,W10010_0239/LH244,13.479405
IAH4_2022,W10010_0279/LH244,13.475401
IAH4_2022,W10010_0294/LH244,13.470577
IAH4_2022,W10010_0310/LH244,13.482851
IAH4_2022,W10010_0311/LH244,13.46376
IAH4_2022,W10010_0337/LH244,13.479692
IAH4_2022,W10010_0346/LH244,13.479913
IAH4_2022,W10010_0358/LH244,13.480475
IAH4_2022,W10010_0366/LH244,13.480158
IAH4_2022,W10010_0381/LH244,13.478997
IAH4_2022,W10010_0452/LH244,13.481977
IAH4_2022,W10010_0464/LH244,13.464523
IAH4_2022,W22/LH244,13.475117
ILH1_2022,B14A/OH43,11.653951
ILH1_2022,B37/H95,11.577763
ILH1_2022,B73/MO17,12.343743
ILH1_2022,B73/PHK76,12.288698
ILH1_2022,B73/PHN82,12.418028
ILH1_2022,B73/PHZ51,12.145257
ILH1_2022,B73/TX779,11.549958
ILH1_2022,B97/LH244,12.32184
ILH1_2022,BGEM-0039-N/LH244,12.059456
ILH1_2022,BGEM-0063-N/LH244,12.418202
ILH1_2022,BGEM-0089-N/LH244,12.132949
ILH1_2022,BGEM-0124-N/LH244,12.125559
ILH1_2022,BGEM-0129-N/LH244,9.822831
ILH1_2022,CG119/CG108,5.977673
ILH1_2022,CG44/CGR01,11.482886
ILH1_2022,DK3IIH6/LH244,12.664036
ILH1_2022,DK78010/LH244,12.403827
ILH1_2022,GEMN-0096/LH244,12.397202
ILH1_2022,GEMN-0096_LH212HT_0001/LH244,12.383213
ILH1_2022,GEMN-0096_LH212HT_0004/LH244,12.392872
ILH1_2022,GEMN-0096_LH212HT_0005/LH244,12.412327
ILH1_2022,GEMN-0096_LH212HT_0006/LH244,12.381497
ILH1_2022,GEMN-0096_LH212HT_0009/LH244,12.384387
ILH1_2022,GEMN-0096_LH212HT_0010/LH244,12.404547
ILH1_2022,GEMN-0096_LH212HT_0011/LH244,12.392927
ILH1_2022,GEMN-0096_LH212HT_0012/LH244,12.380658
ILH1_2022,GEMN-0096_LH212HT_0013/LH244,12.40259
ILH1_2022,GEMN-0096_LH212HT_0017/LH244,12.403853
ILH1_2022,GEMN-0096_LH212HT_0021/LH244,12.395898
ILH1_2022,GEMN-0096_PHJ89_0001/LH244,12.384487
ILH1_2022,GEMN-0096_PHJ89_0002/LH244,12.399302
ILH1_2022,GEMN-0096_PHJ89_0006/LH244,12.390053
ILH1_2022,GEMN-0096_PHJ89_0007/LH244,12.389528
ILH1_2022,GEMN-0096_PHJ89_0009/LH244,12.380945
ILH1_2022,GEMN-0096_PHJ89_0010/LH244,12.398127
ILH1_2022,GEMN-0096_PHJ89_0011/LH244,12.386871
ILH1_2022,GEMN-0096_PHJ89_0012/LH244,12.39547
ILH1_2022,GEMN-0096_PHJ89_0013/LH244,12.403473
ILH1_2022,GEMN-0096_PHJ89_0014/LH244,12.403746
ILH1_2022,GEMN-0096_PHJ89_0016/LH244,12.378729
ILH1_2022,GEMN-0096_PHJ89_0017/LH244,12.410163
ILH1_2022,GEMN-0096_PHK76_0001/LH244,12.393359
ILH1_2022,GEMN-0096_PHK76_0002/LH244,12.381902
ILH1_2022,GEMN-0096_PHK76_0003/LH244,12.390643
ILH1_2022,GEMN-0096_PHK76_0004/LH244,12.406545
ILH1_2022,GEMN-0096_PHK76_0006/LH244,12.410606
ILH1_2022,GEMN-0096_PHK76_0007/LH244,12.386127
ILH1_2022,GEMN-0096_PHK76_0008/LH244,12.390781
ILH1_2022,GEMN-0096_PHK76_0009/LH244,12.387068
ILH1_2022,GEMN-0096_PHK76_0010/LH244,12.391232
ILH1_2022,GEMN-0096_PHK76_0013/LH244,12.380308
ILH1_2022,GEMN-0096_PHK76_0015/LH244,12.378611
ILH1_2022,GEMN-0096_PHK76_0016/LH244,12.38414
ILH1_2022,GEMN-0096_PHN46_0001/LH244,12.389969
ILH1_2022,GEMN-0096_PHN46_0002/LH244,12.372021
ILH1_2022,GEMN-0096_PHN46_0003/LH244,12.381306
ILH1_2022,GEMN-0096_PHN46_0004/LH244,12.38023
ILH1_2022,GEMN-0096_PHN46_0005/LH244,12.39072
ILH1_2022,GEMN-0096_PHN46_0007/LH244,12.383383
ILH1_2022,GEMN-0096_PHN46_0009/LH244,12.372862
ILH1_2022,GEMN-0096_PHN46_0010/LH244,12.386393
ILH1_2022,GEMN-0096_PHN46_0011/LH244,12.408614
ILH1_2022,GEMN-0096_PHN46_0012/LH244,12.409435
ILH1_2022,GEMN-0096_PHN46_0013/LH244,12.373699
ILH1_2022,GEMN-0096_PHN46_0014/LH244,12.384502
ILH1_2022,GEMN-0096_PHN46_0018/LH244,12.384169
ILH1_2022,GEMN-0096_PHN46_0020/LH244,12.380585
ILH1_2022,GEMN-0096_PHN46_0023/LH244,12.384724
ILH1_2022,GEMN-0096_PHP02_0001/LH244,12.393173
ILH1_2022,GEMN-0096_PHP02_0003/LH244,12.400654
ILH1_2022,GEMN-0096_PHP02_0005/LH244,12.39972
ILH1_2022,GEMN-0096_PHP02_0006/LH244,12.389741
ILH1_2022,GEMN-0096_PHP02_0007/LH244,12.377535
ILH1_2022,GEMN-0096_PHP02_0009/LH244,12.400784
ILH1_2022,GEMN-0096_PHP02_0011/LH244,12.392035
ILH1_2022,GEMN-0096_PHP02_0012/LH244,12.389037
ILH1_2022,GEMN-0096_PHP02_0015/LH244,12.395285
ILH1_2022,GEMN-0096_PHP02_0016/LH244,12.385578
ILH1_2022,GEMN-0096_PHP02_0017/LH244,12.399157
ILH1_2022,GEMN-0096_PHP02_0022/LH244,12.385735
ILH1_2022,GEMN-0096_PHP02_0025/LH244,12.409193
ILH1_2022,GEMN-0096_PHP02_0030/LH244,12.392884
ILH1_2022,GEMN-0097/LH244,12.393435
ILH1_2022,GEMN-0097_LH212HT_0002/LH244,12.409737
ILH1_2022,GEMN-0097_LH212HT_0004/LH244,12.383764
ILH1_2022,GEMN-0097_LH212HT_0019/LH244,12.394938
ILH1_2022,GEMN-0097_LH212HT_0020/LH244,12.403936
ILH1_2022,GEMN-0097_LH212HT_0026/LH244,12.396674
ILH1_2022,GEMN-0097_LH212HT_0032/LH244,12.405979
ILH1_2022,GEMN-0097_LH212HT_0039/LH244,12.391177
ILH1_2022,GEMN-0097_LH212HT_0047/LH244,12.400129
ILH1_2022,GEMN-0097_LH212HT_0051/LH244,12.386351
ILH1_2022,GEMN-0097_LH212HT_0054/LH244,12.38172
ILH1_2022,GEMN-0097_LH212HT_0058/LH244,12.390635
ILH1_2022,GEMN-0097_LH212HT_0061/LH244,12.381424
ILH1_2022,GEMN-0097_LH212HT_0062/LH244,12.397682
ILH1_2022,GEMN-0097_LH212HT_0069/LH244,12.388369
ILH1_2022,GEMN-0097_LH212HT_0074/LH244,12.387791
ILH1_2022,GEMN-0097_LH212HT_0078/LH244,12.393349
ILH1_2022,GEMN-0097_LH212HT_0085/LH244,12.384139
ILH1_2022,GEMN-0097_LH212HT_0090/LH244,12.395485
ILH1_2022,GEMN-0097_PHJ89_0001/LH244,12.383223
ILH1_2022,GEMN-0097_PHJ89_0002/LH244,12.392851
ILH1_2022,GEMN-0097_PHJ89_0003/LH244,12.395934
ILH1_2022,GEMN-0097_PHJ89_0005/LH244,12.380584
ILH1_2022,GEMN-0097_PHJ89_0006/LH244,12.38782
ILH1_2022,GEMN-0097_PHJ89_0007/LH244,12.393773
ILH1_2022,GEMN-0097_PHJ89_0008/LH244,12.3978
ILH1_2022,GEMN-0097_PHJ89_0010/LH244,12.406798
ILH1_2022,GEMN-0097_PHJ89_0011/LH244,12.389089
ILH1_2022,GEMN-0097_PHJ89_0012/LH244,12.404846
ILH1_2022,GEMN-0097_PHJ89_0013/LH244,12.396024
ILH1_2022,GEMN-0097_PHJ89_0016/LH244,12.405615
ILH1_2022,GEMN-0097_PHJ89_0020/LH244,12.389908
ILH1_2022,GEMN-0097_PHJ89_0025/LH244,12.380326
ILH1_2022,GEMN-0097_PHJ89_0026/LH244,12.400856
ILH1_2022,GEMN-0097_PHJ89_0027/LH244,12.380994
ILH1_2022,GEMN-0097_PHJ89_0028/LH244,12.393749
ILH1_2022,GEMN-0097_PHJ89_0029/LH244,12.395599
ILH1_2022,GEMN-0097_PHJ89_0033/LH244,12.395164
ILH1_2022,GEMN-0097_PHJ89_0036/LH244,12.382403
ILH1_2022,GEMN-0097_PHJ89_0039/LH244,12.383082
ILH1_2022,GEMN-0097_PHK76_0002/LH244,12.399816
ILH1_2022,GEMN-0097_PHK76_0003/LH244,12.396573
ILH1_2022,GEMN-0097_PHK76_0007/LH244,12.385555
ILH1_2022,GEMN-0097_PHK76_0009/LH244,12.396098
ILH1_2022,GEMN-0097_PHK76_0011/LH244,12.393127
ILH1_2022,GEMN-0097_PHK76_0014/LH244,12.395968
ILH1_2022,GEMN-0097_PHK76_0015/LH244,12.395569
ILH1_2022,GEMN-0097_PHK76_0018/LH244,12.383128
ILH1_2022,GEMN-0097_PHK76_0021/LH244,12.382254
ILH1_2022,GEMN-0097_PHK76_0036/LH244,12.402779
ILH1_2022,GEMN-0097_PHK76_0037/LH244,12.408696
ILH1_2022,GEMN-0097_PHK76_0038/LH244,12.390431
ILH1_2022,GEMN-0097_PHK76_0039/LH244,12.406225
ILH1_2022,GEMN-0097_PHK76_0041/LH244,12.389277
ILH1_2022,GEMN-0097_PHK76_0048/LH244,12.40592
ILH1_2022,GEMN-0097_PHK76_0053/LH244,12.403788
ILH1_2022,GEMN-0097_PHK76_0055/LH244,12.394299
ILH1_2022,GEMN-0097_PHK76_0060/LH244,12.393731
ILH1_2022,GEMN-0097_PHN46_0001/LH244,12.381188
ILH1_2022,GEMN-0097_PHN46_0003/LH244,12.399248
ILH1_2022,GEMN-0097_PHN46_0004/LH244,12.397386
ILH1_2022,GEMN-0097_PHN46_0005/LH244,12.400581
ILH1_2022,GEMN-0097_PHN46_0007/LH244,12.40295
ILH1_2022,GEMN-0097_PHN46_0008/LH244,12.410463
ILH1_2022,GEMN-0097_PHN46_0011/LH244,12.370625
ILH1_2022,GEMN-0097_PHN46_0013/LH244,12.389978
ILH1_2022,GEMN-0097_PHN46_0014/LH244,12.386087
ILH1_2022,GEMN-0097_PHN46_0016/LH244,12.394407
ILH1_2022,GEMN-0097_PHN46_0018/LH244,12.391271
ILH1_2022,GEMN-0097_PHP02_0001/LH244,12.374657
ILH1_2022,GEMN-0097_PHP02_0002/LH244,12.392868
ILH1_2022,GEMN-0097_PHP02_0003/LH244,12.389462
ILH1_2022,GEMN-0097_PHP02_0005/LH244,12.384443
ILH1_2022,GEMN-0097_PHP02_0006/LH244,12.383986
ILH1_2022,GEMN-0097_PHP02_0007/LH244,12.399208
ILH1_2022,GEMN-0098/LH244,12.395247
ILH1_2022,GEMN-0104/LH244,12.376055
ILH1_2022,GEMN-0124/LH244,12.386375
ILH1_2022,GEMN-0144/LH244,12.390196
ILH1_2022,GEMN-0157/LH244,12.389129
ILH1_2022,GEMN-0177/LH244,12.399393
ILH1_2022,GEMN-0178/LH244,12.403673
ILH1_2022,GEMN-0187/LH244,12.398912
ILH1_2022,GEMN-0192/LH244,12.38995
ILH1_2022,GEMN-0192_LH212HT_0001/LH244,12.390737
ILH1_2022,GEMN-0192_LH212HT_0006/LH244,12.415632
ILH1_2022,GEMN-0192_LH212HT_0008/LH244,12.41081
ILH1_2022,GEMN-0192_LH212HT_0010/LH244,12.391651
ILH1_2022,GEMN-0192_LH212HT_0011/LH244,12.402537
ILH1_2022,GEMN-0192_LH212HT_0012/LH244,12.393367
ILH1_2022,GEMN-0192_LH212HT_0013/LH244,12.379732
ILH1_2022,GEMN-0192_LH212HT_0014/LH244,12.383619
ILH1_2022,GEMN-0192_LH212HT_0015/LH244,12.384534
ILH1_2022,GEMN-0192_LH212HT_0016/LH244,12.393557
ILH1_2022,GEMN-0192_LH212HT_0018/LH244,12.395586
ILH1_2022,GEMN-0192_LH212HT_0021/LH244,12.38645
ILH1_2022,GEMN-0192_LH212HT_0023/LH244,12.378575
ILH1_2022,GEMN-0192_PHJ89_0001/LH244,12.395731
ILH1_2022,GEMN-0192_PHJ89_0002/LH244,12.383479
ILH1_2022,GEMN-0192_PHK76_0002/LH244,12.408586
ILH1_2022,GEMN-0192_PHK76_0004/LH244,12.399116
ILH1_2022,GEMN-0192_PHK76_0005/LH244,12.3915
ILH1_2022,GEMN-0192_PHK76_0006/LH244,12.384867
ILH1_2022,GEMN-0192_PHK76_0007/LH244,12.407413
ILH1_2022,GEMN-0192_PHK76_0008/LH244,12.394951
ILH1_2022,GEMN-0192_PHK76_0009/LH244,12.394816
ILH1_2022,GEMN-0192_PHK76_0010/LH244,12.378671
ILH1_2022,GEMN-0192_PHK76_0011/LH244,12.396044
ILH1_2022,GEMN-0192_PHK76_0012/LH244,12.387444
ILH1_2022,GEMN-0192_PHK76_0013/LH244,12.40477
ILH1_2022,GEMN-0192_PHK76_0014/LH244,12.410728
ILH1_2022,GEMN-0192_PHK76_0015/LH244,12.402813
ILH1_2022,GEMN-0192_PHK76_0016/LH244,12.394783
ILH1_2022,GEMN-0192_PHK76_0017/LH244,12.394618
ILH1_2022,GEMN-0192_PHK76_0019/LH244,12.394952
ILH1_2022,GEMN-0192_PHK76_0021/LH244,12.392002
ILH1_2022,GEMN-0192_PHK76_0025/LH244,12.383661
ILH1_2022,GEMN-0192_PHK76_0027/LH244,12.385901
ILH1_2022,GEMN-0192_PHK76_0028/LH244,12.405267
ILH1_2022,GEMN-0192_PHK76_0030/LH244,12.396753
ILH1_2022,GEMN-0192_PHK76_0032/LH244,12.397182
ILH1_2022,GEMN-0192_PHK76_0033/LH244,12.387581
ILH1_2022,GEMN-0192_PHK76_0035/LH244,12.387474
ILH1_2022,GEMN-0192_PHK76_0036/LH244,12.397432
ILH1_2022,GEMN-0192_PHK76_0037/LH244,12.394114
ILH1_2022,GEMN-0192_PHK76_0041/LH244,12.392274
ILH1_2022,GEMN-0192_PHK76_0044/LH244,12.381063
ILH1_2022,GEMN-0192_PHK76_0045/LH244,12.39151
ILH1_2022,GEMN-0192_PHN46_0001/LH244,12.397818
ILH1_2022,GEMN-0192_PHN46_0002/LH244,12.410279
ILH1_2022,GEMN-0192_PHN46_0003/LH244,12.392709
ILH1_2022,GEMN-0192_PHN46_0004/LH244,12.389772
ILH1_2022,GEMN-0192_PHN46_0005/LH244,12.400053
ILH1_2022,GEMN-0192_PHN46_0006/LH244,12.380617
ILH1_2022,GEMN-0192_PHN46_0008/LH244,12.397738
ILH1_2022,GEMN-0192_PHN46_0009/LH244,12.395414
ILH1_2022,GEMN-0192_PHN46_0010/LH244,12.40621
ILH1_2022,GEMN-0192_PHN46_0011/LH244,12.397524
ILH1_2022,GEMN-0192_PHN46_0012/LH244,12.37557
ILH1_2022,GEMN-0192_PHN46_0014/LH244,12.371052
ILH1_2022,GEMN-0192_PHN46_0015/LH244,12.402683
ILH1_2022,GEMN-0192_PHN46_0017/LH244,12.386299
ILH1_2022,GEMN-0192_PHN46_0018/LH244,12.39702
ILH1_2022,GEMN-0192_PHN46_0020/LH244,12.397181
ILH1_2022,GEMN-0192_PHN46_0025/LH244,12.403785
ILH1_2022,GEMN-0192_PHP02_0001/LH244,12.403706
ILH1_2022,GEMN-0192_PHP02_0003/LH244,12.383971
ILH1_2022,GEMN-0225/LH244,12.389785
ILH1_2022,GEMN-0225_LH212HT_0002/LH244,12.389699
ILH1_2022,GEMN-0225_LH212HT_0003/LH244,12.391854
ILH1_2022,GEMN-0225_LH212HT_0005/LH244,12.398829
ILH1_2022,GEMN-0225_LH212HT_0006/LH244,12.382257
ILH1_2022,GEMN-0225_LH212HT_0008/LH244,12.378265
ILH1_2022,GEMN-0225_LH212HT_0015/LH244,12.405792
ILH1_2022,GEMN-0225_LH212HT_0017/LH244,12.41488
ILH1_2022,GEMN-0225_LH212HT_0023/LH244,12.384067
ILH1_2022,GEMN-0225_LH212HT_0024/LH244,12.390258
ILH1_2022,GEMN-0225_LH212HT_0025/LH244,12.397655
ILH1_2022,GEMN-0225_LH212HT_0029/LH244,12.40866
ILH1_2022,GEMN-0225_LH212HT_0033/LH244,12.398043
ILH1_2022,GEMN-0225_LH212HT_0036/LH244,12.395486
ILH1_2022,GEMN-0225_LH212HT_0038/LH244,12.402672
ILH1_2022,GEMN-0225_LH212HT_0040/LH244,12.390649
ILH1_2022,GEMN-0225_LH212HT_0043/LH244,12.397655
ILH1_2022,GEMN-0225_PHJ89_0001/LH244,12.388545
ILH1_2022,GEMN-0225_PHJ89_0002/LH244,12.405298
ILH1_2022,GEMN-0225_PHJ89_0003/LH244,12.379906
ILH1_2022,GEMN-0225_PHJ89_0004/LH244,12.394142
ILH1_2022,GEMN-0225_PHJ89_0005/LH244,12.387768
ILH1_2022,GEMN-0225_PHJ89_0006/LH244,12.375477
ILH1_2022,GEMN-0225_PHJ89_0008/LH244,12.403893
ILH1_2022,GEMN-0225_PHJ89_0009/LH244,12.391591
ILH1_2022,GEMN-0225_PHJ89_0013/LH244,12.394753
ILH1_2022,GEMN-0225_PHJ89_0015/LH244,12.413774
ILH1_2022,GEMN-0225_PHJ89_0016/LH244,12.404064
ILH1_2022,GEMN-0225_PHJ89_0017/LH244,12.391111
ILH1_2022,GEMN-0225_PHJ89_0018/LH244,12.397671
ILH1_2022,GEMN-0225_PHJ89_0020/LH244,12.385713
ILH1_2022,GEMN-0225_PHJ89_0021/LH244,12.377836
ILH1_2022,GEMN-0225_PHJ89_0022/LH244,12.400287
ILH1_2022,GEMN-0225_PHJ89_0026/LH244,12.389409
ILH1_2022,GEMN-0225_PHJ89_0032/LH244,12.40551
ILH1_2022,GEMN-0225_PHK76_0001/LH244,12.402889
ILH1_2022,GEMN-0225_PHK76_0002/LH244,12.401428
ILH1_2022,GEMN-0225_PHK76_0003/LH244,12.392838
ILH1_2022,GEMN-0225_PHK76_0004/LH244,12.409641
ILH1_2022,GEMN-0225_PHK76_0005/LH244,12.40519
ILH1_2022,GEMN-0225_PHK76_0007/LH244,12.398515
ILH1_2022,GEMN-0225_PHK76_0008/LH244,12.386928
ILH1_2022,GEMN-0225_PHK76_0012/LH244,12.392821
ILH1_2022,GEMN-0225_PHK76_0013/LH244,12.386249
ILH1_2022,GEMN-0225_PHK76_0014/LH244,12.377718
ILH1_2022,GEMN-0225_PHK76_0018/LH244,12.386703
ILH1_2022,GEMN-0225_PHK76_0019/LH244,12.407667
ILH1_2022,GEMN-0225_PHK76_0021/LH244,12.396885
ILH1_2022,GEMN-0225_PHK76_0022/LH244,12.401105
ILH1_2022,GEMN-0225_PHK76_0027/LH244,12.389153
ILH1_2022,GEMN-0225_PHK76_0028/LH244,12.410155
ILH1_2022,GEMN-0225_PHK76_0031/LH244,12.39159
ILH1_2022,GEMN-0225_PHK76_0032/LH244,12.403664
ILH1_2022,GEMN-0225_PHN46_0001/LH244,12.393303
ILH1_2022,GEMN-0225_PHN46_0003/LH244,12.399626
ILH1_2022,GEMN-0225_PHN46_0004/LH244,12.395275
ILH1_2022,GEMN-0225_PHN46_0005/LH244,12.380951
ILH1_2022,GEMN-0225_PHN46_0006/LH244,12.405975
ILH1_2022,GEMN-0225_PHN46_0009/LH244,12.406572
ILH1_2022,GEMN-0225_PHN46_0014/LH244,12.398993
ILH1_2022,GEMN-0225_PHN46_0021/LH244,12.389406
ILH1_2022,GEMN-0225_PHP02_0001/LH244,12.390741
ILH1_2022,GEMN-0225_PHP02_0002/LH244,12.392099
ILH1_2022,GEMN-0225_PHP02_0003/LH244,12.405653
ILH1_2022,GEMN-0225_PHP02_0005/LH244,12.398731
ILH1_2022,GEMN-0225_PHP02_0006/LH244,12.380134
ILH1_2022,GEMN-0225_PHP02_0007/LH244,12.379561
ILH1_2022,GEMN-0225_PHP02_0008/LH244,12.402554
ILH1_2022,GEMN-0225_PHP02_0009/LH244,12.394345
ILH1_2022,GEMN-0225_PHP02_0010/LH244,12.386638
ILH1_2022,GEMN-0225_PHP02_0012/LH244,12.39653
ILH1_2022,GEMN-0225_PHP02_0013/LH244,12.399734
ILH1_2022,GEMN-0225_PHP02_0014/LH244,12.384256
ILH1_2022,GEMN-0225_PHP02_0015/LH244,12.377481
ILH1_2022,GEMN-0225_PHP02_0017/LH244,12.400542
ILH1_2022,GEMN-0238/LH244,12.391891
ILH1_2022,GEMN-0257/LH244,12.398572
ILH1_2022,GEMN-0270/LH244,12.408583
ILH1_2022,GEMN-0271/LH244,12.399612
ILH1_2022,GEMN-0287/LH244,12.392288
ILH1_2022,LH145/LH82,10.901233
ILH1_2022,LH185/LH244,12.688171
ILH1_2022,LH195/MO17,12.486338
ILH1_2022,LH195/PHK76,11.938663
ILH1_2022,LH195/PHN82,12.318829
ILH1_2022,LH195/PHZ51,12.146917
ILH1_2022,LH213/LH244,12.37994
ILH1_2022,LH216/LH244,12.349572
ILH1_2022,LH244/MO17,12.681053
ILH1_2022,LH244/PHK76,12.433146
ILH1_2022,LH244/PHN82,12.537249
ILH1_2022,LH244/PHZ51,12.312485
ILH1_2022,LH283/LH244,12.39091
ILH1_2022,LH287/LH244,12.414153
ILH1_2022,LH82/LH244,12.345999
ILH1_2022,M162W/LH244,12.395226
ILH1_2022,MBUB/LH244,12.402721
ILH1_2022,MM501D/LH244,12.396885
ILH1_2022,MO17_PHW30-008-(2N)-01/LH244,12.385408
ILH1_2022,MO17_PHW30-200-(2N)-02/LH244,12.410263
ILH1_2022,MO17_PHW30-309-(2N)-01/LH244,12.392382
ILH1_2022,MO44/LH244,12.766851
ILH1_2022,MO44_LH145_0127/LH244,12.414313
ILH1_2022,MO44_LH145_0138/LH244,12.378954
ILH1_2022,MO44_PHG47_0072/LH244,12.392081
ILH1_2022,MO44_PHG47_0125/LH244,12.41323
ILH1_2022,MO44_PHW65_0025/LH244,12.447821
ILH1_2022,MO44_PHW65_0035/LH244,12.156641
ILH1_2022,MOG/LH244,12.291018
ILH1_2022,MS71/LH244,12.392109
ILH1_2022,NC358/LH244,12.391224
ILH1_2022,NC366/LH244,12.398008
ILH1_2022,NC374/LH244,12.392698
ILH1_2022,NC388/LH244,12.380468
ILH1_2022,NC398/LH244,12.406305
ILH1_2022,NC438/LH244,12.408459
ILH1_2022,NC508/LH244,12.387213
ILH1_2022,NC512/LH244,12.410399
ILH1_2022,NC528/LH244,12.401104
ILH1_2022,NC542/LH244,12.402641
ILH1_2022,NC546/LH244,12.388391
ILH1_2022,NC548/LH244,12.392027
ILH1_2022,NKH8431/LH244,12.473343
ILH1_2022,OH43/LH244,12.395526
ILH1_2022,PH207/LH244,12.383418
ILH1_2022,PH24E/LH244,12.389532
ILH1_2022,PHAP9/LH244,12.388433
ILH1_2022,PHB47/LH244,12.426887
ILH1_2022,PHB47/MO17,11.881551
ILH1_2022,PHB47/PHK76,12.123636
ILH1_2022,PHB47/PHN82,12.435183
ILH1_2022,PHB47/PHZ51,11.920939
ILH1_2022,PHG29/PHG47,11.293666
ILH1_2022,PHG35/LH244,12.41115
ILH1_2022,PHG47/LH244,12.370999
ILH1_2022,PHJ40/PHAJ0,10.112962
ILH1_2022,PHJ89/LH244,12.409649
ILH1_2022,PHJ89/PH207,12.061296
ILH1_2022,PHJ90/LH244,12.409506
ILH1_2022,PHK56/LH244,12.506711
ILH1_2022,PHKE6/LH244,12.412268
ILH1_2022,PHN11/LH244,12.568141
ILH1_2022,PHN11_LH145_0005/LH244,12.401813
ILH1_2022,PHN11_LH145_0028/LH244,12.398249
ILH1_2022,PHN11_LH145_0085/LH244,12.398731
ILH1_2022,PHN11_OH43_0001/LH244,12.365144
ILH1_2022,PHN11_OH43_0075/LH244,12.398277
ILH1_2022,PHN11_OH43_0088/LH244,12.393694
ILH1_2022,PHN11_PHG47_0251/LH244,12.299032
ILH1_2022,PHN11_PHG47_0287/LH244,12.392644
ILH1_2022,PHN11_PHW65_0312/LH244,12.684684
ILH1_2022,PHN11_PHW65_0323/LH244,12.68548
ILH1_2022,PHN11_PHW65_0359/LH244,12.3162
ILH1_2022,PHN46/LH244,12.410389
ILH1_2022,PHP02/LH244,12.377395
ILH1_2022,PHP55/LH244,12.395067
ILH1_2022,PHR03/LH244,12.393587
ILH1_2022,PHRE1/PHTD5,11.288319
ILH1_2022,PHW30/LH244,12.394142
ILH1_2022,PHW30_MO17-010-(2N)-01/LH244,12.392306
ILH1_2022,PHW30_MO17-032-(2N)-01/LH244,12.381285
ILH1_2022,PHW30_MO17-095-(2N)-01/LH244,12.382902
ILH1_2022,PHW30_MO17-129-(2N)-01/LH244,12.406186
ILH1_2022,PHW30_MO17-178-(2N)-01/LH244,12.405115
ILH1_2022,PHW30_MO17-234-(2N)-02/LH244,12.404503
ILH1_2022,PHW30_MO17-299-(2N)-01/LH244,12.386519
ILH1_2022,PHW52/PHM49,12.069721
ILH1_2022,PHW52/PHN82,12.473341
ILH1_2022,PHW65_MOG_0137/LH244,12.660347
ILH1_2022,PHW65_MOG_0176/LH244,12.339213
ILH1_2022,PHW65_MOG_0271/LH244,12.488086
ILH1_2022,TX714/PHZ51,12.105713
ILH1_2022,TX777/LH195,11.997757
ILH1_2022,TX779/LH195,12.077714
ILH1_2022,W10001_0003/LH244,12.391161
ILH1_2022,W10001_0007/LH244,12.392315
ILH1_2022,W10001_0009/LH244,12.376169
ILH1_2022,W10001_0011/LH244,12.394131
ILH1_2022,W10001_0012/LH244,12.394464
ILH1_2022,W10001_0013/LH244,12.394017
ILH1_2022,W10001_0014/LH244,12.408682
ILH1_2022,W10001_0016/LH244,12.384109
ILH1_2022,W10001_0017/LH244,12.381845
ILH1_2022,W10001_0019/LH244,12.391373
ILH1_2022,W10001_0021/LH244,12.398088
ILH1_2022,W10001_0022/LH244,12.114683
ILH1_2022,W10001_0023/LH244,12.385263
ILH1_2022,W10001_0030/LH244,12.403244
ILH1_2022,W10001_0031/LH244,12.400492
ILH1_2022,W10001_0033/LH244,12.395323
ILH1_2022,W10001_0036/LH244,12.394524
ILH1_2022,W10001_0040/LH244,12.383587
ILH1_2022,W10001_0047/LH244,12.389463
ILH1_2022,W10002_0002/LH244,12.392879
ILH1_2022,W10005_0029/LH244,12.401935
ILH1_2022,W10005_0107/LH244,12.304208
ILH1_2022,W10005_0111/LH244,12.387465
ILH1_2022,W10005_0147/LH244,12.364048
ILH1_2022,W10005_0220/LH244,12.378677
ILH1_2022,W10010_0018/LH244,12.396452
ILH1_2022,W10010_0032/LH244,12.394866
ILH1_2022,W10010_0084/LH244,12.379087
ILH1_2022,W10010_0093/LH244,12.390054
ILH1_2022,W10010_0101/LH244,12.400019
ILH1_2022,W10010_0118/LH244,12.415184
ILH1_2022,W10010_0124/LH244,12.400668
ILH1_2022,W10010_0148/LH244,12.406667
ILH1_2022,W10010_0170/LH244,12.390348
ILH1_2022,W10010_0188/LH244,12.387935
ILH1_2022,W10010_0189/LH244,12.393337
ILH1_2022,W10010_0215/LH244,12.399866
ILH1_2022,W10010_0279/LH244,12.397019
ILH1_2022,W10010_0294/LH244,12.391182
ILH1_2022,W10010_0311/LH244,12.382931
ILH1_2022,W10010_0337/LH244,12.402214
ILH1_2022,W10010_0346/LH244,12.40248
ILH1_2022,W10010_0358/LH244,12.403161
ILH1_2022,W10010_0366/LH244,12.402777
ILH1_2022,W10010_0381/LH244,12.401373
ILH1_2022,W10010_0452/LH244,12.404978
INH1_2022,B14A/H95,11.498845
INH1_2022,B14A/MO17,11.53484
INH1_2022,B14A/OH43,11.657948
INH1_2022,B37/H95,11.582022
INH1_2022,B37/MO17,11.657948
INH1_2022,B37/OH43,11.640828
INH1_2022,B73/MO17,12.345249
INH1_2022,B73/PHK76,12.290459
INH1_2022,B73/PHM49,12.311014
INH1_2022,B73/PHN82,12.419533
INH1_2022,B73/PHZ51,12.147571
INH1_2022,B73/TX779,11.554216
INH1_2022,B97/LH244,12.323345
INH1_2022,BGEM-0039-N/LH244,12.061769
INH1_2022,BGEM-0063-N/LH244,12.419708
INH1_2022,BGEM-0089-N/LH244,12.135262
INH1_2022,BGEM-0124-N/LH244,12.127872
INH1_2022,BGEM-0129-N/LH244,9.827089
INH1_2022,CG119/CG108,5.977673
INH1_2022,CG44/CGR01,11.487144
INH1_2022,DK3IIH6/LH244,12.66528
INH1_2022,DK78010/LH244,12.405333
INH1_2022,F42/H95,12.024983
INH1_2022,F42/MO17,12.283864
INH1_2022,F42/OH43,12.015862
INH1_2022,GEMN-0096/LH244,12.398707
INH1_2022,GEMN-0096_LH212HT_0001/LH244,12.384718
INH1_2022,GEMN-0096_LH212HT_0002/LH244,12.397204
INH1_2022,GEMN-0096_LH212HT_0004/LH244,12.394378
INH1_2022,GEMN-0096_LH212HT_0005/LH244,12.413832
INH1_2022,GEMN-0096_LH212HT_0006/LH244,12.383003
INH1_2022,GEMN-0096_LH212HT_0009/LH244,12.385893
INH1_2022,GEMN-0096_LH212HT_0010/LH244,12.406053
INH1_2022,GEMN-0096_LH212HT_0012/LH244,12.382164
INH1_2022,GEMN-0096_LH212HT_0013/LH244,12.404096
INH1_2022,GEMN-0096_LH212HT_0017/LH244,12.405359
INH1_2022,GEMN-0096_LH212HT_0021/LH244,12.397404
INH1_2022,GEMN-0096_PHJ89_0001/LH244,12.385992
INH1_2022,GEMN-0096_PHJ89_0002/LH244,12.400808
INH1_2022,GEMN-0096_PHJ89_0006/LH244,12.391559
INH1_2022,GEMN-0096_PHJ89_0007/LH244,12.391034
INH1_2022,GEMN-0096_PHJ89_0009/LH244,12.38245
INH1_2022,GEMN-0096_PHJ89_0010/LH244,12.399632
INH1_2022,GEMN-0096_PHJ89_0011/LH244,12.388377
INH1_2022,GEMN-0096_PHJ89_0012/LH244,12.396976
INH1_2022,GEMN-0096_PHJ89_0013/LH244,12.404978
INH1_2022,GEMN-0096_PHJ89_0014/LH244,12.405251
INH1_2022,GEMN-0096_PHJ89_0016/LH244,12.380236
INH1_2022,GEMN-0096_PHJ89_0017/LH244,12.411669
INH1_2022,GEMN-0096_PHK76_0001/LH244,12.394864
INH1_2022,GEMN-0096_PHK76_0002/LH244,12.383407
INH1_2022,GEMN-0096_PHK76_0003/LH244,12.392149
INH1_2022,GEMN-0096_PHK76_0004/LH244,12.408051
INH1_2022,GEMN-0096_PHK76_0006/LH244,12.412112
INH1_2022,GEMN-0096_PHK76_0007/LH244,12.387633
INH1_2022,GEMN-0096_PHK76_0008/LH244,12.392286
INH1_2022,GEMN-0096_PHK76_0009/LH244,12.388573
INH1_2022,GEMN-0096_PHK76_0010/LH244,12.392737
INH1_2022,GEMN-0096_PHK76_0013/LH244,12.381814
INH1_2022,GEMN-0096_PHK76_0015/LH244,12.380116
INH1_2022,GEMN-0096_PHK76_0016/LH244,12.385645
INH1_2022,GEMN-0096_PHN46_0001/LH244,12.391475
INH1_2022,GEMN-0096_PHN46_0002/LH244,12.373527
INH1_2022,GEMN-0096_PHN46_0003/LH244,12.382811
INH1_2022,GEMN-0096_PHN46_0004/LH244,12.381735
INH1_2022,GEMN-0096_PHN46_0005/LH244,12.392226
INH1_2022,GEMN-0096_PHN46_0007/LH244,12.384888
INH1_2022,GEMN-0096_PHN46_0009/LH244,12.374368
INH1_2022,GEMN-0096_PHN46_0010/LH244,12.387897
INH1_2022,GEMN-0096_PHN46_0011/LH244,12.41012
INH1_2022,GEMN-0096_PHN46_0012/LH244,12.410941
INH1_2022,GEMN-0096_PHN46_0013/LH244,12.375206
INH1_2022,GEMN-0096_PHN46_0014/LH244,12.386009
INH1_2022,GEMN-0096_PHN46_0018/LH244,12.385674
INH1_2022,GEMN-0096_PHN46_0020/LH244,12.38209
INH1_2022,GEMN-0096_PHN46_0023/LH244,12.386229
INH1_2022,GEMN-0096_PHP02_0001/LH244,12.394678
INH1_2022,GEMN-0096_PHP02_0003/LH244,12.402159
INH1_2022,GEMN-0096_PHP02_0005/LH244,12.401226
INH1_2022,GEMN-0096_PHP02_0006/LH244,12.391247
INH1_2022,GEMN-0096_PHP02_0007/LH244,12.379041
INH1_2022,GEMN-0096_PHP02_0009/LH244,12.402289
INH1_2022,GEMN-0096_PHP02_0011/LH244,12.393541
INH1_2022,GEMN-0096_PHP02_0012/LH244,12.390543
INH1_2022,GEMN-0096_PHP02_0016/LH244,12.387083
INH1_2022,GEMN-0096_PHP02_0017/LH244,12.400661
INH1_2022,GEMN-0096_PHP02_0025/LH244,12.410698
INH1_2022,GEMN-0096_PHP02_0030/LH244,12.39439
INH1_2022,GEMN-0097/LH244,12.394939
INH1_2022,GEMN-0097_LH212HT_0002/LH244,12.411242
INH1_2022,GEMN-0097_LH212HT_0004/LH244,12.385269
INH1_2022,GEMN-0097_LH212HT_0019/LH244,12.396444
INH1_2022,GEMN-0097_LH212HT_0020/LH244,12.405442
INH1_2022,GEMN-0097_LH212HT_0026/LH244,12.39818
INH1_2022,GEMN-0097_LH212HT_0032/LH244,12.407484
INH1_2022,GEMN-0097_LH212HT_0039/LH244,12.392683
INH1_2022,GEMN-0097_LH212HT_0047/LH244,12.401635
INH1_2022,GEMN-0097_LH212HT_0051/LH244,12.387856
INH1_2022,GEMN-0097_LH212HT_0054/LH244,12.383225
INH1_2022,GEMN-0097_LH212HT_0058/LH244,12.392141
INH1_2022,GEMN-0097_LH212HT_0061/LH244,12.382929
INH1_2022,GEMN-0097_LH212HT_0062/LH244,12.399187
INH1_2022,GEMN-0097_LH212HT_0069/LH244,12.389874
INH1_2022,GEMN-0097_LH212HT_0074/LH244,12.389297
INH1_2022,GEMN-0097_LH212HT_0085/LH244,12.385645
INH1_2022,GEMN-0097_PHJ89_0001/LH244,12.384727
INH1_2022,GEMN-0097_PHJ89_0002/LH244,12.394356
INH1_2022,GEMN-0097_PHJ89_0003/LH244,12.39744
INH1_2022,GEMN-0097_PHJ89_0004/LH244,12.389294
INH1_2022,GEMN-0097_PHJ89_0005/LH244,12.38209
INH1_2022,GEMN-0097_PHJ89_0006/LH244,12.389325
INH1_2022,GEMN-0097_PHJ89_0007/LH244,12.395279
INH1_2022,GEMN-0097_PHJ89_0008/LH244,12.399306
INH1_2022,GEMN-0097_PHJ89_0010/LH244,12.408304
INH1_2022,GEMN-0097_PHJ89_0011/LH244,12.390594
INH1_2022,GEMN-0097_PHJ89_0012/LH244,12.406352
INH1_2022,GEMN-0097_PHJ89_0013/LH244,12.39753
INH1_2022,GEMN-0097_PHJ89_0016/LH244,12.40712
INH1_2022,GEMN-0097_PHJ89_0020/LH244,12.391414
INH1_2022,GEMN-0097_PHJ89_0023/LH244,12.400904
INH1_2022,GEMN-0097_PHJ89_0025/LH244,12.381832
INH1_2022,GEMN-0097_PHJ89_0026/LH244,12.402362
INH1_2022,GEMN-0097_PHJ89_0027/LH244,12.3825
INH1_2022,GEMN-0097_PHJ89_0028/LH244,12.395255
INH1_2022,GEMN-0097_PHJ89_0029/LH244,12.397104
INH1_2022,GEMN-0097_PHJ89_0036/LH244,12.383909
INH1_2022,GEMN-0097_PHJ89_0039/LH244,12.384588
INH1_2022,GEMN-0097_PHK76_0003/LH244,12.398079
INH1_2022,GEMN-0097_PHK76_0007/LH244,12.38706
INH1_2022,GEMN-0097_PHK76_0009/LH244,12.397604
INH1_2022,GEMN-0097_PHK76_0011/LH244,12.394633
INH1_2022,GEMN-0097_PHK76_0014/LH244,12.397473
INH1_2022,GEMN-0097_PHK76_0015/LH244,12.397074
INH1_2022,GEMN-0097_PHK76_0018/LH244,12.384634
INH1_2022,GEMN-0097_PHK76_0021/LH244,12.383759
INH1_2022,GEMN-0097_PHK76_0036/LH244,12.404284
INH1_2022,GEMN-0097_PHK76_0037/LH244,12.410202
INH1_2022,GEMN-0097_PHK76_0038/LH244,12.391937
INH1_2022,GEMN-0097_PHK76_0039/LH244,12.407731
INH1_2022,GEMN-0097_PHK76_0041/LH244,12.390783
INH1_2022,GEMN-0097_PHK76_0048/LH244,12.407425
INH1_2022,GEMN-0097_PHK76_0053/LH244,12.405293
INH1_2022,GEMN-0097_PHK76_0055/LH244,12.395804
INH1_2022,GEMN-0097_PHK76_0060/LH244,12.395237
INH1_2022,GEMN-0097_PHN46_0001/LH244,12.382693
INH1_2022,GEMN-0097_PHN46_0003/LH244,12.400753
INH1_2022,GEMN-0097_PHN46_0004/LH244,12.398891
INH1_2022,GEMN-0097_PHN46_0005/LH244,12.402087
INH1_2022,GEMN-0097_PHN46_0007/LH244,12.404455
INH1_2022,GEMN-0097_PHN46_0008/LH244,12.411968
INH1_2022,GEMN-0097_PHN46_0010/LH244,12.390539
INH1_2022,GEMN-0097_PHN46_0011/LH244,12.372129
INH1_2022,GEMN-0097_PHN46_0013/LH244,12.391484
INH1_2022,GEMN-0097_PHN46_0014/LH244,12.387592
INH1_2022,GEMN-0097_PHN46_0016/LH244,12.395912
INH1_2022,GEMN-0097_PHN46_0018/LH244,12.392776
INH1_2022,GEMN-0097_PHP02_0001/LH244,12.376163
INH1_2022,GEMN-0097_PHP02_0002/LH244,12.394373
INH1_2022,GEMN-0097_PHP02_0003/LH244,12.390968
INH1_2022,GEMN-0097_PHP02_0005/LH244,12.385949
INH1_2022,GEMN-0097_PHP02_0006/LH244,12.38549
INH1_2022,GEMN-0097_PHP02_0007/LH244,12.400714
INH1_2022,GEMN-0098/LH244,12.396753
INH1_2022,GEMN-0104/LH244,12.37756
INH1_2022,GEMN-0124/LH244,12.38788
INH1_2022,GEMN-0135/LH244,12.395739
INH1_2022,GEMN-0144/LH244,12.391701
INH1_2022,GEMN-0157/LH244,12.390635
INH1_2022,GEMN-0177/LH244,12.400899
INH1_2022,GEMN-0178/LH244,12.405178
INH1_2022,GEMN-0187/LH244,12.400418
INH1_2022,GEMN-0192/LH244,12.391457
INH1_2022,GEMN-0192_LH212HT_0001/LH244,12.392242
INH1_2022,GEMN-0192_LH212HT_0006/LH244,12.417137
INH1_2022,GEMN-0192_LH212HT_0008/LH244,12.412315
INH1_2022,GEMN-0192_LH212HT_0010/LH244,12.393157
INH1_2022,GEMN-0192_LH212HT_0011/LH244,12.404043
INH1_2022,GEMN-0192_LH212HT_0012/LH244,12.394873
INH1_2022,GEMN-0192_LH212HT_0013/LH244,12.381239
INH1_2022,GEMN-0192_LH212HT_0014/LH244,12.385124
INH1_2022,GEMN-0192_LH212HT_0015/LH244,12.38604
INH1_2022,GEMN-0192_LH212HT_0016/LH244,12.395061
INH1_2022,GEMN-0192_LH212HT_0018/LH244,12.397091
INH1_2022,GEMN-0192_LH212HT_0021/LH244,12.387956
INH1_2022,GEMN-0192_LH212HT_0023/LH244,12.380081
INH1_2022,GEMN-0192_PHJ89_0001/LH244,12.397236
INH1_2022,GEMN-0192_PHJ89_0002/LH244,12.384985
INH1_2022,GEMN-0192_PHK76_0002/LH244,12.410091
INH1_2022,GEMN-0192_PHK76_0004/LH244,12.400621
INH1_2022,GEMN-0192_PHK76_0005/LH244,12.393006
INH1_2022,GEMN-0192_PHK76_0006/LH244,12.386372
INH1_2022,GEMN-0192_PHK76_0007/LH244,12.408918
INH1_2022,GEMN-0192_PHK76_0008/LH244,12.396456
INH1_2022,GEMN-0192_PHK76_0009/LH244,12.396322
INH1_2022,GEMN-0192_PHK76_0010/LH244,12.380176
INH1_2022,GEMN-0192_PHK76_0011/LH244,12.397551
INH1_2022,GEMN-0192_PHK76_0012/LH244,12.38895
INH1_2022,GEMN-0192_PHK76_0013/LH244,12.406275
INH1_2022,GEMN-0192_PHK76_0014/LH244,12.412234
INH1_2022,GEMN-0192_PHK76_0015/LH244,12.404319
INH1_2022,GEMN-0192_PHK76_0016/LH244,12.396288
INH1_2022,GEMN-0192_PHK76_0019/LH244,12.396458
INH1_2022,GEMN-0192_PHK76_0021/LH244,12.393507
INH1_2022,GEMN-0192_PHK76_0025/LH244,12.385166
INH1_2022,GEMN-0192_PHK76_0027/LH244,12.387407
INH1_2022,GEMN-0192_PHK76_0028/LH244,12.406773
INH1_2022,GEMN-0192_PHK76_0030/LH244,12.398259
INH1_2022,GEMN-0192_PHK76_0032/LH244,12.398687
INH1_2022,GEMN-0192_PHK76_0033/LH244,12.389087
INH1_2022,GEMN-0192_PHK76_0035/LH244,12.38898
INH1_2022,GEMN-0192_PHK76_0036/LH244,12.398937
INH1_2022,GEMN-0192_PHK76_0037/LH244,12.395618
INH1_2022,GEMN-0192_PHK76_0041/LH244,12.39378
INH1_2022,GEMN-0192_PHK76_0044/LH244,12.382568
INH1_2022,GEMN-0192_PHK76_0045/LH244,12.393015
INH1_2022,GEMN-0192_PHN46_0001/LH244,12.399324
INH1_2022,GEMN-0192_PHN46_0002/LH244,12.411785
INH1_2022,GEMN-0192_PHN46_0003/LH244,12.394215
INH1_2022,GEMN-0192_PHN46_0004/LH244,12.391278
INH1_2022,GEMN-0192_PHN46_0005/LH244,12.401558
INH1_2022,GEMN-0192_PHN46_0006/LH244,12.382123
INH1_2022,GEMN-0192_PHN46_0008/LH244,12.399242
INH1_2022,GEMN-0192_PHN46_0009/LH244,12.39692
INH1_2022,GEMN-0192_PHN46_0010/LH244,12.407716
INH1_2022,GEMN-0192_PHN46_0011/LH244,12.399029
INH1_2022,GEMN-0192_PHN46_0012/LH244,12.377075
INH1_2022,GEMN-0192_PHN46_0014/LH244,12.372558
INH1_2022,GEMN-0192_PHN46_0015/LH244,12.404189
INH1_2022,GEMN-0192_PHN46_0017/LH244,12.387805
INH1_2022,GEMN-0192_PHN46_0018/LH244,12.398527
INH1_2022,GEMN-0192_PHN46_0020/LH244,12.398686
INH1_2022,GEMN-0192_PHN46_0025/LH244,12.405291
INH1_2022,GEMN-0192_PHP02_0001/LH244,12.40521
INH1_2022,GEMN-0192_PHP02_0003/LH244,12.385477
INH1_2022,GEMN-0225/LH244,12.391291
INH1_2022,GEMN-0225_LH212HT_0002/LH244,12.391205
INH1_2022,GEMN-0225_LH212HT_0005/LH244,12.400333
INH1_2022,GEMN-0225_LH212HT_0006/LH244,12.383764
INH1_2022,GEMN-0225_LH212HT_0008/LH244,12.379772
INH1_2022,GEMN-0225_LH212HT_0009/LH244,12.383305
INH1_2022,GEMN-0225_LH212HT_0015/LH244,12.407297
INH1_2022,GEMN-0225_LH212HT_0017/LH244,12.416386
INH1_2022,GEMN-0225_LH212HT_0022/LH244,12.385845
INH1_2022,GEMN-0225_LH212HT_0024/LH244,12.391764
INH1_2022,GEMN-0225_LH212HT_0025/LH244,12.399161
INH1_2022,GEMN-0225_LH212HT_0029/LH244,12.410166
INH1_2022,GEMN-0225_LH212HT_0033/LH244,12.399549
INH1_2022,GEMN-0225_LH212HT_0036/LH244,12.396992
INH1_2022,GEMN-0225_LH212HT_0040/LH244,12.392155
INH1_2022,GEMN-0225_LH212HT_0043/LH244,12.39916
INH1_2022,GEMN-0225_PHJ89_0001/LH244,12.390051
INH1_2022,GEMN-0225_PHJ89_0002/LH244,12.406804
INH1_2022,GEMN-0225_PHJ89_0003/LH244,12.381412
INH1_2022,GEMN-0225_PHJ89_0004/LH244,12.395647
INH1_2022,GEMN-0225_PHJ89_0005/LH244,12.389273
INH1_2022,GEMN-0225_PHJ89_0006/LH244,12.376984
INH1_2022,GEMN-0225_PHJ89_0008/LH244,12.405398
INH1_2022,GEMN-0225_PHJ89_0009/LH244,12.393096
INH1_2022,GEMN-0225_PHJ89_0013/LH244,12.396259
INH1_2022,GEMN-0225_PHJ89_0015/LH244,12.41528
INH1_2022,GEMN-0225_PHJ89_0016/LH244,12.40557
INH1_2022,GEMN-0225_PHJ89_0017/LH244,12.392617
INH1_2022,GEMN-0225_PHJ89_0018/LH244,12.399177
INH1_2022,GEMN-0225_PHJ89_0020/LH244,12.387218
INH1_2022,GEMN-0225_PHJ89_0021/LH244,12.379342
INH1_2022,GEMN-0225_PHJ89_0022/LH244,12.401793
INH1_2022,GEMN-0225_PHJ89_0026/LH244,12.390915
INH1_2022,GEMN-0225_PHJ89_0032/LH244,12.407016
INH1_2022,GEMN-0225_PHK76_0001/LH244,12.404394
INH1_2022,GEMN-0225_PHK76_0002/LH244,12.402934
INH1_2022,GEMN-0225_PHK76_0003/LH244,12.394344
INH1_2022,GEMN-0225_PHK76_0004/LH244,12.411146
INH1_2022,GEMN-0225_PHK76_0005/LH244,12.406695
INH1_2022,GEMN-0225_PHK76_0007/LH244,12.400021
INH1_2022,GEMN-0225_PHK76_0008/LH244,12.388433
INH1_2022,GEMN-0225_PHK76_0010/LH244,12.399554
INH1_2022,GEMN-0225_PHK76_0012/LH244,12.394327
INH1_2022,GEMN-0225_PHK76_0013/LH244,12.387754
INH1_2022,GEMN-0225_PHK76_0014/LH244,12.379223
INH1_2022,GEMN-0225_PHK76_0018/LH244,12.38821
INH1_2022,GEMN-0225_PHK76_0019/LH244,12.409173
INH1_2022,GEMN-0225_PHK76_0021/LH244,12.39839
INH1_2022,GEMN-0225_PHK76_0022/LH244,12.402611
INH1_2022,GEMN-0225_PHK76_0027/LH244,12.390658
INH1_2022,GEMN-0225_PHK76_0028/LH244,12.411661
INH1_2022,GEMN-0225_PHK76_0031/LH244,12.393095
INH1_2022,GEMN-0225_PHK76_0032/LH244,12.405169
INH1_2022,GEMN-0225_PHN46_0001/LH244,12.394808
INH1_2022,GEMN-0225_PHN46_0003/LH244,12.401133
INH1_2022,GEMN-0225_PHN46_0004/LH244,12.396781
INH1_2022,GEMN-0225_PHN46_0005/LH244,12.382457
INH1_2022,GEMN-0225_PHN46_0006/LH244,12.407482
INH1_2022,GEMN-0225_PHN46_0009/LH244,12.408077
INH1_2022,GEMN-0225_PHN46_0021/LH244,12.390912
INH1_2022,GEMN-0225_PHP02_0001/LH244,12.392246
INH1_2022,GEMN-0225_PHP02_0002/LH244,12.393604
INH1_2022,GEMN-0225_PHP02_0003/LH244,12.407158
INH1_2022,GEMN-0225_PHP02_0005/LH244,12.400238
INH1_2022,GEMN-0225_PHP02_0006/LH244,12.381639
INH1_2022,GEMN-0225_PHP02_0007/LH244,12.381067
INH1_2022,GEMN-0225_PHP02_0008/LH244,12.404059
INH1_2022,GEMN-0225_PHP02_0009/LH244,12.395851
INH1_2022,GEMN-0225_PHP02_0010/LH244,12.388144
INH1_2022,GEMN-0225_PHP02_0012/LH244,12.398036
INH1_2022,GEMN-0225_PHP02_0013/LH244,12.401239
INH1_2022,GEMN-0225_PHP02_0014/LH244,12.385762
INH1_2022,GEMN-0225_PHP02_0015/LH244,12.378986
INH1_2022,GEMN-0225_PHP02_0017/LH244,12.402048
INH1_2022,GEMN-0232/LH244,12.390762
INH1_2022,GEMN-0238/LH244,12.393397
INH1_2022,GEMN-0257/LH244,12.400077
INH1_2022,GEMN-0271/LH244,12.401117
INH1_2022,GEMN-0287/LH244,12.393793
INH1_2022,LH145/LH82,10.905492
INH1_2022,LH185/LH244,12.689416
INH1_2022,LH195/MO17,12.487843
INH1_2022,LH195/PHK76,11.941848
INH1_2022,LH195/PHN82,12.320334
INH1_2022,LH195/PHZ51,12.14923
INH1_2022,LH213/LH244,12.381445
INH1_2022,LH216/LH244,12.351078
INH1_2022,LH244/MO17,12.682297
INH1_2022,LH244/PHK76,12.43465
INH1_2022,LH244/PHN82,12.538754
INH1_2022,LH244/PHZ51,12.31399
INH1_2022,LH283/LH244,12.392416
INH1_2022,LH287/LH244,12.415659
INH1_2022,LH74/PHN82,12.244268
INH1_2022,LH82/LH244,12.347505
INH1_2022,M162W/LH244,12.396732
INH1_2022,MBUB/LH244,12.404227
INH1_2022,MM501D/LH244,12.398392
INH1_2022,MO17_PHW30-008-(2N)-01/LH244,12.386914
INH1_2022,MO17_PHW30-200-(2N)-02/LH244,12.411769
INH1_2022,MO17_PHW30-309-(2N)-01/LH244,12.393888
INH1_2022,MO44_LH145_0127/LH244,12.415819
INH1_2022,MO44_LH145_0138/LH244,12.380461
INH1_2022,MO44_PHG47_0072/LH244,12.393587
INH1_2022,MO44_PHG47_0125/LH244,12.414736
INH1_2022,MO44_PHW65_0025/LH244,12.449326
INH1_2022,MO44_PHW65_0035/LH244,12.158955
INH1_2022,MOG/LH244,12.29278
INH1_2022,MS71/LH244,12.393615
INH1_2022,NC358/LH244,12.39273
INH1_2022,NC360/LH244,12.379296
INH1_2022,NC366/LH244,12.399513
INH1_2022,NC374/LH244,12.394203
INH1_2022,NC386/LH244,12.390875
INH1_2022,NC388/LH244,12.381974
INH1_2022,NC398/LH244,12.407811
INH1_2022,NC406/LH244,12.413105
INH1_2022,NC426/LH244,12.37692
INH1_2022,NC428/LH244,12.399098
INH1_2022,NC438/LH244,12.409965
INH1_2022,NC458/LH244,12.401465
INH1_2022,NC512/LH244,12.411905
INH1_2022,NC528/LH244,12.40261
INH1_2022,NC542/LH244,12.404146
INH1_2022,NC546/LH244,12.389898
INH1_2022,NC548/LH244,12.393532
INH1_2022,NKH8431/LH244,12.474849
INH1_2022,OH43/LH244,12.397031
INH1_2022,PH207/LH244,12.384924
INH1_2022,PH24E/LH244,12.391038
INH1_2022,PHAP9/LH244,12.389939
INH1_2022,PHB47/LH244,12.428392
INH1_2022,PHB47/MO17,11.885002
INH1_2022,PHB47/PHK76,12.12595
INH1_2022,PHB47/PHN82,12.436687
INH1_2022,PHB47/PHZ51,11.924124
INH1_2022,PHG29/PHG47,11.297924
INH1_2022,PHG39/PHN82,12.328032
INH1_2022,PHG47/LH244,12.372505
INH1_2022,PHJ40/PHAJ0,10.11722
INH1_2022,PHJ89/LH244,12.411154
INH1_2022,PHJ89/PH207,12.06361
INH1_2022,PHJ90/LH244,12.411011
INH1_2022,PHK56/LH244,12.508217
INH1_2022,PHKE6/LH244,12.413774
INH1_2022,PHN11/LH244,12.569647
INH1_2022,PHN11_LH145_0005/LH244,12.403317
INH1_2022,PHN11_LH145_0028/LH244,12.399755
INH1_2022,PHN11_LH145_0085/LH244,12.400237
INH1_2022,PHN11_OH43_0001/LH244,12.36665
INH1_2022,PHN11_OH43_0075/LH244,12.399782
INH1_2022,PHN11_OH43_0088/LH244,12.395199
INH1_2022,PHN11_PHG47_0251/LH244,12.300537
INH1_2022,PHN11_PHG47_0287/LH244,12.39415
INH1_2022,PHN11_PHW65_0312/LH244,12.685928
INH1_2022,PHN11_PHW65_0323/LH244,12.686725
INH1_2022,PHN11_PHW65_0359/LH244,12.317705
INH1_2022,PHP02/LH244,12.378901
INH1_2022,PHP55/LH244,12.396572
INH1_2022,PHR03/LH244,12.395092
INH1_2022,PHRE1/PHTD5,11.292577
INH1_2022,PHW30/LH244,12.395649
INH1_2022,PHW30_MO17-010-(2N)-01/LH244,12.393812
INH1_2022,PHW30_MO17-032-(2N)-01/LH244,12.382791
INH1_2022,PHW30_MO17-095-(2N)-01/LH244,12.384409
INH1_2022,PHW30_MO17-129-(2N)-01/LH244,12.407692
INH1_2022,PHW30_MO17-178-(2N)-01/LH244,12.40662
INH1_2022,PHW30_MO17-234-(2N)-02/LH244,12.406009
INH1_2022,PHW30_MO17-299-(2N)-01/LH244,12.388025
INH1_2022,PHW52/PHM49,12.072035
INH1_2022,PHW52/PHN82,12.474846
INH1_2022,PHW65/LH244,12.61867
INH1_2022,PHW65_MOG_0137/LH244,12.661591
INH1_2022,PHW65_MOG_0176/LH244,12.340719
INH1_2022,PHW65_MOG_0271/LH244,12.489592
INH1_2022,TX714/PHZ51,12.108027
INH1_2022,TX714/TX779,11.875703
INH1_2022,TX777/LH195,12.000631
INH1_2022,TX779/LH195,12.080028
INH1_2022,TX951/LH195,11.918819
INH1_2022,W10001_0003/LH244,12.392667
INH1_2022,W10001_0007/LH244,12.39382
INH1_2022,W10001_0009/LH244,12.377676
INH1_2022,W10001_0012/LH244,12.39597
INH1_2022,W10001_0013/LH244,12.395523
INH1_2022,W10001_0014/LH244,12.410188
INH1_2022,W10001_0016/LH244,12.385614
INH1_2022,W10001_0017/LH244,12.383351
INH1_2022,W10001_0019/LH244,12.392878
INH1_2022,W10001_0021/LH244,12.399594
INH1_2022,W10001_0022/LH244,12.116997
INH1_2022,W10001_0023/LH244,12.38677
INH1_2022,W10001_0030/LH244,12.404749
INH1_2022,W10001_0031/LH244,12.401998
INH1_2022,W10001_0033/LH244,12.396828
INH1_2022,W10001_0036/LH244,12.396029
INH1_2022,W10001_0040/LH244,12.385093
INH1_2022,W10001_0047/LH244,12.390969
INH1_2022,W10002_0002/LH244,12.394383
INH1_2022,W10005_0029/LH244,12.40344
INH1_2022,W10005_0107/LH244,12.305714
INH1_2022,W10005_0111/LH244,12.388969
INH1_2022,W10005_0147/LH244,12.365553
INH1_2022,W10005_0220/LH244,12.380184
INH1_2022,W10010_0018/LH244,12.397957
INH1_2022,W10010_0084/LH244,12.380593
INH1_2022,W10010_0093/LH244,12.39156
INH1_2022,W10010_0101/LH244,12.401525
INH1_2022,W10010_0118/LH244,12.41669
INH1_2022,W10010_0124/LH244,12.402174
INH1_2022,W10010_0148/LH244,12.408173
INH1_2022,W10010_0170/LH244,12.391854
INH1_2022,W10010_0188/LH244,12.389441
INH1_2022,W10010_0189/LH244,12.394842
INH1_2022,W10010_0215/LH244,12.401372
INH1_2022,W10010_0279/LH244,12.398525
INH1_2022,W10010_0294/LH244,12.392688
INH1_2022,W10010_0310/LH244,12.407542
INH1_2022,W10010_0311/LH244,12.384436
INH1_2022,W10010_0337/LH244,12.40372
INH1_2022,W10010_0346/LH244,12.403986
INH1_2022,W10010_0358/LH244,12.404666
INH1_2022,W10010_0366/LH244,12.404283
INH1_2022,W10010_0452/LH244,12.406484
MIH1_2022,B14A/OH43,9.706861
MIH1_2022,B37/H95,9.626601
MIH1_2022,B73/MO17,10.85408
MIH1_2022,B73/PHN82,11.064184
MIH1_2022,B73/TX779,9.598797
MIH1_2022,B97/LH244,10.79213
MIH1_2022,BGEM-0039-N/LH244,10.227016
MIH1_2022,BGEM-0063-N/LH244,11.06468
MIH1_2022,BGEM-0089-N/LH244,10.362304
MIH1_2022,BGEM-0124-N/LH244,10.348701
MIH1_2022,BGEM-0129-N/LH244,7.87167
MIH1_2022,CG119/CG108,5.977673
MIH1_2022,CG44/CGR01,9.531725
MIH1_2022,DK3IIH6/LH244,11.762989
MIH1_2022,DK78010/LH244,11.024019
MIH1_2022,GEMN-0096/LH244,11.005282
MIH1_2022,GEMN-0096_LH212HT_0001/LH244,10.965715
MIH1_2022,GEMN-0096_LH212HT_0002/LH244,11.00103
MIH1_2022,GEMN-0096_LH212HT_0003/LH244,10.965662
MIH1_2022,GEMN-0096_LH212HT_0004/LH244,10.993036
MIH1_2022,GEMN-0096_LH212HT_0005/LH244,11.048059
MIH1_2022,GEMN-0096_LH212HT_0006/LH244,10.960863
MIH1_2022,GEMN-0096_LH212HT_0008/LH244,10.982047
MIH1_2022,GEMN-0096_LH212HT_0009/LH244,10.969037
MIH1_2022,GEMN-0096_LH212HT_0010/LH244,11.026057
MIH1_2022,GEMN-0096_LH212HT_0011/LH244,10.993192
MIH1_2022,GEMN-0096_LH212HT_0012/LH244,10.958488
MIH1_2022,GEMN-0096_LH212HT_0013/LH244,11.020521
MIH1_2022,GEMN-0096_LH212HT_0017/LH244,11.024096
MIH1_2022,GEMN-0096_LH212HT_0020/LH244,10.994312
MIH1_2022,GEMN-0096_LH212HT_0021/LH244,11.001594
MIH1_2022,GEMN-0096_LH212HT_0027/LH244,10.98708
MIH1_2022,GEMN-0096_PHJ89_0001/LH244,10.969318
MIH1_2022,GEMN-0096_PHJ89_0002/LH244,11.011224
MIH1_2022,GEMN-0096_PHJ89_0006/LH244,10.985064
MIH1_2022,GEMN-0096_PHJ89_0007/LH244,10.98358
MIH1_2022,GEMN-0096_PHJ89_0009/LH244,10.959301
MIH1_2022,GEMN-0096_PHJ89_0010/LH244,11.007897
MIH1_2022,GEMN-0096_PHJ89_0011/LH244,10.976064
MIH1_2022,GEMN-0096_PHJ89_0012/LH244,11.000382
MIH1_2022,GEMN-0096_PHJ89_0013/LH244,11.023018
MIH1_2022,GEMN-0096_PHJ89_0014/LH244,11.023789
MIH1_2022,GEMN-0096_PHJ89_0016/LH244,10.953034
MIH1_2022,GEMN-0096_PHJ89_0017/LH244,11.041942
MIH1_2022,GEMN-0096_PHK76_0001/LH244,10.994412
MIH1_2022,GEMN-0096_PHK76_0002/LH244,10.962008
MIH1_2022,GEMN-0096_PHK76_0003/LH244,10.986731
MIH1_2022,GEMN-0096_PHK76_0004/LH244,11.031708
MIH1_2022,GEMN-0096_PHK76_0006/LH244,11.043196
MIH1_2022,GEMN-0096_PHK76_0007/LH244,10.973961
MIH1_2022,GEMN-0096_PHK76_0008/LH244,10.987121
MIH1_2022,GEMN-0096_PHK76_0009/LH244,10.976617
MIH1_2022,GEMN-0096_PHK76_0010/LH244,10.988397
MIH1_2022,GEMN-0096_PHK76_0013/LH244,10.9575
MIH1_2022,GEMN-0096_PHK76_0015/LH244,10.9527
MIH1_2022,GEMN-0096_PHK76_0016/LH244,10.968337
MIH1_2022,GEMN-0096_PHN46_0001/LH244,10.984825
MIH1_2022,GEMN-0096_PHN46_0002/LH244,10.93406
MIH1_2022,GEMN-0096_PHN46_0003/LH244,10.960321
MIH1_2022,GEMN-0096_PHN46_0004/LH244,10.957279
MIH1_2022,GEMN-0096_PHN46_0005/LH244,10.986951
MIH1_2022,GEMN-0096_PHN46_0007/LH244,10.966196
MIH1_2022,GEMN-0096_PHN46_0008/LH244,10.983821
MIH1_2022,GEMN-0096_PHN46_0009/LH244,10.93644
MIH1_2022,GEMN-0096_PHN46_0010/LH244,10.974708
MIH1_2022,GEMN-0096_PHN46_0011/LH244,11.03756
MIH1_2022,GEMN-0096_PHN46_0012/LH244,11.039882
MIH1_2022,GEMN-0096_PHN46_0013/LH244,10.938808
MIH1_2022,GEMN-0096_PHN46_0014/LH244,10.969364
MIH1_2022,GEMN-0096_PHN46_0018/LH244,10.968417
MIH1_2022,GEMN-0096_PHN46_0020/LH244,10.958282
MIH1_2022,GEMN-0096_PHN46_0023/LH244,10.969987
MIH1_2022,GEMN-0096_PHP02_0001/LH244,10.993885
MIH1_2022,GEMN-0096_PHP02_0002/LH244,10.985106
MIH1_2022,GEMN-0096_PHP02_0003/LH244,11.015045
MIH1_2022,GEMN-0096_PHP02_0004/LH244,10.987689
MIH1_2022,GEMN-0096_PHP02_0005/LH244,11.012404
MIH1_2022,GEMN-0096_PHP02_0006/LH244,10.98418
MIH1_2022,GEMN-0096_PHP02_0007/LH244,10.949658
MIH1_2022,GEMN-0096_PHP02_0008/LH244,11.018148
MIH1_2022,GEMN-0096_PHP02_0009/LH244,11.015413
MIH1_2022,GEMN-0096_PHP02_0010/LH244,10.994186
MIH1_2022,GEMN-0096_PHP02_0011/LH244,10.990669
MIH1_2022,GEMN-0096_PHP02_0012/LH244,10.982188
MIH1_2022,GEMN-0096_PHP02_0015/LH244,10.999858
MIH1_2022,GEMN-0096_PHP02_0016/LH244,10.972405
MIH1_2022,GEMN-0096_PHP02_0017/LH244,11.010809
MIH1_2022,GEMN-0096_PHP02_0022/LH244,10.972849
MIH1_2022,GEMN-0096_PHP02_0025/LH244,11.039196
MIH1_2022,GEMN-0096_PHP02_0030/LH244,10.99307
MIH1_2022,GEMN-0097/LH244,10.994625
MIH1_2022,GEMN-0097_LH212HT_0002/LH244,11.040733
MIH1_2022,GEMN-0097_LH212HT_0004/LH244,10.967275
MIH1_2022,GEMN-0097_LH212HT_0017/LH244,10.959755
MIH1_2022,GEMN-0097_LH212HT_0018/LH244,10.991133
MIH1_2022,GEMN-0097_LH212HT_0019/LH244,10.99888
MIH1_2022,GEMN-0097_LH212HT_0020/LH244,11.02433
MIH1_2022,GEMN-0097_LH212HT_0023/LH244,11.028502
MIH1_2022,GEMN-0097_LH212HT_0026/LH244,11.00379
MIH1_2022,GEMN-0097_LH212HT_0032/LH244,11.030106
MIH1_2022,GEMN-0097_LH212HT_0034/LH244,11.001882
MIH1_2022,GEMN-0097_LH212HT_0039/LH244,10.988241
MIH1_2022,GEMN-0097_LH212HT_0046/LH244,11.000602
MIH1_2022,GEMN-0097_LH212HT_0047/LH244,11.013561
MIH1_2022,GEMN-0097_LH212HT_0051/LH244,10.974589
MIH1_2022,GEMN-0097_LH212HT_0054/LH244,10.961493
MIH1_2022,GEMN-0097_LH212HT_0058/LH244,10.98671
MIH1_2022,GEMN-0097_LH212HT_0061/LH244,10.960655
MIH1_2022,GEMN-0097_LH212HT_0062/LH244,11.006639
MIH1_2022,GEMN-0097_LH212HT_0069/LH244,10.980297
MIH1_2022,GEMN-0097_LH212HT_0074/LH244,10.978664
MIH1_2022,GEMN-0097_LH212HT_0078/LH244,10.994383
MIH1_2022,GEMN-0097_LH212HT_0085/LH244,10.968335
MIH1_2022,GEMN-0097_LH212HT_0090/LH244,11.000427
MIH1_2022,GEMN-0097_PHJ89_0001/LH244,10.965742
MIH1_2022,GEMN-0097_PHJ89_0002/LH244,10.992974
MIH1_2022,GEMN-0097_PHJ89_0003/LH244,11.001696
MIH1_2022,GEMN-0097_PHJ89_0004/LH244,10.978656
MIH1_2022,GEMN-0097_PHJ89_0005/LH244,10.95828
MIH1_2022,GEMN-0097_PHJ89_0006/LH244,10.978746
MIH1_2022,GEMN-0097_PHJ89_0007/LH244,10.995584
MIH1_2022,GEMN-0097_PHJ89_0008/LH244,11.006976
MIH1_2022,GEMN-0097_PHJ89_0010/LH244,11.032423
MIH1_2022,GEMN-0097_PHJ89_0011/LH244,10.982335
MIH1_2022,GEMN-0097_PHJ89_0012/LH244,11.026903
MIH1_2022,GEMN-0097_PHJ89_0013/LH244,11.001949
MIH1_2022,GEMN-0097_PHJ89_0016/LH244,11.029077
MIH1_2022,GEMN-0097_PHJ89_0020/LH244,10.984653
MIH1_2022,GEMN-0097_PHJ89_0023/LH244,11.011494
MIH1_2022,GEMN-0097_PHJ89_0025/LH244,10.95755
MIH1_2022,GEMN-0097_PHJ89_0026/LH244,11.015619
MIH1_2022,GEMN-0097_PHJ89_0027/LH244,10.959439
MIH1_2022,GEMN-0097_PHJ89_0028/LH244,10.995518
MIH1_2022,GEMN-0097_PHJ89_0029/LH244,11.000748
MIH1_2022,GEMN-0097_PHJ89_0033/LH244,10.999517
MIH1_2022,GEMN-0097_PHJ89_0036/LH244,10.963427
MIH1_2022,GEMN-0097_PHJ89_0039/LH244,10.965345
MIH1_2022,GEMN-0097_PHK76_0002/LH244,11.012673
MIH1_2022,GEMN-0097_PHK76_0003/LH244,11.003504
MIH1_2022,GEMN-0097_PHK76_0007/LH244,10.97234
MIH1_2022,GEMN-0097_PHK76_0009/LH244,11.00216
MIH1_2022,GEMN-0097_PHK76_0010/LH244,10.963671
MIH1_2022,GEMN-0097_PHK76_0011/LH244,10.993759
MIH1_2022,GEMN-0097_PHK76_0012/LH244,10.999419
MIH1_2022,GEMN-0097_PHK76_0014/LH244,11.001791
MIH1_2022,GEMN-0097_PHK76_0015/LH244,11.000662
MIH1_2022,GEMN-0097_PHK76_0016/LH244,10.95768
MIH1_2022,GEMN-0097_PHK76_0017/LH244,10.989279
MIH1_2022,GEMN-0097_PHK76_0018/LH244,10.965477
MIH1_2022,GEMN-0097_PHK76_0021/LH244,10.963002
MIH1_2022,GEMN-0097_PHK76_0023/LH244,10.969598
MIH1_2022,GEMN-0097_PHK76_0032/LH244,10.99098
MIH1_2022,GEMN-0097_PHK76_0036/LH244,11.021053
MIH1_2022,GEMN-0097_PHK76_0037/LH244,11.037792
MIH1_2022,GEMN-0097_PHK76_0038/LH244,10.986133
MIH1_2022,GEMN-0097_PHK76_0039/LH244,11.030804
MIH1_2022,GEMN-0097_PHK76_0041/LH244,10.982869
MIH1_2022,GEMN-0097_PHK76_0048/LH244,11.029939
MIH1_2022,GEMN-0097_PHK76_0052/LH244,10.951619
MIH1_2022,GEMN-0097_PHK76_0053/LH244,11.023907
MIH1_2022,GEMN-0097_PHK76_0055/LH244,10.99707
MIH1_2022,GEMN-0097_PHK76_0060/LH244,10.995466
MIH1_2022,GEMN-0097_PHN46_0001/LH244,10.95999
MIH1_2022,GEMN-0097_PHN46_0002/LH244,10.943293
MIH1_2022,GEMN-0097_PHN46_0003/LH244,11.011068
MIH1_2022,GEMN-0097_PHN46_0004/LH244,11.005802
MIH1_2022,GEMN-0097_PHN46_0005/LH244,11.014841
MIH1_2022,GEMN-0097_PHN46_0006/LH244,11.004648
MIH1_2022,GEMN-0097_PHN46_0007/LH244,11.021539
MIH1_2022,GEMN-0097_PHN46_0008/LH244,11.042789
MIH1_2022,GEMN-0097_PHN46_0009/LH244,10.993078
MIH1_2022,GEMN-0097_PHN46_0011/LH244,10.93011
MIH1_2022,GEMN-0097_PHN46_0012/LH244,10.923269
MIH1_2022,GEMN-0097_PHN46_0013/LH244,10.984852
MIH1_2022,GEMN-0097_PHN46_0014/LH244,10.973845
MIH1_2022,GEMN-0097_PHN46_0016/LH244,10.997377
MIH1_2022,GEMN-0097_PHN46_0018/LH244,10.988507
MIH1_2022,GEMN-0097_PHP02_0001/LH244,10.941517
MIH1_2022,GEMN-0097_PHP02_0002/LH244,10.993023
MIH1_2022,GEMN-0097_PHP02_0003/LH244,10.983392
MIH1_2022,GEMN-0097_PHP02_0005/LH244,10.969195
MIH1_2022,GEMN-0097_PHP02_0006/LH244,10.967899
MIH1_2022,GEMN-0097_PHP02_0007/LH244,11.010959
MIH1_2022,GEMN-0098/LH244,10.999755
MIH1_2022,GEMN-0104/LH244,10.945471
MIH1_2022,GEMN-0124/LH244,10.974658
MIH1_2022,GEMN-0135/LH244,10.996885
MIH1_2022,GEMN-0144/LH244,10.985465
MIH1_2022,GEMN-0157/LH244,10.98245
MIH1_2022,GEMN-0177/LH244,11.01148
MIH1_2022,GEMN-0178/LH244,11.023585
MIH1_2022,GEMN-0187/LH244,11.010121
MIH1_2022,GEMN-0192/LH244,10.984772
MIH1_2022,GEMN-0192_LH212HT_0001/LH244,10.986997
MIH1_2022,GEMN-0192_LH212HT_0002/LH244,11.032034
MIH1_2022,GEMN-0192_LH212HT_0006/LH244,11.057409
MIH1_2022,GEMN-0192_LH212HT_0008/LH244,11.04377
MIH1_2022,GEMN-0192_LH212HT_0010/LH244,10.989584
MIH1_2022,GEMN-0192_LH212HT_0011/LH244,11.020372
MIH1_2022,GEMN-0192_LH212HT_0012/LH244,10.994435
MIH1_2022,GEMN-0192_LH212HT_0013/LH244,10.955873
MIH1_2022,GEMN-0192_LH212HT_0014/LH244,10.966866
MIH1_2022,GEMN-0192_LH212HT_0015/LH244,10.969452
MIH1_2022,GEMN-0192_LH212HT_0016/LH244,10.994969
MIH1_2022,GEMN-0192_LH212HT_0018/LH244,11.000712
MIH1_2022,GEMN-0192_LH212HT_0021/LH244,10.974871
MIH1_2022,GEMN-0192_LH212HT_0023/LH244,10.952599
MIH1_2022,GEMN-0192_LH212HT_0026/LH244,10.972657
MIH1_2022,GEMN-0192_PHJ89_0001/LH244,11.00112
MIH1_2022,GEMN-0192_PHJ89_0002/LH244,10.966469
MIH1_2022,GEMN-0192_PHK76_0002/LH244,11.037477
MIH1_2022,GEMN-0192_PHK76_0004/LH244,11.010695
MIH1_2022,GEMN-0192_PHK76_0005/LH244,10.989158
MIH1_2022,GEMN-0192_PHK76_0006/LH244,10.970393
MIH1_2022,GEMN-0192_PHK76_0007/LH244,11.034163
MIH1_2022,GEMN-0192_PHK76_0008/LH244,10.998916
MIH1_2022,GEMN-0192_PHK76_0009/LH244,10.998534
MIH1_2022,GEMN-0192_PHK76_0010/LH244,10.952868
MIH1_2022,GEMN-0192_PHK76_0011/LH244,11.002008
MIH1_2022,GEMN-0192_PHK76_0012/LH244,10.977684
MIH1_2022,GEMN-0192_PHK76_0013/LH244,11.026685
MIH1_2022,GEMN-0192_PHK76_0014/LH244,11.04354
MIH1_2022,GEMN-0192_PHK76_0015/LH244,11.021152
MIH1_2022,GEMN-0192_PHK76_0016/LH244,10.998439
MIH1_2022,GEMN-0192_PHK76_0017/LH244,10.997972
MIH1_2022,GEMN-0192_PHK76_0018/LH244,11.019367
MIH1_2022,GEMN-0192_PHK76_0019/LH244,10.998919
MIH1_2022,GEMN-0192_PHK76_0021/LH244,10.990574
MIH1_2022,GEMN-0192_PHK76_0025/LH244,10.966984
MIH1_2022,GEMN-0192_PHK76_0027/LH244,10.97332
MIH1_2022,GEMN-0192_PHK76_0028/LH244,11.028093
MIH1_2022,GEMN-0192_PHK76_0030/LH244,11.004014
MIH1_2022,GEMN-0192_PHK76_0032/LH244,11.005224
MIH1_2022,GEMN-0192_PHK76_0033/LH244,10.978071
MIH1_2022,GEMN-0192_PHK76_0035/LH244,10.977769
MIH1_2022,GEMN-0192_PHK76_0036/LH244,11.005933
MIH1_2022,GEMN-0192_PHK76_0037/LH244,10.996546
MIH1_2022,GEMN-0192_PHK76_0041/LH244,10.991343
MIH1_2022,GEMN-0192_PHK76_0044/LH244,10.959636
MIH1_2022,GEMN-0192_PHK76_0045/LH244,10.989183
MIH1_2022,GEMN-0192_PHN46_0001/LH244,11.007024
MIH1_2022,GEMN-0192_PHN46_0002/LH244,11.04227
MIH1_2022,GEMN-0192_PHN46_0003/LH244,10.992575
MIH1_2022,GEMN-0192_PHN46_0004/LH244,10.984268
MIH1_2022,GEMN-0192_PHN46_0005/LH244,11.013345
MIH1_2022,GEMN-0192_PHN46_0006/LH244,10.958376
MIH1_2022,GEMN-0192_PHN46_0007/LH244,10.969154
MIH1_2022,GEMN-0192_PHN46_0008/LH244,11.006795
MIH1_2022,GEMN-0192_PHN46_0009/LH244,11.000227
MIH1_2022,GEMN-0192_PHN46_0010/LH244,11.030761
MIH1_2022,GEMN-0192_PHN46_0011/LH244,11.006191
MIH1_2022,GEMN-0192_PHN46_0012/LH244,10.944099
MIH1_2022,GEMN-0192_PHN46_0014/LH244,10.93132
MIH1_2022,GEMN-0192_PHN46_0015/LH244,11.020786
MIH1_2022,GEMN-0192_PHN46_0017/LH244,10.974446
MIH1_2022,GEMN-0192_PHN46_0018/LH244,11.004772
MIH1_2022,GEMN-0192_PHN46_0019/LH244,10.999827
MIH1_2022,GEMN-0192_PHN46_0020/LH244,11.005222
MIH1_2022,GEMN-0192_PHN46_0021/LH244,10.952861
MIH1_2022,GEMN-0192_PHN46_0025/LH244,11.0239
MIH1_2022,GEMN-0192_PHP02_0001/LH244,11.023676
MIH1_2022,GEMN-0192_PHP02_0003/LH244,10.96786
MIH1_2022,GEMN-0225/LH244,10.984303
MIH1_2022,GEMN-0225_LH212HT_0002/LH244,10.984061
MIH1_2022,GEMN-0225_LH212HT_0003/LH244,10.990156
MIH1_2022,GEMN-0225_LH212HT_0005/LH244,11.009882
MIH1_2022,GEMN-0225_LH212HT_0006/LH244,10.963015
MIH1_2022,GEMN-0225_LH212HT_0008/LH244,10.951724
MIH1_2022,GEMN-0225_LH212HT_0009/LH244,10.961716
MIH1_2022,GEMN-0225_LH212HT_0015/LH244,11.029576
MIH1_2022,GEMN-0225_LH212HT_0017/LH244,11.055283
MIH1_2022,GEMN-0225_LH212HT_0021/LH244,11.029053
MIH1_2022,GEMN-0225_LH212HT_0022/LH244,10.968903
MIH1_2022,GEMN-0225_LH212HT_0023/LH244,10.96813
MIH1_2022,GEMN-0225_LH212HT_0024/LH244,10.985641
MIH1_2022,GEMN-0225_LH212HT_0025/LH244,11.006565
MIH1_2022,GEMN-0225_LH212HT_0028/LH244,10.99991
MIH1_2022,GEMN-0225_LH212HT_0029/LH244,11.037689
MIH1_2022,GEMN-0225_LH212HT_0033/LH244,11.00766
MIH1_2022,GEMN-0225_LH212HT_0036/LH244,11.000428
MIH1_2022,GEMN-0225_LH212HT_0038/LH244,11.020753
MIH1_2022,GEMN-0225_LH212HT_0040/LH244,10.986748
MIH1_2022,GEMN-0225_LH212HT_0043/LH244,11.006564
MIH1_2022,GEMN-0225_PHJ89_0001/LH244,10.980797
MIH1_2022,GEMN-0225_PHJ89_0002/LH244,11.028182
MIH1_2022,GEMN-0225_PHJ89_0003/LH244,10.956362
MIH1_2022,GEMN-0225_PHJ89_0004/LH244,10.996627
MIH1_2022,GEMN-0225_PHJ89_0005/LH244,10.978598
MIH1_2022,GEMN-0225_PHJ89_0006/LH244,10.943838
MIH1_2022,GEMN-0225_PHJ89_0007/LH244,10.97123
MIH1_2022,GEMN-0225_PHJ89_0008/LH244,11.024205
MIH1_2022,GEMN-0225_PHJ89_0009/LH244,10.989411
MIH1_2022,GEMN-0225_PHJ89_0013/LH244,10.998356
MIH1_2022,GEMN-0225_PHJ89_0014/LH244,11.021565
MIH1_2022,GEMN-0225_PHJ89_0015/LH244,11.052156
MIH1_2022,GEMN-0225_PHJ89_0016/LH244,11.024692
MIH1_2022,GEMN-0225_PHJ89_0017/LH244,10.988056
MIH1_2022,GEMN-0225_PHJ89_0018/LH244,11.006609
MIH1_2022,GEMN-0225_PHJ89_0019/LH244,10.992382
MIH1_2022,GEMN-0225_PHJ89_0020/LH244,10.972787
MIH1_2022,GEMN-0225_PHJ89_0021/LH244,10.950511
MIH1_2022,GEMN-0225_PHJ89_0022/LH244,11.014006
MIH1_2022,GEMN-0225_PHJ89_0025/LH244,11.019032
MIH1_2022,GEMN-0225_PHJ89_0026/LH244,10.98324
MIH1_2022,GEMN-0225_PHJ89_0027/LH244,10.945826
MIH1_2022,GEMN-0225_PHJ89_0032/LH244,11.02878
MIH1_2022,GEMN-0225_PHK76_0001/LH244,11.021366
MIH1_2022,GEMN-0225_PHK76_0002/LH244,11.017237
MIH1_2022,GEMN-0225_PHK76_0003/LH244,10.992941
MIH1_2022,GEMN-0225_PHK76_0004/LH244,11.040462
MIH1_2022,GEMN-0225_PHK76_0005/LH244,11.027875
MIH1_2022,GEMN-0225_PHK76_0007/LH244,11.008995
MIH1_2022,GEMN-0225_PHK76_0008/LH244,10.976223
MIH1_2022,GEMN-0225_PHK76_0010/LH244,11.007678
MIH1_2022,GEMN-0225_PHK76_0012/LH244,10.992892
MIH1_2022,GEMN-0225_PHK76_0013/LH244,10.974302
MIH1_2022,GEMN-0225_PHK76_0014/LH244,10.950174
MIH1_2022,GEMN-0225_PHK76_0018/LH244,10.97559
MIH1_2022,GEMN-0225_PHK76_0019/LH244,11.034882
MIH1_2022,GEMN-0225_PHK76_0021/LH244,11.004385
MIH1_2022,GEMN-0225_PHK76_0022/LH244,11.016321
MIH1_2022,GEMN-0225_PHK76_0027/LH244,10.982515
MIH1_2022,GEMN-0225_PHK76_0028/LH244,11.04192
MIH1_2022,GEMN-0225_PHK76_0031/LH244,10.989408
MIH1_2022,GEMN-0225_PHK76_0032/LH244,11.023558
MIH1_2022,GEMN-0225_PHK76_0039/LH244,11.009233
MIH1_2022,GEMN-0225_PHN46_0001/LH244,10.994254
MIH1_2022,GEMN-0225_PHN46_0003/LH244,11.012138
MIH1_2022,GEMN-0225_PHN46_0004/LH244,10.999834
MIH1_2022,GEMN-0225_PHN46_0005/LH244,10.959318
MIH1_2022,GEMN-0225_PHN46_0006/LH244,11.030097
MIH1_2022,GEMN-0225_PHN46_0008/LH244,11.027367
MIH1_2022,GEMN-0225_PHN46_0009/LH244,11.031784
MIH1_2022,GEMN-0225_PHN46_0014/LH244,11.010345
MIH1_2022,GEMN-0225_PHN46_0021/LH244,10.983233
MIH1_2022,GEMN-0225_PHP02_0001/LH244,10.987008
MIH1_2022,GEMN-0225_PHP02_0002/LH244,10.99085
MIH1_2022,GEMN-0225_PHP02_0003/LH244,11.029183
MIH1_2022,GEMN-0225_PHP02_0005/LH244,11.009609
MIH1_2022,GEMN-0225_PHP02_0006/LH244,10.957006
MIH1_2022,GEMN-0225_PHP02_0007/LH244,10.955388
MIH1_2022,GEMN-0225_PHP02_0008/LH244,11.02042
MIH1_2022,GEMN-0225_PHP02_0009/LH244,10.997202
MIH1_2022,GEMN-0225_PHP02_0010/LH244,10.975403
MIH1_2022,GEMN-0225_PHP02_0012/LH244,11.003384
MIH1_2022,GEMN-0225_PHP02_0013/LH244,11.012444
MIH1_2022,GEMN-0225_PHP02_0014/LH244,10.968669
MIH1_2022,GEMN-0225_PHP02_0015/LH244,10.949505
MIH1_2022,GEMN-0225_PHP02_0017/LH244,11.01473
MIH1_2022,GEMN-0232/LH244,10.98281
MIH1_2022,GEMN-0238/LH244,10.990263
MIH1_2022,GEMN-0257/LH244,11.009156
MIH1_2022,GEMN-0270/LH244,11.037473
MIH1_2022,GEMN-0271/LH244,11.012099
MIH1_2022,GEMN-0287/LH244,10.991383
MIH1_2022,LH185/LH244,11.831474
MIH1_2022,LH195/PHZ51,10.388018
MIH1_2022,LH212HT/LH244,11.330605
MIH1_2022,LH213/LH244,10.956458
MIH1_2022,LH216/LH244,10.870567
MIH1_2022,LH244/MO17,11.811723
MIH1_2022,LH244/PHK76,11.106942
MIH1_2022,LH244/PHZ51,10.765669
MIH1_2022,LH283/LH244,10.987487
MIH1_2022,LH287/LH244,11.053226
MIH1_2022,LH82/LH244,10.86046
MIH1_2022,M162W/LH244,10.999695
MIH1_2022,M37W/LH244,10.991084
MIH1_2022,MBUB/LH244,11.020893
MIH1_2022,MM501D/LH244,11.004387
MIH1_2022,MO17_PHW30-008-(2N)-01/LH244,10.971927
MIH1_2022,MO17_PHW30-200-(2N)-02/LH244,11.042226
MIH1_2022,MO17_PHW30-309-(2N)-01/LH244,10.99165
MIH1_2022,MO44/LH244,12.032389
MIH1_2022,MO44_LH145_0127/LH244,11.053679
MIH1_2022,MO44_LH145_0138/LH244,10.953671
MIH1_2022,MO44_PHG47_0072/LH244,10.9908
MIH1_2022,MO44_PHG47_0125/LH244,11.050615
MIH1_2022,MO44_PHW65_0025/LH244,11.14845
MIH1_2022,MO44_PHW65_0035/LH244,10.405918
MIH1_2022,MOG/LH244,10.706767
MIH1_2022,MS71/LH244,10.990878
MIH1_2022,NC350/LH244,11.036745
MIH1_2022,NC358/LH244,10.988375
MIH1_2022,NC360/LH244,10.95038
MIH1_2022,NC366/LH244,11.007561
MIH1_2022,NC370/LH244,10.994719
MIH1_2022,NC374/LH244,10.992542
MIH1_2022,NC378/LH244,10.952702
MIH1_2022,NC386/LH244,10.983129
MIH1_2022,NC388/LH244,10.957953
MIH1_2022,NC398/LH244,11.03103
MIH1_2022,NC406/LH244,11.046005
MIH1_2022,NC426/LH244,10.943659
MIH1_2022,NC428/LH244,11.006386
MIH1_2022,NC438/LH244,11.037121
MIH1_2022,NC454/LH244,10.95666
MIH1_2022,NC456/LH244,10.997298
MIH1_2022,NC458/LH244,11.013083
MIH1_2022,NC508/LH244,10.97703
MIH1_2022,NC512/LH244,11.04261
MIH1_2022,NC524/LH244,10.998441
MIH1_2022,NC528/LH244,11.016319
MIH1_2022,NC540/LH244,10.991318
MIH1_2022,NC542/LH244,11.020666
MIH1_2022,NC546/LH244,10.980364
MIH1_2022,NC548/LH244,10.990644
MIH1_2022,NKH8431/LH244,11.220636
MIH1_2022,OH43/LH244,11.000541
MIH1_2022,PH207/LH244,10.966296
MIH1_2022,PH24E/LH244,10.98359
MIH1_2022,PHAP9/LH244,10.980481
MIH1_2022,PHB47/LH244,11.089241
MIH1_2022,PHB47/PHN82,11.112705
MIH1_2022,PHB47/PHZ51,10.024981
MIH1_2022,PHG29/PHG47,9.342505
MIH1_2022,PHG35/LH244,11.044731
MIH1_2022,PHG39/PHN82,10.805385
MIH1_2022,PHG47/LH244,10.931171
MIH1_2022,PHJ40/PHAJ0,8.1618
MIH1_2022,PHJ89/LH244,11.040485
MIH1_2022,PHJ90/LH244,11.04008
MIH1_2022,PHK56/LH244,11.315014
MIH1_2022,PHKE6/LH244,11.047894
MIH1_2022,PHN11/LH244,11.48876
MIH1_2022,PHN11_LH145_0005/LH244,11.018321
MIH1_2022,PHN11_LH145_0028/LH244,11.008244
MIH1_2022,PHN11_LH145_0085/LH244,11.009609
MIH1_2022,PHN11_OH43_0001/LH244,10.91461
MIH1_2022,PHN11_OH43_0075/LH244,11.008323
MIH1_2022,PHN11_OH43_0088/LH244,10.995358
MIH1_2022,PHN11_PHG47_0251/LH244,10.727621
MIH1_2022,PHN11_PHG47_0287/LH244,10.99239
MIH1_2022,PHN11_PHW65_0312/LH244,11.821795
MIH1_2022,PHN11_PHW65_0323/LH244,11.824005
MIH1_2022,PHN11_PHW65_0359/LH244,10.776179
MIH1_2022,PHP02/LH244,10.949259
MIH1_2022,PHP55/LH244,10.999243
MIH1_2022,PHR03/LH244,10.995058
MIH1_2022,PHRE1/PHTD5,9.337157
MIH1_2022,PHW30/LH244,10.99663
MIH1_2022,PHW30_MO17-010-(2N)-01/LH244,10.991435
MIH1_2022,PHW30_MO17-032-(2N)-01/LH244,10.960261
MIH1_2022,PHW30_MO17-095-(2N)-01/LH244,10.96484
MIH1_2022,PHW30_MO17-129-(2N)-01/LH244,11.030693
MIH1_2022,PHW30_MO17-178-(2N)-01/LH244,11.02766
MIH1_2022,PHW30_MO17-234-(2N)-02/LH244,11.025932
MIH1_2022,PHW30_MO17-299-(2N)-01/LH244,10.975067
MIH1_2022,PHW52/PHM49,10.245914
MIH1_2022,PHW65/LH244,11.625218
MIH1_2022,PHW65_MOG_0137/LH244,11.751902
MIH1_2022,PHW65_MOG_0176/LH244,10.84127
MIH1_2022,PHW65_MOG_0271/LH244,11.262335
MIH1_2022,TX777/LH195,10.13015
MIH1_2022,TX779/LH195,10.260627
MIH1_2022,W10001_0003/LH244,10.988197
MIH1_2022,W10001_0007/LH244,10.991458
MIH1_2022,W10001_0008/LH244,10.981675
MIH1_2022,W10001_0009/LH244,10.945795
MIH1_2022,W10001_0010/LH244,11.013762
MIH1_2022,W10001_0011/LH244,10.996594
MIH1_2022,W10001_0012/LH244,10.997541
MIH1_2022,W10001_0013/LH244,10.996275
MIH1_2022,W10001_0014/LH244,11.037752
MIH1_2022,W10001_0016/LH244,10.968252
MIH1_2022,W10001_0017/LH244,10.96185
MIH1_2022,W10001_0018/LH244,10.97958
MIH1_2022,W10001_0019/LH244,10.988793
MIH1_2022,W10001_0021/LH244,11.00779
MIH1_2022,W10001_0022/LH244,10.328681
MIH1_2022,W10001_0023/LH244,10.971518
MIH1_2022,W10001_0030/LH244,11.02237
MIH1_2022,W10001_0031/LH244,11.014587
MIH1_2022,W10001_0033/LH244,10.999967
MIH1_2022,W10001_0036/LH244,10.997707
MIH1_2022,W10001_0040/LH244,10.966774
MIH1_2022,W10001_0047/LH244,10.983397
MIH1_2022,W10002_0002/LH244,10.993053
MIH1_2022,W10005_0029/LH244,11.018668
MIH1_2022,W10005_0107/LH244,10.74226
MIH1_2022,W10005_0111/LH244,10.977739
MIH1_2022,W10005_0147/LH244,10.91151
MIH1_2022,W10005_0220/LH244,10.952889
MIH1_2022,W10010_0018/LH244,11.00316
MIH1_2022,W10010_0032/LH244,10.998674
MIH1_2022,W10010_0084/LH244,10.954048
MIH1_2022,W10010_0093/LH244,10.985064
MIH1_2022,W10010_0101/LH244,11.01325
MIH1_2022,W10010_0118/LH244,11.056142
MIH1_2022,W10010_0124/LH244,11.015087
MIH1_2022,W10010_0148/LH244,11.032052
MIH1_2022,W10010_0170/LH244,10.985897
MIH1_2022,W10010_0188/LH244,10.979071
MIH1_2022,W10010_0189/LH244,10.994349
MIH1_2022,W10010_0215/LH244,11.012818
MIH1_2022,W10010_0239/LH244,11.018473
MIH1_2022,W10010_0279/LH244,11.004766
MIH1_2022,W10010_0294/LH244,10.988256
MIH1_2022,W10010_0310/LH244,11.030269
MIH1_2022,W10010_0311/LH244,10.964918
MIH1_2022,W10010_0337/LH244,11.019458
MIH1_2022,W10010_0346/LH244,11.02021
MIH1_2022,W10010_0358/LH244,11.022136
MIH1_2022,W10010_0366/LH244,11.02105
MIH1_2022,W10010_0381/LH244,11.017077
MIH1_2022,W10010_0452/LH244,11.027276
MIH1_2022,W10010_0464/LH244,10.96753
MIH1_2022,W22/LH244,11.003795
MNH1_2022,B14A/OH43,11.509861
MNH1_2022,B37/H95,11.429602
MNH1_2022,B73/MO17,12.290668
MNH1_2022,B73/PHK76,12.227398
MNH1_2022,B73/PHN82,12.365644
MNH1_2022,B73/PHZ51,12.064772
MNH1_2022,B73/TX779,11.401796
MNH1_2022,B97/LH244,12.265037
MNH1_2022,BGEM-0039-N/LH244,11.961226
MNH1_2022,BGEM-0063-N/LH244,12.365818
MNH1_2022,BGEM-0089-N/LH244,12.052463
MNH1_2022,BGEM-0124-N/LH244,12.044395
MNH1_2022,BGEM-0129-N/LH244,9.674669
MNH1_2022,CG119/CG108,5.977673
MNH1_2022,CG44/CGR01,11.334724
MNH1_2022,DK3IIH6/LH244,12.618966
MNH1_2022,DK78010/LH244,12.351442
MNH1_2022,GEMN-0096/LH244,12.344818
MNH1_2022,GEMN-0096_LH212HT_0001/LH244,12.330829
MNH1_2022,GEMN-0096_LH212HT_0004/LH244,12.340488
MNH1_2022,GEMN-0096_LH212HT_0005/LH244,12.359942
MNH1_2022,GEMN-0096_LH212HT_0006/LH244,12.329113
MNH1_2022,GEMN-0096_LH212HT_0009/LH244,12.332003
MNH1_2022,GEMN-0096_LH212HT_0010/LH244,12.352163
MNH1_2022,GEMN-0096_LH212HT_0011/LH244,12.340543
MNH1_2022,GEMN-0096_LH212HT_0012/LH244,12.328274
MNH1_2022,GEMN-0096_LH212HT_0013/LH244,12.350206
MNH1_2022,GEMN-0096_LH212HT_0017/LH244,12.351469
MNH1_2022,GEMN-0096_LH212HT_0021/LH244,12.343513
MNH1_2022,GEMN-0096_PHJ89_0001/LH244,12.332103
MNH1_2022,GEMN-0096_PHJ89_0002/LH244,12.346918
MNH1_2022,GEMN-0096_PHJ89_0006/LH244,12.337669
MNH1_2022,GEMN-0096_PHJ89_0007/LH244,12.337145
MNH1_2022,GEMN-0096_PHJ89_0009/LH244,12.328561
MNH1_2022,GEMN-0096_PHJ89_0010/LH244,12.345742
MNH1_2022,GEMN-0096_PHJ89_0011/LH244,12.334488
MNH1_2022,GEMN-0096_PHJ89_0012/LH244,12.343086
MNH1_2022,GEMN-0096_PHJ89_0013/LH244,12.351088
MNH1_2022,GEMN-0096_PHJ89_0014/LH244,12.351361
MNH1_2022,GEMN-0096_PHJ89_0016/LH244,12.326345
MNH1_2022,GEMN-0096_PHJ89_0017/LH244,12.357779
MNH1_2022,GEMN-0096_PHK76_0001/LH244,12.340975
MNH1_2022,GEMN-0096_PHK76_0002/LH244,12.329517
MNH1_2022,GEMN-0096_PHK76_0003/LH244,12.338259
MNH1_2022,GEMN-0096_PHK76_0004/LH244,12.35416
MNH1_2022,GEMN-0096_PHK76_0006/LH244,12.358223
MNH1_2022,GEMN-0096_PHK76_0007/LH244,12.333744
MNH1_2022,GEMN-0096_PHK76_0008/LH244,12.338396
MNH1_2022,GEMN-0096_PHK76_0009/LH244,12.334682
MNH1_2022,GEMN-0096_PHK76_0010/LH244,12.338848
MNH1_2022,GEMN-0096_PHK76_0013/LH244,12.327925
MNH1_2022,GEMN-0096_PHK76_0015/LH244,12.326227
MNH1_2022,GEMN-0096_PHK76_0016/LH244,12.331756
MNH1_2022,GEMN-0096_PHN46_0001/LH244,12.337584
MNH1_2022,GEMN-0096_PHN46_0002/LH244,12.319636
MNH1_2022,GEMN-0096_PHN46_0003/LH244,12.328921
MNH1_2022,GEMN-0096_PHN46_0004/LH244,12.327846
MNH1_2022,GEMN-0096_PHN46_0005/LH244,12.338337
MNH1_2022,GEMN-0096_PHN46_0007/LH244,12.330998
MNH1_2022,GEMN-0096_PHN46_0009/LH244,12.320477
MNH1_2022,GEMN-0096_PHN46_0010/LH244,12.334008
MNH1_2022,GEMN-0096_PHN46_0011/LH244,12.35623
MNH1_2022,GEMN-0096_PHN46_0012/LH244,12.357051
MNH1_2022,GEMN-0096_PHN46_0013/LH244,12.321316
MNH1_2022,GEMN-0096_PHN46_0014/LH244,12.332119
MNH1_2022,GEMN-0096_PHN46_0018/LH244,12.331784
MNH1_2022,GEMN-0096_PHN46_0020/LH244,12.3282
MNH1_2022,GEMN-0096_PHN46_0023/LH244,12.332339
MNH1_2022,GEMN-0096_PHP02_0001/LH244,12.340788
MNH1_2022,GEMN-0096_PHP02_0003/LH244,12.348269
MNH1_2022,GEMN-0096_PHP02_0005/LH244,12.347336
MNH1_2022,GEMN-0096_PHP02_0006/LH244,12.337357
MNH1_2022,GEMN-0096_PHP02_0007/LH244,12.325151
MNH1_2022,GEMN-0096_PHP02_0009/LH244,12.3484
MNH1_2022,GEMN-0096_PHP02_0011/LH244,12.339651
MNH1_2022,GEMN-0096_PHP02_0012/LH244,12.336653
MNH1_2022,GEMN-0096_PHP02_0016/LH244,12.333194
MNH1_2022,GEMN-0096_PHP02_0017/LH244,12.346772
MNH1_2022,GEMN-0096_PHP02_0025/LH244,12.356809
MNH1_2022,GEMN-0096_PHP02_0030/LH244,12.3405
MNH1_2022,GEMN-0097/LH244,12.34105
MNH1_2022,GEMN-0097_LH212HT_0002/LH244,12.357352
MNH1_2022,GEMN-0097_LH212HT_0004/LH244,12.331379
MNH1_2022,GEMN-0097_LH212HT_0019/LH244,12.342554
MNH1_2022,GEMN-0097_LH212HT_0020/LH244,12.351552
MNH1_2022,GEMN-0097_LH212HT_0026/LH244,12.34429
MNH1_2022,GEMN-0097_LH212HT_0032/LH244,12.353595
MNH1_2022,GEMN-0097_LH212HT_0039/LH244,12.338793
MNH1_2022,GEMN-0097_LH212HT_0047/LH244,12.347746
MNH1_2022,GEMN-0097_LH212HT_0051/LH244,12.333965
MNH1_2022,GEMN-0097_LH212HT_0054/LH244,12.329336
MNH1_2022,GEMN-0097_LH212HT_0058/LH244,12.338251
MNH1_2022,GEMN-0097_LH212HT_0061/LH244,12.329041
MNH1_2022,GEMN-0097_LH212HT_0062/LH244,12.345298
MNH1_2022,GEMN-0097_LH212HT_0069/LH244,12.335984
MNH1_2022,GEMN-0097_LH212HT_0074/LH244,12.335406
MNH1_2022,GEMN-0097_LH212HT_0085/LH244,12.331755
MNH1_2022,GEMN-0097_LH212HT_0090/LH244,12.343101
MNH1_2022,GEMN-0097_PHJ89_0001/LH244,12.330838
MNH1_2022,GEMN-0097_PHJ89_0002/LH244,12.340466
MNH1_2022,GEMN-0097_PHJ89_0003/LH244,12.34355
MNH1_2022,GEMN-0097_PHJ89_0005/LH244,12.328199
MNH1_2022,GEMN-0097_PHJ89_0006/LH244,12.335436
MNH1_2022,GEMN-0097_PHJ89_0007/LH244,12.341389
MNH1_2022,GEMN-0097_PHJ89_0008/LH244,12.345417
MNH1_2022,GEMN-0097_PHJ89_0010/LH244,12.354414
MNH1_2022,GEMN-0097_PHJ89_0011/LH244,12.336704
MNH1_2022,GEMN-0097_PHJ89_0012/LH244,12.352463
MNH1_2022,GEMN-0097_PHJ89_0013/LH244,12.343639
MNH1_2022,GEMN-0097_PHJ89_0016/LH244,12.35323
MNH1_2022,GEMN-0097_PHJ89_0020/LH244,12.337523
MNH1_2022,GEMN-0097_PHJ89_0023/LH244,12.347013
MNH1_2022,GEMN-0097_PHJ89_0025/LH244,12.327942
MNH1_2022,GEMN-0097_PHJ89_0026/LH244,12.348473
MNH1_2022,GEMN-0097_PHJ89_0027/LH244,12.328609
MNH1_2022,GEMN-0097_PHJ89_0028/LH244,12.341366
MNH1_2022,GEMN-0097_PHJ89_0029/LH244,12.343215
MNH1_2022,GEMN-0097_PHJ89_0036/LH244,12.330019
MNH1_2022,GEMN-0097_PHJ89_0039/LH244,12.330698
MNH1_2022,GEMN-0097_PHK76_0002/LH244,12.347431
MNH1_2022,GEMN-0097_PHK76_0003/LH244,12.344189
MNH1_2022,GEMN-0097_PHK76_0007/LH244,12.333171
MNH1_2022,GEMN-0097_PHK76_0009/LH244,12.343714
MNH1_2022,GEMN-0097_PHK76_0011/LH244,12.340744
MNH1_2022,GEMN-0097_PHK76_0014/LH244,12.343584
MNH1_2022,GEMN-0097_PHK76_0015/LH244,12.343184
MNH1_2022,GEMN-0097_PHK76_0018/LH244,12.330744
MNH1_2022,GEMN-0097_PHK76_0021/LH244,12.329869
MNH1_2022,GEMN-0097_PHK76_0032/LH244,12.339761
MNH1_2022,GEMN-0097_PHK76_0036/LH244,12.350393
MNH1_2022,GEMN-0097_PHK76_0037/LH244,12.356312
MNH1_2022,GEMN-0097_PHK76_0038/LH244,12.338047
MNH1_2022,GEMN-0097_PHK76_0039/LH244,12.353841
MNH1_2022,GEMN-0097_PHK76_0041/LH244,12.336893
MNH1_2022,GEMN-0097_PHK76_0048/LH244,12.353535
MNH1_2022,GEMN-0097_PHK76_0053/LH244,12.351402
MNH1_2022,GEMN-0097_PHK76_0055/LH244,12.341915
MNH1_2022,GEMN-0097_PHK76_0060/LH244,12.341347
MNH1_2022,GEMN-0097_PHN46_0001/LH244,12.328804
MNH1_2022,GEMN-0097_PHN46_0003/LH244,12.346864
MNH1_2022,GEMN-0097_PHN46_0004/LH244,12.345001
MNH1_2022,GEMN-0097_PHN46_0005/LH244,12.348198
MNH1_2022,GEMN-0097_PHN46_0007/LH244,12.350565
MNH1_2022,GEMN-0097_PHN46_0008/LH244,12.358079
MNH1_2022,GEMN-0097_PHN46_0011/LH244,12.31824
MNH1_2022,GEMN-0097_PHN46_0013/LH244,12.337594
MNH1_2022,GEMN-0097_PHN46_0014/LH244,12.333703
MNH1_2022,GEMN-0097_PHN46_0016/LH244,12.342023
MNH1_2022,GEMN-0097_PHN46_0018/LH244,12.338886
MNH1_2022,GEMN-0097_PHP02_0001/LH244,12.322273
MNH1_2022,GEMN-0097_PHP02_0002/LH244,12.340483
MNH1_2022,GEMN-0097_PHP02_0003/LH244,12.337078
MNH1_2022,GEMN-0097_PHP02_0005/LH244,12.332059
MNH1_2022,GEMN-0097_PHP02_0006/LH244,12.331601
MNH1_2022,GEMN-0097_PHP02_0007/LH244,12.346825
MNH1_2022,GEMN-0098/LH244,12.342863
MNH1_2022,GEMN-0104/LH244,12.32367
MNH1_2022,GEMN-0124/LH244,12.333991
MNH1_2022,GEMN-0144/LH244,12.337811
MNH1_2022,GEMN-0157/LH244,12.336745
MNH1_2022,GEMN-0177/LH244,12.34701
MNH1_2022,GEMN-0178/LH244,12.351289
MNH1_2022,GEMN-0187/LH244,12.346529
MNH1_2022,GEMN-0192/LH244,12.337566
MNH1_2022,GEMN-0192_LH212HT_0001/LH244,12.338353
MNH1_2022,GEMN-0192_LH212HT_0006/LH244,12.363248
MNH1_2022,GEMN-0192_LH212HT_0008/LH244,12.358425
MNH1_2022,GEMN-0192_LH212HT_0010/LH244,12.339268
MNH1_2022,GEMN-0192_LH212HT_0011/LH244,12.350153
MNH1_2022,GEMN-0192_LH212HT_0012/LH244,12.340982
MNH1_2022,GEMN-0192_LH212HT_0013/LH244,12.327349
MNH1_2022,GEMN-0192_LH212HT_0014/LH244,12.331235
MNH1_2022,GEMN-0192_LH212HT_0015/LH244,12.33215
MNH1_2022,GEMN-0192_LH212HT_0016/LH244,12.341171
MNH1_2022,GEMN-0192_LH212HT_0018/LH244,12.343202
MNH1_2022,GEMN-0192_LH212HT_0021/LH244,12.334066
MNH1_2022,GEMN-0192_LH212HT_0023/LH244,12.326191
MNH1_2022,GEMN-0192_PHJ89_0001/LH244,12.343346
MNH1_2022,GEMN-0192_PHJ89_0002/LH244,12.331095
MNH1_2022,GEMN-0192_PHK76_0002/LH244,12.356201
MNH1_2022,GEMN-0192_PHK76_0004/LH244,12.346731
MNH1_2022,GEMN-0192_PHK76_0005/LH244,12.339117
MNH1_2022,GEMN-0192_PHK76_0006/LH244,12.332482
MNH1_2022,GEMN-0192_PHK76_0007/LH244,12.355028
MNH1_2022,GEMN-0192_PHK76_0008/LH244,12.342566
MNH1_2022,GEMN-0192_PHK76_0009/LH244,12.342432
MNH1_2022,GEMN-0192_PHK76_0010/LH244,12.326286
MNH1_2022,GEMN-0192_PHK76_0011/LH244,12.34366
MNH1_2022,GEMN-0192_PHK76_0012/LH244,12.33506
MNH1_2022,GEMN-0192_PHK76_0013/LH244,12.352385
MNH1_2022,GEMN-0192_PHK76_0014/LH244,12.358344
MNH1_2022,GEMN-0192_PHK76_0015/LH244,12.35043
MNH1_2022,GEMN-0192_PHK76_0016/LH244,12.342399
MNH1_2022,GEMN-0192_PHK76_0017/LH244,12.342234
MNH1_2022,GEMN-0192_PHK76_0019/LH244,12.342567
MNH1_2022,GEMN-0192_PHK76_0021/LH244,12.339617
MNH1_2022,GEMN-0192_PHK76_0025/LH244,12.331277
MNH1_2022,GEMN-0192_PHK76_0027/LH244,12.333517
MNH1_2022,GEMN-0192_PHK76_0028/LH244,12.352883
MNH1_2022,GEMN-0192_PHK76_0030/LH244,12.34437
MNH1_2022,GEMN-0192_PHK76_0032/LH244,12.344797
MNH1_2022,GEMN-0192_PHK76_0033/LH244,12.335197
MNH1_2022,GEMN-0192_PHK76_0035/LH244,12.335091
MNH1_2022,GEMN-0192_PHK76_0036/LH244,12.345048
MNH1_2022,GEMN-0192_PHK76_0037/LH244,12.341729
MNH1_2022,GEMN-0192_PHK76_0041/LH244,12.33989
MNH1_2022,GEMN-0192_PHK76_0044/LH244,12.328679
MNH1_2022,GEMN-0192_PHK76_0045/LH244,12.339126
MNH1_2022,GEMN-0192_PHN46_0001/LH244,12.345433
MNH1_2022,GEMN-0192_PHN46_0002/LH244,12.357895
MNH1_2022,GEMN-0192_PHN46_0003/LH244,12.340325
MNH1_2022,GEMN-0192_PHN46_0004/LH244,12.337388
MNH1_2022,GEMN-0192_PHN46_0005/LH244,12.347669
MNH1_2022,GEMN-0192_PHN46_0006/LH244,12.328234
MNH1_2022,GEMN-0192_PHN46_0008/LH244,12.345352
MNH1_2022,GEMN-0192_PHN46_0009/LH244,12.343031
MNH1_2022,GEMN-0192_PHN46_0010/LH244,12.353827
MNH1_2022,GEMN-0192_PHN46_0011/LH244,12.34514
MNH1_2022,GEMN-0192_PHN46_0012/LH244,12.323186
MNH1_2022,GEMN-0192_PHN46_0014/LH244,12.318667
MNH1_2022,GEMN-0192_PHN46_0015/LH244,12.3503
MNH1_2022,GEMN-0192_PHN46_0017/LH244,12.333916
MNH1_2022,GEMN-0192_PHN46_0018/LH244,12.344638
MNH1_2022,GEMN-0192_PHN46_0020/LH244,12.344796
MNH1_2022,GEMN-0192_PHN46_0025/LH244,12.3514
MNH1_2022,GEMN-0192_PHP02_0001/LH244,12.351321
MNH1_2022,GEMN-0192_PHP02_0003/LH244,12.331587
MNH1_2022,GEMN-0225/LH244,12.3374
MNH1_2022,GEMN-0225_LH212HT_0002/LH244,12.337315
MNH1_2022,GEMN-0225_LH212HT_0003/LH244,12.33947
MNH1_2022,GEMN-0225_LH212HT_0005/LH244,12.346444
MNH1_2022,GEMN-0225_LH212HT_0006/LH244,12.329874
MNH1_2022,GEMN-0225_LH212HT_0008/LH244,12.325882
MNH1_2022,GEMN-0225_LH212HT_0015/LH244,12.353408
MNH1_2022,GEMN-0225_LH212HT_0017/LH244,12.362495
MNH1_2022,GEMN-0225_LH212HT_0024/LH244,12.337873
MNH1_2022,GEMN-0225_LH212HT_0025/LH244,12.345271
MNH1_2022,GEMN-0225_LH212HT_0028/LH244,12.342918
MNH1_2022,GEMN-0225_LH212HT_0029/LH244,12.356277
MNH1_2022,GEMN-0225_LH212HT_0033/LH244,12.345658
MNH1_2022,GEMN-0225_LH212HT_0036/LH244,12.343102
MNH1_2022,GEMN-0225_LH212HT_0040/LH244,12.338264
MNH1_2022,GEMN-0225_LH212HT_0043/LH244,12.345271
MNH1_2022,GEMN-0225_PHJ89_0001/LH244,12.336161
MNH1_2022,GEMN-0225_PHJ89_0002/LH244,12.352915
MNH1_2022,GEMN-0225_PHJ89_0003/LH244,12.327521
MNH1_2022,GEMN-0225_PHJ89_0004/LH244,12.341758
MNH1_2022,GEMN-0225_PHJ89_0005/LH244,12.335383
MNH1_2022,GEMN-0225_PHJ89_0006/LH244,12.323093
MNH1_2022,GEMN-0225_PHJ89_0008/LH244,12.351508
MNH1_2022,GEMN-0225_PHJ89_0009/LH244,12.339207
MNH1_2022,GEMN-0225_PHJ89_0013/LH244,12.342369
MNH1_2022,GEMN-0225_PHJ89_0015/LH244,12.361391
MNH1_2022,GEMN-0225_PHJ89_0016/LH244,12.35168
MNH1_2022,GEMN-0225_PHJ89_0017/LH244,12.338727
MNH1_2022,GEMN-0225_PHJ89_0018/LH244,12.345287
MNH1_2022,GEMN-0225_PHJ89_0020/LH244,12.333328
MNH1_2022,GEMN-0225_PHJ89_0021/LH244,12.325453
MNH1_2022,GEMN-0225_PHJ89_0022/LH244,12.347902
MNH1_2022,GEMN-0225_PHJ89_0026/LH244,12.337025
MNH1_2022,GEMN-0225_PHJ89_0032/LH244,12.353126
MNH1_2022,GEMN-0225_PHK76_0002/LH244,12.349045
MNH1_2022,GEMN-0225_PHK76_0003/LH244,12.340454
MNH1_2022,GEMN-0225_PHK76_0004/LH244,12.357256
MNH1_2022,GEMN-0225_PHK76_0005/LH244,12.352806
MNH1_2022,GEMN-0225_PHK76_0007/LH244,12.34613
MNH1_2022,GEMN-0225_PHK76_0008/LH244,12.334543
MNH1_2022,GEMN-0225_PHK76_0012/LH244,12.340437
MNH1_2022,GEMN-0225_PHK76_0013/LH244,12.333864
MNH1_2022,GEMN-0225_PHK76_0014/LH244,12.325335
MNH1_2022,GEMN-0225_PHK76_0018/LH244,12.33432
MNH1_2022,GEMN-0225_PHK76_0019/LH244,12.355283
MNH1_2022,GEMN-0225_PHK76_0021/LH244,12.344501
MNH1_2022,GEMN-0225_PHK76_0022/LH244,12.348721
MNH1_2022,GEMN-0225_PHK76_0027/LH244,12.336768
MNH1_2022,GEMN-0225_PHK76_0028/LH244,12.357771
MNH1_2022,GEMN-0225_PHK76_0031/LH244,12.339206
MNH1_2022,GEMN-0225_PHN46_0001/LH244,12.340919
MNH1_2022,GEMN-0225_PHN46_0003/LH244,12.347242
MNH1_2022,GEMN-0225_PHN46_0004/LH244,12.342892
MNH1_2022,GEMN-0225_PHN46_0005/LH244,12.328567
MNH1_2022,GEMN-0225_PHN46_0006/LH244,12.353592
MNH1_2022,GEMN-0225_PHN46_0009/LH244,12.354187
MNH1_2022,GEMN-0225_PHN46_0021/LH244,12.337023
MNH1_2022,GEMN-0225_PHP02_0001/LH244,12.338357
MNH1_2022,GEMN-0225_PHP02_0002/LH244,12.339716
MNH1_2022,GEMN-0225_PHP02_0003/LH244,12.353269
MNH1_2022,GEMN-0225_PHP02_0005/LH244,12.346348
MNH1_2022,GEMN-0225_PHP02_0006/LH244,12.327749
MNH1_2022,GEMN-0225_PHP02_0008/LH244,12.35017
MNH1_2022,GEMN-0225_PHP02_0009/LH244,12.341961
MNH1_2022,GEMN-0225_PHP02_0010/LH244,12.334253
MNH1_2022,GEMN-0225_PHP02_0012/LH244,12.344147
MNH1_2022,GEMN-0225_PHP02_0013/LH244,12.34735
MNH1_2022,GEMN-0225_PHP02_0014/LH244,12.331873
MNH1_2022,GEMN-0225_PHP02_0015/LH244,12.325097
MNH1_2022,GEMN-0225_PHP02_0017/LH244,12.348158
MNH1_2022,GEMN-0238/LH244,12.339507
MNH1_2022,GEMN-0257/LH244,12.346188
MNH1_2022,GEMN-0271/LH244,12.347228
MNH1_2022,GEMN-0287/LH244,12.339904
MNH1_2022,LH145/LH82,10.753072
MNH1_2022,LH185/LH244,12.64489
MNH1_2022,LH195/MO17,12.433953
MNH1_2022,LH195/PHK76,11.822064
MNH1_2022,LH195/PHN82,12.261513
MNH1_2022,LH195/PHZ51,12.066431
MNH1_2022,LH213/LH244,12.327556
MNH1_2022,LH216/LH244,12.297188
MNH1_2022,LH244/MO17,12.637771
MNH1_2022,LH244/PHK76,12.380761
MNH1_2022,LH244/PHN82,12.484864
MNH1_2022,LH244/PHZ51,12.254088
MNH1_2022,LH283/LH244,12.338526
MNH1_2022,LH287/LH244,12.361769
MNH1_2022,LH82/LH244,12.293307
MNH1_2022,M162W/LH244,12.342842
MNH1_2022,MBUB/LH244,12.350338
MNH1_2022,MM501D/LH244,12.344501
MNH1_2022,MO17_PHW30-008-(2N)-01/LH244,12.333025
MNH1_2022,MO17_PHW30-200-(2N)-02/LH244,12.35788
MNH1_2022,MO17_PHW30-309-(2N)-01/LH244,12.339998
MNH1_2022,MO44_LH145_0127/LH244,12.361929
MNH1_2022,MO44_LH145_0138/LH244,12.326571
MNH1_2022,MO44_PHG47_0072/LH244,12.339697
MNH1_2022,MO44_PHG47_0125/LH244,12.360846
MNH1_2022,MO44_PHW65_0025/LH244,12.395436
MNH1_2022,MO44_PHW65_0035/LH244,12.076156
MNH1_2022,MOG/LH244,12.229718
MNH1_2022,MS71/LH244,12.339725
MNH1_2022,NC358/LH244,12.33884
MNH1_2022,NC360/LH244,12.325407
MNH1_2022,NC366/LH244,12.345624
MNH1_2022,NC374/LH244,12.340313
MNH1_2022,NC388/LH244,12.328083
MNH1_2022,NC398/LH244,12.353921
MNH1_2022,NC426/LH244,12.32303
MNH1_2022,NC454/LH244,12.327627
MNH1_2022,NC458/LH244,12.347576
MNH1_2022,NC512/LH244,12.358016
MNH1_2022,NC528/LH244,12.348721
MNH1_2022,NC542/LH244,12.350257
MNH1_2022,NC546/LH244,12.336008
MNH1_2022,NKH8431/LH244,12.420959
MNH1_2022,OH43/LH244,12.343142
MNH1_2022,PH207/LH244,12.331034
MNH1_2022,PH24E/LH244,12.337149
MNH1_2022,PHAP9/LH244,12.336049
MNH1_2022,PHB47/LH244,12.374502
MNH1_2022,PHB47/MO17,11.759686
MNH1_2022,PHB47/PHK76,12.042265
MNH1_2022,PHB47/PHN82,12.382797
MNH1_2022,PHB47/PHZ51,11.802852
MNH1_2022,PHG29/PHG47,11.145505
MNH1_2022,PHG39/PHN82,12.27052
MNH1_2022,PHG47/LH244,12.318615
MNH1_2022,PHJ40/PHAJ0,9.9648
MNH1_2022,PHJ89/LH244,12.357265
MNH1_2022,PHJ89/PH207,11.963758
MNH1_2022,PHJ90/LH244,12.357121
MNH1_2022,PHK56/LH244,12.454327
MNH1_2022,PHKE6/LH244,12.359883
MNH1_2022,PHN11/LH244,12.515757
MNH1_2022,PHN11_LH145_0005/LH244,12.349427
MNH1_2022,PHN11_LH145_0028/LH244,12.345864
MNH1_2022,PHN11_LH145_0085/LH244,12.346348
MNH1_2022,PHN11_OH43_0075/LH244,12.345893
MNH1_2022,PHN11_OH43_0088/LH244,12.341309
MNH1_2022,PHN11_PHG47_0251/LH244,12.238346
MNH1_2022,PHN11_PHG47_0287/LH244,12.34026
MNH1_2022,PHN11_PHW65_0312/LH244,12.6414
MNH1_2022,PHN11_PHW65_0323/LH244,12.642197
MNH1_2022,PHN11_PHW65_0359/LH244,12.258436
MNH1_2022,PHP02/LH244,12.32501
MNH1_2022,PHP55/LH244,12.342683
MNH1_2022,PHR03/LH244,12.341204
MNH1_2022,PHRE1/PHTD5,11.140158
MNH1_2022,PHW30/LH244,12.341759
MNH1_2022,PHW30_MO17-010-(2N)-01/LH244,12.339922
MNH1_2022,PHW30_MO17-032-(2N)-01/LH244,12.3289
MNH1_2022,PHW30_MO17-095-(2N)-01/LH244,12.330519
MNH1_2022,PHW30_MO17-129-(2N)-01/LH244,12.353802
MNH1_2022,PHW30_MO17-178-(2N)-01/LH244,12.35273
MNH1_2022,PHW30_MO17-234-(2N)-02/LH244,12.352119
MNH1_2022,PHW30_MO17-299-(2N)-01/LH244,12.334135
MNH1_2022,PHW52/PHM49,11.975355
MNH1_2022,PHW65/LH244,12.564781
MNH1_2022,PHW65_MOG_0137/LH244,12.6145
MNH1_2022,PHW65_MOG_0176/LH244,12.285368
MNH1_2022,PHW65_MOG_0271/LH244,12.435701
MNH1_2022,TX714/PHZ51,12.020608
MNH1_2022,TX777/LH195,11.888098
MNH1_2022,TX779/LH195,11.985823
MNH1_2022,W10001_0003/LH244,12.338778
MNH1_2022,W10001_0007/LH244,12.339931
MNH1_2022,W10001_0008/LH244,12.336472
MNH1_2022,W10001_0009/LH244,12.323786
MNH1_2022,W10001_0012/LH244,12.342081
MNH1_2022,W10001_0013/LH244,12.341633
MNH1_2022,W10001_0014/LH244,12.356298
MNH1_2022,W10001_0016/LH244,12.331725
MNH1_2022,W10001_0017/LH244,12.329462
MNH1_2022,W10001_0019/LH244,12.338988
MNH1_2022,W10001_0021/LH244,12.345704
MNH1_2022,W10001_0022/LH244,12.031754
MNH1_2022,W10001_0023/LH244,12.33288
MNH1_2022,W10001_0030/LH244,12.35086
MNH1_2022,W10001_0031/LH244,12.348107
MNH1_2022,W10001_0033/LH244,12.342937
MNH1_2022,W10001_0040/LH244,12.331203
MNH1_2022,W10001_0047/LH244,12.33708
MNH1_2022,W10002_0002/LH244,12.340494
MNH1_2022,W10005_0029/LH244,12.34955
MNH1_2022,W10005_0107/LH244,12.244404
MNH1_2022,W10005_0111/LH244,12.33508
MNH1_2022,W10005_0147/LH244,12.311664
MNH1_2022,W10005_0220/LH244,12.326294
MNH1_2022,W10010_0018/LH244,12.344068
MNH1_2022,W10010_0032/LH244,12.342482
MNH1_2022,W10010_0084/LH244,12.326704
MNH1_2022,W10010_0093/LH244,12.337669
MNH1_2022,W10010_0101/LH244,12.347635
MNH1_2022,W10010_0118/LH244,12.3628
MNH1_2022,W10010_0124/LH244,12.348284
MNH1_2022,W10010_0148/LH244,12.354282
MNH1_2022,W10010_0170/LH244,12.337964
MNH1_2022,W10010_0189/LH244,12.340952
MNH1_2022,W10010_0279/LH244,12.344635
MNH1_2022,W10010_0294/LH244,12.338799
MNH1_2022,W10010_0311/LH244,12.330546
MNH1_2022,W10010_0337/LH244,12.34983
MNH1_2022,W10010_0346/LH244,12.350096
MNH1_2022,W10010_0358/LH244,12.350777
MNH1_2022,W10010_0381/LH244,12.348989
MNH1_2022,W10010_0452/LH244,12.352594
MOH2_2022,B14A/H95,10.2297
MOH2_2022,B14A/MO17,10.265695
MOH2_2022,B14A/OH43,10.393136
MOH2_2022,B37/H95,10.312877
MOH2_2022,B37/MO17,10.393136
MOH2_2022,B37/OH43,10.3749
MOH2_2022,B73/MO17,11.540356
MOH2_2022,B73/PHK76,11.387433
MOH2_2022,B73/PHM49,11.443527
MOH2_2022,B73/PHN82,11.736463
MOH2_2022,B73/PHZ51,11.071238
MOH2_2022,B73/TX779,10.285072
MOH2_2022,B97/LH244,11.478405
MOH2_2022,BGEM-0039-N/LH244,10.913293
MOH2_2022,BGEM-0063-N/LH244,11.736897
MOH2_2022,BGEM-0089-N/LH244,11.048579
MOH2_2022,BGEM-0124-N/LH244,11.034976
MOH2_2022,BGEM-0129-N/LH244,8.557945
MOH2_2022,CG119/CG108,5.977673
MOH2_2022,CG44/CGR01,10.218
MOH2_2022,DK3IIH6/LH244,12.211
MOH2_2022,DK78010/LH244,11.701199
MOH2_2022,F42/H95,10.852506
MOH2_2022,F42/MO17,11.371492
MOH2_2022,F42/OH43,10.838989
MOH2_2022,GEMN-0096/LH244,11.684747
MOH2_2022,GEMN-0096_LH212HT_0001/LH244,11.648289
MOH2_2022,GEMN-0096_LH212HT_0002/LH244,11.681015
MOH2_2022,GEMN-0096_LH212HT_0003/LH244,11.648238
MOH2_2022,GEMN-0096_LH212HT_0004/LH244,11.673937
MOH2_2022,GEMN-0096_LH212HT_0005/LH244,11.722305
MOH2_2022,GEMN-0096_LH212HT_0006/LH244,11.643733
MOH2_2022,GEMN-0096_LH212HT_0009/LH244,11.651406
MOH2_2022,GEMN-0096_LH212HT_0010/LH244,11.702989
MOH2_2022,GEMN-0096_LH212HT_0011/LH244,11.674084
MOH2_2022,GEMN-0096_LH212HT_0012/LH244,11.641504
MOH2_2022,GEMN-0096_LH212HT_0013/LH244,11.698128
MOH2_2022,GEMN-0096_LH212HT_0017/LH244,11.701265
MOH2_2022,GEMN-0096_LH212HT_0021/LH244,11.681509
MOH2_2022,GEMN-0096_PHJ89_0001/LH244,11.65167
MOH2_2022,GEMN-0096_PHJ89_0002/LH244,11.689964
MOH2_2022,GEMN-0096_PHJ89_0006/LH244,11.666452
MOH2_2022,GEMN-0096_PHJ89_0007/LH244,11.665059
MOH2_2022,GEMN-0096_PHJ89_0009/LH244,11.642267
MOH2_2022,GEMN-0096_PHJ89_0010/LH244,11.687044
MOH2_2022,GEMN-0096_PHJ89_0011/LH244,11.658003
MOH2_2022,GEMN-0096_PHJ89_0012/LH244,11.680446
MOH2_2022,GEMN-0096_PHJ89_0013/LH244,11.700319
MOH2_2022,GEMN-0096_PHJ89_0014/LH244,11.700996
MOH2_2022,GEMN-0096_PHJ89_0016/LH244,11.636383
MOH2_2022,GEMN-0096_PHJ89_0017/LH244,11.716934
MOH2_2022,GEMN-0096_PHK76_0001/LH244,11.675204
MOH2_2022,GEMN-0096_PHK76_0002/LH244,11.644807
MOH2_2022,GEMN-0096_PHK76_0003/LH244,11.668016
MOH2_2022,GEMN-0096_PHK76_0004/LH244,11.707949
MOH2_2022,GEMN-0096_PHK76_0006/LH244,11.718035
MOH2_2022,GEMN-0096_PHK76_0007/LH244,11.65603
MOH2_2022,GEMN-0096_PHK76_0008/LH244,11.668385
MOH2_2022,GEMN-0096_PHK76_0009/LH244,11.658522
MOH2_2022,GEMN-0096_PHK76_0010/LH244,11.669582
MOH2_2022,GEMN-0096_PHK76_0013/LH244,11.640575
MOH2_2022,GEMN-0096_PHK76_0015/LH244,11.636069
MOH2_2022,GEMN-0096_PHK76_0016/LH244,11.650749
MOH2_2022,GEMN-0096_PHN46_0001/LH244,11.666228
MOH2_2022,GEMN-0096_PHN46_0002/LH244,11.61857
MOH2_2022,GEMN-0096_PHN46_0003/LH244,11.643225
MOH2_2022,GEMN-0096_PHN46_0004/LH244,11.640368
MOH2_2022,GEMN-0096_PHN46_0005/LH244,11.668224
MOH2_2022,GEMN-0096_PHN46_0007/LH244,11.648739
MOH2_2022,GEMN-0096_PHN46_0009/LH244,11.620804
MOH2_2022,GEMN-0096_PHN46_0010/LH244,11.656731
MOH2_2022,GEMN-0096_PHN46_0011/LH244,11.713087
MOH2_2022,GEMN-0096_PHN46_0012/LH244,11.715125
MOH2_2022,GEMN-0096_PHN46_0013/LH244,11.623029
MOH2_2022,GEMN-0096_PHN46_0014/LH244,11.651714
MOH2_2022,GEMN-0096_PHN46_0018/LH244,11.650826
MOH2_2022,GEMN-0096_PHN46_0020/LH244,11.64131
MOH2_2022,GEMN-0096_PHN46_0023/LH244,11.652299
MOH2_2022,GEMN-0096_PHP02_0001/LH244,11.674734
MOH2_2022,GEMN-0096_PHP02_0002/LH244,11.666492
MOH2_2022,GEMN-0096_PHP02_0003/LH244,11.693319
MOH2_2022,GEMN-0096_PHP02_0005/LH244,11.691001
MOH2_2022,GEMN-0096_PHP02_0006/LH244,11.665623
MOH2_2022,GEMN-0096_PHP02_0007/LH244,11.633213
MOH2_2022,GEMN-0096_PHP02_0009/LH244,11.693642
MOH2_2022,GEMN-0096_PHP02_0011/LH244,11.671715
MOH2_2022,GEMN-0096_PHP02_0012/LH244,11.663754
MOH2_2022,GEMN-0096_PHP02_0015/LH244,11.679985
MOH2_2022,GEMN-0096_PHP02_0016/LH244,11.654569
MOH2_2022,GEMN-0096_PHP02_0017/LH244,11.6896
MOH2_2022,GEMN-0096_PHP02_0022/LH244,11.654985
MOH2_2022,GEMN-0096_PHP02_0025/LH244,11.714523
MOH2_2022,GEMN-0096_PHP02_0030/LH244,11.673969
MOH2_2022,GEMN-0097/LH244,11.675391
MOH2_2022,GEMN-0097_LH212HT_0002/LH244,11.715874
MOH2_2022,GEMN-0097_LH212HT_0004/LH244,11.649753
MOH2_2022,GEMN-0097_LH212HT_0019/LH244,11.679127
MOH2_2022,GEMN-0097_LH212HT_0020/LH244,11.701471
MOH2_2022,GEMN-0097_LH212HT_0023/LH244,11.705134
MOH2_2022,GEMN-0097_LH212HT_0026/LH244,11.683437
MOH2_2022,GEMN-0097_LH212HT_0032/LH244,11.706543
MOH2_2022,GEMN-0097_LH212HT_0039/LH244,11.669436
MOH2_2022,GEMN-0097_LH212HT_0047/LH244,11.692017
MOH2_2022,GEMN-0097_LH212HT_0051/LH244,11.656618
MOH2_2022,GEMN-0097_LH212HT_0054/LH244,11.644323
MOH2_2022,GEMN-0097_LH212HT_0058/LH244,11.667998
MOH2_2022,GEMN-0097_LH212HT_0061/LH244,11.643538
MOH2_2022,GEMN-0097_LH212HT_0062/LH244,11.68594
MOH2_2022,GEMN-0097_LH212HT_0069/LH244,11.661978
MOH2_2022,GEMN-0097_LH212HT_0074/LH244,11.660445
MOH2_2022,GEMN-0097_LH212HT_0085/LH244,11.650747
MOH2_2022,GEMN-0097_PHJ89_0001/LH244,11.648314
MOH2_2022,GEMN-0097_PHJ89_0002/LH244,11.673879
MOH2_2022,GEMN-0097_PHJ89_0003/LH244,11.681599
MOH2_2022,GEMN-0097_PHJ89_0005/LH244,11.641308
MOH2_2022,GEMN-0097_PHJ89_0006/LH244,11.660522
MOH2_2022,GEMN-0097_PHJ89_0007/LH244,11.676233
MOH2_2022,GEMN-0097_PHJ89_0008/LH244,11.686235
MOH2_2022,GEMN-0097_PHJ89_0010/LH244,11.708577
MOH2_2022,GEMN-0097_PHJ89_0011/LH244,11.663891
MOH2_2022,GEMN-0097_PHJ89_0012/LH244,11.703732
MOH2_2022,GEMN-0097_PHJ89_0013/LH244,11.681822
MOH2_2022,GEMN-0097_PHJ89_0016/LH244,11.705639
MOH2_2022,GEMN-0097_PHJ89_0020/LH244,11.666066
MOH2_2022,GEMN-0097_PHJ89_0023/LH244,11.690202
MOH2_2022,GEMN-0097_PHJ89_0025/LH244,11.640623
MOH2_2022,GEMN-0097_PHJ89_0026/LH244,11.693823
MOH2_2022,GEMN-0097_PHJ89_0027/LH244,11.642396
MOH2_2022,GEMN-0097_PHJ89_0028/LH244,11.676174
MOH2_2022,GEMN-0097_PHJ89_0029/LH244,11.680767
MOH2_2022,GEMN-0097_PHJ89_0036/LH244,11.646139
MOH2_2022,GEMN-0097_PHJ89_0039/LH244,11.647942
MOH2_2022,GEMN-0097_PHK76_0002/LH244,11.691236
MOH2_2022,GEMN-0097_PHK76_0003/LH244,11.683187
MOH2_2022,GEMN-0097_PHK76_0007/LH244,11.654508
MOH2_2022,GEMN-0097_PHK76_0009/LH244,11.682006
MOH2_2022,GEMN-0097_PHK76_0011/LH244,11.674615
MOH2_2022,GEMN-0097_PHK76_0014/LH244,11.681683
MOH2_2022,GEMN-0097_PHK76_0015/LH244,11.680692
MOH2_2022,GEMN-0097_PHK76_0018/LH244,11.648064
MOH2_2022,GEMN-0097_PHK76_0021/LH244,11.645741
MOH2_2022,GEMN-0097_PHK76_0036/LH244,11.698594
MOH2_2022,GEMN-0097_PHK76_0037/LH244,11.71329
MOH2_2022,GEMN-0097_PHK76_0038/LH244,11.667456
MOH2_2022,GEMN-0097_PHK76_0039/LH244,11.707155
MOH2_2022,GEMN-0097_PHK76_0041/LH244,11.664393
MOH2_2022,GEMN-0097_PHK76_0048/LH244,11.706395
MOH2_2022,GEMN-0097_PHK76_0053/LH244,11.701099
MOH2_2022,GEMN-0097_PHK76_0055/LH244,11.677538
MOH2_2022,GEMN-0097_PHK76_0060/LH244,11.676129
MOH2_2022,GEMN-0097_PHN46_0001/LH244,11.642912
MOH2_2022,GEMN-0097_PHN46_0003/LH244,11.689828
MOH2_2022,GEMN-0097_PHN46_0004/LH244,11.685205
MOH2_2022,GEMN-0097_PHN46_0005/LH244,11.69314
MOH2_2022,GEMN-0097_PHN46_0007/LH244,11.699021
MOH2_2022,GEMN-0097_PHN46_0008/LH244,11.717678
MOH2_2022,GEMN-0097_PHN46_0011/LH244,11.614861
MOH2_2022,GEMN-0097_PHN46_0013/LH244,11.666254
MOH2_2022,GEMN-0097_PHN46_0014/LH244,11.655921
MOH2_2022,GEMN-0097_PHN46_0016/LH244,11.677807
MOH2_2022,GEMN-0097_PHN46_0018/LH244,11.669685
MOH2_2022,GEMN-0097_PHP02_0001/LH244,11.625571
MOH2_2022,GEMN-0097_PHP02_0002/LH244,11.673925
MOH2_2022,GEMN-0097_PHP02_0003/LH244,11.664883
MOH2_2022,GEMN-0097_PHP02_0005/LH244,11.651556
MOH2_2022,GEMN-0097_PHP02_0006/LH244,11.650339
MOH2_2022,GEMN-0097_PHP02_0007/LH244,11.689731
MOH2_2022,GEMN-0098/LH244,11.679894
MOH2_2022,GEMN-0104/LH244,11.629282
MOH2_2022,GEMN-0124/LH244,11.656684
MOH2_2022,GEMN-0144/LH244,11.666829
MOH2_2022,GEMN-0157/LH244,11.663998
MOH2_2022,GEMN-0177/LH244,11.690189
MOH2_2022,GEMN-0178/LH244,11.700817
MOH2_2022,GEMN-0187/LH244,11.688995
MOH2_2022,GEMN-0192/LH244,11.666178
MOH2_2022,GEMN-0192_LH212HT_0001/LH244,11.668267
MOH2_2022,GEMN-0192_LH212HT_0006/LH244,11.730515
MOH2_2022,GEMN-0192_LH212HT_0008/LH244,11.718538
MOH2_2022,GEMN-0192_LH212HT_0010/LH244,11.670696
MOH2_2022,GEMN-0192_LH212HT_0011/LH244,11.697996
MOH2_2022,GEMN-0192_LH212HT_0012/LH244,11.675224
MOH2_2022,GEMN-0192_LH212HT_0013/LH244,11.639048
MOH2_2022,GEMN-0192_LH212HT_0014/LH244,11.649368
MOH2_2022,GEMN-0192_LH212HT_0015/LH244,11.651796
MOH2_2022,GEMN-0192_LH212HT_0016/LH244,11.675694
MOH2_2022,GEMN-0192_LH212HT_0018/LH244,11.680735
MOH2_2022,GEMN-0192_LH212HT_0021/LH244,11.656883
MOH2_2022,GEMN-0192_LH212HT_0023/LH244,11.635975
MOH2_2022,GEMN-0192_PHJ89_0001/LH244,11.681092
MOH2_2022,GEMN-0192_PHJ89_0002/LH244,11.648995
MOH2_2022,GEMN-0192_PHK76_0002/LH244,11.713015
MOH2_2022,GEMN-0192_PHK76_0004/LH244,11.689499
MOH2_2022,GEMN-0192_PHK76_0005/LH244,11.670296
MOH2_2022,GEMN-0192_PHK76_0006/LH244,11.652679
MOH2_2022,GEMN-0192_PHK76_0007/LH244,11.710104
MOH2_2022,GEMN-0192_PHK76_0008/LH244,11.679158
MOH2_2022,GEMN-0192_PHK76_0009/LH244,11.678823
MOH2_2022,GEMN-0192_PHK76_0010/LH244,11.636227
MOH2_2022,GEMN-0192_PHK76_0011/LH244,11.681873
MOH2_2022,GEMN-0192_PHK76_0012/LH244,11.659525
MOH2_2022,GEMN-0192_PHK76_0013/LH244,11.703539
MOH2_2022,GEMN-0192_PHK76_0014/LH244,11.718337
MOH2_2022,GEMN-0192_PHK76_0015/LH244,11.698681
MOH2_2022,GEMN-0192_PHK76_0016/LH244,11.678741
MOH2_2022,GEMN-0192_PHK76_0017/LH244,11.67833
MOH2_2022,GEMN-0192_PHK76_0019/LH244,11.679161
MOH2_2022,GEMN-0192_PHK76_0021/LH244,11.671625
MOH2_2022,GEMN-0192_PHK76_0025/LH244,11.649479
MOH2_2022,GEMN-0192_PHK76_0027/LH244,11.655428
MOH2_2022,GEMN-0192_PHK76_0028/LH244,11.704775
MOH2_2022,GEMN-0192_PHK76_0030/LH244,11.683634
MOH2_2022,GEMN-0192_PHK76_0032/LH244,11.684696
MOH2_2022,GEMN-0192_PHK76_0033/LH244,11.659887
MOH2_2022,GEMN-0192_PHK76_0035/LH244,11.659604
MOH2_2022,GEMN-0192_PHK76_0036/LH244,11.685319
MOH2_2022,GEMN-0192_PHK76_0041/LH244,11.672348
MOH2_2022,GEMN-0192_PHK76_0044/LH244,11.64258
MOH2_2022,GEMN-0192_PHK76_0045/LH244,11.67032
MOH2_2022,GEMN-0192_PHN46_0001/LH244,11.686276
MOH2_2022,GEMN-0192_PHN46_0002/LH244,11.717222
MOH2_2022,GEMN-0192_PHN46_0003/LH244,11.673504
MOH2_2022,GEMN-0192_PHN46_0004/LH244,11.665706
MOH2_2022,GEMN-0192_PHN46_0005/LH244,11.691826
MOH2_2022,GEMN-0192_PHN46_0006/LH244,11.641397
MOH2_2022,GEMN-0192_PHN46_0008/LH244,11.686075
MOH2_2022,GEMN-0192_PHN46_0009/LH244,11.680309
MOH2_2022,GEMN-0192_PHN46_0010/LH244,11.707117
MOH2_2022,GEMN-0192_PHN46_0011/LH244,11.685546
MOH2_2022,GEMN-0192_PHN46_0012/LH244,11.627995
MOH2_2022,GEMN-0192_PHN46_0014/LH244,11.615998
MOH2_2022,GEMN-0192_PHN46_0015/LH244,11.698359
MOH2_2022,GEMN-0192_PHN46_0017/LH244,11.656485
MOH2_2022,GEMN-0192_PHN46_0018/LH244,11.684299
MOH2_2022,GEMN-0192_PHN46_0025/LH244,11.701094
MOH2_2022,GEMN-0192_PHP02_0001/LH244,11.700896
MOH2_2022,GEMN-0192_PHP02_0003/LH244,11.650302
MOH2_2022,GEMN-0225/LH244,11.665738
MOH2_2022,GEMN-0225_LH212HT_0002/LH244,11.665511
MOH2_2022,GEMN-0225_LH212HT_0003/LH244,11.671234
MOH2_2022,GEMN-0225_LH212HT_0005/LH244,11.688786
MOH2_2022,GEMN-0225_LH212HT_0006/LH244,11.645753
MOH2_2022,GEMN-0225_LH212HT_0008/LH244,11.635153
MOH2_2022,GEMN-0225_LH212HT_0009/LH244,11.644533
MOH2_2022,GEMN-0225_LH212HT_0015/LH244,11.706078
MOH2_2022,GEMN-0225_LH212HT_0017/LH244,11.728645
MOH2_2022,GEMN-0225_LH212HT_0023/LH244,11.650555
MOH2_2022,GEMN-0225_LH212HT_0024/LH244,11.666995
MOH2_2022,GEMN-0225_LH212HT_0025/LH244,11.685874
MOH2_2022,GEMN-0225_LH212HT_0028/LH244,11.680032
MOH2_2022,GEMN-0225_LH212HT_0029/LH244,11.713202
MOH2_2022,GEMN-0225_LH212HT_0033/LH244,11.686834
MOH2_2022,GEMN-0225_LH212HT_0036/LH244,11.680486
MOH2_2022,GEMN-0225_LH212HT_0040/LH244,11.668034
MOH2_2022,GEMN-0225_LH212HT_0043/LH244,11.685873
MOH2_2022,GEMN-0225_PHJ89_0001/LH244,11.662447
MOH2_2022,GEMN-0225_PHJ89_0002/LH244,11.704853
MOH2_2022,GEMN-0225_PHJ89_0003/LH244,11.639507
MOH2_2022,GEMN-0225_PHJ89_0004/LH244,11.677148
MOH2_2022,GEMN-0225_PHJ89_0005/LH244,11.660382
MOH2_2022,GEMN-0225_PHJ89_0006/LH244,11.627748
MOH2_2022,GEMN-0225_PHJ89_0008/LH244,11.701363
MOH2_2022,GEMN-0225_PHJ89_0009/LH244,11.670534
MOH2_2022,GEMN-0225_PHJ89_0013/LH244,11.678666
MOH2_2022,GEMN-0225_PHJ89_0015/LH244,11.725903
MOH2_2022,GEMN-0225_PHJ89_0016/LH244,11.701789
MOH2_2022,GEMN-0225_PHJ89_0017/LH244,11.669262
MOH2_2022,GEMN-0225_PHJ89_0018/LH244,11.685912
MOH2_2022,GEMN-0225_PHJ89_0020/LH244,11.654926
MOH2_2022,GEMN-0225_PHJ89_0021/LH244,11.634014
MOH2_2022,GEMN-0225_PHJ89_0022/LH244,11.692408
MOH2_2022,GEMN-0225_PHJ89_0026/LH244,11.664741
MOH2_2022,GEMN-0225_PHJ89_0032/LH244,11.705379
MOH2_2022,GEMN-0225_PHK76_0001/LH244,11.69887
MOH2_2022,GEMN-0225_PHK76_0002/LH244,11.695244
MOH2_2022,GEMN-0225_PHK76_0003/LH244,11.673847
MOH2_2022,GEMN-0225_PHK76_0004/LH244,11.715635
MOH2_2022,GEMN-0225_PHK76_0005/LH244,11.704584
MOH2_2022,GEMN-0225_PHK76_0007/LH244,11.688007
MOH2_2022,GEMN-0225_PHK76_0008/LH244,11.658153
MOH2_2022,GEMN-0225_PHK76_0010/LH244,11.686851
MOH2_2022,GEMN-0225_PHK76_0012/LH244,11.673801
MOH2_2022,GEMN-0225_PHK76_0013/LH244,11.656349
MOH2_2022,GEMN-0225_PHK76_0014/LH244,11.633699
MOH2_2022,GEMN-0225_PHK76_0018/LH244,11.657558
MOH2_2022,GEMN-0225_PHK76_0019/LH244,11.710735
MOH2_2022,GEMN-0225_PHK76_0021/LH244,11.68396
MOH2_2022,GEMN-0225_PHK76_0022/LH244,11.69444
MOH2_2022,GEMN-0225_PHK76_0027/LH244,11.66406
MOH2_2022,GEMN-0225_PHK76_0028/LH244,11.716914
MOH2_2022,GEMN-0225_PHK76_0031/LH244,11.670531
MOH2_2022,GEMN-0225_PHK76_0032/LH244,11.700793
MOH2_2022,GEMN-0225_PHN46_0001/LH244,11.675066
MOH2_2022,GEMN-0225_PHN46_0003/LH244,11.690767
MOH2_2022,GEMN-0225_PHN46_0004/LH244,11.679964
MOH2_2022,GEMN-0225_PHN46_0005/LH244,11.642282
MOH2_2022,GEMN-0225_PHN46_0006/LH244,11.706535
MOH2_2022,GEMN-0225_PHN46_0008/LH244,11.704138
MOH2_2022,GEMN-0225_PHN46_0021/LH244,11.664735
MOH2_2022,GEMN-0225_PHP02_0001/LH244,11.668278
MOH2_2022,GEMN-0225_PHP02_0002/LH244,11.671885
MOH2_2022,GEMN-0225_PHP02_0003/LH244,11.705732
MOH2_2022,GEMN-0225_PHP02_0005/LH244,11.688547
MOH2_2022,GEMN-0225_PHP02_0006/LH244,11.640113
MOH2_2022,GEMN-0225_PHP02_0008/LH244,11.698038
MOH2_2022,GEMN-0225_PHP02_0009/LH244,11.677653
MOH2_2022,GEMN-0225_PHP02_0010/LH244,11.657383
MOH2_2022,GEMN-0225_PHP02_0012/LH244,11.683082
MOH2_2022,GEMN-0225_PHP02_0013/LH244,11.691036
MOH2_2022,GEMN-0225_PHP02_0014/LH244,11.651061
MOH2_2022,GEMN-0225_PHP02_0015/LH244,11.633069
MOH2_2022,GEMN-0225_PHP02_0017/LH244,11.693043
MOH2_2022,GEMN-0238/LH244,11.671333
MOH2_2022,GEMN-0257/LH244,11.688148
MOH2_2022,GEMN-0271/LH244,11.690733
MOH2_2022,GEMN-0287/LH244,11.672384
MOH2_2022,LH145/LH82,9.636347
MOH2_2022,LH185/LH244,12.246185
MOH2_2022,LH195/MO17,11.896622
MOH2_2022,LH195/PHK76,10.734959
MOH2_2022,LH195/PHN82,11.469889
MOH2_2022,LH195/PHZ51,11.074293
MOH2_2022,LH213/LH244,11.639597
MOH2_2022,LH216/LH244,11.556843
MOH2_2022,LH244/MO17,12.236104
MOH2_2022,LH244/PHK76,11.774002
MOH2_2022,LH244/PHN82,12.002043
MOH2_2022,LH244/PHZ51,11.451944
MOH2_2022,LH283/LH244,11.668727
MOH2_2022,LH287/LH244,11.726841
MOH2_2022,LH74/PHN82,11.275789
MOH2_2022,LH82/LH244,11.546736
MOH2_2022,M162W/LH244,11.679842
MOH2_2022,MBUB/LH244,11.698454
MOH2_2022,MM501D/LH244,11.683962
MOH2_2022,MO17_PHW30-008-(2N)-01/LH244,11.654119
MOH2_2022,MO17_PHW30-200-(2N)-02/LH244,11.717182
MOH2_2022,MO17_PHW30-309-(2N)-01/LH244,11.672636
MOH2_2022,MO44_LH145_0127/LH244,11.727239
MOH2_2022,MO44_LH145_0138/LH244,11.636981
MOH2_2022,MO44_PHG47_0072/LH244,11.671837
MOH2_2022,MO44_PHG47_0125/LH244,11.724548
MOH2_2022,MO44_PHW65_0025/LH244,11.808318
MOH2_2022,MO44_PHW65_0035/LH244,11.092194
MOH2_2022,MOG/LH244,11.393042
MOH2_2022,MS71/LH244,11.671911
MOH2_2022,NC358/LH244,11.669561
MOH2_2022,NC366/LH244,11.686749
MOH2_2022,NC374/LH244,11.673473
MOH2_2022,NC378/LH244,11.63607
MOH2_2022,NC386/LH244,11.664637
MOH2_2022,NC388/LH244,11.641002
MOH2_2022,NC398/LH244,11.707354
MOH2_2022,NC426/LH244,11.627581
MOH2_2022,NC454/LH244,11.639787
MOH2_2022,NC458/LH244,11.691597
MOH2_2022,NC512/LH244,11.717521
MOH2_2022,NC528/LH244,11.694437
MOH2_2022,NC546/LH244,11.662041
MOH2_2022,NC548/LH244,11.671691
MOH2_2022,NKH8431/LH244,11.866831
MOH2_2022,OH43/LH244,11.680585
MOH2_2022,PH207/LH244,11.648833
MOH2_2022,PH24E/LH244,11.66507
MOH2_2022,PHAP9/LH244,11.66215
MOH2_2022,PHB47/LH244,11.758461
MOH2_2022,PHB47/MO17,10.660187
MOH2_2022,PHB47/PHK76,11.031437
MOH2_2022,PHB47/PHN82,11.779062
MOH2_2022,PHB47/PHZ51,10.711256
MOH2_2022,PHG29/PHG47,10.02878
MOH2_2022,PHG35/LH244,11.719383
MOH2_2022,PHG47/LH244,11.615858
MOH2_2022,PHJ40/PHAJ0,8.848076
MOH2_2022,PHJ89/LH244,11.715655
MOH2_2022,PHJ89/PH207,10.916679
MOH2_2022,PHJ90/LH244,11.7153
MOH2_2022,PHK56/LH244,11.939745
MOH2_2022,PHKE6/LH244,11.722159
MOH2_2022,PHN11/LH244,12.057749
MOH2_2022,PHN11_LH145_0005/LH244,11.696196
MOH2_2022,PHN11_LH145_0028/LH244,11.687347
MOH2_2022,PHN11_LH145_0085/LH244,11.688545
MOH2_2022,PHN11_OH43_0001/LH244,11.600309
MOH2_2022,PHN11_OH43_0075/LH244,11.687417
MOH2_2022,PHN11_OH43_0088/LH244,11.676034
MOH2_2022,PHN11_PHG47_0251/LH244,11.413897
MOH2_2022,PHN11_PHG47_0287/LH244,11.67333
MOH2_2022,PHN11_PHW65_0312/LH244,12.241245
MOH2_2022,PHN11_PHW65_0323/LH244,12.242373
MOH2_2022,PHN11_PHW65_0359/LH244,11.462454
MOH2_2022,PHN46/LH244,11.717493
MOH2_2022,PHP02/LH244,11.632839
MOH2_2022,PHP55/LH244,11.679445
MOH2_2022,PHR03/LH244,11.675771
MOH2_2022,PHRE1/PHTD5,10.023434
MOH2_2022,PHW30/LH244,11.677151
MOH2_2022,PHW30_MO17-010-(2N)-01/LH244,11.672434
MOH2_2022,PHW30_MO17-032-(2N)-01/LH244,11.643167
MOH2_2022,PHW30_MO17-095-(2N)-01/LH244,11.647466
MOH2_2022,PHW30_MO17-129-(2N)-01/LH244,11.707058
MOH2_2022,PHW30_MO17-178-(2N)-01/LH244,11.704395
MOH2_2022,PHW30_MO17-234-(2N)-02/LH244,11.702878
MOH2_2022,PHW52/PHM49,10.932189
MOH2_2022,PHW52/PHN82,11.866825
MOH2_2022,PHW65_MOG_0137/LH244,12.204952
MOH2_2022,PHW65_MOG_0176/LH244,11.527546
MOH2_2022,PHW65_MOG_0271/LH244,11.900352
MOH2_2022,TX714/PHZ51,10.998444
MOH2_2022,TX714/TX779,10.648713
MOH2_2022,TX777/LH195,10.816424
MOH2_2022,TX779/LH195,10.946901
MOH2_2022,TX951/LH195,10.704163
MOH2_2022,W10001_0003/LH244,11.669394
MOH2_2022,W10001_0007/LH244,11.672456
MOH2_2022,W10001_0008/LH244,11.663271
MOH2_2022,W10001_0009/LH244,11.629587
MOH2_2022,W10001_0011/LH244,11.67712
MOH2_2022,W10001_0012/LH244,11.677952
MOH2_2022,W10001_0013/LH244,11.676839
MOH2_2022,W10001_0014/LH244,11.713256
MOH2_2022,W10001_0016/LH244,11.650669
MOH2_2022,W10001_0017/LH244,11.644659
MOH2_2022,W10001_0019/LH244,11.669954
MOH2_2022,W10001_0021/LH244,11.686949
MOH2_2022,W10001_0022/LH244,11.014956
MOH2_2022,W10001_0023/LH244,11.653735
MOH2_2022,W10001_0031/LH244,11.692917
MOH2_2022,W10001_0033/LH244,11.68008
MOH2_2022,W10001_0036/LH244,11.678097
MOH2_2022,W10001_0040/LH244,11.649282
MOH2_2022,W10001_0047/LH244,11.664886
MOH2_2022,W10002_0002/LH244,11.673953
MOH2_2022,W10005_0029/LH244,11.6965
MOH2_2022,W10005_0107/LH244,11.428535
MOH2_2022,W10005_0111/LH244,11.659577
MOH2_2022,W10005_0147/LH244,11.5974
MOH2_2022,W10005_0220/LH244,11.636248
MOH2_2022,W10010_0032/LH244,11.678947
MOH2_2022,W10010_0084/LH244,11.637335
MOH2_2022,W10010_0093/LH244,11.666452
MOH2_2022,W10010_0118/LH244,11.729402
MOH2_2022,W10010_0124/LH244,11.693356
MOH2_2022,W10010_0148/LH244,11.708251
MOH2_2022,W10010_0170/LH244,11.667235
MOH2_2022,W10010_0189/LH244,11.675149
MOH2_2022,W10010_0279/LH244,11.684294
MOH2_2022,W10010_0294/LH244,11.669449
MOH2_2022,W10010_0310/LH244,11.706685
MOH2_2022,W10010_0311/LH244,11.647539
MOH2_2022,W10010_0337/LH244,11.697193
MOH2_2022,W10010_0346/LH244,11.697854
MOH2_2022,W10010_0358/LH244,11.699544
MOH2_2022,W10010_0381/LH244,11.695104
MOH2_2022,W10010_0452/LH244,11.704058
NCH1_2022,B14A/H95,10.82939
NCH1_2022,B14A/MO17,10.865383
NCH1_2022,B14A/OH43,10.992825
NCH1_2022,B37/H95,10.912566
NCH1_2022,B37/MO17,10.992825
NCH1_2022,B37/OH43,10.974589
NCH1_2022,B73/MO17,12.037377
NCH1_2022,B73/PHK76,11.92915
NCH1_2022,B73/PHM49,11.971096
NCH1_2022,B73/PHN82,12.152876
NCH1_2022,B73/PHZ51,11.666065
NCH1_2022,B73/TX779,10.884762
NCH1_2022,B97/LH244,11.995587
NCH1_2022,BGEM-0039-N/LH244,11.512981
NCH1_2022,BGEM-0063-N/LH244,12.153145
NCH1_2022,BGEM-0089-N/LH244,11.644793
NCH1_2022,BGEM-0124-N/LH244,11.632022
NCH1_2022,BGEM-0129-N/LH244,9.157634
NCH1_2022,CG119/CG108,5.977673
NCH1_2022,CG44/CGR01,10.81769
NCH1_2022,DK3IIH6/LH244,12.436162
NCH1_2022,DK78010/LH244,12.131058
NCH1_2022,F42/H95,11.452194
NCH1_2022,F42/MO17,11.91723
NCH1_2022,F42/OH43,11.438678
NCH1_2022,GEMN-0096/LH244,12.120878
NCH1_2022,GEMN-0096_LH212HT_0001/LH244,12.099384
NCH1_2022,GEMN-0096_LH212HT_0002/LH244,12.118568
NCH1_2022,GEMN-0096_LH212HT_0003/LH244,12.099356
NCH1_2022,GEMN-0096_LH212HT_0004/LH244,12.114225
NCH1_2022,GEMN-0096_LH212HT_0005/LH244,12.144116
NCH1_2022,GEMN-0096_LH212HT_0006/LH244,12.096748
NCH1_2022,GEMN-0096_LH212HT_0008/LH244,12.108256
NCH1_2022,GEMN-0096_LH212HT_0009/LH244,12.101189
NCH1_2022,GEMN-0096_LH212HT_0010/LH244,12.132164
NCH1_2022,GEMN-0096_LH212HT_0011/LH244,12.11431
NCH1_2022,GEMN-0096_LH212HT_0012/LH244,12.095459
NCH1_2022,GEMN-0096_LH212HT_0013/LH244,12.129156
NCH1_2022,GEMN-0096_LH212HT_0014/LH244,12.120199
NCH1_2022,GEMN-0096_LH212HT_0017/LH244,12.131098
NCH1_2022,GEMN-0096_LH212HT_0020/LH244,12.11492
NCH1_2022,GEMN-0096_LH212HT_0021/LH244,12.118874
NCH1_2022,GEMN-0096_LH212HT_0027/LH244,12.110991
NCH1_2022,GEMN-0096_PHJ89_0001/LH244,12.101341
NCH1_2022,GEMN-0096_PHJ89_0002/LH244,12.124105
NCH1_2022,GEMN-0096_PHJ89_0006/LH244,12.109895
NCH1_2022,GEMN-0096_PHJ89_0007/LH244,12.109089
NCH1_2022,GEMN-0096_PHJ89_0009/LH244,12.0959
NCH1_2022,GEMN-0096_PHJ89_0010/LH244,12.122299
NCH1_2022,GEMN-0096_PHJ89_0011/LH244,12.105006
NCH1_2022,GEMN-0096_PHJ89_0012/LH244,12.118217
NCH1_2022,GEMN-0096_PHJ89_0013/LH244,12.130512
NCH1_2022,GEMN-0096_PHJ89_0014/LH244,12.130932
NCH1_2022,GEMN-0096_PHJ89_0016/LH244,12.092496
NCH1_2022,GEMN-0096_PHJ89_0017/LH244,12.140793
NCH1_2022,GEMN-0096_PHK76_0001/LH244,12.114973
NCH1_2022,GEMN-0096_PHK76_0002/LH244,12.09737
NCH1_2022,GEMN-0096_PHK76_0003/LH244,12.110801
NCH1_2022,GEMN-0096_PHK76_0004/LH244,12.135234
NCH1_2022,GEMN-0096_PHK76_0006/LH244,12.141474
NCH1_2022,GEMN-0096_PHK76_0007/LH244,12.103864
NCH1_2022,GEMN-0096_PHK76_0008/LH244,12.111013
NCH1_2022,GEMN-0096_PHK76_0009/LH244,12.105307
NCH1_2022,GEMN-0096_PHK76_0010/LH244,12.111706
NCH1_2022,GEMN-0096_PHK76_0013/LH244,12.094922
NCH1_2022,GEMN-0096_PHK76_0015/LH244,12.092315
NCH1_2022,GEMN-0096_PHK76_0016/LH244,12.100809
NCH1_2022,GEMN-0096_PHN46_0001/LH244,12.109766
NCH1_2022,GEMN-0096_PHN46_0002/LH244,12.082189
NCH1_2022,GEMN-0096_PHN46_0003/LH244,12.096455
NCH1_2022,GEMN-0096_PHN46_0004/LH244,12.094801
NCH1_2022,GEMN-0096_PHN46_0005/LH244,12.11092
NCH1_2022,GEMN-0096_PHN46_0007/LH244,12.099646
NCH1_2022,GEMN-0096_PHN46_0008/LH244,12.109221
NCH1_2022,GEMN-0096_PHN46_0009/LH244,12.083481
NCH1_2022,GEMN-0096_PHN46_0010/LH244,12.104269
NCH1_2022,GEMN-0096_PHN46_0011/LH244,12.138413
NCH1_2022,GEMN-0096_PHN46_0012/LH244,12.139674
NCH1_2022,GEMN-0096_PHN46_0013/LH244,12.084768
NCH1_2022,GEMN-0096_PHN46_0014/LH244,12.101367
NCH1_2022,GEMN-0096_PHN46_0018/LH244,12.100853
NCH1_2022,GEMN-0096_PHN46_0020/LH244,12.095346
NCH1_2022,GEMN-0096_PHN46_0023/LH244,12.101706
NCH1_2022,GEMN-0096_PHP02_0001/LH244,12.114687
NCH1_2022,GEMN-0096_PHP02_0002/LH244,12.109918
NCH1_2022,GEMN-0096_PHP02_0003/LH244,12.126183
NCH1_2022,GEMN-0096_PHP02_0004/LH244,12.111321
NCH1_2022,GEMN-0096_PHP02_0005/LH244,12.124747
NCH1_2022,GEMN-0096_PHP02_0006/LH244,12.109416
NCH1_2022,GEMN-0096_PHP02_0007/LH244,12.090662
NCH1_2022,GEMN-0096_PHP02_0009/LH244,12.126382
NCH1_2022,GEMN-0096_PHP02_0011/LH244,12.11294
NCH1_2022,GEMN-0096_PHP02_0012/LH244,12.108334
NCH1_2022,GEMN-0096_PHP02_0015/LH244,12.117931
NCH1_2022,GEMN-0096_PHP02_0016/LH244,12.103018
NCH1_2022,GEMN-0096_PHP02_0017/LH244,12.123881
NCH1_2022,GEMN-0096_PHP02_0022/LH244,12.10326
NCH1_2022,GEMN-0096_PHP02_0025/LH244,12.139301
NCH1_2022,GEMN-0096_PHP02_0030/LH244,12.114244
NCH1_2022,GEMN-0097/LH244,12.115089
NCH1_2022,GEMN-0097_LH212HT_0002/LH244,12.140137
NCH1_2022,GEMN-0097_LH212HT_0004/LH244,12.100231
NCH1_2022,GEMN-0097_LH212HT_0017/LH244,12.096147
NCH1_2022,GEMN-0097_LH212HT_0018/LH244,12.113192
NCH1_2022,GEMN-0097_LH212HT_0019/LH244,12.117401
NCH1_2022,GEMN-0097_LH212HT_0020/LH244,12.131226
NCH1_2022,GEMN-0097_LH212HT_0023/LH244,12.133492
NCH1_2022,GEMN-0097_LH212HT_0026/LH244,12.120068
NCH1_2022,GEMN-0097_LH212HT_0032/LH244,12.134363
NCH1_2022,GEMN-0097_LH212HT_0034/LH244,12.119031
NCH1_2022,GEMN-0097_LH212HT_0039/LH244,12.111621
NCH1_2022,GEMN-0097_LH212HT_0047/LH244,12.125376
NCH1_2022,GEMN-0097_LH212HT_0051/LH244,12.104205
NCH1_2022,GEMN-0097_LH212HT_0054/LH244,12.097091
NCH1_2022,GEMN-0097_LH212HT_0058/LH244,12.110789
NCH1_2022,GEMN-0097_LH212HT_0061/LH244,12.096636
NCH1_2022,GEMN-0097_LH212HT_0062/LH244,12.121615
NCH1_2022,GEMN-0097_LH212HT_0069/LH244,12.107306
NCH1_2022,GEMN-0097_LH212HT_0074/LH244,12.106419
NCH1_2022,GEMN-0097_LH212HT_0078/LH244,12.114958
NCH1_2022,GEMN-0097_LH212HT_0085/LH244,12.100807
NCH1_2022,GEMN-0097_LH212HT_0090/LH244,12.11824
NCH1_2022,GEMN-0097_PHJ89_0001/LH244,12.0994
NCH1_2022,GEMN-0097_PHJ89_0002/LH244,12.114192
NCH1_2022,GEMN-0097_PHJ89_0003/LH244,12.11893
NCH1_2022,GEMN-0097_PHJ89_0004/LH244,12.106414
NCH1_2022,GEMN-0097_PHJ89_0005/LH244,12.095345
NCH1_2022,GEMN-0097_PHJ89_0006/LH244,12.106463
NCH1_2022,GEMN-0097_PHJ89_0007/LH244,12.11561
NCH1_2022,GEMN-0097_PHJ89_0008/LH244,12.121799
NCH1_2022,GEMN-0097_PHJ89_0010/LH244,12.135622
NCH1_2022,GEMN-0097_PHJ89_0011/LH244,12.108413
NCH1_2022,GEMN-0097_PHJ89_0012/LH244,12.132624
NCH1_2022,GEMN-0097_PHJ89_0013/LH244,12.119068
NCH1_2022,GEMN-0097_PHJ89_0016/LH244,12.133804
NCH1_2022,GEMN-0097_PHJ89_0020/LH244,12.109672
NCH1_2022,GEMN-0097_PHJ89_0023/LH244,12.124252
NCH1_2022,GEMN-0097_PHJ89_0025/LH244,12.094949
NCH1_2022,GEMN-0097_PHJ89_0026/LH244,12.126493
NCH1_2022,GEMN-0097_PHJ89_0027/LH244,12.095975
NCH1_2022,GEMN-0097_PHJ89_0028/LH244,12.115574
NCH1_2022,GEMN-0097_PHJ89_0029/LH244,12.118416
NCH1_2022,GEMN-0097_PHJ89_0033/LH244,12.117746
NCH1_2022,GEMN-0097_PHJ89_0036/LH244,12.098142
NCH1_2022,GEMN-0097_PHJ89_0039/LH244,12.099184
NCH1_2022,GEMN-0097_PHK76_0002/LH244,12.124893
NCH1_2022,GEMN-0097_PHK76_0003/LH244,12.119912
NCH1_2022,GEMN-0097_PHK76_0007/LH244,12.102983
NCH1_2022,GEMN-0097_PHK76_0009/LH244,12.119183
NCH1_2022,GEMN-0097_PHK76_0010/LH244,12.098274
NCH1_2022,GEMN-0097_PHK76_0011/LH244,12.114618
NCH1_2022,GEMN-0097_PHK76_0012/LH244,12.117693
NCH1_2022,GEMN-0097_PHK76_0014/LH244,12.118982
NCH1_2022,GEMN-0097_PHK76_0015/LH244,12.118369
NCH1_2022,GEMN-0097_PHK76_0016/LH244,12.095019
NCH1_2022,GEMN-0097_PHK76_0018/LH244,12.099255
NCH1_2022,GEMN-0097_PHK76_0021/LH244,12.097911
NCH1_2022,GEMN-0097_PHK76_0023/LH244,12.101494
NCH1_2022,GEMN-0097_PHK76_0029/LH244,12.117863
NCH1_2022,GEMN-0097_PHK76_0032/LH244,12.113109
NCH1_2022,GEMN-0097_PHK76_0036/LH244,12.129446
NCH1_2022,GEMN-0097_PHK76_0037/LH244,12.138538
NCH1_2022,GEMN-0097_PHK76_0038/LH244,12.110476
NCH1_2022,GEMN-0097_PHK76_0039/LH244,12.134743
NCH1_2022,GEMN-0097_PHK76_0041/LH244,12.108704
NCH1_2022,GEMN-0097_PHK76_0048/LH244,12.134273
NCH1_2022,GEMN-0097_PHK76_0053/LH244,12.130996
NCH1_2022,GEMN-0097_PHK76_0055/LH244,12.116417
NCH1_2022,GEMN-0097_PHK76_0060/LH244,12.115546
NCH1_2022,GEMN-0097_PHN46_0001/LH244,12.096273
NCH1_2022,GEMN-0097_PHN46_0002/LH244,12.087204
NCH1_2022,GEMN-0097_PHN46_0003/LH244,12.124022
NCH1_2022,GEMN-0097_PHN46_0004/LH244,12.121161
NCH1_2022,GEMN-0097_PHN46_0005/LH244,12.12607
NCH1_2022,GEMN-0097_PHN46_0006/LH244,12.120534
NCH1_2022,GEMN-0097_PHN46_0007/LH244,12.129709
NCH1_2022,GEMN-0097_PHN46_0008/LH244,12.141253
NCH1_2022,GEMN-0097_PHN46_0009/LH244,12.114249
NCH1_2022,GEMN-0097_PHN46_0010/LH244,12.108328
NCH1_2022,GEMN-0097_PHN46_0011/LH244,12.080043
NCH1_2022,GEMN-0097_PHN46_0013/LH244,12.109779
NCH1_2022,GEMN-0097_PHN46_0014/LH244,12.103802
NCH1_2022,GEMN-0097_PHN46_0016/LH244,12.116585
NCH1_2022,GEMN-0097_PHN46_0018/LH244,12.111766
NCH1_2022,GEMN-0097_PHP02_0001/LH244,12.086239
NCH1_2022,GEMN-0097_PHP02_0002/LH244,12.114219
NCH1_2022,GEMN-0097_PHP02_0003/LH244,12.108987
NCH1_2022,GEMN-0097_PHP02_0005/LH244,12.101274
NCH1_2022,GEMN-0097_PHP02_0006/LH244,12.100571
NCH1_2022,GEMN-0097_PHP02_0007/LH244,12.123962
NCH1_2022,GEMN-0098/LH244,12.117875
NCH1_2022,GEMN-0104/LH244,12.088387
NCH1_2022,GEMN-0124/LH244,12.104242
NCH1_2022,GEMN-0135/LH244,12.116318
NCH1_2022,GEMN-0144/LH244,12.110113
NCH1_2022,GEMN-0157/LH244,12.108475
NCH1_2022,GEMN-0177/LH244,12.124245
NCH1_2022,GEMN-0178/LH244,12.130821
NCH1_2022,GEMN-0187/LH244,12.123507
NCH1_2022,GEMN-0192/LH244,12.109736
NCH1_2022,GEMN-0192_LH212HT_0001/LH244,12.110945
NCH1_2022,GEMN-0192_LH212HT_0002/LH244,12.13541
NCH1_2022,GEMN-0192_LH212HT_0006/LH244,12.149196
NCH1_2022,GEMN-0192_LH212HT_0007/LH244,12.109465
NCH1_2022,GEMN-0192_LH212HT_0008/LH244,12.141786
NCH1_2022,GEMN-0192_LH212HT_0009/LH244,12.116244
NCH1_2022,GEMN-0192_LH212HT_0010/LH244,12.11235
NCH1_2022,GEMN-0192_LH212HT_0011/LH244,12.129076
NCH1_2022,GEMN-0192_LH212HT_0012/LH244,12.114985
NCH1_2022,GEMN-0192_LH212HT_0013/LH244,12.094037
NCH1_2022,GEMN-0192_LH212HT_0014/LH244,12.100009
NCH1_2022,GEMN-0192_LH212HT_0015/LH244,12.101415
NCH1_2022,GEMN-0192_LH212HT_0016/LH244,12.115276
NCH1_2022,GEMN-0192_LH212HT_0018/LH244,12.118396
NCH1_2022,GEMN-0192_LH212HT_0021/LH244,12.104358
NCH1_2022,GEMN-0192_LH212HT_0023/LH244,12.092258
NCH1_2022,GEMN-0192_PHJ89_0001/LH244,12.118617
NCH1_2022,GEMN-0192_PHJ89_0002/LH244,12.099794
NCH1_2022,GEMN-0192_PHK76_0002/LH244,12.138369
NCH1_2022,GEMN-0192_PHK76_0004/LH244,12.123819
NCH1_2022,GEMN-0192_PHK76_0005/LH244,12.112119
NCH1_2022,GEMN-0192_PHK76_0006/LH244,12.101926
NCH1_2022,GEMN-0192_PHK76_0007/LH244,12.136566
NCH1_2022,GEMN-0192_PHK76_0008/LH244,12.11742
NCH1_2022,GEMN-0192_PHK76_0009/LH244,12.117213
NCH1_2022,GEMN-0192_PHK76_0010/LH244,12.092405
NCH1_2022,GEMN-0192_PHK76_0011/LH244,12.1191
NCH1_2022,GEMN-0192_PHK76_0012/LH244,12.105886
NCH1_2022,GEMN-0192_PHK76_0013/LH244,12.132505
NCH1_2022,GEMN-0192_PHK76_0014/LH244,12.141661
NCH1_2022,GEMN-0192_PHK76_0015/LH244,12.129499
NCH1_2022,GEMN-0192_PHK76_0016/LH244,12.117161
NCH1_2022,GEMN-0192_PHK76_0017/LH244,12.116907
NCH1_2022,GEMN-0192_PHK76_0018/LH244,12.12853
NCH1_2022,GEMN-0192_PHK76_0019/LH244,12.117421
NCH1_2022,GEMN-0192_PHK76_0021/LH244,12.112888
NCH1_2022,GEMN-0192_PHK76_0025/LH244,12.100073
NCH1_2022,GEMN-0192_PHK76_0027/LH244,12.103516
NCH1_2022,GEMN-0192_PHK76_0028/LH244,12.13327
NCH1_2022,GEMN-0192_PHK76_0030/LH244,12.12019
NCH1_2022,GEMN-0192_PHK76_0032/LH244,12.120846
NCH1_2022,GEMN-0192_PHK76_0033/LH244,12.106096
NCH1_2022,GEMN-0192_PHK76_0035/LH244,12.105932
NCH1_2022,GEMN-0192_PHK76_0036/LH244,12.121232
NCH1_2022,GEMN-0192_PHK76_0037/LH244,12.116133
NCH1_2022,GEMN-0192_PHK76_0041/LH244,12.113306
NCH1_2022,GEMN-0192_PHK76_0044/LH244,12.096083
NCH1_2022,GEMN-0192_PHK76_0045/LH244,12.112133
NCH1_2022,GEMN-0192_PHN46_0001/LH244,12.121824
NCH1_2022,GEMN-0192_PHN46_0002/LH244,12.140971
NCH1_2022,GEMN-0192_PHN46_0003/LH244,12.113976
NCH1_2022,GEMN-0192_PHN46_0004/LH244,12.109463
NCH1_2022,GEMN-0192_PHN46_0005/LH244,12.125258
NCH1_2022,GEMN-0192_PHN46_0006/LH244,12.095398
NCH1_2022,GEMN-0192_PHN46_0007/LH244,12.101253
NCH1_2022,GEMN-0192_PHN46_0008/LH244,12.1217
NCH1_2022,GEMN-0192_PHN46_0009/LH244,12.118132
NCH1_2022,GEMN-0192_PHN46_0010/LH244,12.134719
NCH1_2022,GEMN-0192_PHN46_0011/LH244,12.121372
NCH1_2022,GEMN-0192_PHN46_0012/LH244,12.087642
NCH1_2022,GEMN-0192_PHN46_0014/LH244,12.0807
NCH1_2022,GEMN-0192_PHN46_0015/LH244,12.129301
NCH1_2022,GEMN-0192_PHN46_0017/LH244,12.104128
NCH1_2022,GEMN-0192_PHN46_0018/LH244,12.120602
NCH1_2022,GEMN-0192_PHN46_0019/LH244,12.117915
NCH1_2022,GEMN-0192_PHN46_0020/LH244,12.120846
NCH1_2022,GEMN-0192_PHN46_0025/LH244,12.130992
NCH1_2022,GEMN-0192_PHP02_0001/LH244,12.130871
NCH1_2022,GEMN-0192_PHP02_0003/LH244,12.10055
NCH1_2022,GEMN-0207/LH244,12.139344
NCH1_2022,GEMN-0225/LH244,12.109482
NCH1_2022,GEMN-0225_LH212HT_0002/LH244,12.10935
NCH1_2022,GEMN-0225_LH212HT_0003/LH244,12.112662
NCH1_2022,GEMN-0225_LH212HT_0005/LH244,12.123377
NCH1_2022,GEMN-0225_LH212HT_0006/LH244,12.097918
NCH1_2022,GEMN-0225_LH212HT_0008/LH244,12.091784
NCH1_2022,GEMN-0225_LH212HT_0009/LH244,12.097212
NCH1_2022,GEMN-0225_LH212HT_0015/LH244,12.134076
NCH1_2022,GEMN-0225_LH212HT_0017/LH244,12.148039
NCH1_2022,GEMN-0225_LH212HT_0021/LH244,12.133791
NCH1_2022,GEMN-0225_LH212HT_0022/LH244,12.101116
NCH1_2022,GEMN-0225_LH212HT_0023/LH244,12.100696
NCH1_2022,GEMN-0225_LH212HT_0024/LH244,12.110209
NCH1_2022,GEMN-0225_LH212HT_0025/LH244,12.121575
NCH1_2022,GEMN-0225_LH212HT_0028/LH244,12.117961
NCH1_2022,GEMN-0225_LH212HT_0029/LH244,12.138483
NCH1_2022,GEMN-0225_LH212HT_0033/LH244,12.122169
NCH1_2022,GEMN-0225_LH212HT_0036/LH244,12.118241
NCH1_2022,GEMN-0225_LH212HT_0038/LH244,12.129283
NCH1_2022,GEMN-0225_LH212HT_0040/LH244,12.110809
NCH1_2022,GEMN-0225_LH212HT_0043/LH244,12.121574
NCH1_2022,GEMN-0225_PHJ89_0001/LH244,12.107577
NCH1_2022,GEMN-0225_PHJ89_0002/LH244,12.133319
NCH1_2022,GEMN-0225_PHJ89_0003/LH244,12.094303
NCH1_2022,GEMN-0225_PHJ89_0004/LH244,12.116177
NCH1_2022,GEMN-0225_PHJ89_0005/LH244,12.106382
NCH1_2022,GEMN-0225_PHJ89_0006/LH244,12.0875
NCH1_2022,GEMN-0225_PHJ89_0008/LH244,12.131159
NCH1_2022,GEMN-0225_PHJ89_0009/LH244,12.112257
NCH1_2022,GEMN-0225_PHJ89_0013/LH244,12.117116
NCH1_2022,GEMN-0225_PHJ89_0014/LH244,12.129724
NCH1_2022,GEMN-0225_PHJ89_0015/LH244,12.146341
NCH1_2022,GEMN-0225_PHJ89_0016/LH244,12.131422
NCH1_2022,GEMN-0225_PHJ89_0017/LH244,12.111521
NCH1_2022,GEMN-0225_PHJ89_0018/LH244,12.121599
NCH1_2022,GEMN-0225_PHJ89_0019/LH244,12.113871
NCH1_2022,GEMN-0225_PHJ89_0020/LH244,12.103226
NCH1_2022,GEMN-0225_PHJ89_0021/LH244,12.091125
NCH1_2022,GEMN-0225_PHJ89_0022/LH244,12.125618
NCH1_2022,GEMN-0225_PHJ89_0025/LH244,12.128347
NCH1_2022,GEMN-0225_PHJ89_0026/LH244,12.108905
NCH1_2022,GEMN-0225_PHJ89_0027/LH244,12.08858
NCH1_2022,GEMN-0225_PHJ89_0032/LH244,12.133644
NCH1_2022,GEMN-0225_PHK76_0001/LH244,12.129616
NCH1_2022,GEMN-0225_PHK76_0002/LH244,12.127372
NCH1_2022,GEMN-0225_PHK76_0003/LH244,12.114174
NCH1_2022,GEMN-0225_PHK76_0004/LH244,12.139989
NCH1_2022,GEMN-0225_PHK76_0005/LH244,12.133152
NCH1_2022,GEMN-0225_PHK76_0007/LH244,12.122895
NCH1_2022,GEMN-0225_PHK76_0008/LH244,12.105093
NCH1_2022,GEMN-0225_PHK76_0010/LH244,12.12218
NCH1_2022,GEMN-0225_PHK76_0012/LH244,12.114148
NCH1_2022,GEMN-0225_PHK76_0013/LH244,12.104049
NCH1_2022,GEMN-0225_PHK76_0014/LH244,12.090942
NCH1_2022,GEMN-0225_PHK76_0018/LH244,12.10475
NCH1_2022,GEMN-0225_PHK76_0019/LH244,12.136958
NCH1_2022,GEMN-0225_PHK76_0021/LH244,12.120391
NCH1_2022,GEMN-0225_PHK76_0022/LH244,12.126875
NCH1_2022,GEMN-0225_PHK76_0027/LH244,12.108511
NCH1_2022,GEMN-0225_PHK76_0028/LH244,12.140781
NCH1_2022,GEMN-0225_PHK76_0031/LH244,12.112256
NCH1_2022,GEMN-0225_PHK76_0032/LH244,12.130806
NCH1_2022,GEMN-0225_PHK76_0039/LH244,12.123024
NCH1_2022,GEMN-0225_PHN46_0001/LH244,12.114887
NCH1_2022,GEMN-0225_PHN46_0003/LH244,12.124603
NCH1_2022,GEMN-0225_PHN46_0004/LH244,12.117918
NCH1_2022,GEMN-0225_PHN46_0005/LH244,12.095909
NCH1_2022,GEMN-0225_PHN46_0006/LH244,12.134359
NCH1_2022,GEMN-0225_PHN46_0008/LH244,12.132875
NCH1_2022,GEMN-0225_PHN46_0009/LH244,12.135275
NCH1_2022,GEMN-0225_PHN46_0014/LH244,12.123629
NCH1_2022,GEMN-0225_PHN46_0021/LH244,12.108901
NCH1_2022,GEMN-0225_PHP02_0001/LH244,12.110951
NCH1_2022,GEMN-0225_PHP02_0002/LH244,12.113039
NCH1_2022,GEMN-0225_PHP02_0003/LH244,12.133862
NCH1_2022,GEMN-0225_PHP02_0005/LH244,12.123229
NCH1_2022,GEMN-0225_PHP02_0006/LH244,12.094654
NCH1_2022,GEMN-0225_PHP02_0007/LH244,12.093775
NCH1_2022,GEMN-0225_PHP02_0008/LH244,12.129101
NCH1_2022,GEMN-0225_PHP02_0009/LH244,12.116489
NCH1_2022,GEMN-0225_PHP02_0010/LH244,12.104647
NCH1_2022,GEMN-0225_PHP02_0012/LH244,12.119847
NCH1_2022,GEMN-0225_PHP02_0013/LH244,12.124769
NCH1_2022,GEMN-0225_PHP02_0014/LH244,12.100988
NCH1_2022,GEMN-0225_PHP02_0015/LH244,12.090578
NCH1_2022,GEMN-0225_PHP02_0017/LH244,12.126011
NCH1_2022,GEMN-0232/LH244,12.108671
NCH1_2022,GEMN-0238/LH244,12.11272
NCH1_2022,GEMN-0257/LH244,12.122983
NCH1_2022,GEMN-0270/LH244,12.138365
NCH1_2022,GEMN-0271/LH244,12.124581
NCH1_2022,GEMN-0287/LH244,12.113328
NCH1_2022,LH145/LH82,10.236036
NCH1_2022,LH185/LH244,12.465373
NCH1_2022,LH195/MO17,12.243614
NCH1_2022,LH195/PHK76,11.334647
NCH1_2022,LH195/PHN82,11.98984
NCH1_2022,LH195/PHZ51,11.668933
NCH1_2022,LH212HT/LH244,12.273907
NCH1_2022,LH213/LH244,12.094356
NCH1_2022,LH216/LH244,12.047304
NCH1_2022,LH244/MO17,12.456758
NCH1_2022,LH244/PHK76,12.175538
NCH1_2022,LH244/PHN82,12.30206
NCH1_2022,LH244/PHZ51,11.977388
NCH1_2022,LH283/LH244,12.111212
NCH1_2022,LH287/LH244,12.146923
NCH1_2022,LH74/PHN82,11.841352
NCH1_2022,LH82/LH244,12.041219
NCH1_2022,M162W/LH244,12.117844
NCH1_2022,M37W/LH244,12.113166
NCH1_2022,MBUB/LH244,12.129358
NCH1_2022,MM501D/LH244,12.120393
NCH1_2022,MO17_PHW30-008-(2N)-01/LH244,12.102758
NCH1_2022,MO17_PHW30-200-(2N)-02/LH244,12.140947
NCH1_2022,MO17_PHW30-309-(2N)-01/LH244,12.113473
NCH1_2022,MO44/LH244,12.560597
NCH1_2022,MO44_LH145_0127/LH244,12.147169
NCH1_2022,MO44_LH145_0138/LH244,12.092842
NCH1_2022,MO44_PHG47_0072/LH244,12.113011
NCH1_2022,MO44_PHG47_0125/LH244,12.145505
NCH1_2022,MO44_PHW65_0025/LH244,12.195417
NCH1_2022,MO44_PHW65_0035/LH244,11.685034
NCH1_2022,MOG/LH244,11.933344
NCH1_2022,MS71/LH244,12.113053
NCH1_2022,NC350/LH244,12.13797
NCH1_2022,NC358/LH244,12.111694
NCH1_2022,NC360/LH244,12.091054
NCH1_2022,NC366/LH244,12.122116
NCH1_2022,NC370/LH244,12.11514
NCH1_2022,NC374/LH244,12.113957
NCH1_2022,NC378/LH244,12.092315
NCH1_2022,NC386/LH244,12.108844
NCH1_2022,NC388/LH244,12.095167
NCH1_2022,NC398/LH244,12.134865
NCH1_2022,NC406/LH244,12.143001
NCH1_2022,NC426/LH244,12.087402
NCH1_2022,NC428/LH244,12.121478
NCH1_2022,NC438/LH244,12.138174
NCH1_2022,NC454/LH244,12.094465
NCH1_2022,NC456/LH244,12.116541
NCH1_2022,NC458/LH244,12.125116
NCH1_2022,NC508/LH244,12.105531
NCH1_2022,NC512/LH244,12.141156
NCH1_2022,NC524/LH244,12.117162
NCH1_2022,NC528/LH244,12.126873
NCH1_2022,NC540/LH244,12.113293
NCH1_2022,NC542/LH244,12.129235
NCH1_2022,NC546/LH244,12.107343
NCH1_2022,NC548/LH244,12.112926
NCH1_2022,NKH8431/LH244,12.228409
NCH1_2022,OH43/LH244,12.118302
NCH1_2022,PH207/LH244,12.0997
NCH1_2022,PH24E/LH244,12.109095
NCH1_2022,PHAP9/LH244,12.107407
NCH1_2022,PHB47/LH244,12.166488
NCH1_2022,PHB47/MO17,11.259876
NCH1_2022,PHB47/PHK76,11.6287
NCH1_2022,PHB47/PHN82,12.178298
NCH1_2022,PHB47/PHZ51,11.310946
NCH1_2022,PHG29/PHG47,10.628469
NCH1_2022,PHG35/LH244,12.142308
NCH1_2022,PHG39/PHN82,12.004533
NCH1_2022,PHG47/LH244,12.080619
NCH1_2022,PHJ40/PHAJ0,9.447764
NCH1_2022,PHJ89/LH244,12.140002
NCH1_2022,PHJ89/PH207,11.516369
NCH1_2022,PHJ90/LH244,12.139782
NCH1_2022,PHK56/LH244,12.267456
NCH1_2022,PHKE6/LH244,12.144027
NCH1_2022,PHN11/LH244,12.332952
NCH1_2022,PHN11_LH145_0005/LH244,12.127961
NCH1_2022,PHN11_LH145_0028/LH244,12.122487
NCH1_2022,PHN11_LH145_0085/LH244,12.123228
NCH1_2022,PHN11_OH43_0001/LH244,12.071622
NCH1_2022,PHN11_OH43_0075/LH244,12.12253
NCH1_2022,PHN11_OH43_0088/LH244,12.115487
NCH1_2022,PHN11_PHG47_0251/LH244,11.948938
NCH1_2022,PHN11_PHG47_0287/LH244,12.113874
NCH1_2022,PHN11_PHW65_0312/LH244,12.461151
NCH1_2022,PHN11_PHW65_0323/LH244,12.462114
NCH1_2022,PHN11_PHW65_0359/LH244,11.984821
NCH1_2022,PHP02/LH244,12.090445
NCH1_2022,PHP55/LH244,12.117598
NCH1_2022,PHR03/LH244,12.115324
NCH1_2022,PHRE1/PHTD5,10.623121
NCH1_2022,PHW30/LH244,12.116178
NCH1_2022,PHW30_MO17-010-(2N)-01/LH244,12.113356
NCH1_2022,PHW30_MO17-032-(2N)-01/LH244,12.096422
NCH1_2022,PHW30_MO17-095-(2N)-01/LH244,12.098908
NCH1_2022,PHW30_MO17-129-(2N)-01/LH244,12.134682
NCH1_2022,PHW30_MO17-178-(2N)-01/LH244,12.133035
NCH1_2022,PHW30_MO17-234-(2N)-02/LH244,12.132096
NCH1_2022,PHW30_MO17-299-(2N)-01/LH244,12.104465
NCH1_2022,PHW52/PHM49,11.531878
NCH1_2022,PHW52/PHN82,12.228405
NCH1_2022,PHW65/LH244,12.381977
NCH1_2022,PHW65_MOG_0137/LH244,12.431697
NCH1_2022,PHW65_MOG_0176/LH244,12.028752
NCH1_2022,PHW65_MOG_0271/LH244,12.245661
NCH1_2022,TX714/PHZ51,11.597725
NCH1_2022,TX714/TX779,11.248402
NCH1_2022,TX777/LH195,11.416113
NCH1_2022,TX779/LH195,11.546591
NCH1_2022,TX951/LH195,11.303852
NCH1_2022,W10001_0003/LH244,12.111597
NCH1_2022,W10001_0007/LH244,12.113368
NCH1_2022,W10001_0008/LH244,12.108054
NCH1_2022,W10001_0009/LH244,12.088564
NCH1_2022,W10001_0010/LH244,12.125484
NCH1_2022,W10001_0011/LH244,12.116159
NCH1_2022,W10001_0012/LH244,12.116673
NCH1_2022,W10001_0013/LH244,12.115985
NCH1_2022,W10001_0014/LH244,12.138517
NCH1_2022,W10001_0016/LH244,12.100762
NCH1_2022,W10001_0017/LH244,12.097284
NCH1_2022,W10001_0018/LH244,12.106916
NCH1_2022,W10001_0019/LH244,12.111921
NCH1_2022,W10001_0021/LH244,12.12224
NCH1_2022,W10001_0022/LH244,11.613229
NCH1_2022,W10001_0023/LH244,12.102537
NCH1_2022,W10001_0030/LH244,12.130161
NCH1_2022,W10001_0031/LH244,12.125933
NCH1_2022,W10001_0033/LH244,12.11799
NCH1_2022,W10001_0036/LH244,12.116764
NCH1_2022,W10001_0040/LH244,12.09996
NCH1_2022,W10001_0047/LH244,12.10899
NCH1_2022,W10002_0002/LH244,12.114236
NCH1_2022,W10002_0004/LH244,12.129749
NCH1_2022,W10005_0029/LH244,12.12815
NCH1_2022,W10005_0107/LH244,11.959885
NCH1_2022,W10005_0111/LH244,12.105917
NCH1_2022,W10005_0147/LH244,12.069939
NCH1_2022,W10005_0220/LH244,12.092417
NCH1_2022,W10010_0018/LH244,12.119725
NCH1_2022,W10010_0032/LH244,12.117289
NCH1_2022,W10010_0084/LH244,12.093046
NCH1_2022,W10010_0093/LH244,12.109896
NCH1_2022,W10010_0101/LH244,12.125207
NCH1_2022,W10010_0118/LH244,12.148507
NCH1_2022,W10010_0124/LH244,12.126204
NCH1_2022,W10010_0148/LH244,12.13542
NCH1_2022,W10010_0170/LH244,12.110348
NCH1_2022,W10010_0175/LH244,12.13609
NCH1_2022,W10010_0188/LH244,12.10664
NCH1_2022,W10010_0189/LH244,12.11494
NCH1_2022,W10010_0215/LH244,12.124972
NCH1_2022,W10010_0239/LH244,12.128043
NCH1_2022,W10010_0279/LH244,12.120598
NCH1_2022,W10010_0294/LH244,12.111629
NCH1_2022,W10010_0310/LH244,12.134452
NCH1_2022,W10010_0311/LH244,12.098951
NCH1_2022,W10010_0337/LH244,12.128579
NCH1_2022,W10010_0346/LH244,12.128988
NCH1_2022,W10010_0358/LH244,12.130033
NCH1_2022,W10010_0366/LH244,12.129444
NCH1_2022,W10010_0381/LH244,12.127286
NCH1_2022,W10010_0452/LH244,12.132826
NCH1_2022,W10010_0464/LH244,12.10037
NCH1_2022,W22/LH244,12.12007
NEH1_2022,B14A/H95,11.262666
NEH1_2022,B14A/MO17,11.29866
NEH1_2022,B14A/OH43,11.426103
NEH1_2022,B37/H95,11.345842
NEH1_2022,B37/MO17,11.426103
NEH1_2022,B37/OH43,11.407866
NEH1_2022,B73/MO17,12.256013
NEH1_2022,B73/PHK76,12.188705
NEH1_2022,B73/PHM49,12.215572
NEH1_2022,B73/PHN82,12.336029
NEH1_2022,B73/PHZ51,12.013208
NEH1_2022,B73/TX779,11.318038
NEH1_2022,B97/LH244,12.230383
NEH1_2022,BGEM-0039-N/LH244,11.898594
NEH1_2022,BGEM-0063-N/LH244,12.336205
NEH1_2022,BGEM-0089-N/LH244,11.997916
NEH1_2022,BGEM-0129-N/LH244,9.59091
NEH1_2022,CG119/CG108,5.977673
NEH1_2022,CG44/CGR01,11.250966
NEH1_2022,DK3IIH6/LH244,12.589352
NEH1_2022,DK78010/LH244,12.321829
NEH1_2022,F42/H95,11.849451
NEH1_2022,F42/MO17,12.18107
NEH1_2022,F42/OH43,11.838495
NEH1_2022,GEMN-0096/LH244,12.315204
NEH1_2022,GEMN-0096_LH212HT_0001/LH244,12.301214
NEH1_2022,GEMN-0096_LH212HT_0004/LH244,12.310874
NEH1_2022,GEMN-0096_LH212HT_0005/LH244,12.330328
NEH1_2022,GEMN-0096_LH212HT_0006/LH244,12.2995
NEH1_2022,GEMN-0096_LH212HT_0009/LH244,12.302389
NEH1_2022,GEMN-0096_LH212HT_0013/LH244,12.320592
NEH1_2022,GEMN-0096_LH212HT_0017/LH244,12.321856
NEH1_2022,GEMN-0096_PHJ89_0001/LH244,12.302488
NEH1_2022,GEMN-0096_PHJ89_0002/LH244,12.317305
NEH1_2022,GEMN-0096_PHJ89_0006/LH244,12.308055
NEH1_2022,GEMN-0096_PHJ89_0007/LH244,12.307531
NEH1_2022,GEMN-0096_PHJ89_0009/LH244,12.298946
NEH1_2022,GEMN-0096_PHJ89_0010/LH244,12.316129
NEH1_2022,GEMN-0096_PHJ89_0011/LH244,12.304873
NEH1_2022,GEMN-0096_PHJ89_0012/LH244,12.313472
NEH1_2022,GEMN-0096_PHJ89_0013/LH244,12.321474
NEH1_2022,GEMN-0096_PHJ89_0014/LH244,12.321748
NEH1_2022,GEMN-0096_PHJ89_0016/LH244,12.296731
NEH1_2022,GEMN-0096_PHK76_0001/LH244,12.311361
NEH1_2022,GEMN-0096_PHK76_0002/LH244,12.299904
NEH1_2022,GEMN-0096_PHK76_0003/LH244,12.308644
NEH1_2022,GEMN-0096_PHK76_0004/LH244,12.324547
NEH1_2022,GEMN-0096_PHK76_0006/LH244,12.328609
NEH1_2022,GEMN-0096_PHK76_0007/LH244,12.304131
NEH1_2022,GEMN-0096_PHK76_0013/LH244,12.29831
NEH1_2022,GEMN-0096_PHK76_0016/LH244,12.302141
NEH1_2022,GEMN-0096_PHN46_0001/LH244,12.307971
NEH1_2022,GEMN-0096_PHN46_0002/LH244,12.289104
NEH1_2022,GEMN-0096_PHN46_0003/LH244,12.299308
NEH1_2022,GEMN-0096_PHN46_0004/LH244,12.298232
NEH1_2022,GEMN-0096_PHN46_0005/LH244,12.308722
NEH1_2022,GEMN-0096_PHN46_0007/LH244,12.301385
NEH1_2022,GEMN-0096_PHN46_0010/LH244,12.304394
NEH1_2022,GEMN-0096_PHN46_0012/LH244,12.327436
NEH1_2022,GEMN-0096_PHN46_0013/LH244,12.291069
NEH1_2022,GEMN-0096_PHN46_0014/LH244,12.302505
NEH1_2022,GEMN-0096_PHN46_0020/LH244,12.298587
NEH1_2022,GEMN-0096_PHP02_0001/LH244,12.311174
NEH1_2022,GEMN-0096_PHP02_0003/LH244,12.318655
NEH1_2022,GEMN-0096_PHP02_0005/LH244,12.317722
NEH1_2022,GEMN-0096_PHP02_0006/LH244,12.307743
NEH1_2022,GEMN-0096_PHP02_0007/LH244,12.295537
NEH1_2022,GEMN-0096_PHP02_0011/LH244,12.310038
NEH1_2022,GEMN-0096_PHP02_0012/LH244,12.307039
NEH1_2022,GEMN-0096_PHP02_0016/LH244,12.30358
NEH1_2022,GEMN-0096_PHP02_0025/LH244,12.327194
NEH1_2022,GEMN-0096_PHP02_0030/LH244,12.310886
NEH1_2022,GEMN-0097/LH244,12.311436
NEH1_2022,GEMN-0097_LH212HT_0004/LH244,12.301765
NEH1_2022,GEMN-0097_LH212HT_0019/LH244,12.312941
NEH1_2022,GEMN-0097_LH212HT_0020/LH244,12.321939
NEH1_2022,GEMN-0097_LH212HT_0026/LH244,12.314676
NEH1_2022,GEMN-0097_LH212HT_0032/LH244,12.32398
NEH1_2022,GEMN-0097_LH212HT_0047/LH244,12.318131
NEH1_2022,GEMN-0097_LH212HT_0054/LH244,12.299722
NEH1_2022,GEMN-0097_LH212HT_0058/LH244,12.308638
NEH1_2022,GEMN-0097_LH212HT_0062/LH244,12.315684
NEH1_2022,GEMN-0097_LH212HT_0069/LH244,12.30637
NEH1_2022,GEMN-0097_LH212HT_0085/LH244,12.302141
NEH1_2022,GEMN-0097_PHJ89_0001/LH244,12.301224
NEH1_2022,GEMN-0097_PHJ89_0002/LH244,12.310852
NEH1_2022,GEMN-0097_PHJ89_0003/LH244,12.313936
NEH1_2022,GEMN-0097_PHJ89_0005/LH244,12.298586
NEH1_2022,GEMN-0097_PHJ89_0006/LH244,12.305822
NEH1_2022,GEMN-0097_PHJ89_0007/LH244,12.311775
NEH1_2022,GEMN-0097_PHJ89_0008/LH244,12.315804
NEH1_2022,GEMN-0097_PHJ89_0010/LH244,12.3248
NEH1_2022,GEMN-0097_PHJ89_0011/LH244,12.307091
NEH1_2022,GEMN-0097_PHJ89_0012/LH244,12.322848
NEH1_2022,GEMN-0097_PHJ89_0013/LH244,12.314026
NEH1_2022,GEMN-0097_PHJ89_0016/LH244,12.323617
NEH1_2022,GEMN-0097_PHJ89_0020/LH244,12.30791
NEH1_2022,GEMN-0097_PHJ89_0025/LH244,12.298327
NEH1_2022,GEMN-0097_PHJ89_0026/LH244,12.318859
NEH1_2022,GEMN-0097_PHJ89_0027/LH244,12.298996
NEH1_2022,GEMN-0097_PHJ89_0028/LH244,12.311751
NEH1_2022,GEMN-0097_PHJ89_0029/LH244,12.313601
NEH1_2022,GEMN-0097_PHJ89_0036/LH244,12.300406
NEH1_2022,GEMN-0097_PHJ89_0039/LH244,12.301084
NEH1_2022,GEMN-0097_PHK76_0003/LH244,12.314575
NEH1_2022,GEMN-0097_PHK76_0007/LH244,12.303556
NEH1_2022,GEMN-0097_PHK76_0009/LH244,12.3141
NEH1_2022,GEMN-0097_PHK76_0011/LH244,12.31113
NEH1_2022,GEMN-0097_PHK76_0018/LH244,12.30113
NEH1_2022,GEMN-0097_PHK76_0021/LH244,12.300255
NEH1_2022,GEMN-0097_PHK76_0037/LH244,12.326698
NEH1_2022,GEMN-0097_PHK76_0038/LH244,12.308434
NEH1_2022,GEMN-0097_PHK76_0039/LH244,12.324227
NEH1_2022,GEMN-0097_PHK76_0041/LH244,12.30728
NEH1_2022,GEMN-0097_PHK76_0048/LH244,12.323921
NEH1_2022,GEMN-0097_PHK76_0055/LH244,12.312301
NEH1_2022,GEMN-0097_PHK76_0060/LH244,12.311733
NEH1_2022,GEMN-0097_PHN46_0001/LH244,12.299191
NEH1_2022,GEMN-0097_PHN46_0003/LH244,12.317249
NEH1_2022,GEMN-0097_PHN46_0004/LH244,12.315388
NEH1_2022,GEMN-0097_PHN46_0005/LH244,12.318583
NEH1_2022,GEMN-0097_PHN46_0008/LH244,12.328465
NEH1_2022,GEMN-0097_PHN46_0011/LH244,12.28747
NEH1_2022,GEMN-0097_PHN46_0014/LH244,12.30409
NEH1_2022,GEMN-0097_PHN46_0018/LH244,12.309273
NEH1_2022,GEMN-0097_PHP02_0002/LH244,12.310869
NEH1_2022,GEMN-0097_PHP02_0003/LH244,12.307465
NEH1_2022,GEMN-0097_PHP02_0005/LH244,12.302445
NEH1_2022,GEMN-0097_PHP02_0006/LH244,12.301987
NEH1_2022,GEMN-0097_PHP02_0007/LH244,12.31721
NEH1_2022,GEMN-0098/LH244,12.31325
NEH1_2022,GEMN-0124/LH244,12.304377
NEH1_2022,GEMN-0144/LH244,12.308197
NEH1_2022,GEMN-0157/LH244,12.307131
NEH1_2022,GEMN-0177/LH244,12.317395
NEH1_2022,GEMN-0178/LH244,12.321675
NEH1_2022,GEMN-0187/LH244,12.316915
NEH1_2022,GEMN-0192_LH212HT_0001/LH244,12.308739
NEH1_2022,GEMN-0192_LH212HT_0006/LH244,12.333634
NEH1_2022,GEMN-0192_LH212HT_0010/LH244,12.309653
NEH1_2022,GEMN-0192_LH212HT_0011/LH244,12.320539
NEH1_2022,GEMN-0192_LH212HT_0012/LH244,12.311369
NEH1_2022,GEMN-0192_LH212HT_0013/LH244,12.297735
NEH1_2022,GEMN-0192_LH212HT_0014/LH244,12.30162
NEH1_2022,GEMN-0192_LH212HT_0018/LH244,12.313588
NEH1_2022,GEMN-0192_LH212HT_0021/LH244,12.304451
NEH1_2022,GEMN-0192_LH212HT_0023/LH244,12.296577
NEH1_2022,GEMN-0192_PHJ89_0001/LH244,12.313732
NEH1_2022,GEMN-0192_PHK76_0002/LH244,12.326588
NEH1_2022,GEMN-0192_PHK76_0004/LH244,12.317118
NEH1_2022,GEMN-0192_PHK76_0005/LH244,12.309503
NEH1_2022,GEMN-0192_PHK76_0006/LH244,12.302869
NEH1_2022,GEMN-0192_PHK76_0007/LH244,12.325415
NEH1_2022,GEMN-0192_PHK76_0008/LH244,12.312953
NEH1_2022,GEMN-0192_PHK76_0009/LH244,12.312819
NEH1_2022,GEMN-0192_PHK76_0010/LH244,12.296673
NEH1_2022,GEMN-0192_PHK76_0011/LH244,12.314046
NEH1_2022,GEMN-0192_PHK76_0012/LH244,12.305447
NEH1_2022,GEMN-0192_PHK76_0013/LH244,12.322771
NEH1_2022,GEMN-0192_PHK76_0014/LH244,12.32873
NEH1_2022,GEMN-0192_PHK76_0015/LH244,12.320814
NEH1_2022,GEMN-0192_PHK76_0016/LH244,12.312784
NEH1_2022,GEMN-0192_PHK76_0019/LH244,12.312954
NEH1_2022,GEMN-0192_PHK76_0021/LH244,12.310003
NEH1_2022,GEMN-0192_PHK76_0025/LH244,12.301663
NEH1_2022,GEMN-0192_PHK76_0028/LH244,12.323269
NEH1_2022,GEMN-0192_PHK76_0030/LH244,12.314755
NEH1_2022,GEMN-0192_PHK76_0032/LH244,12.315184
NEH1_2022,GEMN-0192_PHK76_0033/LH244,12.305584
NEH1_2022,GEMN-0192_PHK76_0035/LH244,12.305476
NEH1_2022,GEMN-0192_PHK76_0036/LH244,12.315434
NEH1_2022,GEMN-0192_PHK76_0044/LH244,12.299065
NEH1_2022,GEMN-0192_PHK76_0045/LH244,12.309511
NEH1_2022,GEMN-0192_PHN46_0002/LH244,12.328281
NEH1_2022,GEMN-0192_PHN46_0003/LH244,12.310711
NEH1_2022,GEMN-0192_PHN46_0004/LH244,12.307774
NEH1_2022,GEMN-0192_PHN46_0005/LH244,12.318054
NEH1_2022,GEMN-0192_PHN46_0006/LH244,12.29862
NEH1_2022,GEMN-0192_PHN46_0008/LH244,12.315739
NEH1_2022,GEMN-0192_PHN46_0009/LH244,12.313417
NEH1_2022,GEMN-0192_PHN46_0010/LH244,12.324212
NEH1_2022,GEMN-0192_PHN46_0011/LH244,12.315525
NEH1_2022,GEMN-0192_PHN46_0012/LH244,12.293257
NEH1_2022,GEMN-0192_PHN46_0014/LH244,12.28797
NEH1_2022,GEMN-0192_PHN46_0015/LH244,12.320685
NEH1_2022,GEMN-0192_PHN46_0025/LH244,12.321787
NEH1_2022,GEMN-0192_PHP02_0001/LH244,12.321707
NEH1_2022,GEMN-0192_PHP02_0003/LH244,12.301973
NEH1_2022,GEMN-0225/LH244,12.307787
NEH1_2022,GEMN-0225_LH212HT_0002/LH244,12.307701
NEH1_2022,GEMN-0225_LH212HT_0005/LH244,12.31683
NEH1_2022,GEMN-0225_LH212HT_0006/LH244,12.30026
NEH1_2022,GEMN-0225_LH212HT_0008/LH244,12.296268
NEH1_2022,GEMN-0225_LH212HT_0015/LH244,12.323793
NEH1_2022,GEMN-0225_LH212HT_0017/LH244,12.332882
NEH1_2022,GEMN-0225_LH212HT_0024/LH244,12.30826
NEH1_2022,GEMN-0225_LH212HT_0029/LH244,12.326662
NEH1_2022,GEMN-0225_LH212HT_0036/LH244,12.313488
NEH1_2022,GEMN-0225_LH212HT_0043/LH244,12.315657
NEH1_2022,GEMN-0225_PHJ89_0001/LH244,12.306547
NEH1_2022,GEMN-0225_PHJ89_0002/LH244,12.3233
NEH1_2022,GEMN-0225_PHJ89_0003/LH244,12.297907
NEH1_2022,GEMN-0225_PHJ89_0004/LH244,12.312143
NEH1_2022,GEMN-0225_PHJ89_0005/LH244,12.305769
NEH1_2022,GEMN-0225_PHJ89_0008/LH244,12.321895
NEH1_2022,GEMN-0225_PHJ89_0009/LH244,12.309593
NEH1_2022,GEMN-0225_PHJ89_0015/LH244,12.331777
NEH1_2022,GEMN-0225_PHJ89_0016/LH244,12.322066
NEH1_2022,GEMN-0225_PHJ89_0017/LH244,12.309114
NEH1_2022,GEMN-0225_PHJ89_0020/LH244,12.303715
NEH1_2022,GEMN-0225_PHJ89_0021/LH244,12.295838
NEH1_2022,GEMN-0225_PHJ89_0022/LH244,12.318289
NEH1_2022,GEMN-0225_PHJ89_0032/LH244,12.323511
NEH1_2022,GEMN-0225_PHK76_0002/LH244,12.31943
NEH1_2022,GEMN-0225_PHK76_0003/LH244,12.310841
NEH1_2022,GEMN-0225_PHK76_0004/LH244,12.327642
NEH1_2022,GEMN-0225_PHK76_0005/LH244,12.323192
NEH1_2022,GEMN-0225_PHK76_0007/LH244,12.316517
NEH1_2022,GEMN-0225_PHK76_0008/LH244,12.30493
NEH1_2022,GEMN-0225_PHK76_0012/LH244,12.310823
NEH1_2022,GEMN-0225_PHK76_0013/LH244,12.304251
NEH1_2022,GEMN-0225_PHK76_0014/LH244,12.29572
NEH1_2022,GEMN-0225_PHK76_0018/LH244,12.304707
NEH1_2022,GEMN-0225_PHK76_0019/LH244,12.325669
NEH1_2022,GEMN-0225_PHK76_0021/LH244,12.314887
NEH1_2022,GEMN-0225_PHK76_0022/LH244,12.319107
NEH1_2022,GEMN-0225_PHK76_0028/LH244,12.328157
NEH1_2022,GEMN-0225_PHK76_0031/LH244,12.309591
NEH1_2022,GEMN-0225_PHN46_0001/LH244,12.311305
NEH1_2022,GEMN-0225_PHN46_0003/LH244,12.317628
NEH1_2022,GEMN-0225_PHN46_0005/LH244,12.298953
NEH1_2022,GEMN-0225_PHN46_0006/LH244,12.323977
NEH1_2022,GEMN-0225_PHN46_0021/LH244,12.307408
NEH1_2022,GEMN-0225_PHP02_0001/LH244,12.308743
NEH1_2022,GEMN-0225_PHP02_0003/LH244,12.323654
NEH1_2022,GEMN-0225_PHP02_0005/LH244,12.316734
NEH1_2022,GEMN-0225_PHP02_0006/LH244,12.298136
NEH1_2022,GEMN-0225_PHP02_0008/LH244,12.320557
NEH1_2022,GEMN-0225_PHP02_0009/LH244,12.312347
NEH1_2022,GEMN-0225_PHP02_0010/LH244,12.30464
NEH1_2022,GEMN-0225_PHP02_0012/LH244,12.314533
NEH1_2022,GEMN-0225_PHP02_0013/LH244,12.317737
NEH1_2022,GEMN-0225_PHP02_0014/LH244,12.302258
NEH1_2022,GEMN-0225_PHP02_0015/LH244,12.295483
NEH1_2022,GEMN-0225_PHP02_0017/LH244,12.318544
NEH1_2022,GEMN-0238/LH244,12.309894
NEH1_2022,GEMN-0271/LH244,12.317615
NEH1_2022,GEMN-0287/LH244,12.310289
NEH1_2022,LH145/LH82,10.669313
NEH1_2022,LH195/MO17,12.40434
NEH1_2022,LH195/PHK76,11.751796
NEH1_2022,LH195/PHN82,12.226858
NEH1_2022,LH195/PHZ51,12.01527
NEH1_2022,LH216/LH244,12.262835
NEH1_2022,LH244/MO17,12.609947
NEH1_2022,LH244/PHK76,12.351147
NEH1_2022,LH244/PHN82,12.45525
NEH1_2022,LH244/PHZ51,12.219434
NEH1_2022,LH283/LH244,12.308912
NEH1_2022,LH287/LH244,12.332155
NEH1_2022,LH74/PHN82,12.13039
NEH1_2022,LH82/LH244,12.258653
NEH1_2022,M162W/LH244,12.313229
NEH1_2022,MBUB/LH244,12.320724
NEH1_2022,MM501D/LH244,12.314887
NEH1_2022,MO17_PHW30-008-(2N)-01/LH244,12.303411
NEH1_2022,MO17_PHW30-200-(2N)-02/LH244,12.328266
NEH1_2022,MO17_PHW30-309-(2N)-01/LH244,12.310385
NEH1_2022,MO44_LH145_0127/LH244,12.332315
NEH1_2022,MO44_LH145_0138/LH244,12.296956
NEH1_2022,MO44_PHG47_0072/LH244,12.310083
NEH1_2022,MO44_PHG47_0125/LH244,12.331232
NEH1_2022,MO44_PHW65_0025/LH244,12.365822
NEH1_2022,MO44_PHW65_0035/LH244,12.027351
NEH1_2022,MOG/LH244,12.191392
NEH1_2022,NC358/LH244,12.309226
NEH1_2022,NKH8431/LH244,12.391345
NEH1_2022,OH43/LH244,12.313528
NEH1_2022,PH207/LH244,12.30142
NEH1_2022,PH24E/LH244,12.307534
NEH1_2022,PHAP9/LH244,12.306435
NEH1_2022,PHB47/LH244,12.344889
NEH1_2022,PHB47/MO17,11.686148
NEH1_2022,PHB47/PHK76,11.986346
NEH1_2022,PHB47/PHN82,12.353184
NEH1_2022,PHB47/PHZ51,11.730986
NEH1_2022,PHG29/PHG47,11.061747
NEH1_2022,PHG47/LH244,12.287909
NEH1_2022,PHJ40/PHAJ0,9.881042
NEH1_2022,PHJ89/LH244,12.32765
NEH1_2022,PHJ89/PH207,11.901127
NEH1_2022,PHJ90/LH244,12.327507
NEH1_2022,PHK56/LH244,12.424713
NEH1_2022,PHKE6/LH244,12.33027
NEH1_2022,PHN11/LH244,12.486143
NEH1_2022,PHN11_LH145_0005/LH244,12.319814
NEH1_2022,PHN11_LH145_0028/LH244,12.316251
NEH1_2022,PHN11_LH145_0085/LH244,12.316734
NEH1_2022,PHN11_OH43_0075/LH244,12.316278
NEH1_2022,PHN11_OH43_0088/LH244,12.311695
NEH1_2022,PHN11_PHG47_0251/LH244,12.201381
NEH1_2022,PHN11_PHG47_0287/LH244,12.310646
NEH1_2022,PHN11_PHW65_0312/LH244,12.614342
NEH1_2022,PHN11_PHW65_0323/LH244,12.615305
NEH1_2022,PHN11_PHW65_0359/LH244,12.223783
NEH1_2022,PHN46/LH244,12.32839
NEH1_2022,PHP02/LH244,12.295393
NEH1_2022,PHP55/LH244,12.313068
NEH1_2022,PHR03/LH244,12.311589
NEH1_2022,PHRE1/PHTD5,11.056398
NEH1_2022,PHW30/LH244,12.312144
NEH1_2022,PHW30_MO17-010-(2N)-01/LH244,12.310308
NEH1_2022,PHW30_MO17-032-(2N)-01/LH244,12.299287
NEH1_2022,PHW30_MO17-095-(2N)-01/LH244,12.300904
NEH1_2022,PHW30_MO17-129-(2N)-01/LH244,12.324188
NEH1_2022,PHW30_MO17-178-(2N)-01/LH244,12.323116
NEH1_2022,PHW30_MO17-234-(2N)-02/LH244,12.322505
NEH1_2022,PHW52/PHM49,11.912724
NEH1_2022,PHW52/PHN82,12.391342
NEH1_2022,PHW65_MOG_0137/LH244,12.584887
NEH1_2022,PHW65_MOG_0176/LH244,12.250713
NEH1_2022,PHW65_MOG_0271/LH244,12.406088
NEH1_2022,TX714/PHZ51,11.962266
NEH1_2022,TX714/TX779,11.676074
NEH1_2022,TX777/LH195,11.820206
NEH1_2022,TX779/LH195,11.923725
NEH1_2022,TX951/LH195,11.724758
NEH1_2022,W10001_0003/LH244,12.309163
NEH1_2022,W10001_0007/LH244,12.310316
NEH1_2022,W10001_0009/LH244,12.29396
NEH1_2022,W10001_0012/LH244,12.312468
NEH1_2022,W10001_0014/LH244,12.326684
NEH1_2022,W10001_0016/LH244,12.302111
NEH1_2022,W10001_0017/LH244,12.299849
NEH1_2022,W10001_0019/LH244,12.309374
NEH1_2022,W10001_0021/LH244,12.31609
NEH1_2022,W10001_0022/LH244,11.974614
NEH1_2022,W10001_0023/LH244,12.303267
NEH1_2022,W10001_0031/LH244,12.318494
NEH1_2022,W10001_0040/LH244,12.301589
NEH1_2022,W10001_0047/LH244,12.307466
NEH1_2022,W10005_0029/LH244,12.319937
NEH1_2022,W10005_0107/LH244,12.208392
NEH1_2022,W10005_0111/LH244,12.305466
NEH1_2022,W10005_0147/LH244,12.279774
NEH1_2022,W10005_0220/LH244,12.29668
NEH1_2022,W10010_0084/LH244,12.29709
NEH1_2022,W10010_0093/LH244,12.308056
NEH1_2022,W10010_0118/LH244,12.333186
NEH1_2022,W10010_0124/LH244,12.31867
NEH1_2022,W10010_0148/LH244,12.324669
NEH1_2022,W10010_0170/LH244,12.308351
NEH1_2022,W10010_0189/LH244,12.311338
NEH1_2022,W10010_0279/LH244,12.315022
NEH1_2022,W10010_0294/LH244,12.309184
NEH1_2022,W10010_0311/LH244,12.300933
NEH1_2022,W10010_0337/LH244,12.320216
NEH1_2022,W10010_0346/LH244,12.320482
NEH1_2022,W10010_0358/LH244,12.321163
NEH2_2022,B14A/H95,12.247293
NEH2_2022,B14A/MO17,12.262185
NEH2_2022,B14A/OH43,12.312078
NEH2_2022,B37/H95,12.281706
NEH2_2022,B37/MO17,12.312078
NEH2_2022,B37/OH43,12.30563
NEH2_2022,B73/MO17,12.702325
NEH2_2022,B73/PHM49,12.674038
NEH2_2022,B73/PHN82,12.763702
NEH2_2022,B73/TX779,12.270202
NEH2_2022,B97/LH244,12.684227
NEH2_2022,BGEM-0039-N/LH244,12.495984
NEH2_2022,BGEM-0063-N/LH244,12.763847
NEH2_2022,BGEM-0089-N/LH244,12.543817
NEH2_2022,BGEM-0124-N/LH244,12.539007
NEH2_2022,BGEM-0129-N/LH244,10.880488
NEH2_2022,CG119/CG108,6.93666
NEH2_2022,CG44/CGR01,12.242452
NEH2_2022,DK3IIH6/LH244,12.973012
NEH2_2022,DK78010/LH244,12.751969
NEH2_2022,F42/H95,12.474493
NEH2_2022,F42/MO17,12.652994
NEH2_2022,F42/OH43,12.469713
NEH2_2022,GEMN-0096/LH244,12.746495
NEH2_2022,GEMN-0096_LH212HT_0001/LH244,12.734936
NEH2_2022,GEMN-0096_LH212HT_0004/LH244,12.742918
NEH2_2022,GEMN-0096_LH212HT_0005/LH244,12.758992
NEH2_2022,GEMN-0096_LH212HT_0006/LH244,12.73352
NEH2_2022,GEMN-0096_LH212HT_0009/LH244,12.735907
NEH2_2022,GEMN-0096_LH212HT_0012/LH244,12.732825
NEH2_2022,GEMN-0096_LH212HT_0013/LH244,12.750947
NEH2_2022,GEMN-0096_LH212HT_0017/LH244,12.751991
NEH2_2022,GEMN-0096_PHJ89_0001/LH244,12.735989
NEH2_2022,GEMN-0096_PHJ89_0002/LH244,12.748231
NEH2_2022,GEMN-0096_PHJ89_0006/LH244,12.740588
NEH2_2022,GEMN-0096_PHJ89_0007/LH244,12.740155
NEH2_2022,GEMN-0096_PHJ89_0009/LH244,12.733063
NEH2_2022,GEMN-0096_PHJ89_0010/LH244,12.747259
NEH2_2022,GEMN-0096_PHJ89_0011/LH244,12.73796
NEH2_2022,GEMN-0096_PHJ89_0012/LH244,12.745064
NEH2_2022,GEMN-0096_PHJ89_0013/LH244,12.751677
NEH2_2022,GEMN-0096_PHJ89_0014/LH244,12.751902
NEH2_2022,GEMN-0096_PHK76_0001/LH244,12.74332
NEH2_2022,GEMN-0096_PHK76_0002/LH244,12.733854
NEH2_2022,GEMN-0096_PHK76_0003/LH244,12.741076
NEH2_2022,GEMN-0096_PHK76_0004/LH244,12.754215
NEH2_2022,GEMN-0096_PHK76_0007/LH244,12.737346
NEH2_2022,GEMN-0096_PHK76_0013/LH244,12.732536
NEH2_2022,GEMN-0096_PHK76_0016/LH244,12.735703
NEH2_2022,GEMN-0096_PHN46_0001/LH244,12.74052
NEH2_2022,GEMN-0096_PHN46_0002/LH244,12.725689
NEH2_2022,GEMN-0096_PHN46_0003/LH244,12.733361
NEH2_2022,GEMN-0096_PHN46_0004/LH244,12.732471
NEH2_2022,GEMN-0096_PHN46_0005/LH244,12.74114
NEH2_2022,GEMN-0096_PHN46_0007/LH244,12.735077
NEH2_2022,GEMN-0096_PHN46_0010/LH244,12.737563
NEH2_2022,GEMN-0096_PHN46_0012/LH244,12.756603
NEH2_2022,GEMN-0096_PHN46_0013/LH244,12.727077
NEH2_2022,GEMN-0096_PHN46_0014/LH244,12.736003
NEH2_2022,GEMN-0096_PHN46_0020/LH244,12.732765
NEH2_2022,GEMN-0096_PHP02_0001/LH244,12.743166
NEH2_2022,GEMN-0096_PHP02_0003/LH244,12.749348
NEH2_2022,GEMN-0096_PHP02_0005/LH244,12.748575
NEH2_2022,GEMN-0096_PHP02_0006/LH244,12.740331
NEH2_2022,GEMN-0096_PHP02_0007/LH244,12.730246
NEH2_2022,GEMN-0096_PHP02_0011/LH244,12.742227
NEH2_2022,GEMN-0096_PHP02_0012/LH244,12.739749
NEH2_2022,GEMN-0096_PHP02_0016/LH244,12.736891
NEH2_2022,GEMN-0096_PHP02_0025/LH244,12.756403
NEH2_2022,GEMN-0097/LH244,12.743382
NEH2_2022,GEMN-0097_LH212HT_0004/LH244,12.735393
NEH2_2022,GEMN-0097_LH212HT_0019/LH244,12.744625
NEH2_2022,GEMN-0097_LH212HT_0020/LH244,12.75206
NEH2_2022,GEMN-0097_LH212HT_0026/LH244,12.746059
NEH2_2022,GEMN-0097_LH212HT_0047/LH244,12.748915
NEH2_2022,GEMN-0097_LH212HT_0054/LH244,12.733704
NEH2_2022,GEMN-0097_LH212HT_0058/LH244,12.74107
NEH2_2022,GEMN-0097_LH212HT_0062/LH244,12.746891
NEH2_2022,GEMN-0097_LH212HT_0069/LH244,12.739197
NEH2_2022,GEMN-0097_LH212HT_0085/LH244,12.735703
NEH2_2022,GEMN-0097_PHJ89_0001/LH244,12.734944
NEH2_2022,GEMN-0097_PHJ89_0002/LH244,12.742899
NEH2_2022,GEMN-0097_PHJ89_0003/LH244,12.745447
NEH2_2022,GEMN-0097_PHJ89_0005/LH244,12.732765
NEH2_2022,GEMN-0097_PHJ89_0006/LH244,12.738743
NEH2_2022,GEMN-0097_PHJ89_0007/LH244,12.743662
NEH2_2022,GEMN-0097_PHJ89_0008/LH244,12.74699
NEH2_2022,GEMN-0097_PHJ89_0010/LH244,12.754424
NEH2_2022,GEMN-0097_PHJ89_0011/LH244,12.739792
NEH2_2022,GEMN-0097_PHJ89_0012/LH244,12.752811
NEH2_2022,GEMN-0097_PHJ89_0013/LH244,12.745522
NEH2_2022,GEMN-0097_PHJ89_0016/LH244,12.753447
NEH2_2022,GEMN-0097_PHJ89_0020/LH244,12.740469
NEH2_2022,GEMN-0097_PHJ89_0025/LH244,12.732552
NEH2_2022,GEMN-0097_PHJ89_0026/LH244,12.749515
NEH2_2022,GEMN-0097_PHJ89_0027/LH244,12.733103
NEH2_2022,GEMN-0097_PHJ89_0028/LH244,12.743643
NEH2_2022,GEMN-0097_PHJ89_0029/LH244,12.745171
NEH2_2022,GEMN-0097_PHJ89_0036/LH244,12.734268
NEH2_2022,GEMN-0097_PHK76_0003/LH244,12.745975
NEH2_2022,GEMN-0097_PHK76_0007/LH244,12.736872
NEH2_2022,GEMN-0097_PHK76_0009/LH244,12.745584
NEH2_2022,GEMN-0097_PHK76_0011/LH244,12.74313
NEH2_2022,GEMN-0097_PHK76_0014/LH244,12.745476
NEH2_2022,GEMN-0097_PHK76_0015/LH244,12.745146
NEH2_2022,GEMN-0097_PHK76_0018/LH244,12.734867
NEH2_2022,GEMN-0097_PHK76_0021/LH244,12.734144
NEH2_2022,GEMN-0097_PHK76_0037/LH244,12.755993
NEH2_2022,GEMN-0097_PHK76_0038/LH244,12.740901
NEH2_2022,GEMN-0097_PHK76_0039/LH244,12.753951
NEH2_2022,GEMN-0097_PHK76_0041/LH244,12.739948
NEH2_2022,GEMN-0097_PHK76_0048/LH244,12.753698
NEH2_2022,GEMN-0097_PHK76_0053/LH244,12.751936
NEH2_2022,GEMN-0097_PHK76_0055/LH244,12.744097
NEH2_2022,GEMN-0097_PHK76_0060/LH244,12.743628
NEH2_2022,GEMN-0097_PHN46_0001/LH244,12.733263
NEH2_2022,GEMN-0097_PHN46_0003/LH244,12.748186
NEH2_2022,GEMN-0097_PHN46_0004/LH244,12.746647
NEH2_2022,GEMN-0097_PHN46_0005/LH244,12.749288
NEH2_2022,GEMN-0097_PHN46_0008/LH244,12.757452
NEH2_2022,GEMN-0097_PHN46_0011/LH244,12.724535
NEH2_2022,GEMN-0097_PHN46_0014/LH244,12.737312
NEH2_2022,GEMN-0097_PHN46_0018/LH244,12.741594
NEH2_2022,GEMN-0097_PHP02_0002/LH244,12.742914
NEH2_2022,GEMN-0097_PHP02_0003/LH244,12.740101
NEH2_2022,GEMN-0097_PHP02_0005/LH244,12.735953
NEH2_2022,GEMN-0097_PHP02_0006/LH244,12.735575
NEH2_2022,GEMN-0097_PHP02_0007/LH244,12.748154
NEH2_2022,GEMN-0098/LH244,12.744881
NEH2_2022,GEMN-0124/LH244,12.73755
NEH2_2022,GEMN-0144/LH244,12.740706
NEH2_2022,GEMN-0157/LH244,12.739825
NEH2_2022,GEMN-0177/LH244,12.748306
NEH2_2022,GEMN-0178/LH244,12.751842
NEH2_2022,GEMN-0187/LH244,12.74791
NEH2_2022,GEMN-0192/LH244,12.740503
NEH2_2022,GEMN-0192_LH212HT_0001/LH244,12.741154
NEH2_2022,GEMN-0192_LH212HT_0006/LH244,12.761724
NEH2_2022,GEMN-0192_LH212HT_0010/LH244,12.741909
NEH2_2022,GEMN-0192_LH212HT_0011/LH244,12.750904
NEH2_2022,GEMN-0192_LH212HT_0012/LH244,12.743326
NEH2_2022,GEMN-0192_LH212HT_0013/LH244,12.732061
NEH2_2022,GEMN-0192_LH212HT_0014/LH244,12.735272
NEH2_2022,GEMN-0192_LH212HT_0018/LH244,12.74516
NEH2_2022,GEMN-0192_LH212HT_0021/LH244,12.737612
NEH2_2022,GEMN-0192_LH212HT_0023/LH244,12.731105
NEH2_2022,GEMN-0192_PHJ89_0001/LH244,12.745279
NEH2_2022,GEMN-0192_PHJ89_0002/LH244,12.735156
NEH2_2022,GEMN-0192_PHK76_0002/LH244,12.755901
NEH2_2022,GEMN-0192_PHK76_0004/LH244,12.748076
NEH2_2022,GEMN-0192_PHK76_0005/LH244,12.741785
NEH2_2022,GEMN-0192_PHK76_0006/LH244,12.736303
NEH2_2022,GEMN-0192_PHK76_0007/LH244,12.754932
NEH2_2022,GEMN-0192_PHK76_0008/LH244,12.744635
NEH2_2022,GEMN-0192_PHK76_0009/LH244,12.744524
NEH2_2022,GEMN-0192_PHK76_0010/LH244,12.731184
NEH2_2022,GEMN-0192_PHK76_0011/LH244,12.745539
NEH2_2022,GEMN-0192_PHK76_0012/LH244,12.738434
NEH2_2022,GEMN-0192_PHK76_0013/LH244,12.752748
NEH2_2022,GEMN-0192_PHK76_0014/LH244,12.757671
NEH2_2022,GEMN-0192_PHK76_0015/LH244,12.751131
NEH2_2022,GEMN-0192_PHK76_0016/LH244,12.744496
NEH2_2022,GEMN-0192_PHK76_0019/LH244,12.744637
NEH2_2022,GEMN-0192_PHK76_0021/LH244,12.742199
NEH2_2022,GEMN-0192_PHK76_0025/LH244,12.735308
NEH2_2022,GEMN-0192_PHK76_0028/LH244,12.753159
NEH2_2022,GEMN-0192_PHK76_0030/LH244,12.746125
NEH2_2022,GEMN-0192_PHK76_0032/LH244,12.746479
NEH2_2022,GEMN-0192_PHK76_0035/LH244,12.738458
NEH2_2022,GEMN-0192_PHK76_0036/LH244,12.746686
NEH2_2022,GEMN-0192_PHK76_0044/LH244,12.73316
NEH2_2022,GEMN-0192_PHK76_0045/LH244,12.741793
NEH2_2022,GEMN-0192_PHN46_0002/LH244,12.7573
NEH2_2022,GEMN-0192_PHN46_0003/LH244,12.742783
NEH2_2022,GEMN-0192_PHN46_0004/LH244,12.740356
NEH2_2022,GEMN-0192_PHN46_0005/LH244,12.748851
NEH2_2022,GEMN-0192_PHN46_0006/LH244,12.732792
NEH2_2022,GEMN-0192_PHN46_0008/LH244,12.746937
NEH2_2022,GEMN-0192_PHN46_0009/LH244,12.745019
NEH2_2022,GEMN-0192_PHN46_0010/LH244,12.753939
NEH2_2022,GEMN-0192_PHN46_0011/LH244,12.74676
NEH2_2022,GEMN-0192_PHN46_0012/LH244,12.728621
NEH2_2022,GEMN-0192_PHN46_0014/LH244,12.724889
NEH2_2022,GEMN-0192_PHN46_0015/LH244,12.751024
NEH2_2022,GEMN-0192_PHN46_0025/LH244,12.751934
NEH2_2022,GEMN-0192_PHP02_0001/LH244,12.751869
NEH2_2022,GEMN-0225/LH244,12.740367
NEH2_2022,GEMN-0225_LH212HT_0002/LH244,12.740295
NEH2_2022,GEMN-0225_LH212HT_0005/LH244,12.747839
NEH2_2022,GEMN-0225_LH212HT_0008/LH244,12.730848
NEH2_2022,GEMN-0225_LH212HT_0015/LH244,12.753592
NEH2_2022,GEMN-0225_LH212HT_0017/LH244,12.761102
NEH2_2022,GEMN-0225_LH212HT_0024/LH244,12.740758
NEH2_2022,GEMN-0225_LH212HT_0029/LH244,12.755962
NEH2_2022,GEMN-0225_LH212HT_0036/LH244,12.745077
NEH2_2022,GEMN-0225_LH212HT_0043/LH244,12.74687
NEH2_2022,GEMN-0225_PHJ89_0001/LH244,12.739343
NEH2_2022,GEMN-0225_PHJ89_0002/LH244,12.753185
NEH2_2022,GEMN-0225_PHJ89_0003/LH244,12.732204
NEH2_2022,GEMN-0225_PHJ89_0004/LH244,12.743967
NEH2_2022,GEMN-0225_PHJ89_0005/LH244,12.7387
NEH2_2022,GEMN-0225_PHJ89_0006/LH244,12.728545
NEH2_2022,GEMN-0225_PHJ89_0008/LH244,12.752024
NEH2_2022,GEMN-0225_PHJ89_0009/LH244,12.741859
NEH2_2022,GEMN-0225_PHJ89_0013/LH244,12.744472
NEH2_2022,GEMN-0225_PHJ89_0015/LH244,12.760189
NEH2_2022,GEMN-0225_PHJ89_0016/LH244,12.752165
NEH2_2022,GEMN-0225_PHJ89_0017/LH244,12.741463
NEH2_2022,GEMN-0225_PHJ89_0020/LH244,12.737001
NEH2_2022,GEMN-0225_PHJ89_0021/LH244,12.730495
NEH2_2022,GEMN-0225_PHJ89_0022/LH244,12.749044
NEH2_2022,GEMN-0225_PHJ89_0026/LH244,12.740057
NEH2_2022,GEMN-0225_PHJ89_0032/LH244,12.75336
NEH2_2022,GEMN-0225_PHK76_0002/LH244,12.749988
NEH2_2022,GEMN-0225_PHK76_0003/LH244,12.742889
NEH2_2022,GEMN-0225_PHK76_0004/LH244,12.756773
NEH2_2022,GEMN-0225_PHK76_0005/LH244,12.753096
NEH2_2022,GEMN-0225_PHK76_0007/LH244,12.74758
NEH2_2022,GEMN-0225_PHK76_0008/LH244,12.738006
NEH2_2022,GEMN-0225_PHK76_0012/LH244,12.742876
NEH2_2022,GEMN-0225_PHK76_0013/LH244,12.737445
NEH2_2022,GEMN-0225_PHK76_0014/LH244,12.730396
NEH2_2022,GEMN-0225_PHK76_0018/LH244,12.737822
NEH2_2022,GEMN-0225_PHK76_0019/LH244,12.755142
NEH2_2022,GEMN-0225_PHK76_0021/LH244,12.746234
NEH2_2022,GEMN-0225_PHK76_0022/LH244,12.74972
NEH2_2022,GEMN-0225_PHK76_0028/LH244,12.757198
NEH2_2022,GEMN-0225_PHK76_0031/LH244,12.741858
NEH2_2022,GEMN-0225_PHN46_0001/LH244,12.743274
NEH2_2022,GEMN-0225_PHN46_0003/LH244,12.748499
NEH2_2022,GEMN-0225_PHN46_0005/LH244,12.733068
NEH2_2022,GEMN-0225_PHP02_0001/LH244,12.741158
NEH2_2022,GEMN-0225_PHP02_0002/LH244,12.742279
NEH2_2022,GEMN-0225_PHP02_0003/LH244,12.753478
NEH2_2022,GEMN-0225_PHP02_0005/LH244,12.747759
NEH2_2022,GEMN-0225_PHP02_0006/LH244,12.732392
NEH2_2022,GEMN-0225_PHP02_0008/LH244,12.750917
NEH2_2022,GEMN-0225_PHP02_0009/LH244,12.744135
NEH2_2022,GEMN-0225_PHP02_0010/LH244,12.737766
NEH2_2022,GEMN-0225_PHP02_0012/LH244,12.745941
NEH2_2022,GEMN-0225_PHP02_0013/LH244,12.748588
NEH2_2022,GEMN-0225_PHP02_0014/LH244,12.7358
NEH2_2022,GEMN-0225_PHP02_0015/LH244,12.730201
NEH2_2022,GEMN-0238/LH244,12.742107
NEH2_2022,GEMN-0271/LH244,12.748487
NEH2_2022,GEMN-0287/LH244,12.742435
NEH2_2022,LH195/PHZ51,12.552907
NEH2_2022,LH216/LH244,12.707141
NEH2_2022,LH244/PHK76,12.776194
NEH2_2022,LH244/PHZ51,12.676497
NEH2_2022,LH283/LH244,12.741297
NEH2_2022,LH287/LH244,12.760501
NEH2_2022,LH74/PHN82,12.624149
NEH2_2022,LH82/LH244,12.704188
NEH2_2022,M162W/LH244,12.744863
NEH2_2022,MBUB/LH244,12.751056
NEH2_2022,MM501D/LH244,12.746234
NEH2_2022,MO17_PHW30-008-(2N)-01/LH244,12.736751
NEH2_2022,MO17_PHW30-200-(2N)-02/LH244,12.757288
NEH2_2022,MO17_PHW30-309-(2N)-01/LH244,12.742513
NEH2_2022,MO44_LH145_0127/LH244,12.760633
NEH2_2022,MO44_LH145_0138/LH244,12.731418
NEH2_2022,MO44_PHG47_0072/LH244,12.742265
NEH2_2022,MO44_PHG47_0125/LH244,12.759739
NEH2_2022,MO44_PHW65_0025/LH244,12.78832
NEH2_2022,MO44_PHW65_0035/LH244,12.559237
NEH2_2022,MOG/LH244,12.659289
NEH2_2022,NC358/LH244,12.741556
NEH2_2022,NC528/LH244,12.74972
NEH2_2022,NKH8431/LH244,12.809407
NEH2_2022,OH43/LH244,12.74511
NEH2_2022,PH207/LH244,12.735106
NEH2_2022,PH24E/LH244,12.740158
NEH2_2022,PHAP9/LH244,12.73925
NEH2_2022,PHB47/LH244,12.771023
NEH2_2022,PHB47/PHN82,12.777877
NEH2_2022,PHB47/PHZ51,12.424552
NEH2_2022,PHG29/PHG47,12.153514
NEH2_2022,PHG47/LH244,12.724845
NEH2_2022,PHJ40/PHAJ0,11.170619
NEH2_2022,PHJ89/LH244,12.756779
NEH2_2022,PHJ90/LH244,12.756661
NEH2_2022,PHK56/LH244,12.836979
NEH2_2022,PHKE6/LH244,12.758944
NEH2_2022,PHN11/LH244,12.887735
NEH2_2022,PHN11_LH145_0005/LH244,12.750305
NEH2_2022,PHN11_LH145_0028/LH244,12.74736
NEH2_2022,PHN11_LH145_0085/LH244,12.747759
NEH2_2022,PHN11_OH43_0075/LH244,12.747383
NEH2_2022,PHN11_OH43_0088/LH244,12.743596
NEH2_2022,PHN11_PHG47_0251/LH244,12.665381
NEH2_2022,PHN11_PHG47_0287/LH244,12.742729
NEH2_2022,PHN11_PHW65_0312/LH244,12.99366
NEH2_2022,PHN11_PHW65_0323/LH244,12.994456
NEH2_2022,PHN11_PHW65_0359/LH244,12.679567
NEH2_2022,PHN46/LH244,12.757391
NEH2_2022,PHP02/LH244,12.730129
NEH2_2022,PHP55/LH244,12.744732
NEH2_2022,PHR03/LH244,12.743509
NEH2_2022,PHRE1/PHTD5,12.150609
NEH2_2022,PHW30/LH244,12.743967
NEH2_2022,PHW30_MO17-010-(2N)-01/LH244,12.74245
NEH2_2022,PHW30_MO17-032-(2N)-01/LH244,12.733343
NEH2_2022,PHW30_MO17-095-(2N)-01/LH244,12.73468
NEH2_2022,PHW30_MO17-129-(2N)-01/LH244,12.753919
NEH2_2022,PHW30_MO17-234-(2N)-02/LH244,12.752528
NEH2_2022,PHW52/PHM49,12.502666
NEH2_2022,PHW52/PHN82,12.809406
NEH2_2022,PHW65_MOG_0137/LH244,12.969323
NEH2_2022,PHW65_MOG_0176/LH244,12.698582
NEH2_2022,PHW65_MOG_0271/LH244,12.821589
NEH2_2022,TX714/TX779,12.402439
NEH2_2022,TX777/LH195,12.461735
NEH2_2022,TX779/LH195,12.507867
NEH2_2022,TX951/LH195,12.422044
NEH2_2022,W10001_0003/LH244,12.741505
NEH2_2022,W10001_0007/LH244,12.742456
NEH2_2022,W10001_0009/LH244,12.729117
NEH2_2022,W10001_0012/LH244,12.744234
NEH2_2022,W10001_0014/LH244,12.755981
NEH2_2022,W10001_0016/LH244,12.735678
NEH2_2022,W10001_0017/LH244,12.733808
NEH2_2022,W10001_0019/LH244,12.741678
NEH2_2022,W10001_0021/LH244,12.747229
NEH2_2022,W10001_0022/LH244,12.531928
NEH2_2022,W10001_0023/LH244,12.736631
NEH2_2022,W10001_0031/LH244,12.749213
NEH2_2022,W10001_0040/LH244,12.735247
NEH2_2022,W10001_0047/LH244,12.740101
NEH2_2022,W10005_0029/LH244,12.750405
NEH2_2022,W10005_0107/LH244,12.669658
NEH2_2022,W10005_0111/LH244,12.738449
NEH2_2022,W10005_0147/LH244,12.719101
NEH2_2022,W10005_0220/LH244,12.73119
NEH2_2022,W10010_0084/LH244,12.731528
NEH2_2022,W10010_0093/LH244,12.740589
NEH2_2022,W10010_0118/LH244,12.761353
NEH2_2022,W10010_0124/LH244,12.749359
NEH2_2022,W10010_0148/LH244,12.754315
NEH2_2022,W10010_0170/LH244,12.740833
NEH2_2022,W10010_0189/LH244,12.743301
NEH2_2022,W10010_0279/LH244,12.746345
NEH2_2022,W10010_0294/LH244,12.741522
NEH2_2022,W10010_0311/LH244,12.734703
NEH2_2022,W10010_0337/LH244,12.750636
NEH2_2022,W10010_0346/LH244,12.750856
NEH2_2022,W10010_0358/LH244,12.751419
NEH3_2022,B14A/H95,12.139229
NEH3_2022,B14A/MO17,12.158782
NEH3_2022,B14A/OH43,12.220903
NEH3_2022,B37/H95,12.182865
NEH3_2022,B37/MO17,12.220903
NEH3_2022,B37/OH43,12.21257
NEH3_2022,B73/MO17,12.635946
NEH3_2022,B73/PHM49,12.60312
NEH3_2022,B73/PHN82,12.697326
NEH3_2022,B73/TX779,12.169309
NEH3_2022,B97/LH244,12.615452
NEH3_2022,BGEM-0039-N/LH244,12.415649
NEH3_2022,BGEM-0063-N/LH244,12.69747
NEH3_2022,BGEM-0089-N/LH244,12.463482
NEH3_2022,BGEM-0124-N/LH244,12.458672
NEH3_2022,BGEM-0129-N/LH244,10.653271
NEH3_2022,CG119/CG108,6.709444
NEH3_2022,CG44/CGR01,12.132874
NEH3_2022,DK3IIH6/LH244,12.906635
NEH3_2022,DK78010/LH244,12.685592
NEH3_2022,F42/H95,12.394157
NEH3_2022,F42/MO17,12.57765
NEH3_2022,F42/OH43,12.389379
NEH3_2022,GEMN-0096/LH244,12.680118
NEH3_2022,GEMN-0096_LH212HT_0001/LH244,12.668559
NEH3_2022,GEMN-0096_LH212HT_0004/LH244,12.67654
NEH3_2022,GEMN-0096_LH212HT_0005/LH244,12.692615
NEH3_2022,GEMN-0096_LH212HT_0006/LH244,12.667141
NEH3_2022,GEMN-0096_LH212HT_0009/LH244,12.669529
NEH3_2022,GEMN-0096_LH212HT_0012/LH244,12.666448
NEH3_2022,GEMN-0096_LH212HT_0017/LH244,12.685614
NEH3_2022,GEMN-0096_PHJ89_0001/LH244,12.669612
NEH3_2022,GEMN-0096_PHJ89_0002/LH244,12.681853
NEH3_2022,GEMN-0096_PHJ89_0006/LH244,12.674211
NEH3_2022,GEMN-0096_PHJ89_0007/LH244,12.673778
NEH3_2022,GEMN-0096_PHJ89_0009/LH244,12.666685
NEH3_2022,GEMN-0096_PHJ89_0010/LH244,12.680882
NEH3_2022,GEMN-0096_PHJ89_0011/LH244,12.671582
NEH3_2022,GEMN-0096_PHJ89_0012/LH244,12.678686
NEH3_2022,GEMN-0096_PHJ89_0013/LH244,12.685299
NEH3_2022,GEMN-0096_PHJ89_0014/LH244,12.685525
NEH3_2022,GEMN-0096_PHJ89_0016/LH244,12.664854
NEH3_2022,GEMN-0096_PHK76_0001/LH244,12.676943
NEH3_2022,GEMN-0096_PHK76_0002/LH244,12.667476
NEH3_2022,GEMN-0096_PHK76_0003/LH244,12.674699
NEH3_2022,GEMN-0096_PHK76_0004/LH244,12.687838
NEH3_2022,GEMN-0096_PHK76_0006/LH244,12.691194
NEH3_2022,GEMN-0096_PHK76_0007/LH244,12.670968
NEH3_2022,GEMN-0096_PHK76_0013/LH244,12.666159
NEH3_2022,GEMN-0096_PHK76_0016/LH244,12.669325
NEH3_2022,GEMN-0096_PHN46_0001/LH244,12.674142
NEH3_2022,GEMN-0096_PHN46_0002/LH244,12.659311
NEH3_2022,GEMN-0096_PHN46_0003/LH244,12.666984
NEH3_2022,GEMN-0096_PHN46_0004/LH244,12.666095
NEH3_2022,GEMN-0096_PHN46_0005/LH244,12.674763
NEH3_2022,GEMN-0096_PHN46_0007/LH244,12.668699
NEH3_2022,GEMN-0096_PHN46_0010/LH244,12.671185
NEH3_2022,GEMN-0096_PHN46_0012/LH244,12.690226
NEH3_2022,GEMN-0096_PHN46_0013/LH244,12.660698
NEH3_2022,GEMN-0096_PHN46_0014/LH244,12.669624
NEH3_2022,GEMN-0096_PHN46_0020/LH244,12.666388
NEH3_2022,GEMN-0096_PHP02_0001/LH244,12.676788
NEH3_2022,GEMN-0096_PHP02_0003/LH244,12.68297
NEH3_2022,GEMN-0096_PHP02_0005/LH244,12.682199
NEH3_2022,GEMN-0096_PHP02_0006/LH244,12.673953
NEH3_2022,GEMN-0096_PHP02_0011/LH244,12.675849
NEH3_2022,GEMN-0096_PHP02_0012/LH244,12.673371
NEH3_2022,GEMN-0096_PHP02_0016/LH244,12.670513
NEH3_2022,GEMN-0096_PHP02_0025/LH244,12.690025
NEH3_2022,GEMN-0096_PHP02_0030/LH244,12.67655
NEH3_2022,GEMN-0097/LH244,12.677004
NEH3_2022,GEMN-0097_LH212HT_0004/LH244,12.669015
NEH3_2022,GEMN-0097_LH212HT_0019/LH244,12.678247
NEH3_2022,GEMN-0097_LH212HT_0020/LH244,12.685682
NEH3_2022,GEMN-0097_LH212HT_0026/LH244,12.679682
NEH3_2022,GEMN-0097_LH212HT_0047/LH244,12.682537
NEH3_2022,GEMN-0097_LH212HT_0054/LH244,12.667325
NEH3_2022,GEMN-0097_LH212HT_0058/LH244,12.674692
NEH3_2022,GEMN-0097_LH212HT_0062/LH244,12.680514
NEH3_2022,GEMN-0097_LH212HT_0069/LH244,12.672819
NEH3_2022,GEMN-0097_LH212HT_0085/LH244,12.669325
NEH3_2022,GEMN-0097_PHJ89_0001/LH244,12.668567
NEH3_2022,GEMN-0097_PHJ89_0002/LH244,12.676522
NEH3_2022,GEMN-0097_PHJ89_0005/LH244,12.666388
NEH3_2022,GEMN-0097_PHJ89_0006/LH244,12.672365
NEH3_2022,GEMN-0097_PHJ89_0007/LH244,12.677284
NEH3_2022,GEMN-0097_PHJ89_0008/LH244,12.680613
NEH3_2022,GEMN-0097_PHJ89_0010/LH244,12.688047
NEH3_2022,GEMN-0097_PHJ89_0011/LH244,12.673414
NEH3_2022,GEMN-0097_PHJ89_0012/LH244,12.686434
NEH3_2022,GEMN-0097_PHJ89_0013/LH244,12.679144
NEH3_2022,GEMN-0097_PHJ89_0016/LH244,12.687069
NEH3_2022,GEMN-0097_PHJ89_0020/LH244,12.674091
NEH3_2022,GEMN-0097_PHJ89_0025/LH244,12.666174
NEH3_2022,GEMN-0097_PHJ89_0026/LH244,12.683138
NEH3_2022,GEMN-0097_PHJ89_0027/LH244,12.666725
NEH3_2022,GEMN-0097_PHJ89_0028/LH244,12.677265
NEH3_2022,GEMN-0097_PHJ89_0029/LH244,12.678793
NEH3_2022,GEMN-0097_PHJ89_0036/LH244,12.667891
NEH3_2022,GEMN-0097_PHJ89_0039/LH244,12.668451
NEH3_2022,GEMN-0097_PHK76_0003/LH244,12.679598
NEH3_2022,GEMN-0097_PHK76_0007/LH244,12.670494
NEH3_2022,GEMN-0097_PHK76_0009/LH244,12.679205
NEH3_2022,GEMN-0097_PHK76_0011/LH244,12.676751
NEH3_2022,GEMN-0097_PHK76_0014/LH244,12.679098
NEH3_2022,GEMN-0097_PHK76_0015/LH244,12.678768
NEH3_2022,GEMN-0097_PHK76_0018/LH244,12.668489
NEH3_2022,GEMN-0097_PHK76_0021/LH244,12.667767
NEH3_2022,GEMN-0097_PHK76_0037/LH244,12.689615
NEH3_2022,GEMN-0097_PHK76_0038/LH244,12.674523
NEH3_2022,GEMN-0097_PHK76_0039/LH244,12.687574
NEH3_2022,GEMN-0097_PHK76_0041/LH244,12.673571
NEH3_2022,GEMN-0097_PHK76_0048/LH244,12.687321
NEH3_2022,GEMN-0097_PHK76_0053/LH244,12.685558
NEH3_2022,GEMN-0097_PHK76_0055/LH244,12.677719
NEH3_2022,GEMN-0097_PHK76_0060/LH244,12.67725
NEH3_2022,GEMN-0097_PHN46_0001/LH244,12.666886
NEH3_2022,GEMN-0097_PHN46_0003/LH244,12.681808
NEH3_2022,GEMN-0097_PHN46_0004/LH244,12.680269
NEH3_2022,GEMN-0097_PHN46_0005/LH244,12.68291
NEH3_2022,GEMN-0097_PHN46_0008/LH244,12.691074
NEH3_2022,GEMN-0097_PHN46_0011/LH244,12.658157
NEH3_2022,GEMN-0097_PHN46_0014/LH244,12.670935
NEH3_2022,GEMN-0097_PHN46_0018/LH244,12.675218
NEH3_2022,GEMN-0097_PHP02_0003/LH244,12.673722
NEH3_2022,GEMN-0097_PHP02_0005/LH244,12.669576
NEH3_2022,GEMN-0097_PHP02_0006/LH244,12.669197
NEH3_2022,GEMN-0097_PHP02_0007/LH244,12.681776
NEH3_2022,GEMN-0098/LH244,12.678503
NEH3_2022,GEMN-0124/LH244,12.671171
NEH3_2022,GEMN-0144/LH244,12.674328
NEH3_2022,GEMN-0157/LH244,12.673448
NEH3_2022,GEMN-0177/LH244,12.681929
NEH3_2022,GEMN-0178/LH244,12.685465
NEH3_2022,GEMN-0187/LH244,12.681531
NEH3_2022,GEMN-0192/LH244,12.674126
NEH3_2022,GEMN-0192_LH212HT_0001/LH244,12.674776
NEH3_2022,GEMN-0192_LH212HT_0006/LH244,12.695346
NEH3_2022,GEMN-0192_LH212HT_0010/LH244,12.675531
NEH3_2022,GEMN-0192_LH212HT_0011/LH244,12.684526
NEH3_2022,GEMN-0192_LH212HT_0012/LH244,12.676949
NEH3_2022,GEMN-0192_LH212HT_0013/LH244,12.665684
NEH3_2022,GEMN-0192_LH212HT_0014/LH244,12.668896
NEH3_2022,GEMN-0192_LH212HT_0018/LH244,12.678782
NEH3_2022,GEMN-0192_LH212HT_0021/LH244,12.671234
NEH3_2022,GEMN-0192_LH212HT_0023/LH244,12.664727
NEH3_2022,GEMN-0192_PHJ89_0001/LH244,12.678902
NEH3_2022,GEMN-0192_PHJ89_0002/LH244,12.668779
NEH3_2022,GEMN-0192_PHK76_0002/LH244,12.689523
NEH3_2022,GEMN-0192_PHK76_0004/LH244,12.681699
NEH3_2022,GEMN-0192_PHK76_0005/LH244,12.675407
NEH3_2022,GEMN-0192_PHK76_0006/LH244,12.669926
NEH3_2022,GEMN-0192_PHK76_0007/LH244,12.688555
NEH3_2022,GEMN-0192_PHK76_0008/LH244,12.678258
NEH3_2022,GEMN-0192_PHK76_0009/LH244,12.678146
NEH3_2022,GEMN-0192_PHK76_0010/LH244,12.664806
NEH3_2022,GEMN-0192_PHK76_0011/LH244,12.679161
NEH3_2022,GEMN-0192_PHK76_0012/LH244,12.672056
NEH3_2022,GEMN-0192_PHK76_0013/LH244,12.686371
NEH3_2022,GEMN-0192_PHK76_0014/LH244,12.691294
NEH3_2022,GEMN-0192_PHK76_0015/LH244,12.684753
NEH3_2022,GEMN-0192_PHK76_0016/LH244,12.678119
NEH3_2022,GEMN-0192_PHK76_0019/LH244,12.678259
NEH3_2022,GEMN-0192_PHK76_0021/LH244,12.675821
NEH3_2022,GEMN-0192_PHK76_0028/LH244,12.686782
NEH3_2022,GEMN-0192_PHK76_0030/LH244,12.679747
NEH3_2022,GEMN-0192_PHK76_0032/LH244,12.680101
NEH3_2022,GEMN-0192_PHK76_0033/LH244,12.672169
NEH3_2022,GEMN-0192_PHK76_0036/LH244,12.680308
NEH3_2022,GEMN-0192_PHK76_0044/LH244,12.666783
NEH3_2022,GEMN-0192_PHK76_0045/LH244,12.675415
NEH3_2022,GEMN-0192_PHN46_0002/LH244,12.690924
NEH3_2022,GEMN-0192_PHN46_0003/LH244,12.676406
NEH3_2022,GEMN-0192_PHN46_0004/LH244,12.673979
NEH3_2022,GEMN-0192_PHN46_0005/LH244,12.682474
NEH3_2022,GEMN-0192_PHN46_0006/LH244,12.666414
NEH3_2022,GEMN-0192_PHN46_0008/LH244,12.68056
NEH3_2022,GEMN-0192_PHN46_0009/LH244,12.678641
NEH3_2022,GEMN-0192_PHN46_0010/LH244,12.687561
NEH3_2022,GEMN-0192_PHN46_0011/LH244,12.680384
NEH3_2022,GEMN-0192_PHN46_0012/LH244,12.662244
NEH3_2022,GEMN-0192_PHN46_0014/LH244,12.658511
NEH3_2022,GEMN-0192_PHN46_0015/LH244,12.684647
NEH3_2022,GEMN-0192_PHN46_0025/LH244,12.685556
NEH3_2022,GEMN-0192_PHP02_0001/LH244,12.685491
NEH3_2022,GEMN-0192_PHP02_0003/LH244,12.669186
NEH3_2022,GEMN-0225/LH244,12.673989
NEH3_2022,GEMN-0225_LH212HT_0005/LH244,12.681461
NEH3_2022,GEMN-0225_LH212HT_0006/LH244,12.66777
NEH3_2022,GEMN-0225_LH212HT_0008/LH244,12.664471
NEH3_2022,GEMN-0225_LH212HT_0015/LH244,12.687216
NEH3_2022,GEMN-0225_LH212HT_0024/LH244,12.67438
NEH3_2022,GEMN-0225_LH212HT_0029/LH244,12.689585
NEH3_2022,GEMN-0225_LH212HT_0036/LH244,12.678699
NEH3_2022,GEMN-0225_LH212HT_0043/LH244,12.680492
NEH3_2022,GEMN-0225_PHJ89_0001/LH244,12.672965
NEH3_2022,GEMN-0225_PHJ89_0002/LH244,12.686808
NEH3_2022,GEMN-0225_PHJ89_0003/LH244,12.665827
NEH3_2022,GEMN-0225_PHJ89_0004/LH244,12.677589
NEH3_2022,GEMN-0225_PHJ89_0005/LH244,12.672322
NEH3_2022,GEMN-0225_PHJ89_0006/LH244,12.662169
NEH3_2022,GEMN-0225_PHJ89_0008/LH244,12.685646
NEH3_2022,GEMN-0225_PHJ89_0009/LH244,12.675482
NEH3_2022,GEMN-0225_PHJ89_0013/LH244,12.678095
NEH3_2022,GEMN-0225_PHJ89_0015/LH244,12.693811
NEH3_2022,GEMN-0225_PHJ89_0016/LH244,12.685787
NEH3_2022,GEMN-0225_PHJ89_0017/LH244,12.675086
NEH3_2022,GEMN-0225_PHJ89_0020/LH244,12.670625
NEH3_2022,GEMN-0225_PHJ89_0021/LH244,12.664117
NEH3_2022,GEMN-0225_PHJ89_0022/LH244,12.682667
NEH3_2022,GEMN-0225_PHJ89_0026/LH244,12.673678
NEH3_2022,GEMN-0225_PHJ89_0032/LH244,12.686982
NEH3_2022,GEMN-0225_PHK76_0002/LH244,12.68361
NEH3_2022,GEMN-0225_PHK76_0003/LH244,12.676512
NEH3_2022,GEMN-0225_PHK76_0004/LH244,12.690395
NEH3_2022,GEMN-0225_PHK76_0005/LH244,12.686718
NEH3_2022,GEMN-0225_PHK76_0007/LH244,12.681202
NEH3_2022,GEMN-0225_PHK76_0008/LH244,12.671629
NEH3_2022,GEMN-0225_PHK76_0012/LH244,12.676498
NEH3_2022,GEMN-0225_PHK76_0013/LH244,12.671067
NEH3_2022,GEMN-0225_PHK76_0014/LH244,12.66402
NEH3_2022,GEMN-0225_PHK76_0018/LH244,12.671444
NEH3_2022,GEMN-0225_PHK76_0019/LH244,12.688765
NEH3_2022,GEMN-0225_PHK76_0021/LH244,12.679855
NEH3_2022,GEMN-0225_PHK76_0022/LH244,12.683343
NEH3_2022,GEMN-0225_PHK76_0028/LH244,12.690821
NEH3_2022,GEMN-0225_PHK76_0031/LH244,12.675481
NEH3_2022,GEMN-0225_PHN46_0001/LH244,12.676896
NEH3_2022,GEMN-0225_PHN46_0003/LH244,12.682121
NEH3_2022,GEMN-0225_PHN46_0005/LH244,12.66669
NEH3_2022,GEMN-0225_PHN46_0006/LH244,12.687367
NEH3_2022,GEMN-0225_PHN46_0021/LH244,12.673676
NEH3_2022,GEMN-0225_PHP02_0001/LH244,12.67478
NEH3_2022,GEMN-0225_PHP02_0003/LH244,12.6871
NEH3_2022,GEMN-0225_PHP02_0005/LH244,12.681382
NEH3_2022,GEMN-0225_PHP02_0006/LH244,12.666015
NEH3_2022,GEMN-0225_PHP02_0008/LH244,12.68454
NEH3_2022,GEMN-0225_PHP02_0009/LH244,12.677757
NEH3_2022,GEMN-0225_PHP02_0010/LH244,12.671389
NEH3_2022,GEMN-0225_PHP02_0012/LH244,12.679564
NEH3_2022,GEMN-0225_PHP02_0013/LH244,12.68221
NEH3_2022,GEMN-0225_PHP02_0014/LH244,12.669422
NEH3_2022,GEMN-0225_PHP02_0015/LH244,12.663824
NEH3_2022,GEMN-0225_PHP02_0017/LH244,12.682878
NEH3_2022,GEMN-0238/LH244,12.675731
NEH3_2022,GEMN-0271/LH244,12.68211
NEH3_2022,GEMN-0287/LH244,12.676058
NEH3_2022,LH195/PHZ51,12.472572
NEH3_2022,LH216/LH244,12.640763
NEH3_2022,LH244/PHK76,12.709816
NEH3_2022,LH244/PHZ51,12.606095
NEH3_2022,LH283/LH244,12.674919
NEH3_2022,LH287/LH244,12.694123
NEH3_2022,LH74/PHN82,12.543815
NEH3_2022,LH82/LH244,12.637811
NEH3_2022,M162W/LH244,12.678486
NEH3_2022,MBUB/LH244,12.684679
NEH3_2022,MM501D/LH244,12.679856
NEH3_2022,MO17_PHW30-008-(2N)-01/LH244,12.670373
NEH3_2022,MO17_PHW30-200-(2N)-02/LH244,12.69091
NEH3_2022,MO17_PHW30-309-(2N)-01/LH244,12.676136
NEH3_2022,MO44_LH145_0127/LH244,12.694256
NEH3_2022,MO44_LH145_0138/LH244,12.665041
NEH3_2022,MO44_PHG47_0072/LH244,12.675887
NEH3_2022,MO44_PHG47_0125/LH244,12.693361
NEH3_2022,MO44_PHW65_0025/LH244,12.721942
NEH3_2022,MO44_PHW65_0035/LH244,12.478902
NEH3_2022,MOG/LH244,12.58527
NEH3_2022,NKH8431/LH244,12.74303
NEH3_2022,OH43/LH244,12.678732
NEH3_2022,PH207/LH244,12.668729
NEH3_2022,PH24E/LH244,12.673781
NEH3_2022,PHAP9/LH244,12.672873
NEH3_2022,PHB47/LH244,12.704645
NEH3_2022,PHB47/PHN82,12.7115
NEH3_2022,PHB47/PHZ51,12.344217
NEH3_2022,PHG29/PHG47,12.026642
NEH3_2022,PHG47/LH244,12.658467
NEH3_2022,PHJ40/PHAJ0,10.943401
NEH3_2022,PHJ89/LH244,12.690401
NEH3_2022,PHJ90/LH244,12.690283
NEH3_2022,PHK56/LH244,12.770601
NEH3_2022,PHKE6/LH244,12.692566
NEH3_2022,PHN11/LH244,12.821358
NEH3_2022,PHN11_LH145_0005/LH244,12.683928
NEH3_2022,PHN11_LH145_0028/LH244,12.680983
NEH3_2022,PHN11_LH145_0085/LH244,12.681381
NEH3_2022,PHN11_OH43_0075/LH244,12.681005
NEH3_2022,PHN11_OH43_0088/LH244,12.677219
NEH3_2022,PHN11_PHG47_0251/LH244,12.592643
NEH3_2022,PHN11_PHG47_0287/LH244,12.676352
NEH3_2022,PHN11_PHW65_0312/LH244,12.927282
NEH3_2022,PHN11_PHW65_0323/LH244,12.928079
NEH3_2022,PHN11_PHW65_0359/LH244,12.609812
NEH3_2022,PHN46/LH244,12.691013
NEH3_2022,PHP02/LH244,12.663752
NEH3_2022,PHP55/LH244,12.678354
NEH3_2022,PHR03/LH244,12.677132
NEH3_2022,PHRE1/PHTD5,12.023032
NEH3_2022,PHW30/LH244,12.677589
NEH3_2022,PHW30_MO17-010-(2N)-01/LH244,12.676072
NEH3_2022,PHW30_MO17-032-(2N)-01/LH244,12.666965
NEH3_2022,PHW30_MO17-095-(2N)-01/LH244,12.668303
NEH3_2022,PHW30_MO17-129-(2N)-01/LH244,12.687541
NEH3_2022,PHW30_MO17-178-(2N)-01/LH244,12.686655
NEH3_2022,PHW30_MO17-234-(2N)-02/LH244,12.686151
NEH3_2022,PHW52/PHM49,12.422331
NEH3_2022,PHW52/PHN82,12.743028
NEH3_2022,PHW65_MOG_0137/LH244,12.902946
NEH3_2022,PHW65_MOG_0176/LH244,12.632204
NEH3_2022,PHW65_MOG_0271/LH244,12.755211
NEH3_2022,TX714/TX779,12.322104
NEH3_2022,TX777/LH195,12.381401
NEH3_2022,TX779/LH195,12.427532
NEH3_2022,TX951/LH195,12.341709
NEH3_2022,W10001_0003/LH244,12.675127
NEH3_2022,W10001_0007/LH244,12.67608
NEH3_2022,W10001_0009/LH244,12.662741
NEH3_2022,W10001_0012/LH244,12.677856
NEH3_2022,W10001_0013/LH244,12.677486
NEH3_2022,W10001_0014/LH244,12.689604
NEH3_2022,W10001_0017/LH244,12.66743
NEH3_2022,W10001_0019/LH244,12.675301
NEH3_2022,W10001_0021/LH244,12.680851
NEH3_2022,W10001_0022/LH244,12.451593
NEH3_2022,W10001_0023/LH244,12.670254
NEH3_2022,W10001_0031/LH244,12.682836
NEH3_2022,W10001_0040/LH244,12.668869
NEH3_2022,W10001_0047/LH244,12.673724
NEH3_2022,W10005_0029/LH244,12.684029
NEH3_2022,W10005_0107/LH244,12.597819
NEH3_2022,W10005_0111/LH244,12.672071
NEH3_2022,W10005_0147/LH244,12.652723
NEH3_2022,W10005_0220/LH244,12.664812
NEH3_2022,W10010_0084/LH244,12.665151
NEH3_2022,W10010_0093/LH244,12.674212
NEH3_2022,W10010_0118/LH244,12.694976
NEH3_2022,W10010_0124/LH244,12.682982
NEH3_2022,W10010_0148/LH244,12.687938
NEH3_2022,W10010_0170/LH244,12.674456
NEH3_2022,W10010_0189/LH244,12.676924
NEH3_2022,W10010_0279/LH244,12.679967
NEH3_2022,W10010_0294/LH244,12.675144
NEH3_2022,W10010_0311/LH244,12.668326
NEH3_2022,W10010_0337/LH244,12.684259
NEH3_2022,W10010_0346/LH244,12.684479
NEH3_2022,W10010_0358/LH244,12.685041
NYH2_2022,B14A/OH43,8.817577
NYH2_2022,B37/H95,8.737318
NYH2_2022,B73/MO17,9.964797
NYH2_2022,B73/PHK76,9.811874
NYH2_2022,B73/PHN82,10.174901
NYH2_2022,B73/PHZ51,9.495679
NYH2_2022,B73/TX779,8.709515
NYH2_2022,B97/LH244,9.902847
NYH2_2022,BGEM-0039-N/LH244,9.337734
NYH2_2022,BGEM-0063-N/LH244,10.175396
NYH2_2022,BGEM-0089-N/LH244,9.473021
NYH2_2022,BGEM-0124-N/LH244,9.459417
NYH2_2022,BGEM-0129-N/LH244,6.982387
NYH2_2022,CG119/CG108,5.977673
NYH2_2022,CG44/CGR01,8.642442
NYH2_2022,DK3IIH6/LH244,10.89139
NYH2_2022,DK78010/LH244,10.134737
NYH2_2022,GEMN-0096/LH244,10.115999
NYH2_2022,GEMN-0096_LH212HT_0001/LH244,10.076432
NYH2_2022,GEMN-0096_LH212HT_0002/LH244,10.111748
NYH2_2022,GEMN-0096_LH212HT_0004/LH244,10.103753
NYH2_2022,GEMN-0096_LH212HT_0005/LH244,10.158776
NYH2_2022,GEMN-0096_LH212HT_0006/LH244,10.07158
NYH2_2022,GEMN-0096_LH212HT_0009/LH244,10.079754
NYH2_2022,GEMN-0096_LH212HT_0010/LH244,10.136775
NYH2_2022,GEMN-0096_LH212HT_0012/LH244,10.069206
NYH2_2022,GEMN-0096_LH212HT_0013/LH244,10.131238
NYH2_2022,GEMN-0096_LH212HT_0017/LH244,10.134812
NYH2_2022,GEMN-0096_LH212HT_0020/LH244,10.105029
NYH2_2022,GEMN-0096_LH212HT_0021/LH244,10.11231
NYH2_2022,GEMN-0096_PHJ89_0001/LH244,10.080035
NYH2_2022,GEMN-0096_PHJ89_0002/LH244,10.121941
NYH2_2022,GEMN-0096_PHJ89_0006/LH244,10.095779
NYH2_2022,GEMN-0096_PHJ89_0007/LH244,10.094296
NYH2_2022,GEMN-0096_PHJ89_0009/LH244,10.070018
NYH2_2022,GEMN-0096_PHJ89_0010/LH244,10.118614
NYH2_2022,GEMN-0096_PHJ89_0011/LH244,10.086782
NYH2_2022,GEMN-0096_PHJ89_0012/LH244,10.111099
NYH2_2022,GEMN-0096_PHJ89_0013/LH244,10.133734
NYH2_2022,GEMN-0096_PHJ89_0014/LH244,10.134506
NYH2_2022,GEMN-0096_PHJ89_0016/LH244,10.063751
NYH2_2022,GEMN-0096_PHJ89_0017/LH244,10.152658
NYH2_2022,GEMN-0096_PHK76_0001/LH244,10.105129
NYH2_2022,GEMN-0096_PHK76_0002/LH244,10.072723
NYH2_2022,GEMN-0096_PHK76_0003/LH244,10.097448
NYH2_2022,GEMN-0096_PHK76_0004/LH244,10.142424
NYH2_2022,GEMN-0096_PHK76_0006/LH244,10.153912
NYH2_2022,GEMN-0096_PHK76_0007/LH244,10.084678
NYH2_2022,GEMN-0096_PHK76_0008/LH244,10.097838
NYH2_2022,GEMN-0096_PHK76_0009/LH244,10.087334
NYH2_2022,GEMN-0096_PHK76_0010/LH244,10.099113
NYH2_2022,GEMN-0096_PHK76_0013/LH244,10.068217
NYH2_2022,GEMN-0096_PHK76_0015/LH244,10.063416
NYH2_2022,GEMN-0096_PHK76_0016/LH244,10.079054
NYH2_2022,GEMN-0096_PHN46_0001/LH244,10.095542
NYH2_2022,GEMN-0096_PHN46_0002/LH244,10.044777
NYH2_2022,GEMN-0096_PHN46_0003/LH244,10.071038
NYH2_2022,GEMN-0096_PHN46_0004/LH244,10.067996
NYH2_2022,GEMN-0096_PHN46_0005/LH244,10.097668
NYH2_2022,GEMN-0096_PHN46_0007/LH244,10.076913
NYH2_2022,GEMN-0096_PHN46_0009/LH244,10.047156
NYH2_2022,GEMN-0096_PHN46_0010/LH244,10.085424
NYH2_2022,GEMN-0096_PHN46_0011/LH244,10.148277
NYH2_2022,GEMN-0096_PHN46_0012/LH244,10.150599
NYH2_2022,GEMN-0096_PHN46_0013/LH244,10.049526
NYH2_2022,GEMN-0096_PHN46_0014/LH244,10.080082
NYH2_2022,GEMN-0096_PHN46_0018/LH244,10.079135
NYH2_2022,GEMN-0096_PHN46_0020/LH244,10.068999
NYH2_2022,GEMN-0096_PHN46_0023/LH244,10.080705
NYH2_2022,GEMN-0096_PHP02_0001/LH244,10.104602
NYH2_2022,GEMN-0096_PHP02_0003/LH244,10.125762
NYH2_2022,GEMN-0096_PHP02_0004/LH244,10.098406
NYH2_2022,GEMN-0096_PHP02_0005/LH244,10.123121
NYH2_2022,GEMN-0096_PHP02_0006/LH244,10.094898
NYH2_2022,GEMN-0096_PHP02_0007/LH244,10.060375
NYH2_2022,GEMN-0096_PHP02_0009/LH244,10.12613
NYH2_2022,GEMN-0096_PHP02_0011/LH244,10.101387
NYH2_2022,GEMN-0096_PHP02_0012/LH244,10.092905
NYH2_2022,GEMN-0096_PHP02_0015/LH244,10.110575
NYH2_2022,GEMN-0096_PHP02_0016/LH244,10.083122
NYH2_2022,GEMN-0096_PHP02_0017/LH244,10.121527
NYH2_2022,GEMN-0096_PHP02_0025/LH244,10.149913
NYH2_2022,GEMN-0096_PHP02_0030/LH244,10.103787
NYH2_2022,GEMN-0097/LH244,10.105342
NYH2_2022,GEMN-0097_LH212HT_0002/LH244,10.151451
NYH2_2022,GEMN-0097_LH212HT_0004/LH244,10.077991
NYH2_2022,GEMN-0097_LH212HT_0018/LH244,10.101851
NYH2_2022,GEMN-0097_LH212HT_0019/LH244,10.109597
NYH2_2022,GEMN-0097_LH212HT_0020/LH244,10.135047
NYH2_2022,GEMN-0097_LH212HT_0023/LH244,10.139218
NYH2_2022,GEMN-0097_LH212HT_0026/LH244,10.114506
NYH2_2022,GEMN-0097_LH212HT_0032/LH244,10.140823
NYH2_2022,GEMN-0097_LH212HT_0039/LH244,10.098958
NYH2_2022,GEMN-0097_LH212HT_0047/LH244,10.124279
NYH2_2022,GEMN-0097_LH212HT_0051/LH244,10.085306
NYH2_2022,GEMN-0097_LH212HT_0054/LH244,10.07221
NYH2_2022,GEMN-0097_LH212HT_0058/LH244,10.097427
NYH2_2022,GEMN-0097_LH212HT_0061/LH244,10.071372
NYH2_2022,GEMN-0097_LH212HT_0062/LH244,10.117356
NYH2_2022,GEMN-0097_LH212HT_0069/LH244,10.091014
NYH2_2022,GEMN-0097_LH212HT_0074/LH244,10.089381
NYH2_2022,GEMN-0097_LH212HT_0078/LH244,10.105101
NYH2_2022,GEMN-0097_LH212HT_0085/LH244,10.079052
NYH2_2022,GEMN-0097_PHJ89_0001/LH244,10.076459
NYH2_2022,GEMN-0097_PHJ89_0002/LH244,10.103691
NYH2_2022,GEMN-0097_PHJ89_0003/LH244,10.112413
NYH2_2022,GEMN-0097_PHJ89_0005/LH244,10.068996
NYH2_2022,GEMN-0097_PHJ89_0006/LH244,10.089464
NYH2_2022,GEMN-0097_PHJ89_0007/LH244,10.106301
NYH2_2022,GEMN-0097_PHJ89_0008/LH244,10.117693
NYH2_2022,GEMN-0097_PHJ89_0010/LH244,10.143141
NYH2_2022,GEMN-0097_PHJ89_0011/LH244,10.093052
NYH2_2022,GEMN-0097_PHJ89_0012/LH244,10.137621
NYH2_2022,GEMN-0097_PHJ89_0013/LH244,10.112667
NYH2_2022,GEMN-0097_PHJ89_0016/LH244,10.139793
NYH2_2022,GEMN-0097_PHJ89_0020/LH244,10.095369
NYH2_2022,GEMN-0097_PHJ89_0025/LH244,10.068267
NYH2_2022,GEMN-0097_PHJ89_0026/LH244,10.126335
NYH2_2022,GEMN-0097_PHJ89_0027/LH244,10.070156
NYH2_2022,GEMN-0097_PHJ89_0028/LH244,10.106234
NYH2_2022,GEMN-0097_PHJ89_0029/LH244,10.111465
NYH2_2022,GEMN-0097_PHJ89_0033/LH244,10.110234
NYH2_2022,GEMN-0097_PHJ89_0036/LH244,10.074143
NYH2_2022,GEMN-0097_PHJ89_0039/LH244,10.076063
NYH2_2022,GEMN-0097_PHK76_0002/LH244,10.12339
NYH2_2022,GEMN-0097_PHK76_0003/LH244,10.114221
NYH2_2022,GEMN-0097_PHK76_0007/LH244,10.083057
NYH2_2022,GEMN-0097_PHK76_0009/LH244,10.112877
NYH2_2022,GEMN-0097_PHK76_0011/LH244,10.104475
NYH2_2022,GEMN-0097_PHK76_0012/LH244,10.110136
NYH2_2022,GEMN-0097_PHK76_0014/LH244,10.112509
NYH2_2022,GEMN-0097_PHK76_0015/LH244,10.11138
NYH2_2022,GEMN-0097_PHK76_0018/LH244,10.076193
NYH2_2022,GEMN-0097_PHK76_0021/LH244,10.073719
NYH2_2022,GEMN-0097_PHK76_0036/LH244,10.13177
NYH2_2022,GEMN-0097_PHK76_0037/LH244,10.148509
NYH2_2022,GEMN-0097_PHK76_0038/LH244,10.096849
NYH2_2022,GEMN-0097_PHK76_0039/LH244,10.141521
NYH2_2022,GEMN-0097_PHK76_0041/LH244,10.093586
NYH2_2022,GEMN-0097_PHK76_0048/LH244,10.140656
NYH2_2022,GEMN-0097_PHK76_0053/LH244,10.134624
NYH2_2022,GEMN-0097_PHK76_0055/LH244,10.107788
NYH2_2022,GEMN-0097_PHK76_0060/LH244,10.106183
NYH2_2022,GEMN-0097_PHN46_0001/LH244,10.070705
NYH2_2022,GEMN-0097_PHN46_0003/LH244,10.121785
NYH2_2022,GEMN-0097_PHN46_0004/LH244,10.11652
NYH2_2022,GEMN-0097_PHN46_0005/LH244,10.125558
NYH2_2022,GEMN-0097_PHN46_0007/LH244,10.132257
NYH2_2022,GEMN-0097_PHN46_0008/LH244,10.153506
NYH2_2022,GEMN-0097_PHN46_0011/LH244,10.040827
NYH2_2022,GEMN-0097_PHN46_0013/LH244,10.095569
NYH2_2022,GEMN-0097_PHN46_0014/LH244,10.084562
NYH2_2022,GEMN-0097_PHN46_0016/LH244,10.108093
NYH2_2022,GEMN-0097_PHN46_0018/LH244,10.099224
NYH2_2022,GEMN-0097_PHP02_0001/LH244,10.052235
NYH2_2022,GEMN-0097_PHP02_0002/LH244,10.103741
NYH2_2022,GEMN-0097_PHP02_0003/LH244,10.094109
NYH2_2022,GEMN-0097_PHP02_0005/LH244,10.079913
NYH2_2022,GEMN-0097_PHP02_0006/LH244,10.078617
NYH2_2022,GEMN-0097_PHP02_0007/LH244,10.121675
NYH2_2022,GEMN-0098/LH244,10.110472
NYH2_2022,GEMN-0104/LH244,10.056188
NYH2_2022,GEMN-0124/LH244,10.085375
NYH2_2022,GEMN-0144/LH244,10.096182
NYH2_2022,GEMN-0157/LH244,10.093166
NYH2_2022,GEMN-0177/LH244,10.122197
NYH2_2022,GEMN-0178/LH244,10.134302
NYH2_2022,GEMN-0187/LH244,10.120838
NYH2_2022,GEMN-0192/LH244,10.095489
NYH2_2022,GEMN-0192_LH212HT_0001/LH244,10.097713
NYH2_2022,GEMN-0192_LH212HT_0006/LH244,10.168127
NYH2_2022,GEMN-0192_LH212HT_0008/LH244,10.154487
NYH2_2022,GEMN-0192_LH212HT_0010/LH244,10.1003
NYH2_2022,GEMN-0192_LH212HT_0011/LH244,10.131089
NYH2_2022,GEMN-0192_LH212HT_0012/LH244,10.105152
NYH2_2022,GEMN-0192_LH212HT_0013/LH244,10.066589
NYH2_2022,GEMN-0192_LH212HT_0014/LH244,10.077581
NYH2_2022,GEMN-0192_LH212HT_0015/LH244,10.08017
NYH2_2022,GEMN-0192_LH212HT_0016/LH244,10.105687
NYH2_2022,GEMN-0192_LH212HT_0018/LH244,10.111429
NYH2_2022,GEMN-0192_LH212HT_0021/LH244,10.085588
NYH2_2022,GEMN-0192_LH212HT_0023/LH244,10.063315
NYH2_2022,GEMN-0192_PHJ89_0001/LH244,10.111836
NYH2_2022,GEMN-0192_PHJ89_0002/LH244,10.077187
NYH2_2022,GEMN-0192_PHK76_0002/LH244,10.148195
NYH2_2022,GEMN-0192_PHK76_0004/LH244,10.121411
NYH2_2022,GEMN-0192_PHK76_0005/LH244,10.099874
NYH2_2022,GEMN-0192_PHK76_0006/LH244,10.08111
NYH2_2022,GEMN-0192_PHK76_0007/LH244,10.144878
NYH2_2022,GEMN-0192_PHK76_0008/LH244,10.109632
NYH2_2022,GEMN-0192_PHK76_0009/LH244,10.109251
NYH2_2022,GEMN-0192_PHK76_0010/LH244,10.063585
NYH2_2022,GEMN-0192_PHK76_0011/LH244,10.112724
NYH2_2022,GEMN-0192_PHK76_0012/LH244,10.088401
NYH2_2022,GEMN-0192_PHK76_0013/LH244,10.137402
NYH2_2022,GEMN-0192_PHK76_0014/LH244,10.154257
NYH2_2022,GEMN-0192_PHK76_0015/LH244,10.131869
NYH2_2022,GEMN-0192_PHK76_0016/LH244,10.109157
NYH2_2022,GEMN-0192_PHK76_0017/LH244,10.10869
NYH2_2022,GEMN-0192_PHK76_0019/LH244,10.109635
NYH2_2022,GEMN-0192_PHK76_0021/LH244,10.101291
NYH2_2022,GEMN-0192_PHK76_0025/LH244,10.0777
NYH2_2022,GEMN-0192_PHK76_0027/LH244,10.084038
NYH2_2022,GEMN-0192_PHK76_0028/LH244,10.13881
NYH2_2022,GEMN-0192_PHK76_0030/LH244,10.114731
NYH2_2022,GEMN-0192_PHK76_0032/LH244,10.115941
NYH2_2022,GEMN-0192_PHK76_0033/LH244,10.088788
NYH2_2022,GEMN-0192_PHK76_0035/LH244,10.088486
NYH2_2022,GEMN-0192_PHK76_0036/LH244,10.11665
NYH2_2022,GEMN-0192_PHK76_0041/LH244,10.10206
NYH2_2022,GEMN-0192_PHK76_0044/LH244,10.070353
NYH2_2022,GEMN-0192_PHK76_0045/LH244,10.0999
NYH2_2022,GEMN-0192_PHN46_0001/LH244,10.117741
NYH2_2022,GEMN-0192_PHN46_0002/LH244,10.152987
NYH2_2022,GEMN-0192_PHN46_0003/LH244,10.103292
NYH2_2022,GEMN-0192_PHN46_0004/LH244,10.094986
NYH2_2022,GEMN-0192_PHN46_0005/LH244,10.124062
NYH2_2022,GEMN-0192_PHN46_0006/LH244,10.069093
NYH2_2022,GEMN-0192_PHN46_0008/LH244,10.117512
NYH2_2022,GEMN-0192_PHN46_0009/LH244,10.110944
NYH2_2022,GEMN-0192_PHN46_0010/LH244,10.141478
NYH2_2022,GEMN-0192_PHN46_0011/LH244,10.116908
NYH2_2022,GEMN-0192_PHN46_0012/LH244,10.054815
NYH2_2022,GEMN-0192_PHN46_0014/LH244,10.042038
NYH2_2022,GEMN-0192_PHN46_0015/LH244,10.131503
NYH2_2022,GEMN-0192_PHN46_0017/LH244,10.085163
NYH2_2022,GEMN-0192_PHN46_0018/LH244,10.115488
NYH2_2022,GEMN-0192_PHN46_0019/LH244,10.110544
NYH2_2022,GEMN-0192_PHN46_0020/LH244,10.115939
NYH2_2022,GEMN-0192_PHN46_0025/LH244,10.134617
NYH2_2022,GEMN-0192_PHP02_0001/LH244,10.134392
NYH2_2022,GEMN-0192_PHP02_0003/LH244,10.078577
NYH2_2022,GEMN-0225/LH244,10.09502
NYH2_2022,GEMN-0225_LH212HT_0002/LH244,10.094778
NYH2_2022,GEMN-0225_LH212HT_0003/LH244,10.100874
NYH2_2022,GEMN-0225_LH212HT_0005/LH244,10.120599
NYH2_2022,GEMN-0225_LH212HT_0006/LH244,10.073731
NYH2_2022,GEMN-0225_LH212HT_0008/LH244,10.062441
NYH2_2022,GEMN-0225_LH212HT_0009/LH244,10.072432
NYH2_2022,GEMN-0225_LH212HT_0015/LH244,10.140293
NYH2_2022,GEMN-0225_LH212HT_0017/LH244,10.165998
NYH2_2022,GEMN-0225_LH212HT_0024/LH244,10.096359
NYH2_2022,GEMN-0225_LH212HT_0025/LH244,10.117283
NYH2_2022,GEMN-0225_LH212HT_0029/LH244,10.148407
NYH2_2022,GEMN-0225_LH212HT_0033/LH244,10.118376
NYH2_2022,GEMN-0225_LH212HT_0036/LH244,10.111145
NYH2_2022,GEMN-0225_LH212HT_0040/LH244,10.097465
NYH2_2022,GEMN-0225_LH212HT_0043/LH244,10.117281
NYH2_2022,GEMN-0225_PHJ89_0001/LH244,10.091515
NYH2_2022,GEMN-0225_PHJ89_0002/LH244,10.138899
NYH2_2022,GEMN-0225_PHJ89_0003/LH244,10.067079
NYH2_2022,GEMN-0225_PHJ89_0004/LH244,10.107344
NYH2_2022,GEMN-0225_PHJ89_0005/LH244,10.089314
NYH2_2022,GEMN-0225_PHJ89_0006/LH244,10.054554
NYH2_2022,GEMN-0225_PHJ89_0008/LH244,10.134922
NYH2_2022,GEMN-0225_PHJ89_0009/LH244,10.100128
NYH2_2022,GEMN-0225_PHJ89_0013/LH244,10.109073
NYH2_2022,GEMN-0225_PHJ89_0014/LH244,10.132282
NYH2_2022,GEMN-0225_PHJ89_0015/LH244,10.162873
NYH2_2022,GEMN-0225_PHJ89_0016/LH244,10.135408
NYH2_2022,GEMN-0225_PHJ89_0017/LH244,10.098773
NYH2_2022,GEMN-0225_PHJ89_0018/LH244,10.117326
NYH2_2022,GEMN-0225_PHJ89_0020/LH244,10.083504
NYH2_2022,GEMN-0225_PHJ89_0021/LH244,10.061228
NYH2_2022,GEMN-0225_PHJ89_0022/LH244,10.124723
NYH2_2022,GEMN-0225_PHJ89_0026/LH244,10.093957
NYH2_2022,GEMN-0225_PHJ89_0032/LH244,10.139498
NYH2_2022,GEMN-0225_PHK76_0002/LH244,10.127954
NYH2_2022,GEMN-0225_PHK76_0003/LH244,10.103658
NYH2_2022,GEMN-0225_PHK76_0004/LH244,10.151179
NYH2_2022,GEMN-0225_PHK76_0005/LH244,10.138593
NYH2_2022,GEMN-0225_PHK76_0007/LH244,10.119712
NYH2_2022,GEMN-0225_PHK76_0008/LH244,10.08694
NYH2_2022,GEMN-0225_PHK76_0010/LH244,10.118395
NYH2_2022,GEMN-0225_PHK76_0012/LH244,10.103609
NYH2_2022,GEMN-0225_PHK76_0013/LH244,10.085018
NYH2_2022,GEMN-0225_PHK76_0014/LH244,10.060892
NYH2_2022,GEMN-0225_PHK76_0018/LH244,10.086308
NYH2_2022,GEMN-0225_PHK76_0019/LH244,10.145599
NYH2_2022,GEMN-0225_PHK76_0021/LH244,10.115102
NYH2_2022,GEMN-0225_PHK76_0022/LH244,10.127038
NYH2_2022,GEMN-0225_PHK76_0027/LH244,10.093232
NYH2_2022,GEMN-0225_PHK76_0028/LH244,10.152637
NYH2_2022,GEMN-0225_PHK76_0031/LH244,10.100126
NYH2_2022,GEMN-0225_PHN46_0001/LH244,10.104971
NYH2_2022,GEMN-0225_PHN46_0003/LH244,10.122856
NYH2_2022,GEMN-0225_PHN46_0004/LH244,10.110551
NYH2_2022,GEMN-0225_PHN46_0005/LH244,10.070035
NYH2_2022,GEMN-0225_PHN46_0006/LH244,10.140815
NYH2_2022,GEMN-0225_PHN46_0014/LH244,10.121063
NYH2_2022,GEMN-0225_PHN46_0021/LH244,10.093951
NYH2_2022,GEMN-0225_PHP02_0001/LH244,10.097725
NYH2_2022,GEMN-0225_PHP02_0002/LH244,10.101567
NYH2_2022,GEMN-0225_PHP02_0003/LH244,10.1399
NYH2_2022,GEMN-0225_PHP02_0005/LH244,10.120327
NYH2_2022,GEMN-0225_PHP02_0006/LH244,10.067724
NYH2_2022,GEMN-0225_PHP02_0008/LH244,10.131137
NYH2_2022,GEMN-0225_PHP02_0009/LH244,10.107919
NYH2_2022,GEMN-0225_PHP02_0010/LH244,10.08612
NYH2_2022,GEMN-0225_PHP02_0012/LH244,10.1141
NYH2_2022,GEMN-0225_PHP02_0013/LH244,10.123161
NYH2_2022,GEMN-0225_PHP02_0014/LH244,10.079386
NYH2_2022,GEMN-0225_PHP02_0015/LH244,10.060222
NYH2_2022,GEMN-0225_PHP02_0017/LH244,10.125447
NYH2_2022,GEMN-0232/LH244,10.093527
NYH2_2022,GEMN-0238/LH244,10.100981
NYH2_2022,GEMN-0257/LH244,10.119873
NYH2_2022,GEMN-0271/LH244,10.122816
NYH2_2022,GEMN-0287/LH244,10.102099
NYH2_2022,LH145/LH82,8.060789
NYH2_2022,LH185/LH244,10.97401
NYH2_2022,LH195/MO17,10.368107
NYH2_2022,LH195/PHK76,9.1594
NYH2_2022,LH195/PHN82,9.894331
NYH2_2022,LH195/PHZ51,9.498734
NYH2_2022,LH212HT/LH244,10.441322
NYH2_2022,LH213/LH244,10.067175
NYH2_2022,LH216/LH244,9.981284
NYH2_2022,LH244/MO17,10.949642
NYH2_2022,LH244/PHK76,10.217659
NYH2_2022,LH244/PHN82,10.5121
NYH2_2022,LH244/PHZ51,9.876386
NYH2_2022,LH283/LH244,10.098204
NYH2_2022,LH287/LH244,10.163942
NYH2_2022,LH82/LH244,9.971178
NYH2_2022,M162W/LH244,10.110411
NYH2_2022,MBUB/LH244,10.131611
NYH2_2022,MM501D/LH244,10.115105
NYH2_2022,MO17_PHW30-008-(2N)-01/LH244,10.082644
NYH2_2022,MO17_PHW30-200-(2N)-02/LH244,10.152943
NYH2_2022,MO17_PHW30-309-(2N)-01/LH244,10.102367
NYH2_2022,MO44_LH145_0127/LH244,10.164396
NYH2_2022,MO44_LH145_0138/LH244,10.064388
NYH2_2022,MO44_PHG47_0072/LH244,10.101517
NYH2_2022,MO44_PHG47_0125/LH244,10.161332
NYH2_2022,MO44_PHW65_0025/LH244,10.259167
NYH2_2022,MO44_PHW65_0035/LH244,9.516636
NYH2_2022,MOG/LH244,9.817484
NYH2_2022,MS71/LH244,10.101595
NYH2_2022,NC350/LH244,10.147461
NYH2_2022,NC358/LH244,10.099092
NYH2_2022,NC366/LH244,10.118279
NYH2_2022,NC374/LH244,10.103259
NYH2_2022,NC378/LH244,10.063417
NYH2_2022,NC388/LH244,10.06867
NYH2_2022,NC398/LH244,10.141747
NYH2_2022,NC426/LH244,10.054375
NYH2_2022,NC512/LH244,10.153327
NYH2_2022,NC528/LH244,10.127035
NYH2_2022,NC542/LH244,10.131383
NYH2_2022,NC546/LH244,10.091082
NYH2_2022,NC548/LH244,10.10136
NYH2_2022,NKH8431/LH244,10.331353
NYH2_2022,OH43/LH244,10.111258
NYH2_2022,PH207/LH244,10.077013
NYH2_2022,PH24E/LH244,10.094307
NYH2_2022,PHAP9/LH244,10.091199
NYH2_2022,PHB47/LH244,10.199959
NYH2_2022,PHB47/MO17,9.084629
NYH2_2022,PHB47/PHK76,9.455878
NYH2_2022,PHB47/PHN82,10.223421
NYH2_2022,PHB47/PHZ51,9.135697
NYH2_2022,PHG29/PHG47,8.453222
NYH2_2022,PHG47/LH244,10.041887
NYH2_2022,PHJ40/PHAJ0,7.272517
NYH2_2022,PHJ89/LH244,10.151202
NYH2_2022,PHJ89/PH207,9.341122
NYH2_2022,PHJ90/LH244,10.150797
NYH2_2022,PHK56/LH244,10.425732
NYH2_2022,PHKE6/LH244,10.15861
NYH2_2022,PHN11/LH244,10.599477
NYH2_2022,PHN11_LH145_0005/LH244,10.129038
NYH2_2022,PHN11_LH145_0028/LH244,10.11896
NYH2_2022,PHN11_LH145_0085/LH244,10.120325
NYH2_2022,PHN11_OH43_0001/LH244,10.025327
NYH2_2022,PHN11_OH43_0075/LH244,10.11904
NYH2_2022,PHN11_OH43_0088/LH244,10.106075
NYH2_2022,PHN11_PHG47_0251/LH244,9.838339
NYH2_2022,PHN11_PHG47_0287/LH244,10.103106
NYH2_2022,PHN11_PHW65_0312/LH244,10.962069
NYH2_2022,PHN11_PHW65_0323/LH244,10.964795
NYH2_2022,PHN11_PHW65_0359/LH244,9.886896
NYH2_2022,PHP02/LH244,10.059977
NYH2_2022,PHP55/LH244,10.109961
NYH2_2022,PHR03/LH244,10.105775
NYH2_2022,PHRE1/PHTD5,8.447874
NYH2_2022,PHW30/LH244,10.107347
NYH2_2022,PHW30_MO17-010-(2N)-01/LH244,10.102152
NYH2_2022,PHW30_MO17-032-(2N)-01/LH244,10.070978
NYH2_2022,PHW30_MO17-095-(2N)-01/LH244,10.075556
NYH2_2022,PHW30_MO17-129-(2N)-01/LH244,10.141409
NYH2_2022,PHW30_MO17-178-(2N)-01/LH244,10.138377
NYH2_2022,PHW30_MO17-234-(2N)-02/LH244,10.13665
NYH2_2022,PHW52/PHM49,9.35663
NYH2_2022,PHW52/PHN82,10.331347
NYH2_2022,PHW65_MOG_0137/LH244,10.878761
NYH2_2022,PHW65_MOG_0176/LH244,9.951986
NYH2_2022,PHW65_MOG_0271/LH244,10.373052
NYH2_2022,TX714/PHZ51,9.422885
NYH2_2022,TX777/LH195,9.240866
NYH2_2022,TX779/LH195,9.371344
NYH2_2022,W10001_0003/LH244,10.098914
NYH2_2022,W10001_0007/LH244,10.102175
NYH2_2022,W10001_0009/LH244,10.056513
NYH2_2022,W10001_0012/LH244,10.108257
NYH2_2022,W10001_0013/LH244,10.106991
NYH2_2022,W10001_0014/LH244,10.148469
NYH2_2022,W10001_0016/LH244,10.078969
NYH2_2022,W10001_0017/LH244,10.072567
NYH2_2022,W10001_0019/LH244,10.09951
NYH2_2022,W10001_0021/LH244,10.118506
NYH2_2022,W10001_0022/LH244,9.439398
NYH2_2022,W10001_0023/LH244,10.082235
NYH2_2022,W10001_0031/LH244,10.125303
NYH2_2022,W10001_0033/LH244,10.110683
NYH2_2022,W10001_0036/LH244,10.108424
NYH2_2022,W10001_0040/LH244,10.077492
NYH2_2022,W10001_0047/LH244,10.094113
NYH2_2022,W10002_0002/LH244,10.10377
NYH2_2022,W10005_0029/LH244,10.129385
NYH2_2022,W10005_0107/LH244,9.852977
NYH2_2022,W10005_0111/LH244,10.088457
NYH2_2022,W10005_0147/LH244,10.022226
NYH2_2022,W10005_0220/LH244,10.063606
NYH2_2022,W10010_0032/LH244,10.109392
NYH2_2022,W10010_0084/LH244,10.064765
NYH2_2022,W10010_0093/LH244,10.095781
NYH2_2022,W10010_0101/LH244,10.123967
NYH2_2022,W10010_0118/LH244,10.16686
NYH2_2022,W10010_0124/LH244,10.125804
NYH2_2022,W10010_0148/LH244,10.142769
NYH2_2022,W10010_0170/LH244,10.096615
NYH2_2022,W10010_0188/LH244,10.089788
NYH2_2022,W10010_0189/LH244,10.105066
NYH2_2022,W10010_0215/LH244,10.123535
NYH2_2022,W10010_0279/LH244,10.115482
NYH2_2022,W10010_0294/LH244,10.098972
NYH2_2022,W10010_0311/LH244,10.075635
NYH2_2022,W10010_0337/LH244,10.130175
NYH2_2022,W10010_0346/LH244,10.130928
NYH2_2022,W10010_0358/LH244,10.132853
NYH2_2022,W10010_0381/LH244,10.127795
NYH2_2022,W10010_0452/LH244,10.137993
NYH3_2022,B14A/OH43,8.13748
NYH3_2022,B37/H95,8.05722
NYH3_2022,B73/MO17,9.284699
NYH3_2022,B73/PHK76,9.131777
NYH3_2022,B73/PHN82,9.494802
NYH3_2022,B73/PHZ51,8.81558
NYH3_2022,B73/TX779,8.029416
NYH3_2022,B97/LH244,9.22275
NYH3_2022,BGEM-0039-N/LH244,8.657636
NYH3_2022,BGEM-0063-N/LH244,9.495298
NYH3_2022,BGEM-0089-N/LH244,8.792923
NYH3_2022,BGEM-0124-N/LH244,8.779319
NYH3_2022,BGEM-0129-N/LH244,6.302289
NYH3_2022,CG119/CG108,5.977673
NYH3_2022,CG44/CGR01,7.962344
NYH3_2022,DK3IIH6/LH244,10.211292
NYH3_2022,DK78010/LH244,9.454638
NYH3_2022,GEMN-0096/LH244,9.435901
NYH3_2022,GEMN-0096_LH212HT_0001/LH244,9.396334
NYH3_2022,GEMN-0096_LH212HT_0002/LH244,9.431649
NYH3_2022,GEMN-0096_LH212HT_0004/LH244,9.423655
NYH3_2022,GEMN-0096_LH212HT_0005/LH244,9.478678
NYH3_2022,GEMN-0096_LH212HT_0006/LH244,9.391481
NYH3_2022,GEMN-0096_LH212HT_0009/LH244,9.399655
NYH3_2022,GEMN-0096_LH212HT_0010/LH244,9.456676
NYH3_2022,GEMN-0096_LH212HT_0012/LH244,9.389108
NYH3_2022,GEMN-0096_LH212HT_0013/LH244,9.451139
NYH3_2022,GEMN-0096_LH212HT_0017/LH244,9.454714
NYH3_2022,GEMN-0096_LH212HT_0021/LH244,9.432213
NYH3_2022,GEMN-0096_PHJ89_0001/LH244,9.399937
NYH3_2022,GEMN-0096_PHJ89_0002/LH244,9.441842
NYH3_2022,GEMN-0096_PHJ89_0006/LH244,9.415682
NYH3_2022,GEMN-0096_PHJ89_0007/LH244,9.414199
NYH3_2022,GEMN-0096_PHJ89_0009/LH244,9.389919
NYH3_2022,GEMN-0096_PHJ89_0010/LH244,9.438517
NYH3_2022,GEMN-0096_PHJ89_0011/LH244,9.406683
NYH3_2022,GEMN-0096_PHJ89_0012/LH244,9.431002
NYH3_2022,GEMN-0096_PHJ89_0013/LH244,9.453636
NYH3_2022,GEMN-0096_PHJ89_0014/LH244,9.454409
NYH3_2022,GEMN-0096_PHJ89_0016/LH244,9.383654
NYH3_2022,GEMN-0096_PHJ89_0017/LH244,9.472561
NYH3_2022,GEMN-0096_PHK76_0001/LH244,9.425032
NYH3_2022,GEMN-0096_PHK76_0002/LH244,9.392626
NYH3_2022,GEMN-0096_PHK76_0003/LH244,9.417349
NYH3_2022,GEMN-0096_PHK76_0004/LH244,9.462326
NYH3_2022,GEMN-0096_PHK76_0006/LH244,9.473814
NYH3_2022,GEMN-0096_PHK76_0007/LH244,9.40458
NYH3_2022,GEMN-0096_PHK76_0008/LH244,9.41774
NYH3_2022,GEMN-0096_PHK76_0009/LH244,9.407236
NYH3_2022,GEMN-0096_PHK76_0010/LH244,9.419015
NYH3_2022,GEMN-0096_PHK76_0013/LH244,9.388119
NYH3_2022,GEMN-0096_PHK76_0015/LH244,9.383319
NYH3_2022,GEMN-0096_PHK76_0016/LH244,9.398956
NYH3_2022,GEMN-0096_PHN46_0001/LH244,9.415443
NYH3_2022,GEMN-0096_PHN46_0002/LH244,9.364679
NYH3_2022,GEMN-0096_PHN46_0003/LH244,9.39094
NYH3_2022,GEMN-0096_PHN46_0004/LH244,9.387897
NYH3_2022,GEMN-0096_PHN46_0005/LH244,9.41757
NYH3_2022,GEMN-0096_PHN46_0007/LH244,9.396814
NYH3_2022,GEMN-0096_PHN46_0009/LH244,9.367058
NYH3_2022,GEMN-0096_PHN46_0010/LH244,9.405327
NYH3_2022,GEMN-0096_PHN46_0011/LH244,9.468179
NYH3_2022,GEMN-0096_PHN46_0012/LH244,9.470501
NYH3_2022,GEMN-0096_PHN46_0013/LH244,9.369428
NYH3_2022,GEMN-0096_PHN46_0014/LH244,9.399983
NYH3_2022,GEMN-0096_PHN46_0018/LH244,9.399036
NYH3_2022,GEMN-0096_PHN46_0020/LH244,9.388901
NYH3_2022,GEMN-0096_PHN46_0023/LH244,9.400606
NYH3_2022,GEMN-0096_PHP02_0001/LH244,9.424503
NYH3_2022,GEMN-0096_PHP02_0003/LH244,9.445663
NYH3_2022,GEMN-0096_PHP02_0004/LH244,9.418307
NYH3_2022,GEMN-0096_PHP02_0005/LH244,9.443024
NYH3_2022,GEMN-0096_PHP02_0006/LH244,9.4148
NYH3_2022,GEMN-0096_PHP02_0007/LH244,9.380277
NYH3_2022,GEMN-0096_PHP02_0009/LH244,9.446032
NYH3_2022,GEMN-0096_PHP02_0011/LH244,9.421288
NYH3_2022,GEMN-0096_PHP02_0012/LH244,9.412807
NYH3_2022,GEMN-0096_PHP02_0015/LH244,9.430477
NYH3_2022,GEMN-0096_PHP02_0016/LH244,9.403025
NYH3_2022,GEMN-0096_PHP02_0017/LH244,9.441428
NYH3_2022,GEMN-0096_PHP02_0025/LH244,9.469814
NYH3_2022,GEMN-0096_PHP02_0030/LH244,9.423689
NYH3_2022,GEMN-0097/LH244,9.425243
NYH3_2022,GEMN-0097_LH212HT_0004/LH244,9.397894
NYH3_2022,GEMN-0097_LH212HT_0019/LH244,9.429499
NYH3_2022,GEMN-0097_LH212HT_0020/LH244,9.454948
NYH3_2022,GEMN-0097_LH212HT_0026/LH244,9.434408
NYH3_2022,GEMN-0097_LH212HT_0032/LH244,9.460725
NYH3_2022,GEMN-0097_LH212HT_0047/LH244,9.44418
NYH3_2022,GEMN-0097_LH212HT_0051/LH244,9.405209
NYH3_2022,GEMN-0097_LH212HT_0054/LH244,9.392112
NYH3_2022,GEMN-0097_LH212HT_0058/LH244,9.417329
NYH3_2022,GEMN-0097_LH212HT_0061/LH244,9.391273
NYH3_2022,GEMN-0097_LH212HT_0062/LH244,9.437258
NYH3_2022,GEMN-0097_LH212HT_0069/LH244,9.410916
NYH3_2022,GEMN-0097_LH212HT_0074/LH244,9.409283
NYH3_2022,GEMN-0097_LH212HT_0078/LH244,9.425001
NYH3_2022,GEMN-0097_LH212HT_0085/LH244,9.398954
NYH3_2022,GEMN-0097_LH212HT_0090/LH244,9.431046
NYH3_2022,GEMN-0097_PHJ89_0001/LH244,9.39636
NYH3_2022,GEMN-0097_PHJ89_0002/LH244,9.423593
NYH3_2022,GEMN-0097_PHJ89_0003/LH244,9.432315
NYH3_2022,GEMN-0097_PHJ89_0005/LH244,9.388899
NYH3_2022,GEMN-0097_PHJ89_0006/LH244,9.409366
NYH3_2022,GEMN-0097_PHJ89_0007/LH244,9.426203
NYH3_2022,GEMN-0097_PHJ89_0008/LH244,9.437595
NYH3_2022,GEMN-0097_PHJ89_0010/LH244,9.463043
NYH3_2022,GEMN-0097_PHJ89_0011/LH244,9.412954
NYH3_2022,GEMN-0097_PHJ89_0012/LH244,9.457522
NYH3_2022,GEMN-0097_PHJ89_0013/LH244,9.432569
NYH3_2022,GEMN-0097_PHJ89_0016/LH244,9.459696
NYH3_2022,GEMN-0097_PHJ89_0020/LH244,9.415272
NYH3_2022,GEMN-0097_PHJ89_0023/LH244,9.442114
NYH3_2022,GEMN-0097_PHJ89_0025/LH244,9.388168
NYH3_2022,GEMN-0097_PHJ89_0026/LH244,9.446238
NYH3_2022,GEMN-0097_PHJ89_0027/LH244,9.390058
NYH3_2022,GEMN-0097_PHJ89_0028/LH244,9.426136
NYH3_2022,GEMN-0097_PHJ89_0029/LH244,9.431368
NYH3_2022,GEMN-0097_PHJ89_0036/LH244,9.394046
NYH3_2022,GEMN-0097_PHJ89_0039/LH244,9.395966
NYH3_2022,GEMN-0097_PHK76_0002/LH244,9.443293
NYH3_2022,GEMN-0097_PHK76_0003/LH244,9.434122
NYH3_2022,GEMN-0097_PHK76_0007/LH244,9.402959
NYH3_2022,GEMN-0097_PHK76_0009/LH244,9.432778
NYH3_2022,GEMN-0097_PHK76_0011/LH244,9.424377
NYH3_2022,GEMN-0097_PHK76_0014/LH244,9.43241
NYH3_2022,GEMN-0097_PHK76_0015/LH244,9.431281
NYH3_2022,GEMN-0097_PHK76_0018/LH244,9.396095
NYH3_2022,GEMN-0097_PHK76_0021/LH244,9.393621
NYH3_2022,GEMN-0097_PHK76_0032/LH244,9.421598
NYH3_2022,GEMN-0097_PHK76_0036/LH244,9.451672
NYH3_2022,GEMN-0097_PHK76_0037/LH244,9.46841
NYH3_2022,GEMN-0097_PHK76_0038/LH244,9.416752
NYH3_2022,GEMN-0097_PHK76_0039/LH244,9.461423
NYH3_2022,GEMN-0097_PHK76_0041/LH244,9.413488
NYH3_2022,GEMN-0097_PHK76_0048/LH244,9.460557
NYH3_2022,GEMN-0097_PHK76_0053/LH244,9.454525
NYH3_2022,GEMN-0097_PHK76_0055/LH244,9.427689
NYH3_2022,GEMN-0097_PHK76_0060/LH244,9.426085
NYH3_2022,GEMN-0097_PHN46_0001/LH244,9.390608
NYH3_2022,GEMN-0097_PHN46_0003/LH244,9.441687
NYH3_2022,GEMN-0097_PHN46_0004/LH244,9.436421
NYH3_2022,GEMN-0097_PHN46_0005/LH244,9.445459
NYH3_2022,GEMN-0097_PHN46_0007/LH244,9.452158
NYH3_2022,GEMN-0097_PHN46_0008/LH244,9.473408
NYH3_2022,GEMN-0097_PHN46_0011/LH244,9.360729
NYH3_2022,GEMN-0097_PHN46_0013/LH244,9.41547
NYH3_2022,GEMN-0097_PHN46_0014/LH244,9.404465
NYH3_2022,GEMN-0097_PHN46_0016/LH244,9.427996
NYH3_2022,GEMN-0097_PHN46_0018/LH244,9.419127
NYH3_2022,GEMN-0097_PHP02_0001/LH244,9.372136
NYH3_2022,GEMN-0097_PHP02_0002/LH244,9.423642
NYH3_2022,GEMN-0097_PHP02_0003/LH244,9.414011
NYH3_2022,GEMN-0097_PHP02_0005/LH244,9.399815
NYH3_2022,GEMN-0097_PHP02_0006/LH244,9.398519
NYH3_2022,GEMN-0097_PHP02_0007/LH244,9.441577
NYH3_2022,GEMN-0098/LH244,9.430373
NYH3_2022,GEMN-0104/LH244,9.376089
NYH3_2022,GEMN-0124/LH244,9.405277
NYH3_2022,GEMN-0144/LH244,9.416084
NYH3_2022,GEMN-0157/LH244,9.413069
NYH3_2022,GEMN-0177/LH244,9.442099
NYH3_2022,GEMN-0178/LH244,9.454204
NYH3_2022,GEMN-0187/LH244,9.44074
NYH3_2022,GEMN-0192/LH244,9.41539
NYH3_2022,GEMN-0192_LH212HT_0001/LH244,9.417616
NYH3_2022,GEMN-0192_LH212HT_0002/LH244,9.462652
NYH3_2022,GEMN-0192_LH212HT_0006/LH244,9.488029
NYH3_2022,GEMN-0192_LH212HT_0008/LH244,9.474388
NYH3_2022,GEMN-0192_LH212HT_0010/LH244,9.420202
NYH3_2022,GEMN-0192_LH212HT_0011/LH244,9.450992
NYH3_2022,GEMN-0192_LH212HT_0012/LH244,9.425055
NYH3_2022,GEMN-0192_LH212HT_0013/LH244,9.386491
NYH3_2022,GEMN-0192_LH212HT_0014/LH244,9.397484
NYH3_2022,GEMN-0192_LH212HT_0015/LH244,9.400071
NYH3_2022,GEMN-0192_LH212HT_0016/LH244,9.425589
NYH3_2022,GEMN-0192_LH212HT_0018/LH244,9.431331
NYH3_2022,GEMN-0192_LH212HT_0021/LH244,9.405489
NYH3_2022,GEMN-0192_LH212HT_0023/LH244,9.383218
NYH3_2022,GEMN-0192_PHJ89_0001/LH244,9.431738
NYH3_2022,GEMN-0192_PHJ89_0002/LH244,9.397088
NYH3_2022,GEMN-0192_PHK76_0002/LH244,9.468098
NYH3_2022,GEMN-0192_PHK76_0004/LH244,9.441313
NYH3_2022,GEMN-0192_PHK76_0005/LH244,9.419777
NYH3_2022,GEMN-0192_PHK76_0006/LH244,9.401012
NYH3_2022,GEMN-0192_PHK76_0007/LH244,9.464781
NYH3_2022,GEMN-0192_PHK76_0008/LH244,9.429534
NYH3_2022,GEMN-0192_PHK76_0009/LH244,9.429153
NYH3_2022,GEMN-0192_PHK76_0010/LH244,9.383486
NYH3_2022,GEMN-0192_PHK76_0011/LH244,9.432627
NYH3_2022,GEMN-0192_PHK76_0012/LH244,9.408303
NYH3_2022,GEMN-0192_PHK76_0013/LH244,9.457303
NYH3_2022,GEMN-0192_PHK76_0014/LH244,9.474158
NYH3_2022,GEMN-0192_PHK76_0015/LH244,9.451771
NYH3_2022,GEMN-0192_PHK76_0016/LH244,9.429058
NYH3_2022,GEMN-0192_PHK76_0017/LH244,9.428592
NYH3_2022,GEMN-0192_PHK76_0019/LH244,9.429537
NYH3_2022,GEMN-0192_PHK76_0021/LH244,9.421192
NYH3_2022,GEMN-0192_PHK76_0025/LH244,9.397602
NYH3_2022,GEMN-0192_PHK76_0027/LH244,9.403939
NYH3_2022,GEMN-0192_PHK76_0028/LH244,9.458712
NYH3_2022,GEMN-0192_PHK76_0030/LH244,9.434633
NYH3_2022,GEMN-0192_PHK76_0032/LH244,9.435843
NYH3_2022,GEMN-0192_PHK76_0033/LH244,9.408689
NYH3_2022,GEMN-0192_PHK76_0035/LH244,9.408388
NYH3_2022,GEMN-0192_PHK76_0036/LH244,9.436552
NYH3_2022,GEMN-0192_PHK76_0037/LH244,9.427164
NYH3_2022,GEMN-0192_PHK76_0041/LH244,9.421963
NYH3_2022,GEMN-0192_PHK76_0044/LH244,9.390254
NYH3_2022,GEMN-0192_PHK76_0045/LH244,9.419802
NYH3_2022,GEMN-0192_PHN46_0001/LH244,9.437643
NYH3_2022,GEMN-0192_PHN46_0002/LH244,9.472889
NYH3_2022,GEMN-0192_PHN46_0003/LH244,9.423194
NYH3_2022,GEMN-0192_PHN46_0004/LH244,9.414887
NYH3_2022,GEMN-0192_PHN46_0005/LH244,9.443964
NYH3_2022,GEMN-0192_PHN46_0006/LH244,9.388994
NYH3_2022,GEMN-0192_PHN46_0008/LH244,9.437414
NYH3_2022,GEMN-0192_PHN46_0009/LH244,9.430845
NYH3_2022,GEMN-0192_PHN46_0010/LH244,9.461379
NYH3_2022,GEMN-0192_PHN46_0011/LH244,9.43681
NYH3_2022,GEMN-0192_PHN46_0012/LH244,9.374718
NYH3_2022,GEMN-0192_PHN46_0014/LH244,9.361938
NYH3_2022,GEMN-0192_PHN46_0015/LH244,9.451405
NYH3_2022,GEMN-0192_PHN46_0017/LH244,9.405066
NYH3_2022,GEMN-0192_PHN46_0018/LH244,9.43539
NYH3_2022,GEMN-0192_PHN46_0025/LH244,9.454519
NYH3_2022,GEMN-0192_PHP02_0001/LH244,9.454294
NYH3_2022,GEMN-0192_PHP02_0003/LH244,9.398479
NYH3_2022,GEMN-0207/LH244,9.469893
NYH3_2022,GEMN-0225/LH244,9.414922
NYH3_2022,GEMN-0225_LH212HT_0002/LH244,9.41468
NYH3_2022,GEMN-0225_LH212HT_0003/LH244,9.420776
NYH3_2022,GEMN-0225_LH212HT_0005/LH244,9.440501
NYH3_2022,GEMN-0225_LH212HT_0006/LH244,9.393633
NYH3_2022,GEMN-0225_LH212HT_0008/LH244,9.382343
NYH3_2022,GEMN-0225_LH212HT_0015/LH244,9.460196
NYH3_2022,GEMN-0225_LH212HT_0017/LH244,9.485901
NYH3_2022,GEMN-0225_LH212HT_0023/LH244,9.398748
NYH3_2022,GEMN-0225_LH212HT_0024/LH244,9.416261
NYH3_2022,GEMN-0225_LH212HT_0025/LH244,9.437184
NYH3_2022,GEMN-0225_LH212HT_0028/LH244,9.43053
NYH3_2022,GEMN-0225_LH212HT_0029/LH244,9.468309
NYH3_2022,GEMN-0225_LH212HT_0033/LH244,9.438278
NYH3_2022,GEMN-0225_LH212HT_0036/LH244,9.431047
NYH3_2022,GEMN-0225_LH212HT_0040/LH244,9.417367
NYH3_2022,GEMN-0225_LH212HT_0043/LH244,9.437183
NYH3_2022,GEMN-0225_PHJ89_0001/LH244,9.411416
NYH3_2022,GEMN-0225_PHJ89_0002/LH244,9.458801
NYH3_2022,GEMN-0225_PHJ89_0003/LH244,9.38698
NYH3_2022,GEMN-0225_PHJ89_0004/LH244,9.427246
NYH3_2022,GEMN-0225_PHJ89_0005/LH244,9.409216
NYH3_2022,GEMN-0225_PHJ89_0006/LH244,9.374456
NYH3_2022,GEMN-0225_PHJ89_0008/LH244,9.454824
NYH3_2022,GEMN-0225_PHJ89_0009/LH244,9.420031
NYH3_2022,GEMN-0225_PHJ89_0013/LH244,9.428974
NYH3_2022,GEMN-0225_PHJ89_0014/LH244,9.452185
NYH3_2022,GEMN-0225_PHJ89_0015/LH244,9.482775
NYH3_2022,GEMN-0225_PHJ89_0016/LH244,9.45531
NYH3_2022,GEMN-0225_PHJ89_0017/LH244,9.418675
NYH3_2022,GEMN-0225_PHJ89_0018/LH244,9.437227
NYH3_2022,GEMN-0225_PHJ89_0020/LH244,9.403405
NYH3_2022,GEMN-0225_PHJ89_0021/LH244,9.381129
NYH3_2022,GEMN-0225_PHJ89_0022/LH244,9.444625
NYH3_2022,GEMN-0225_PHJ89_0026/LH244,9.413858
NYH3_2022,GEMN-0225_PHJ89_0032/LH244,9.459399
NYH3_2022,GEMN-0225_PHK76_0002/LH244,9.447855
NYH3_2022,GEMN-0225_PHK76_0003/LH244,9.423559
NYH3_2022,GEMN-0225_PHK76_0004/LH244,9.471082
NYH3_2022,GEMN-0225_PHK76_0005/LH244,9.458494
NYH3_2022,GEMN-0225_PHK76_0007/LH244,9.439613
NYH3_2022,GEMN-0225_PHK76_0008/LH244,9.406841
NYH3_2022,GEMN-0225_PHK76_0010/LH244,9.438297
NYH3_2022,GEMN-0225_PHK76_0012/LH244,9.423511
NYH3_2022,GEMN-0225_PHK76_0013/LH244,9.404921
NYH3_2022,GEMN-0225_PHK76_0014/LH244,9.380794
NYH3_2022,GEMN-0225_PHK76_0018/LH244,9.406209
NYH3_2022,GEMN-0225_PHK76_0019/LH244,9.465501
NYH3_2022,GEMN-0225_PHK76_0021/LH244,9.435003
NYH3_2022,GEMN-0225_PHK76_0022/LH244,9.44694
NYH3_2022,GEMN-0225_PHK76_0027/LH244,9.413135
NYH3_2022,GEMN-0225_PHK76_0028/LH244,9.472539
NYH3_2022,GEMN-0225_PHK76_0031/LH244,9.420028
NYH3_2022,GEMN-0225_PHK76_0032/LH244,9.454176
NYH3_2022,GEMN-0225_PHN46_0001/LH244,9.424873
NYH3_2022,GEMN-0225_PHN46_0003/LH244,9.442758
NYH3_2022,GEMN-0225_PHN46_0004/LH244,9.430452
NYH3_2022,GEMN-0225_PHN46_0005/LH244,9.389936
NYH3_2022,GEMN-0225_PHN46_0006/LH244,9.460716
NYH3_2022,GEMN-0225_PHN46_0008/LH244,9.457986
NYH3_2022,GEMN-0225_PHN46_0021/LH244,9.413853
NYH3_2022,GEMN-0225_PHP02_0001/LH244,9.417627
NYH3_2022,GEMN-0225_PHP02_0002/LH244,9.421469
NYH3_2022,GEMN-0225_PHP02_0003/LH244,9.459803
NYH3_2022,GEMN-0225_PHP02_0005/LH244,9.440228
NYH3_2022,GEMN-0225_PHP02_0006/LH244,9.387626
NYH3_2022,GEMN-0225_PHP02_0008/LH244,9.451038
NYH3_2022,GEMN-0225_PHP02_0009/LH244,9.42782
NYH3_2022,GEMN-0225_PHP02_0010/LH244,9.406021
NYH3_2022,GEMN-0225_PHP02_0012/LH244,9.434003
NYH3_2022,GEMN-0225_PHP02_0013/LH244,9.443064
NYH3_2022,GEMN-0225_PHP02_0014/LH244,9.399288
NYH3_2022,GEMN-0225_PHP02_0015/LH244,9.380123
NYH3_2022,GEMN-0225_PHP02_0017/LH244,9.445349
NYH3_2022,GEMN-0232/LH244,9.413429
NYH3_2022,GEMN-0238/LH244,9.420881
NYH3_2022,GEMN-0257/LH244,9.439775
NYH3_2022,GEMN-0270/LH244,9.468092
NYH3_2022,GEMN-0271/LH244,9.442719
NYH3_2022,GEMN-0287/LH244,9.422002
NYH3_2022,LH145/LH82,7.380691
NYH3_2022,LH185/LH244,10.293911
NYH3_2022,LH195/MO17,9.688009
NYH3_2022,LH195/PHK76,8.479301
NYH3_2022,LH195/PHN82,9.214232
NYH3_2022,LH195/PHZ51,8.818636
NYH3_2022,LH213/LH244,9.387077
NYH3_2022,LH216/LH244,9.301186
NYH3_2022,LH244/MO17,10.269544
NYH3_2022,LH244/PHK76,9.53756
NYH3_2022,LH244/PHN82,9.832003
NYH3_2022,LH244/PHZ51,9.196287
NYH3_2022,LH283/LH244,9.418106
NYH3_2022,LH287/LH244,9.483845
NYH3_2022,LH82/LH244,9.29108
NYH3_2022,M162W/LH244,9.430313
NYH3_2022,MBUB/LH244,9.451512
NYH3_2022,MM501D/LH244,9.435006
NYH3_2022,MO17_PHW30-008-(2N)-01/LH244,9.402546
NYH3_2022,MO17_PHW30-200-(2N)-02/LH244,9.472844
NYH3_2022,MO17_PHW30-309-(2N)-01/LH244,9.422269
NYH3_2022,MO44/LH244,10.563241
NYH3_2022,MO44_LH145_0127/LH244,9.484298
NYH3_2022,MO44_LH145_0138/LH244,9.384291
NYH3_2022,MO44_PHG47_0072/LH244,9.421418
NYH3_2022,MO44_PHG47_0125/LH244,9.481234
NYH3_2022,MO44_PHW65_0025/LH244,9.579069
NYH3_2022,MO44_PHW65_0035/LH244,8.836537
NYH3_2022,MOG/LH244,9.137386
NYH3_2022,MS71/LH244,9.421497
NYH3_2022,NC358/LH244,9.418994
NYH3_2022,NC360/LH244,9.380999
NYH3_2022,NC366/LH244,9.43818
NYH3_2022,NC374/LH244,9.423161
NYH3_2022,NC388/LH244,9.388572
NYH3_2022,NC398/LH244,9.461648
NYH3_2022,NC406/LH244,9.476624
NYH3_2022,NC426/LH244,9.374277
NYH3_2022,NC428/LH244,9.437005
NYH3_2022,NC512/LH244,9.473229
NYH3_2022,NC528/LH244,9.446938
NYH3_2022,NC542/LH244,9.451284
NYH3_2022,NC546/LH244,9.410983
NYH3_2022,NKH8431/LH244,9.651256
NYH3_2022,OH43/LH244,9.431159
NYH3_2022,PH207/LH244,9.396915
NYH3_2022,PH24E/LH244,9.414209
NYH3_2022,PHAP9/LH244,9.4111
NYH3_2022,PHB47/LH244,9.519859
NYH3_2022,PHB47/MO17,8.404531
NYH3_2022,PHB47/PHK76,8.77578
NYH3_2022,PHB47/PHN82,9.543324
NYH3_2022,PHB47/PHZ51,8.455599
NYH3_2022,PHG29/PHG47,7.773124
NYH3_2022,PHG47/LH244,9.36179
NYH3_2022,PHJ40/PHAJ0,6.592419
NYH3_2022,PHJ89/LH244,9.471104
NYH3_2022,PHJ89/PH207,8.661024
NYH3_2022,PHJ90/LH244,9.470699
NYH3_2022,PHK56/LH244,9.745633
NYH3_2022,PHKE6/LH244,9.478513
NYH3_2022,PHN11/LH244,9.919378
NYH3_2022,PHN11_LH145_0005/LH244,9.44894
NYH3_2022,PHN11_LH145_0028/LH244,9.438862
NYH3_2022,PHN11_LH145_0085/LH244,9.440228
NYH3_2022,PHN11_OH43_0001/LH244,9.345228
NYH3_2022,PHN11_OH43_0075/LH244,9.438942
NYH3_2022,PHN11_OH43_0088/LH244,9.425978
NYH3_2022,PHN11_PHG47_0251/LH244,9.158239
NYH3_2022,PHN11_PHG47_0287/LH244,9.423009
NYH3_2022,PHN11_PHW65_0312/LH244,10.281971
NYH3_2022,PHN11_PHW65_0323/LH244,10.284697
NYH3_2022,PHN11_PHW65_0359/LH244,9.206799
NYH3_2022,PHP02/LH244,9.379878
NYH3_2022,PHP55/LH244,9.429862
NYH3_2022,PHR03/LH244,9.425676
NYH3_2022,PHRE1/PHTD5,7.767776
NYH3_2022,PHW30/LH244,9.427248
NYH3_2022,PHW30_MO17-010-(2N)-01/LH244,9.422054
NYH3_2022,PHW30_MO17-032-(2N)-01/LH244,9.390881
NYH3_2022,PHW30_MO17-095-(2N)-01/LH244,9.395458
NYH3_2022,PHW30_MO17-129-(2N)-01/LH244,9.461311
NYH3_2022,PHW30_MO17-178-(2N)-01/LH244,9.458279
NYH3_2022,PHW30_MO17-234-(2N)-02/LH244,9.456552
NYH3_2022,PHW30_MO17-299-(2N)-01/LH244,9.405686
NYH3_2022,PHW52/PHM49,8.676533
NYH3_2022,PHW52/PHN82,9.651249
NYH3_2022,PHW65_MOG_0137/LH244,10.198663
NYH3_2022,PHW65_MOG_0176/LH244,9.271889
NYH3_2022,PHW65_MOG_0271/LH244,9.692953
NYH3_2022,TX714/PHZ51,8.742786
NYH3_2022,TX777/LH195,8.560768
NYH3_2022,TX779/LH195,8.691245
NYH3_2022,W10001_0003/LH244,9.418816
NYH3_2022,W10001_0007/LH244,9.422077
NYH3_2022,W10001_0009/LH244,9.376415
NYH3_2022,W10001_0012/LH244,9.42816
NYH3_2022,W10001_0013/LH244,9.426893
NYH3_2022,W10001_0014/LH244,9.46837
NYH3_2022,W10001_0016/LH244,9.39887
NYH3_2022,W10001_0017/LH244,9.392468
NYH3_2022,W10001_0019/LH244,9.419413
NYH3_2022,W10001_0021/LH244,9.438408
NYH3_2022,W10001_0022/LH244,8.7593
NYH3_2022,W10001_0023/LH244,9.402137
NYH3_2022,W10001_0030/LH244,9.45299
NYH3_2022,W10001_0031/LH244,9.445206
NYH3_2022,W10001_0033/LH244,9.430586
NYH3_2022,W10001_0036/LH244,9.428326
NYH3_2022,W10001_0040/LH244,9.397393
NYH3_2022,W10001_0047/LH244,9.414015
NYH3_2022,W10002_0002/LH244,9.423672
NYH3_2022,W10005_0029/LH244,9.449286
NYH3_2022,W10005_0107/LH244,9.172879
NYH3_2022,W10005_0111/LH244,9.408359
NYH3_2022,W10005_0147/LH244,9.342129
NYH3_2022,W10005_0220/LH244,9.383509
NYH3_2022,W10010_0018/LH244,9.433779
NYH3_2022,W10010_0032/LH244,9.429294
NYH3_2022,W10010_0084/LH244,9.384666
NYH3_2022,W10010_0093/LH244,9.415683
NYH3_2022,W10010_0118/LH244,9.486761
NYH3_2022,W10010_0124/LH244,9.445705
NYH3_2022,W10010_0148/LH244,9.46267
NYH3_2022,W10010_0170/LH244,9.416517
NYH3_2022,W10010_0188/LH244,9.40969
NYH3_2022,W10010_0189/LH244,9.424969
NYH3_2022,W10010_0215/LH244,9.443436
NYH3_2022,W10010_0279/LH244,9.435385
NYH3_2022,W10010_0294/LH244,9.418875
NYH3_2022,W10010_0311/LH244,9.395536
NYH3_2022,W10010_0337/LH244,9.450077
NYH3_2022,W10010_0346/LH244,9.450829
NYH3_2022,W10010_0358/LH244,9.452754
NYH3_2022,W10010_0366/LH244,9.45167
NYH3_2022,W10010_0381/LH244,9.447697
NYH3_2022,W10010_0452/LH244,9.457895
NYH3_2022,W10010_0464/LH244,9.398149
OHH1_2022,B14A/OH43,10.10511
OHH1_2022,B37/H95,10.024851
OHH1_2022,B73/MO17,11.25233
OHH1_2022,B73/PHN82,11.462435
OHH1_2022,B73/TX779,9.997047
OHH1_2022,B97/LH244,11.19038
OHH1_2022,BGEM-0039-N/LH244,10.625267
OHH1_2022,BGEM-0063-N/LH244,11.462929
OHH1_2022,BGEM-0089-N/LH244,10.760554
OHH1_2022,BGEM-0124-N/LH244,10.74695
OHH1_2022,BGEM-0129-N/LH244,8.269919
OHH1_2022,CG119/CG108,5.977673
OHH1_2022,CG44/CGR01,9.929976
OHH1_2022,DK3IIH6/LH244,12.059861
OHH1_2022,DK78010/LH244,11.422269
OHH1_2022,GEMN-0096/LH244,11.403532
OHH1_2022,GEMN-0096_LH212HT_0001/LH244,11.363965
OHH1_2022,GEMN-0096_LH212HT_0002/LH244,11.399281
OHH1_2022,GEMN-0096_LH212HT_0003/LH244,11.363912
OHH1_2022,GEMN-0096_LH212HT_0004/LH244,11.391285
OHH1_2022,GEMN-0096_LH212HT_0005/LH244,11.446309
OHH1_2022,GEMN-0096_LH212HT_0006/LH244,11.359113
OHH1_2022,GEMN-0096_LH212HT_0009/LH244,11.367287
OHH1_2022,GEMN-0096_LH212HT_0010/LH244,11.424307
OHH1_2022,GEMN-0096_LH212HT_0012/LH244,11.356739
OHH1_2022,GEMN-0096_LH212HT_0013/LH244,11.418771
OHH1_2022,GEMN-0096_LH212HT_0017/LH244,11.422344
OHH1_2022,GEMN-0096_LH212HT_0020/LH244,11.392562
OHH1_2022,GEMN-0096_LH212HT_0021/LH244,11.399843
OHH1_2022,GEMN-0096_PHJ89_0001/LH244,11.367568
OHH1_2022,GEMN-0096_PHJ89_0002/LH244,11.409472
OHH1_2022,GEMN-0096_PHJ89_0006/LH244,11.383312
OHH1_2022,GEMN-0096_PHJ89_0007/LH244,11.381829
OHH1_2022,GEMN-0096_PHJ89_0009/LH244,11.357551
OHH1_2022,GEMN-0096_PHJ89_0010/LH244,11.406147
OHH1_2022,GEMN-0096_PHJ89_0011/LH244,11.374314
OHH1_2022,GEMN-0096_PHJ89_0012/LH244,11.398632
OHH1_2022,GEMN-0096_PHJ89_0013/LH244,11.421268
OHH1_2022,GEMN-0096_PHJ89_0014/LH244,11.422039
OHH1_2022,GEMN-0096_PHJ89_0016/LH244,11.351284
OHH1_2022,GEMN-0096_PHJ89_0017/LH244,11.440191
OHH1_2022,GEMN-0096_PHK76_0001/LH244,11.392662
OHH1_2022,GEMN-0096_PHK76_0002/LH244,11.360256
OHH1_2022,GEMN-0096_PHK76_0003/LH244,11.38498
OHH1_2022,GEMN-0096_PHK76_0004/LH244,11.429957
OHH1_2022,GEMN-0096_PHK76_0006/LH244,11.441445
OHH1_2022,GEMN-0096_PHK76_0007/LH244,11.372211
OHH1_2022,GEMN-0096_PHK76_0008/LH244,11.38537
OHH1_2022,GEMN-0096_PHK76_0009/LH244,11.374866
OHH1_2022,GEMN-0096_PHK76_0010/LH244,11.386646
OHH1_2022,GEMN-0096_PHK76_0013/LH244,11.35575
OHH1_2022,GEMN-0096_PHK76_0015/LH244,11.35095
OHH1_2022,GEMN-0096_PHK76_0016/LH244,11.366587
OHH1_2022,GEMN-0096_PHN46_0001/LH244,11.383075
OHH1_2022,GEMN-0096_PHN46_0002/LH244,11.33231
OHH1_2022,GEMN-0096_PHN46_0003/LH244,11.358571
OHH1_2022,GEMN-0096_PHN46_0004/LH244,11.355529
OHH1_2022,GEMN-0096_PHN46_0005/LH244,11.385201
OHH1_2022,GEMN-0096_PHN46_0007/LH244,11.364446
OHH1_2022,GEMN-0096_PHN46_0008/LH244,11.382071
OHH1_2022,GEMN-0096_PHN46_0009/LH244,11.334689
OHH1_2022,GEMN-0096_PHN46_0010/LH244,11.372957
OHH1_2022,GEMN-0096_PHN46_0011/LH244,11.43581
OHH1_2022,GEMN-0096_PHN46_0012/LH244,11.438131
OHH1_2022,GEMN-0096_PHN46_0013/LH244,11.337059
OHH1_2022,GEMN-0096_PHN46_0014/LH244,11.367615
OHH1_2022,GEMN-0096_PHN46_0018/LH244,11.366668
OHH1_2022,GEMN-0096_PHN46_0020/LH244,11.356532
OHH1_2022,GEMN-0096_PHN46_0023/LH244,11.368237
OHH1_2022,GEMN-0096_PHP02_0001/LH244,11.392135
OHH1_2022,GEMN-0096_PHP02_0002/LH244,11.383355
OHH1_2022,GEMN-0096_PHP02_0003/LH244,11.413295
OHH1_2022,GEMN-0096_PHP02_0005/LH244,11.410654
OHH1_2022,GEMN-0096_PHP02_0006/LH244,11.382431
OHH1_2022,GEMN-0096_PHP02_0007/LH244,11.347908
OHH1_2022,GEMN-0096_PHP02_0009/LH244,11.413662
OHH1_2022,GEMN-0096_PHP02_0011/LH244,11.388919
OHH1_2022,GEMN-0096_PHP02_0012/LH244,11.380438
OHH1_2022,GEMN-0096_PHP02_0015/LH244,11.398108
OHH1_2022,GEMN-0096_PHP02_0016/LH244,11.370655
OHH1_2022,GEMN-0096_PHP02_0017/LH244,11.40906
OHH1_2022,GEMN-0096_PHP02_0025/LH244,11.437446
OHH1_2022,GEMN-0096_PHP02_0030/LH244,11.39132
OHH1_2022,GEMN-0097/LH244,11.392875
OHH1_2022,GEMN-0097_LH212HT_0002/LH244,11.438984
OHH1_2022,GEMN-0097_LH212HT_0004/LH244,11.365524
OHH1_2022,GEMN-0097_LH212HT_0019/LH244,11.39713
OHH1_2022,GEMN-0097_LH212HT_0020/LH244,11.422581
OHH1_2022,GEMN-0097_LH212HT_0026/LH244,11.402039
OHH1_2022,GEMN-0097_LH212HT_0032/LH244,11.428355
OHH1_2022,GEMN-0097_LH212HT_0039/LH244,11.386492
OHH1_2022,GEMN-0097_LH212HT_0047/LH244,11.411811
OHH1_2022,GEMN-0097_LH212HT_0051/LH244,11.372839
OHH1_2022,GEMN-0097_LH212HT_0054/LH244,11.359743
OHH1_2022,GEMN-0097_LH212HT_0058/LH244,11.38496
OHH1_2022,GEMN-0097_LH212HT_0061/LH244,11.358905
OHH1_2022,GEMN-0097_LH212HT_0062/LH244,11.404888
OHH1_2022,GEMN-0097_LH212HT_0069/LH244,11.378547
OHH1_2022,GEMN-0097_LH212HT_0074/LH244,11.376914
OHH1_2022,GEMN-0097_LH212HT_0085/LH244,11.366585
OHH1_2022,GEMN-0097_PHJ89_0001/LH244,11.363992
OHH1_2022,GEMN-0097_PHJ89_0002/LH244,11.391224
OHH1_2022,GEMN-0097_PHJ89_0003/LH244,11.399945
OHH1_2022,GEMN-0097_PHJ89_0005/LH244,11.356529
OHH1_2022,GEMN-0097_PHJ89_0006/LH244,11.376997
OHH1_2022,GEMN-0097_PHJ89_0007/LH244,11.393833
OHH1_2022,GEMN-0097_PHJ89_0008/LH244,11.405226
OHH1_2022,GEMN-0097_PHJ89_0010/LH244,11.430673
OHH1_2022,GEMN-0097_PHJ89_0011/LH244,11.380585
OHH1_2022,GEMN-0097_PHJ89_0012/LH244,11.425154
OHH1_2022,GEMN-0097_PHJ89_0013/LH244,11.4002
OHH1_2022,GEMN-0097_PHJ89_0016/LH244,11.427326
OHH1_2022,GEMN-0097_PHJ89_0020/LH244,11.382902
OHH1_2022,GEMN-0097_PHJ89_0023/LH244,11.409744
OHH1_2022,GEMN-0097_PHJ89_0025/LH244,11.3558
OHH1_2022,GEMN-0097_PHJ89_0026/LH244,11.413869
OHH1_2022,GEMN-0097_PHJ89_0027/LH244,11.357688
OHH1_2022,GEMN-0097_PHJ89_0028/LH244,11.393766
OHH1_2022,GEMN-0097_PHJ89_0029/LH244,11.398998
OHH1_2022,GEMN-0097_PHJ89_0036/LH244,11.361677
OHH1_2022,GEMN-0097_PHJ89_0039/LH244,11.363596
OHH1_2022,GEMN-0097_PHK76_0003/LH244,11.401754
OHH1_2022,GEMN-0097_PHK76_0007/LH244,11.37059
OHH1_2022,GEMN-0097_PHK76_0009/LH244,11.40041
OHH1_2022,GEMN-0097_PHK76_0011/LH244,11.392008
OHH1_2022,GEMN-0097_PHK76_0014/LH244,11.400042
OHH1_2022,GEMN-0097_PHK76_0015/LH244,11.398912
OHH1_2022,GEMN-0097_PHK76_0018/LH244,11.363726
OHH1_2022,GEMN-0097_PHK76_0021/LH244,11.361252
OHH1_2022,GEMN-0097_PHK76_0036/LH244,11.419302
OHH1_2022,GEMN-0097_PHK76_0037/LH244,11.436042
OHH1_2022,GEMN-0097_PHK76_0038/LH244,11.384382
OHH1_2022,GEMN-0097_PHK76_0039/LH244,11.429054
OHH1_2022,GEMN-0097_PHK76_0041/LH244,11.381119
OHH1_2022,GEMN-0097_PHK76_0048/LH244,11.428188
OHH1_2022,GEMN-0097_PHK76_0053/LH244,11.422157
OHH1_2022,GEMN-0097_PHK76_0055/LH244,11.39532
OHH1_2022,GEMN-0097_PHK76_0060/LH244,11.393715
OHH1_2022,GEMN-0097_PHN46_0001/LH244,11.358238
OHH1_2022,GEMN-0097_PHN46_0003/LH244,11.409318
OHH1_2022,GEMN-0097_PHN46_0004/LH244,11.404053
OHH1_2022,GEMN-0097_PHN46_0005/LH244,11.413091
OHH1_2022,GEMN-0097_PHN46_0007/LH244,11.419788
OHH1_2022,GEMN-0097_PHN46_0008/LH244,11.441039
OHH1_2022,GEMN-0097_PHN46_0011/LH244,11.32836
OHH1_2022,GEMN-0097_PHN46_0013/LH244,11.383101
OHH1_2022,GEMN-0097_PHN46_0014/LH244,11.372096
OHH1_2022,GEMN-0097_PHN46_0016/LH244,11.395628
OHH1_2022,GEMN-0097_PHN46_0018/LH244,11.386757
OHH1_2022,GEMN-0097_PHP02_0001/LH244,11.339767
OHH1_2022,GEMN-0097_PHP02_0002/LH244,11.391273
OHH1_2022,GEMN-0097_PHP02_0003/LH244,11.381641
OHH1_2022,GEMN-0097_PHP02_0005/LH244,11.367445
OHH1_2022,GEMN-0097_PHP02_0006/LH244,11.36615
OHH1_2022,GEMN-0097_PHP02_0007/LH244,11.409208
OHH1_2022,GEMN-0098/LH244,11.398005
OHH1_2022,GEMN-0104/LH244,11.34372
OHH1_2022,GEMN-0124/LH244,11.372908
OHH1_2022,GEMN-0144/LH244,11.383716
OHH1_2022,GEMN-0157/LH244,11.380699
OHH1_2022,GEMN-0177/LH244,11.409729
OHH1_2022,GEMN-0178/LH244,11.421834
OHH1_2022,GEMN-0187/LH244,11.40837
OHH1_2022,GEMN-0192/LH244,11.383021
OHH1_2022,GEMN-0192_LH212HT_0001/LH244,11.385246
OHH1_2022,GEMN-0192_LH212HT_0006/LH244,11.45566
OHH1_2022,GEMN-0192_LH212HT_0008/LH244,11.442019
OHH1_2022,GEMN-0192_LH212HT_0010/LH244,11.387833
OHH1_2022,GEMN-0192_LH212HT_0011/LH244,11.418622
OHH1_2022,GEMN-0192_LH212HT_0012/LH244,11.392685
OHH1_2022,GEMN-0192_LH212HT_0013/LH244,11.354122
OHH1_2022,GEMN-0192_LH212HT_0014/LH244,11.365114
OHH1_2022,GEMN-0192_LH212HT_0015/LH244,11.367702
OHH1_2022,GEMN-0192_LH212HT_0018/LH244,11.398961
OHH1_2022,GEMN-0192_LH212HT_0021/LH244,11.37312
OHH1_2022,GEMN-0192_LH212HT_0023/LH244,11.350848
OHH1_2022,GEMN-0192_PHJ89_0001/LH244,11.399369
OHH1_2022,GEMN-0192_PHJ89_0002/LH244,11.364718
OHH1_2022,GEMN-0192_PHK76_0002/LH244,11.435728
OHH1_2022,GEMN-0192_PHK76_0004/LH244,11.408943
OHH1_2022,GEMN-0192_PHK76_0005/LH244,11.387407
OHH1_2022,GEMN-0192_PHK76_0006/LH244,11.368643
OHH1_2022,GEMN-0192_PHK76_0007/LH244,11.432411
OHH1_2022,GEMN-0192_PHK76_0008/LH244,11.397165
OHH1_2022,GEMN-0192_PHK76_0009/LH244,11.396784
OHH1_2022,GEMN-0192_PHK76_0010/LH244,11.351118
OHH1_2022,GEMN-0192_PHK76_0011/LH244,11.400257
OHH1_2022,GEMN-0192_PHK76_0012/LH244,11.375935
OHH1_2022,GEMN-0192_PHK76_0013/LH244,11.424934
OHH1_2022,GEMN-0192_PHK76_0014/LH244,11.44179
OHH1_2022,GEMN-0192_PHK76_0015/LH244,11.419401
OHH1_2022,GEMN-0192_PHK76_0016/LH244,11.396689
OHH1_2022,GEMN-0192_PHK76_0017/LH244,11.396223
OHH1_2022,GEMN-0192_PHK76_0019/LH244,11.397168
OHH1_2022,GEMN-0192_PHK76_0021/LH244,11.388824
OHH1_2022,GEMN-0192_PHK76_0025/LH244,11.365233
OHH1_2022,GEMN-0192_PHK76_0027/LH244,11.371571
OHH1_2022,GEMN-0192_PHK76_0028/LH244,11.426344
OHH1_2022,GEMN-0192_PHK76_0030/LH244,11.402264
OHH1_2022,GEMN-0192_PHK76_0032/LH244,11.403473
OHH1_2022,GEMN-0192_PHK76_0033/LH244,11.376321
OHH1_2022,GEMN-0192_PHK76_0035/LH244,11.376019
OHH1_2022,GEMN-0192_PHK76_0036/LH244,11.404182
OHH1_2022,GEMN-0192_PHK76_0037/LH244,11.394795
OHH1_2022,GEMN-0192_PHK76_0041/LH244,11.389593
OHH1_2022,GEMN-0192_PHK76_0044/LH244,11.357885
OHH1_2022,GEMN-0192_PHK76_0045/LH244,11.387434
OHH1_2022,GEMN-0192_PHN46_0001/LH244,11.405273
OHH1_2022,GEMN-0192_PHN46_0002/LH244,11.440519
OHH1_2022,GEMN-0192_PHN46_0003/LH244,11.390824
OHH1_2022,GEMN-0192_PHN46_0004/LH244,11.382519
OHH1_2022,GEMN-0192_PHN46_0005/LH244,11.411594
OHH1_2022,GEMN-0192_PHN46_0006/LH244,11.356626
OHH1_2022,GEMN-0192_PHN46_0008/LH244,11.405045
OHH1_2022,GEMN-0192_PHN46_0009/LH244,11.398477
OHH1_2022,GEMN-0192_PHN46_0010/LH244,11.42901
OHH1_2022,GEMN-0192_PHN46_0011/LH244,11.404442
OHH1_2022,GEMN-0192_PHN46_0012/LH244,11.342348
OHH1_2022,GEMN-0192_PHN46_0014/LH244,11.32957
OHH1_2022,GEMN-0192_PHN46_0015/LH244,11.419036
OHH1_2022,GEMN-0192_PHN46_0017/LH244,11.372696
OHH1_2022,GEMN-0192_PHN46_0018/LH244,11.403021
OHH1_2022,GEMN-0192_PHN46_0019/LH244,11.398077
OHH1_2022,GEMN-0192_PHN46_0020/LH244,11.403472
OHH1_2022,GEMN-0192_PHN46_0025/LH244,11.42215
OHH1_2022,GEMN-0192_PHP02_0001/LH244,11.421925
OHH1_2022,GEMN-0192_PHP02_0003/LH244,11.36611
OHH1_2022,GEMN-0225/LH244,11.382553
OHH1_2022,GEMN-0225_LH212HT_0002/LH244,11.382311
OHH1_2022,GEMN-0225_LH212HT_0003/LH244,11.388407
OHH1_2022,GEMN-0225_LH212HT_0005/LH244,11.408132
OHH1_2022,GEMN-0225_LH212HT_0006/LH244,11.361263
OHH1_2022,GEMN-0225_LH212HT_0008/LH244,11.349974
OHH1_2022,GEMN-0225_LH212HT_0015/LH244,11.427826
OHH1_2022,GEMN-0225_LH212HT_0017/LH244,11.453531
OHH1_2022,GEMN-0225_LH212HT_0024/LH244,11.383891
OHH1_2022,GEMN-0225_LH212HT_0025/LH244,11.404815
OHH1_2022,GEMN-0225_LH212HT_0028/LH244,11.39816
OHH1_2022,GEMN-0225_LH212HT_0029/LH244,11.43594
OHH1_2022,GEMN-0225_LH212HT_0033/LH244,11.40591
OHH1_2022,GEMN-0225_LH212HT_0036/LH244,11.398678
OHH1_2022,GEMN-0225_LH212HT_0040/LH244,11.384998
OHH1_2022,GEMN-0225_LH212HT_0043/LH244,11.404815
OHH1_2022,GEMN-0225_PHJ89_0001/LH244,11.379046
OHH1_2022,GEMN-0225_PHJ89_0002/LH244,11.426433
OHH1_2022,GEMN-0225_PHJ89_0003/LH244,11.354612
OHH1_2022,GEMN-0225_PHJ89_0004/LH244,11.394876
OHH1_2022,GEMN-0225_PHJ89_0005/LH244,11.376847
OHH1_2022,GEMN-0225_PHJ89_0006/LH244,11.342088
OHH1_2022,GEMN-0225_PHJ89_0008/LH244,11.422455
OHH1_2022,GEMN-0225_PHJ89_0009/LH244,11.387661
OHH1_2022,GEMN-0225_PHJ89_0013/LH244,11.396605
OHH1_2022,GEMN-0225_PHJ89_0014/LH244,11.419815
OHH1_2022,GEMN-0225_PHJ89_0015/LH244,11.450406
OHH1_2022,GEMN-0225_PHJ89_0016/LH244,11.422941
OHH1_2022,GEMN-0225_PHJ89_0017/LH244,11.386307
OHH1_2022,GEMN-0225_PHJ89_0018/LH244,11.404859
OHH1_2022,GEMN-0225_PHJ89_0020/LH244,11.371037
OHH1_2022,GEMN-0225_PHJ89_0021/LH244,11.348761
OHH1_2022,GEMN-0225_PHJ89_0022/LH244,11.412256
OHH1_2022,GEMN-0225_PHJ89_0026/LH244,11.381489
OHH1_2022,GEMN-0225_PHJ89_0032/LH244,11.42703
OHH1_2022,GEMN-0225_PHK76_0001/LH244,11.419616
OHH1_2022,GEMN-0225_PHK76_0002/LH244,11.415486
OHH1_2022,GEMN-0225_PHK76_0003/LH244,11.391191
OHH1_2022,GEMN-0225_PHK76_0004/LH244,11.438712
OHH1_2022,GEMN-0225_PHK76_0005/LH244,11.426125
OHH1_2022,GEMN-0225_PHK76_0007/LH244,11.407245
OHH1_2022,GEMN-0225_PHK76_0008/LH244,11.374473
OHH1_2022,GEMN-0225_PHK76_0010/LH244,11.405928
OHH1_2022,GEMN-0225_PHK76_0012/LH244,11.391142
OHH1_2022,GEMN-0225_PHK76_0013/LH244,11.372552
OHH1_2022,GEMN-0225_PHK76_0014/LH244,11.348425
OHH1_2022,GEMN-0225_PHK76_0018/LH244,11.37384
OHH1_2022,GEMN-0225_PHK76_0019/LH244,11.433132
OHH1_2022,GEMN-0225_PHK76_0021/LH244,11.402636
OHH1_2022,GEMN-0225_PHK76_0022/LH244,11.414571
OHH1_2022,GEMN-0225_PHK76_0027/LH244,11.380766
OHH1_2022,GEMN-0225_PHK76_0028/LH244,11.440169
OHH1_2022,GEMN-0225_PHK76_0031/LH244,11.387658
OHH1_2022,GEMN-0225_PHK76_0032/LH244,11.421807
OHH1_2022,GEMN-0225_PHN46_0001/LH244,11.392504
OHH1_2022,GEMN-0225_PHN46_0003/LH244,11.410389
OHH1_2022,GEMN-0225_PHN46_0004/LH244,11.398084
OHH1_2022,GEMN-0225_PHN46_0005/LH244,11.357569
OHH1_2022,GEMN-0225_PHN46_0006/LH244,11.428347
OHH1_2022,GEMN-0225_PHN46_0009/LH244,11.430033
OHH1_2022,GEMN-0225_PHN46_0021/LH244,11.381484
OHH1_2022,GEMN-0225_PHP02_0001/LH244,11.385258
OHH1_2022,GEMN-0225_PHP02_0002/LH244,11.3891
OHH1_2022,GEMN-0225_PHP02_0003/LH244,11.427434
OHH1_2022,GEMN-0225_PHP02_0005/LH244,11.407859
OHH1_2022,GEMN-0225_PHP02_0006/LH244,11.355257
OHH1_2022,GEMN-0225_PHP02_0008/LH244,11.418669
OHH1_2022,GEMN-0225_PHP02_0009/LH244,11.395452
OHH1_2022,GEMN-0225_PHP02_0010/LH244,11.373653
OHH1_2022,GEMN-0225_PHP02_0012/LH244,11.401633
OHH1_2022,GEMN-0225_PHP02_0013/LH244,11.410694
OHH1_2022,GEMN-0225_PHP02_0014/LH244,11.366919
OHH1_2022,GEMN-0225_PHP02_0015/LH244,11.347754
OHH1_2022,GEMN-0225_PHP02_0017/LH244,11.412981
OHH1_2022,GEMN-0232/LH244,11.38106
OHH1_2022,GEMN-0238/LH244,11.388513
OHH1_2022,GEMN-0257/LH244,11.407406
OHH1_2022,GEMN-0270/LH244,11.435722
OHH1_2022,GEMN-0271/LH244,11.410349
OHH1_2022,GEMN-0287/LH244,11.389633
OHH1_2022,LH185/LH244,12.104742
OHH1_2022,LH195/PHZ51,10.786267
OHH1_2022,LH212HT/LH244,11.717493
OHH1_2022,LH213/LH244,11.354708
OHH1_2022,LH216/LH244,11.268817
OHH1_2022,LH244/PHK76,11.505192
OHH1_2022,LH244/PHZ51,11.163919
OHH1_2022,LH283/LH244,11.385736
OHH1_2022,LH287/LH244,11.451475
OHH1_2022,LH82/LH244,11.25871
OHH1_2022,M162W/LH244,11.397943
OHH1_2022,MBUB/LH244,11.419144
OHH1_2022,MM501D/LH244,11.402637
OHH1_2022,MO17_PHW30-008-(2N)-01/LH244,11.370176
OHH1_2022,MO17_PHW30-200-(2N)-02/LH244,11.440475
OHH1_2022,MO17_PHW30-309-(2N)-01/LH244,11.389899
OHH1_2022,MO44/LH244,12.238451
OHH1_2022,MO44_LH145_0127/LH244,11.451929
OHH1_2022,MO44_LH145_0138/LH244,11.351921
OHH1_2022,MO44_PHG47_0072/LH244,11.389049
OHH1_2022,MO44_PHG47_0125/LH244,11.448865
OHH1_2022,MO44_PHW65_0025/LH244,11.5467
OHH1_2022,MO44_PHW65_0035/LH244,10.804169
OHH1_2022,MOG/LH244,11.105017
OHH1_2022,MS71/LH244,11.389128
OHH1_2022,NC358/LH244,11.386625
OHH1_2022,NC366/LH244,11.405811
OHH1_2022,NC378/LH244,11.350951
OHH1_2022,NC386/LH244,11.381378
OHH1_2022,NC388/LH244,11.356203
OHH1_2022,NC398/LH244,11.429279
OHH1_2022,NC426/LH244,11.341908
OHH1_2022,NC428/LH244,11.404636
OHH1_2022,NC438/LH244,11.43537
OHH1_2022,NC454/LH244,11.35491
OHH1_2022,NC528/LH244,11.41457
OHH1_2022,NC542/LH244,11.418915
OHH1_2022,NC546/LH244,11.378614
OHH1_2022,NC548/LH244,11.388894
OHH1_2022,NKH8431/LH244,11.61721
OHH1_2022,OH43/LH244,11.398789
OHH1_2022,PH207/LH244,11.364546
OHH1_2022,PH24E/LH244,11.38184
OHH1_2022,PHAP9/LH244,11.378732
OHH1_2022,PHB47/LH244,11.487492
OHH1_2022,PHB47/PHN82,11.510955
OHH1_2022,PHB47/PHZ51,10.42323
OHH1_2022,PHG29/PHG47,9.740755
OHH1_2022,PHG39/PHN82,11.203634
OHH1_2022,PHG47/LH244,11.329421
OHH1_2022,PHJ40/PHAJ0,8.56005
OHH1_2022,PHJ89/LH244,11.438735
OHH1_2022,PHJ90/LH244,11.43833
OHH1_2022,PHK56/LH244,11.703806
OHH1_2022,PHKE6/LH244,11.446144
OHH1_2022,PHN11/LH244,11.850698
OHH1_2022,PHN11_LH145_0005/LH244,11.416571
OHH1_2022,PHN11_LH145_0028/LH244,11.406493
OHH1_2022,PHN11_LH145_0085/LH244,11.407858
OHH1_2022,PHN11_OH43_0001/LH244,11.312859
OHH1_2022,PHN11_OH43_0075/LH244,11.406572
OHH1_2022,PHN11_OH43_0088/LH244,11.393608
OHH1_2022,PHN11_PHG47_0251/LH244,11.125872
OHH1_2022,PHN11_PHG47_0287/LH244,11.390639
OHH1_2022,PHN11_PHW65_0312/LH244,12.098256
OHH1_2022,PHN11_PHW65_0323/LH244,12.099736
OHH1_2022,PHN11_PHW65_0359/LH244,11.174429
OHH1_2022,PHN46/LH244,11.440828
OHH1_2022,PHP02/LH244,11.347509
OHH1_2022,PHP55/LH244,11.397493
OHH1_2022,PHR03/LH244,11.393308
OHH1_2022,PHRE1/PHTD5,9.735407
OHH1_2022,PHW30/LH244,11.39488
OHH1_2022,PHW30_MO17-010-(2N)-01/LH244,11.389685
OHH1_2022,PHW30_MO17-032-(2N)-01/LH244,11.358511
OHH1_2022,PHW30_MO17-095-(2N)-01/LH244,11.363089
OHH1_2022,PHW30_MO17-129-(2N)-01/LH244,11.428942
OHH1_2022,PHW30_MO17-178-(2N)-01/LH244,11.42591
OHH1_2022,PHW30_MO17-234-(2N)-02/LH244,11.424183
OHH1_2022,PHW30_MO17-299-(2N)-01/LH244,11.373318
OHH1_2022,PHW52/PHM49,10.644163
OHH1_2022,PHW65_MOG_0137/LH244,12.053
OHH1_2022,PHW65_MOG_0176/LH244,11.239519
OHH1_2022,PHW65_MOG_0271/LH244,11.656356
OHH1_2022,TX777/LH195,10.528399
OHH1_2022,TX779/LH195,10.658876
OHH1_2022,W10001_0003/LH244,11.386446
OHH1_2022,W10001_0007/LH244,11.389708
OHH1_2022,W10001_0009/LH244,11.344046
OHH1_2022,W10001_0010/LH244,11.41201
OHH1_2022,W10001_0012/LH244,11.39579
OHH1_2022,W10001_0013/LH244,11.394525
OHH1_2022,W10001_0014/LH244,11.436003
OHH1_2022,W10001_0016/LH244,11.366502
OHH1_2022,W10001_0017/LH244,11.360099
OHH1_2022,W10001_0019/LH244,11.387043
OHH1_2022,W10001_0021/LH244,11.406039
OHH1_2022,W10001_0022/LH244,10.726931
OHH1_2022,W10001_0023/LH244,11.369768
OHH1_2022,W10001_0030/LH244,11.42062
OHH1_2022,W10001_0031/LH244,11.412836
OHH1_2022,W10001_0033/LH244,11.398216
OHH1_2022,W10001_0040/LH244,11.365025
OHH1_2022,W10001_0047/LH244,11.381646
OHH1_2022,W10002_0002/LH244,11.391303
OHH1_2022,W10005_0029/LH244,11.416918
OHH1_2022,W10005_0107/LH244,11.14051
OHH1_2022,W10005_0111/LH244,11.37599
OHH1_2022,W10005_0147/LH244,11.309759
OHH1_2022,W10005_0220/LH244,11.351139
OHH1_2022,W10010_0084/LH244,11.352298
OHH1_2022,W10010_0093/LH244,11.383314
OHH1_2022,W10010_0101/LH244,11.411501
OHH1_2022,W10010_0118/LH244,11.454392
OHH1_2022,W10010_0124/LH244,11.413337
OHH1_2022,W10010_0148/LH244,11.430302
OHH1_2022,W10010_0170/LH244,11.384148
OHH1_2022,W10010_0188/LH244,11.377321
OHH1_2022,W10010_0189/LH244,11.3926
OHH1_2022,W10010_0279/LH244,11.403015
OHH1_2022,W10010_0294/LH244,11.386505
OHH1_2022,W10010_0311/LH244,11.363168
OHH1_2022,W10010_0337/LH244,11.417707
OHH1_2022,W10010_0346/LH244,11.41846
OHH1_2022,W10010_0358/LH244,11.420385
OHH1_2022,W10010_0381/LH244,11.415327
OHH1_2022,W10010_0452/LH244,11.425526
OHH1_2022,W10010_0464/LH244,11.365781
SCH1_2022,B14A/H95,11.641819
SCH1_2022,B14A/MO17,11.675561
SCH1_2022,B14A/OH43,11.78709
SCH1_2022,B37/H95,11.716986
SCH1_2022,B37/MO17,11.78709
SCH1_2022,B37/OH43,11.771441
SCH1_2022,B73/MO17,12.396958
SCH1_2022,B73/PHK76,12.342891
SCH1_2022,B73/PHM49,12.362724
SCH1_2022,B73/PHN82,12.471243
SCH1_2022,B73/PHZ51,12.220148
SCH1_2022,B73/TX779,11.692574
SCH1_2022,B97/LH244,12.375055
SCH1_2022,BGEM-0039-N/LH244,12.14122
SCH1_2022,BGEM-0063-N/LH244,12.471418
SCH1_2022,BGEM-0089-N/LH244,12.209579
SCH1_2022,BGEM-0124-N/LH244,12.203063
SCH1_2022,BGEM-0129-N/LH244,9.973344
SCH1_2022,CG119/CG108,6.029516
SCH1_2022,CG44/CGR01,11.630835
SCH1_2022,DK3IIH6/LH244,12.708006
SCH1_2022,DK78010/LH244,12.457043
SCH1_2022,F42/H95,12.108198
SCH1_2022,F42/MO17,12.337255
SCH1_2022,F42/OH43,12.100857
SCH1_2022,GEMN-0096/LH244,12.450417
SCH1_2022,GEMN-0096_LH212HT_0001/LH244,12.436428
SCH1_2022,GEMN-0096_LH212HT_0004/LH244,12.446088
SCH1_2022,GEMN-0096_LH212HT_0005/LH244,12.465542
SCH1_2022,GEMN-0096_LH212HT_0006/LH244,12.434712
SCH1_2022,GEMN-0096_LH212HT_0009/LH244,12.437603
SCH1_2022,GEMN-0096_LH212HT_0010/LH244,12.457763
SCH1_2022,GEMN-0096_LH212HT_0011/LH244,12.446143
SCH1_2022,GEMN-0096_LH212HT_0012/LH244,12.433873
SCH1_2022,GEMN-0096_LH212HT_0013/LH244,12.455805
SCH1_2022,GEMN-0096_LH212HT_0017/LH244,12.457069
SCH1_2022,GEMN-0096_LH212HT_0021/LH244,12.449114
SCH1_2022,GEMN-0096_PHJ89_0001/LH244,12.437702
SCH1_2022,GEMN-0096_PHJ89_0002/LH244,12.452518
SCH1_2022,GEMN-0096_PHJ89_0006/LH244,12.443269
SCH1_2022,GEMN-0096_PHJ89_0007/LH244,12.442744
SCH1_2022,GEMN-0096_PHJ89_0009/LH244,12.43416
SCH1_2022,GEMN-0096_PHJ89_0010/LH244,12.451342
SCH1_2022,GEMN-0096_PHJ89_0011/LH244,12.440087
SCH1_2022,GEMN-0096_PHJ89_0012/LH244,12.448685
SCH1_2022,GEMN-0096_PHJ89_0013/LH244,12.456688
SCH1_2022,GEMN-0096_PHJ89_0014/LH244,12.456961
SCH1_2022,GEMN-0096_PHJ89_0016/LH244,12.431945
SCH1_2022,GEMN-0096_PHJ89_0017/LH244,12.463379
SCH1_2022,GEMN-0096_PHK76_0001/LH244,12.446575
SCH1_2022,GEMN-0096_PHK76_0002/LH244,12.435117
SCH1_2022,GEMN-0096_PHK76_0003/LH244,12.443858
SCH1_2022,GEMN-0096_PHK76_0004/LH244,12.459761
SCH1_2022,GEMN-0096_PHK76_0006/LH244,12.463822
SCH1_2022,GEMN-0096_PHK76_0007/LH244,12.439344
SCH1_2022,GEMN-0096_PHK76_0008/LH244,12.443996
SCH1_2022,GEMN-0096_PHK76_0009/LH244,12.440283
SCH1_2022,GEMN-0096_PHK76_0010/LH244,12.444448
SCH1_2022,GEMN-0096_PHK76_0013/LH244,12.433523
SCH1_2022,GEMN-0096_PHK76_0015/LH244,12.431827
SCH1_2022,GEMN-0096_PHK76_0016/LH244,12.437355
SCH1_2022,GEMN-0096_PHN46_0001/LH244,12.443185
SCH1_2022,GEMN-0096_PHN46_0002/LH244,12.425237
SCH1_2022,GEMN-0096_PHN46_0003/LH244,12.434522
SCH1_2022,GEMN-0096_PHN46_0004/LH244,12.433445
SCH1_2022,GEMN-0096_PHN46_0005/LH244,12.443936
SCH1_2022,GEMN-0096_PHN46_0007/LH244,12.436599
SCH1_2022,GEMN-0096_PHN46_0009/LH244,12.426078
SCH1_2022,GEMN-0096_PHN46_0010/LH244,12.439608
SCH1_2022,GEMN-0096_PHN46_0011/LH244,12.46183
SCH1_2022,GEMN-0096_PHN46_0012/LH244,12.462651
SCH1_2022,GEMN-0096_PHN46_0013/LH244,12.426915
SCH1_2022,GEMN-0096_PHN46_0014/LH244,12.437719
SCH1_2022,GEMN-0096_PHN46_0018/LH244,12.437384
SCH1_2022,GEMN-0096_PHN46_0020/LH244,12.4338
SCH1_2022,GEMN-0096_PHN46_0023/LH244,12.437939
SCH1_2022,GEMN-0096_PHP02_0001/LH244,12.446388
SCH1_2022,GEMN-0096_PHP02_0003/LH244,12.453869
SCH1_2022,GEMN-0096_PHP02_0005/LH244,12.452936
SCH1_2022,GEMN-0096_PHP02_0006/LH244,12.442957
SCH1_2022,GEMN-0096_PHP02_0007/LH244,12.430751
SCH1_2022,GEMN-0096_PHP02_0009/LH244,12.454
SCH1_2022,GEMN-0096_PHP02_0010/LH244,12.446494
SCH1_2022,GEMN-0096_PHP02_0011/LH244,12.445251
SCH1_2022,GEMN-0096_PHP02_0012/LH244,12.442252
SCH1_2022,GEMN-0096_PHP02_0016/LH244,12.438794
SCH1_2022,GEMN-0096_PHP02_0017/LH244,12.452372
SCH1_2022,GEMN-0096_PHP02_0025/LH244,12.462408
SCH1_2022,GEMN-0096_PHP02_0030/LH244,12.4461
SCH1_2022,GEMN-0097/LH244,12.44665
SCH1_2022,GEMN-0097_LH212HT_0002/LH244,12.462952
SCH1_2022,GEMN-0097_LH212HT_0004/LH244,12.436979
SCH1_2022,GEMN-0097_LH212HT_0019/LH244,12.448154
SCH1_2022,GEMN-0097_LH212HT_0020/LH244,12.457152
SCH1_2022,GEMN-0097_LH212HT_0023/LH244,12.458627
SCH1_2022,GEMN-0097_LH212HT_0026/LH244,12.44989
SCH1_2022,GEMN-0097_LH212HT_0032/LH244,12.459194
SCH1_2022,GEMN-0097_LH212HT_0039/LH244,12.444392
SCH1_2022,GEMN-0097_LH212HT_0047/LH244,12.453344
SCH1_2022,GEMN-0097_LH212HT_0051/LH244,12.439566
SCH1_2022,GEMN-0097_LH212HT_0054/LH244,12.434936
SCH1_2022,GEMN-0097_LH212HT_0058/LH244,12.443851
SCH1_2022,GEMN-0097_LH212HT_0061/LH244,12.434639
SCH1_2022,GEMN-0097_LH212HT_0062/LH244,12.450898
SCH1_2022,GEMN-0097_LH212HT_0069/LH244,12.441584
SCH1_2022,GEMN-0097_LH212HT_0074/LH244,12.441007
SCH1_2022,GEMN-0097_LH212HT_0085/LH244,12.437355
SCH1_2022,GEMN-0097_LH212HT_0090/LH244,12.448701
SCH1_2022,GEMN-0097_PHJ89_0001/LH244,12.436438
SCH1_2022,GEMN-0097_PHJ89_0002/LH244,12.446066
SCH1_2022,GEMN-0097_PHJ89_0003/LH244,12.44915
SCH1_2022,GEMN-0097_PHJ89_0005/LH244,12.4338
SCH1_2022,GEMN-0097_PHJ89_0006/LH244,12.441036
SCH1_2022,GEMN-0097_PHJ89_0007/LH244,12.446989
SCH1_2022,GEMN-0097_PHJ89_0008/LH244,12.451016
SCH1_2022,GEMN-0097_PHJ89_0010/LH244,12.460013
SCH1_2022,GEMN-0097_PHJ89_0011/LH244,12.442305
SCH1_2022,GEMN-0097_PHJ89_0012/LH244,12.458062
SCH1_2022,GEMN-0097_PHJ89_0013/LH244,12.44924
SCH1_2022,GEMN-0097_PHJ89_0016/LH244,12.45883
SCH1_2022,GEMN-0097_PHJ89_0020/LH244,12.443124
SCH1_2022,GEMN-0097_PHJ89_0023/LH244,12.452614
SCH1_2022,GEMN-0097_PHJ89_0025/LH244,12.433541
SCH1_2022,GEMN-0097_PHJ89_0026/LH244,12.454073
SCH1_2022,GEMN-0097_PHJ89_0027/LH244,12.43421
SCH1_2022,GEMN-0097_PHJ89_0028/LH244,12.446964
SCH1_2022,GEMN-0097_PHJ89_0029/LH244,12.448814
SCH1_2022,GEMN-0097_PHJ89_0036/LH244,12.435619
SCH1_2022,GEMN-0097_PHJ89_0039/LH244,12.436297
SCH1_2022,GEMN-0097_PHK76_0002/LH244,12.453032
SCH1_2022,GEMN-0097_PHK76_0003/LH244,12.449789
SCH1_2022,GEMN-0097_PHK76_0007/LH244,12.43877
SCH1_2022,GEMN-0097_PHK76_0009/LH244,12.449313
SCH1_2022,GEMN-0097_PHK76_0011/LH244,12.446343
SCH1_2022,GEMN-0097_PHK76_0014/LH244,12.449183
SCH1_2022,GEMN-0097_PHK76_0015/LH244,12.448784
SCH1_2022,GEMN-0097_PHK76_0018/LH244,12.436344
SCH1_2022,GEMN-0097_PHK76_0021/LH244,12.435469
SCH1_2022,GEMN-0097_PHK76_0036/LH244,12.455994
SCH1_2022,GEMN-0097_PHK76_0037/LH244,12.461912
SCH1_2022,GEMN-0097_PHK76_0038/LH244,12.443647
SCH1_2022,GEMN-0097_PHK76_0039/LH244,12.459441
SCH1_2022,GEMN-0097_PHK76_0041/LH244,12.442493
SCH1_2022,GEMN-0097_PHK76_0048/LH244,12.459135
SCH1_2022,GEMN-0097_PHK76_0053/LH244,12.457003
SCH1_2022,GEMN-0097_PHK76_0055/LH244,12.447514
SCH1_2022,GEMN-0097_PHK76_0060/LH244,12.446947
SCH1_2022,GEMN-0097_PHN46_0001/LH244,12.434403
SCH1_2022,GEMN-0097_PHN46_0003/LH244,12.452463
SCH1_2022,GEMN-0097_PHN46_0004/LH244,12.450602
SCH1_2022,GEMN-0097_PHN46_0005/LH244,12.453797
SCH1_2022,GEMN-0097_PHN46_0007/LH244,12.456165
SCH1_2022,GEMN-0097_PHN46_0008/LH244,12.463678
SCH1_2022,GEMN-0097_PHN46_0011/LH244,12.42384
SCH1_2022,GEMN-0097_PHN46_0013/LH244,12.443193
SCH1_2022,GEMN-0097_PHN46_0014/LH244,12.439303
SCH1_2022,GEMN-0097_PHN46_0016/LH244,12.447622
SCH1_2022,GEMN-0097_PHN46_0018/LH244,12.444487
SCH1_2022,GEMN-0097_PHP02_0001/LH244,12.427873
SCH1_2022,GEMN-0097_PHP02_0002/LH244,12.446083
SCH1_2022,GEMN-0097_PHP02_0003/LH244,12.442677
SCH1_2022,GEMN-0097_PHP02_0005/LH244,12.437658
SCH1_2022,GEMN-0097_PHP02_0006/LH244,12.437201
SCH1_2022,GEMN-0097_PHP02_0007/LH244,12.452424
SCH1_2022,GEMN-0098/LH244,12.448463
SCH1_2022,GEMN-0104/LH244,12.429271
SCH1_2022,GEMN-0124/LH244,12.43959
SCH1_2022,GEMN-0144/LH244,12.443411
SCH1_2022,GEMN-0157/LH244,12.442345
SCH1_2022,GEMN-0177/LH244,12.452609
SCH1_2022,GEMN-0178/LH244,12.456888
SCH1_2022,GEMN-0187/LH244,12.452128
SCH1_2022,GEMN-0192/LH244,12.443167
SCH1_2022,GEMN-0192_LH212HT_0001/LH244,12.443953
SCH1_2022,GEMN-0192_LH212HT_0006/LH244,12.468847
SCH1_2022,GEMN-0192_LH212HT_0008/LH244,12.464025
SCH1_2022,GEMN-0192_LH212HT_0010/LH244,12.444867
SCH1_2022,GEMN-0192_LH212HT_0011/LH244,12.455753
SCH1_2022,GEMN-0192_LH212HT_0012/LH244,12.446583
SCH1_2022,GEMN-0192_LH212HT_0013/LH244,12.432948
SCH1_2022,GEMN-0192_LH212HT_0014/LH244,12.436834
SCH1_2022,GEMN-0192_LH212HT_0015/LH244,12.43775
SCH1_2022,GEMN-0192_LH212HT_0018/LH244,12.448802
SCH1_2022,GEMN-0192_LH212HT_0021/LH244,12.439665
SCH1_2022,GEMN-0192_LH212HT_0023/LH244,12.431791
SCH1_2022,GEMN-0192_PHJ89_0001/LH244,12.448946
SCH1_2022,GEMN-0192_PHJ89_0002/LH244,12.436694
SCH1_2022,GEMN-0192_PHK76_0002/LH244,12.461802
SCH1_2022,GEMN-0192_PHK76_0004/LH244,12.452332
SCH1_2022,GEMN-0192_PHK76_0005/LH244,12.444716
SCH1_2022,GEMN-0192_PHK76_0006/LH244,12.438082
SCH1_2022,GEMN-0192_PHK76_0007/LH244,12.460629
SCH1_2022,GEMN-0192_PHK76_0008/LH244,12.448166
SCH1_2022,GEMN-0192_PHK76_0009/LH244,12.448032
SCH1_2022,GEMN-0192_PHK76_0010/LH244,12.431886
SCH1_2022,GEMN-0192_PHK76_0011/LH244,12.449261
SCH1_2022,GEMN-0192_PHK76_0012/LH244,12.44066
SCH1_2022,GEMN-0192_PHK76_0013/LH244,12.457985
SCH1_2022,GEMN-0192_PHK76_0014/LH244,12.463943
SCH1_2022,GEMN-0192_PHK76_0015/LH244,12.456028
SCH1_2022,GEMN-0192_PHK76_0016/LH244,12.447998
SCH1_2022,GEMN-0192_PHK76_0017/LH244,12.447834
SCH1_2022,GEMN-0192_PHK76_0019/LH244,12.448168
SCH1_2022,GEMN-0192_PHK76_0021/LH244,12.445217
SCH1_2022,GEMN-0192_PHK76_0025/LH244,12.436876
SCH1_2022,GEMN-0192_PHK76_0027/LH244,12.439117
SCH1_2022,GEMN-0192_PHK76_0028/LH244,12.458483
SCH1_2022,GEMN-0192_PHK76_0030/LH244,12.449968
SCH1_2022,GEMN-0192_PHK76_0032/LH244,12.450397
SCH1_2022,GEMN-0192_PHK76_0033/LH244,12.440796
SCH1_2022,GEMN-0192_PHK76_0035/LH244,12.44069
SCH1_2022,GEMN-0192_PHK76_0036/LH244,12.450647
SCH1_2022,GEMN-0192_PHK76_0037/LH244,12.447329
SCH1_2022,GEMN-0192_PHK76_0041/LH244,12.44549
SCH1_2022,GEMN-0192_PHK76_0044/LH244,12.434278
SCH1_2022,GEMN-0192_PHK76_0045/LH244,12.444726
SCH1_2022,GEMN-0192_PHN46_0001/LH244,12.451034
SCH1_2022,GEMN-0192_PHN46_0002/LH244,12.463495
SCH1_2022,GEMN-0192_PHN46_0003/LH244,12.445925
SCH1_2022,GEMN-0192_PHN46_0004/LH244,12.442987
SCH1_2022,GEMN-0192_PHN46_0005/LH244,12.453268
SCH1_2022,GEMN-0192_PHN46_0006/LH244,12.433833
SCH1_2022,GEMN-0192_PHN46_0008/LH244,12.450953
SCH1_2022,GEMN-0192_PHN46_0009/LH244,12.44863
SCH1_2022,GEMN-0192_PHN46_0010/LH244,12.459425
SCH1_2022,GEMN-0192_PHN46_0011/LH244,12.450739
SCH1_2022,GEMN-0192_PHN46_0012/LH244,12.428785
SCH1_2022,GEMN-0192_PHN46_0014/LH244,12.424267
SCH1_2022,GEMN-0192_PHN46_0015/LH244,12.455899
SCH1_2022,GEMN-0192_PHN46_0017/LH244,12.439516
SCH1_2022,GEMN-0192_PHN46_0018/LH244,12.450236
SCH1_2022,GEMN-0192_PHN46_0020/LH244,12.450396
SCH1_2022,GEMN-0192_PHN46_0025/LH244,12.457
SCH1_2022,GEMN-0192_PHP02_0001/LH244,12.456921
SCH1_2022,GEMN-0192_PHP02_0003/LH244,12.437187
SCH1_2022,GEMN-0225/LH244,12.443001
SCH1_2022,GEMN-0225_LH212HT_0002/LH244,12.442915
SCH1_2022,GEMN-0225_LH212HT_0003/LH244,12.44507
SCH1_2022,GEMN-0225_LH212HT_0005/LH244,12.452044
SCH1_2022,GEMN-0225_LH212HT_0006/LH244,12.435473
SCH1_2022,GEMN-0225_LH212HT_0008/LH244,12.431481
SCH1_2022,GEMN-0225_LH212HT_0009/LH244,12.435014
SCH1_2022,GEMN-0225_LH212HT_0015/LH244,12.459007
SCH1_2022,GEMN-0225_LH212HT_0017/LH244,12.468096
SCH1_2022,GEMN-0225_LH212HT_0024/LH244,12.443473
SCH1_2022,GEMN-0225_LH212HT_0025/LH244,12.450871
SCH1_2022,GEMN-0225_LH212HT_0028/LH244,12.448519
SCH1_2022,GEMN-0225_LH212HT_0029/LH244,12.461876
SCH1_2022,GEMN-0225_LH212HT_0033/LH244,12.451258
SCH1_2022,GEMN-0225_LH212HT_0036/LH244,12.448702
SCH1_2022,GEMN-0225_LH212HT_0040/LH244,12.443865
SCH1_2022,GEMN-0225_LH212HT_0043/LH244,12.450871
SCH1_2022,GEMN-0225_PHJ89_0001/LH244,12.441761
SCH1_2022,GEMN-0225_PHJ89_0002/LH244,12.458514
SCH1_2022,GEMN-0225_PHJ89_0003/LH244,12.433121
SCH1_2022,GEMN-0225_PHJ89_0004/LH244,12.447357
SCH1_2022,GEMN-0225_PHJ89_0005/LH244,12.440983
SCH1_2022,GEMN-0225_PHJ89_0006/LH244,12.428693
SCH1_2022,GEMN-0225_PHJ89_0008/LH244,12.457108
SCH1_2022,GEMN-0225_PHJ89_0009/LH244,12.444806
SCH1_2022,GEMN-0225_PHJ89_0013/LH244,12.447968
SCH1_2022,GEMN-0225_PHJ89_0014/LH244,12.456175
SCH1_2022,GEMN-0225_PHJ89_0015/LH244,12.46699
SCH1_2022,GEMN-0225_PHJ89_0016/LH244,12.45728
SCH1_2022,GEMN-0225_PHJ89_0017/LH244,12.444327
SCH1_2022,GEMN-0225_PHJ89_0018/LH244,12.450887
SCH1_2022,GEMN-0225_PHJ89_0020/LH244,12.438929
SCH1_2022,GEMN-0225_PHJ89_0021/LH244,12.431052
SCH1_2022,GEMN-0225_PHJ89_0022/LH244,12.453502
SCH1_2022,GEMN-0225_PHJ89_0026/LH244,12.442624
SCH1_2022,GEMN-0225_PHJ89_0027/LH244,12.429396
SCH1_2022,GEMN-0225_PHJ89_0032/LH244,12.458726
SCH1_2022,GEMN-0225_PHK76_0002/LH244,12.454644
SCH1_2022,GEMN-0225_PHK76_0003/LH244,12.446054
SCH1_2022,GEMN-0225_PHK76_0004/LH244,12.462856
SCH1_2022,GEMN-0225_PHK76_0005/LH244,12.458405
SCH1_2022,GEMN-0225_PHK76_0007/LH244,12.451731
SCH1_2022,GEMN-0225_PHK76_0008/LH244,12.440144
SCH1_2022,GEMN-0225_PHK76_0010/LH244,12.451264
SCH1_2022,GEMN-0225_PHK76_0012/LH244,12.446037
SCH1_2022,GEMN-0225_PHK76_0013/LH244,12.439465
SCH1_2022,GEMN-0225_PHK76_0014/LH244,12.430933
SCH1_2022,GEMN-0225_PHK76_0018/LH244,12.439919
SCH1_2022,GEMN-0225_PHK76_0019/LH244,12.460882
SCH1_2022,GEMN-0225_PHK76_0021/LH244,12.4501
SCH1_2022,GEMN-0225_PHK76_0022/LH244,12.454321
SCH1_2022,GEMN-0225_PHK76_0027/LH244,12.442369
SCH1_2022,GEMN-0225_PHK76_0028/LH244,12.463371
SCH1_2022,GEMN-0225_PHK76_0031/LH244,12.444805
SCH1_2022,GEMN-0225_PHK76_0032/LH244,12.456879
SCH1_2022,GEMN-0225_PHN46_0001/LH244,12.446519
SCH1_2022,GEMN-0225_PHN46_0003/LH244,12.452842
SCH1_2022,GEMN-0225_PHN46_0004/LH244,12.448491
SCH1_2022,GEMN-0225_PHN46_0005/LH244,12.434167
SCH1_2022,GEMN-0225_PHN46_0006/LH244,12.459191
SCH1_2022,GEMN-0225_PHN46_0009/LH244,12.459787
SCH1_2022,GEMN-0225_PHN46_0021/LH244,12.442622
SCH1_2022,GEMN-0225_PHP02_0001/LH244,12.443956
SCH1_2022,GEMN-0225_PHP02_0002/LH244,12.445314
SCH1_2022,GEMN-0225_PHP02_0003/LH244,12.458868
SCH1_2022,GEMN-0225_PHP02_0005/LH244,12.451947
SCH1_2022,GEMN-0225_PHP02_0006/LH244,12.43335
SCH1_2022,GEMN-0225_PHP02_0008/LH244,12.45577
SCH1_2022,GEMN-0225_PHP02_0009/LH244,12.447561
SCH1_2022,GEMN-0225_PHP02_0010/LH244,12.439854
SCH1_2022,GEMN-0225_PHP02_0012/LH244,12.449747
SCH1_2022,GEMN-0225_PHP02_0013/LH244,12.45295
SCH1_2022,GEMN-0225_PHP02_0014/LH244,12.437472
SCH1_2022,GEMN-0225_PHP02_0015/LH244,12.430696
SCH1_2022,GEMN-0225_PHP02_0017/LH244,12.453758
SCH1_2022,GEMN-0238/LH244,12.445107
SCH1_2022,GEMN-0257/LH244,12.451788
SCH1_2022,GEMN-0271/LH244,12.452827
SCH1_2022,GEMN-0287/LH244,12.445503
SCH1_2022,LH145/LH82,11.051746
SCH1_2022,LH185/LH244,12.732141
SCH1_2022,LH195/MO17,12.539553
SCH1_2022,LH195/PHK76,12.043587
SCH1_2022,LH195/PHN82,12.372045
SCH1_2022,LH195/PHZ51,12.221413
SCH1_2022,LH216/LH244,12.402788
SCH1_2022,LH244/MO17,12.725023
SCH1_2022,LH244/PHK76,12.486361
SCH1_2022,LH244/PHN82,12.590464
SCH1_2022,LH244/PHZ51,12.3657
SCH1_2022,LH283/LH244,12.444126
SCH1_2022,LH287/LH244,12.467369
SCH1_2022,LH74/PHN82,12.303418
SCH1_2022,LH82/LH244,12.399214
SCH1_2022,M162W/LH244,12.448442
SCH1_2022,MBUB/LH244,12.455937
SCH1_2022,MM501D/LH244,12.450101
SCH1_2022,MO17_PHW30-008-(2N)-01/LH244,12.438624
SCH1_2022,MO17_PHW30-200-(2N)-02/LH244,12.463479
SCH1_2022,MO17_PHW30-309-(2N)-01/LH244,12.445598
SCH1_2022,MO44_LH145_0127/LH244,12.467529
SCH1_2022,MO44_LH145_0138/LH244,12.432169
SCH1_2022,MO44_PHG47_0072/LH244,12.445297
SCH1_2022,MO44_PHG47_0125/LH244,12.466446
SCH1_2022,MO44_PHW65_0025/LH244,12.501036
SCH1_2022,MO44_PHW65_0035/LH244,12.228819
SCH1_2022,MOG/LH244,12.344874
SCH1_2022,MS71/LH244,12.445325
SCH1_2022,NC358/LH244,12.44444
SCH1_2022,NC366/LH244,12.451223
SCH1_2022,NC374/LH244,12.445913
SCH1_2022,NC378/LH244,12.431828
SCH1_2022,NC388/LH244,12.433683
SCH1_2022,NC398/LH244,12.45952
SCH1_2022,NC426/LH244,12.42863
SCH1_2022,NC428/LH244,12.450808
SCH1_2022,NC438/LH244,12.461675
SCH1_2022,NC458/LH244,12.453176
SCH1_2022,NC512/LH244,12.463615
SCH1_2022,NC528/LH244,12.454319
SCH1_2022,NC542/LH244,12.455856
SCH1_2022,NC546/LH244,12.441608
SCH1_2022,NC548/LH244,12.445242
SCH1_2022,NKH8431/LH244,12.526558
SCH1_2022,OH43/LH244,12.448741
SCH1_2022,OH7B/LH244,12.446227
SCH1_2022,PH207/LH244,12.436634
SCH1_2022,PH24E/LH244,12.442748
SCH1_2022,PHAP9/LH244,12.441648
SCH1_2022,PHB47/LH244,12.480103
SCH1_2022,PHB47/MO17,11.993895
SCH1_2022,PHB47/PHK76,12.201368
SCH1_2022,PHB47/PHN82,12.488398
SCH1_2022,PHB47/PHZ51,12.028361
SCH1_2022,PHG29/PHG47,11.44418
SCH1_2022,PHG35/LH244,12.464365
SCH1_2022,PHG39/PHN82,12.379742
SCH1_2022,PHG47/LH244,12.424215
SCH1_2022,PHJ40/PHAJ0,10.263474
SCH1_2022,PHJ89/LH244,12.462864
SCH1_2022,PHJ89/PH207,12.143061
SCH1_2022,PHJ90/LH244,12.462721
SCH1_2022,PHK56/LH244,12.559927
SCH1_2022,PHKE6/LH244,12.465483
SCH1_2022,PHN11/LH244,12.621357
SCH1_2022,PHN11_LH145_0005/LH244,12.455028
SCH1_2022,PHN11_LH145_0028/LH244,12.451465
SCH1_2022,PHN11_LH145_0085/LH244,12.451947
SCH1_2022,PHN11_OH43_0001/LH244,12.41836
SCH1_2022,PHN11_OH43_0075/LH244,12.451492
SCH1_2022,PHN11_OH43_0088/LH244,12.446909
SCH1_2022,PHN11_PHG47_0251/LH244,12.352247
SCH1_2022,PHN11_PHG47_0287/LH244,12.44586
SCH1_2022,PHN11_PHW65_0312/LH244,12.728653
SCH1_2022,PHN11_PHW65_0323/LH244,12.72945
SCH1_2022,PHN11_PHW65_0359/LH244,12.369415
SCH1_2022,PHN46/LH244,12.463604
SCH1_2022,PHP02/LH244,12.43061
SCH1_2022,PHP55/LH244,12.448282
SCH1_2022,PHR03/LH244,12.446803
SCH1_2022,PHRE1/PHTD5,11.438831
SCH1_2022,PHW30/LH244,12.447358
SCH1_2022,PHW30_MO17-010-(2N)-01/LH244,12.445522
SCH1_2022,PHW30_MO17-032-(2N)-01/LH244,12.4345
SCH1_2022,PHW30_MO17-095-(2N)-01/LH244,12.436119
SCH1_2022,PHW30_MO17-129-(2N)-01/LH244,12.459402
SCH1_2022,PHW30_MO17-178-(2N)-01/LH244,12.45833
SCH1_2022,PHW30_MO17-234-(2N)-02/LH244,12.457719
SCH1_2022,PHW52/PHM49,12.151485
SCH1_2022,PHW52/PHN82,12.526556
SCH1_2022,PHW65_MOG_0137/LH244,12.704317
SCH1_2022,PHW65_MOG_0176/LH244,12.392429
SCH1_2022,PHW65_MOG_0271/LH244,12.541302
SCH1_2022,TX714/PHZ51,12.185565
SCH1_2022,TX714/TX779,11.986151
SCH1_2022,TX777/LH195,12.088598
SCH1_2022,TX779/LH195,12.159477
SCH1_2022,TX951/LH195,12.023575
SCH1_2022,W10001_0003/LH244,12.444377
SCH1_2022,W10001_0007/LH244,12.44553
SCH1_2022,W10001_0009/LH244,12.429386
SCH1_2022,W10001_0010/LH244,12.453415
SCH1_2022,W10001_0012/LH244,12.447681
SCH1_2022,W10001_0013/LH244,12.447233
SCH1_2022,W10001_0014/LH244,12.461898
SCH1_2022,W10001_0016/LH244,12.437325
SCH1_2022,W10001_0017/LH244,12.435061
SCH1_2022,W10001_0019/LH244,12.444588
SCH1_2022,W10001_0021/LH244,12.451303
SCH1_2022,W10001_0022/LH244,12.193474
SCH1_2022,W10001_0023/LH244,12.43848
SCH1_2022,W10001_0030/LH244,12.456459
SCH1_2022,W10001_0031/LH244,12.453708
SCH1_2022,W10001_0033/LH244,12.448538
SCH1_2022,W10001_0040/LH244,12.436803
SCH1_2022,W10001_0047/LH244,12.442679
SCH1_2022,W10002_0002/LH244,12.446095
SCH1_2022,W10005_0029/LH244,12.455151
SCH1_2022,W10005_0107/LH244,12.357423
SCH1_2022,W10005_0111/LH244,12.44068
SCH1_2022,W10005_0147/LH244,12.417263
SCH1_2022,W10005_0220/LH244,12.431893
SCH1_2022,W10010_0032/LH244,12.448081
SCH1_2022,W10010_0084/LH244,12.432303
SCH1_2022,W10010_0093/LH244,12.44327
SCH1_2022,W10010_0101/LH244,12.453236
SCH1_2022,W10010_0118/LH244,12.468399
SCH1_2022,W10010_0124/LH244,12.453884
SCH1_2022,W10010_0148/LH244,12.459883
SCH1_2022,W10010_0170/LH244,12.443564
SCH1_2022,W10010_0189/LH244,12.446552
SCH1_2022,W10010_0215/LH244,12.453081
SCH1_2022,W10010_0279/LH244,12.450235
SCH1_2022,W10010_0294/LH244,12.444398
SCH1_2022,W10010_0311/LH244,12.436147
SCH1_2022,W10010_0337/LH244,12.45543
SCH1_2022,W10010_0346/LH244,12.455696
SCH1_2022,W10010_0358/LH244,12.456376
SCH1_2022,W10010_0452/LH244,12.458194
TXH1_2022,B14A/OH43,8.719569
TXH1_2022,B37/H95,8.63931
TXH1_2022,B73/MO17,9.866789
TXH1_2022,B73/PHK76,9.713866
TXH1_2022,B73/PHN82,10.076893
TXH1_2022,B73/PHZ51,9.397671
TXH1_2022,B73/TX779,8.611506
TXH1_2022,B97/LH244,9.804839
TXH1_2022,BGEM-0039-N/LH244,9.239725
TXH1_2022,BGEM-0063-N/LH244,10.077388
TXH1_2022,BGEM-0089-N/LH244,9.375012
TXH1_2022,BGEM-0124-N/LH244,9.361409
TXH1_2022,BGEM-0129-N/LH244,6.884378
TXH1_2022,CG119/CG108,5.977673
TXH1_2022,CG44/CGR01,8.544434
TXH1_2022,DK3IIH6/LH244,10.793382
TXH1_2022,DK78010/LH244,10.036728
TXH1_2022,GEMN-0096/LH244,10.01799
TXH1_2022,GEMN-0096_LH212HT_0001/LH244,9.978424
TXH1_2022,GEMN-0096_LH212HT_0004/LH244,10.005745
TXH1_2022,GEMN-0096_LH212HT_0005/LH244,10.060768
TXH1_2022,GEMN-0096_LH212HT_0006/LH244,9.973572
TXH1_2022,GEMN-0096_LH212HT_0009/LH244,9.981745
TXH1_2022,GEMN-0096_LH212HT_0012/LH244,9.971197
TXH1_2022,GEMN-0096_LH212HT_0013/LH244,10.03323
TXH1_2022,GEMN-0096_LH212HT_0017/LH244,10.036803
TXH1_2022,GEMN-0096_PHJ89_0001/LH244,9.982027
TXH1_2022,GEMN-0096_PHJ89_0002/LH244,10.023932
TXH1_2022,GEMN-0096_PHJ89_0006/LH244,9.997771
TXH1_2022,GEMN-0096_PHJ89_0007/LH244,9.996288
TXH1_2022,GEMN-0096_PHJ89_0009/LH244,9.97201
TXH1_2022,GEMN-0096_PHJ89_0010/LH244,10.020606
TXH1_2022,GEMN-0096_PHJ89_0011/LH244,9.988773
TXH1_2022,GEMN-0096_PHJ89_0012/LH244,10.013091
TXH1_2022,GEMN-0096_PHJ89_0013/LH244,10.035727
TXH1_2022,GEMN-0096_PHJ89_0014/LH244,10.036497
TXH1_2022,GEMN-0096_PHJ89_0016/LH244,9.965743
TXH1_2022,GEMN-0096_PHK76_0001/LH244,10.00712
TXH1_2022,GEMN-0096_PHK76_0002/LH244,9.974715
TXH1_2022,GEMN-0096_PHK76_0003/LH244,9.999439
TXH1_2022,GEMN-0096_PHK76_0004/LH244,10.044416
TXH1_2022,GEMN-0096_PHK76_0006/LH244,10.055904
TXH1_2022,GEMN-0096_PHK76_0007/LH244,9.98667
TXH1_2022,GEMN-0096_PHK76_0013/LH244,9.970209
TXH1_2022,GEMN-0096_PHN46_0001/LH244,9.997533
TXH1_2022,GEMN-0096_PHN46_0002/LH244,9.946769
TXH1_2022,GEMN-0096_PHN46_0003/LH244,9.97303
TXH1_2022,GEMN-0096_PHN46_0004/LH244,9.969988
TXH1_2022,GEMN-0096_PHN46_0005/LH244,9.99966
TXH1_2022,GEMN-0096_PHN46_0007/LH244,9.978905
TXH1_2022,GEMN-0096_PHN46_0010/LH244,9.987416
TXH1_2022,GEMN-0096_PHN46_0012/LH244,10.052589
TXH1_2022,GEMN-0096_PHN46_0013/LH244,9.951517
TXH1_2022,GEMN-0096_PHN46_0014/LH244,9.982073
TXH1_2022,GEMN-0096_PHN46_0020/LH244,9.970991
TXH1_2022,GEMN-0096_PHP02_0001/LH244,10.006594
TXH1_2022,GEMN-0096_PHP02_0003/LH244,10.027754
TXH1_2022,GEMN-0096_PHP02_0005/LH244,10.025113
TXH1_2022,GEMN-0096_PHP02_0006/LH244,9.996889
TXH1_2022,GEMN-0096_PHP02_0007/LH244,9.962366
TXH1_2022,GEMN-0096_PHP02_0011/LH244,10.003378
TXH1_2022,GEMN-0096_PHP02_0012/LH244,9.994897
TXH1_2022,GEMN-0096_PHP02_0016/LH244,9.985114
TXH1_2022,GEMN-0096_PHP02_0025/LH244,10.051905
TXH1_2022,GEMN-0096_PHP02_0030/LH244,10.005778
TXH1_2022,GEMN-0097/LH244,10.007334
TXH1_2022,GEMN-0097_LH212HT_0004/LH244,9.979983
TXH1_2022,GEMN-0097_LH212HT_0019/LH244,10.011589
TXH1_2022,GEMN-0097_LH212HT_0020/LH244,10.037039
TXH1_2022,GEMN-0097_LH212HT_0026/LH244,10.016498
TXH1_2022,GEMN-0097_LH212HT_0032/LH244,10.042814
TXH1_2022,GEMN-0097_LH212HT_0047/LH244,10.02627
TXH1_2022,GEMN-0097_LH212HT_0054/LH244,9.974201
TXH1_2022,GEMN-0097_LH212HT_0058/LH244,9.999418
TXH1_2022,GEMN-0097_LH212HT_0062/LH244,10.019348
TXH1_2022,GEMN-0097_LH212HT_0069/LH244,9.993006
TXH1_2022,GEMN-0097_LH212HT_0085/LH244,9.981044
TXH1_2022,GEMN-0097_PHJ89_0001/LH244,9.978451
TXH1_2022,GEMN-0097_PHJ89_0002/LH244,10.005682
TXH1_2022,GEMN-0097_PHJ89_0003/LH244,10.014404
TXH1_2022,GEMN-0097_PHJ89_0005/LH244,9.970988
TXH1_2022,GEMN-0097_PHJ89_0006/LH244,9.991455
TXH1_2022,GEMN-0097_PHJ89_0007/LH244,10.008292
TXH1_2022,GEMN-0097_PHJ89_0008/LH244,10.019685
TXH1_2022,GEMN-0097_PHJ89_0010/LH244,10.045133
TXH1_2022,GEMN-0097_PHJ89_0011/LH244,9.995043
TXH1_2022,GEMN-0097_PHJ89_0012/LH244,10.039612
TXH1_2022,GEMN-0097_PHJ89_0016/LH244,10.041785
TXH1_2022,GEMN-0097_PHJ89_0020/LH244,9.997361
TXH1_2022,GEMN-0097_PHJ89_0025/LH244,9.970259
TXH1_2022,GEMN-0097_PHJ89_0026/LH244,10.028327
TXH1_2022,GEMN-0097_PHJ89_0027/LH244,9.972147
TXH1_2022,GEMN-0097_PHJ89_0028/LH244,10.008226
TXH1_2022,GEMN-0097_PHJ89_0029/LH244,10.013456
TXH1_2022,GEMN-0097_PHJ89_0036/LH244,9.976135
TXH1_2022,GEMN-0097_PHK76_0003/LH244,10.016212
TXH1_2022,GEMN-0097_PHK76_0007/LH244,9.985048
TXH1_2022,GEMN-0097_PHK76_0009/LH244,10.014868
TXH1_2022,GEMN-0097_PHK76_0011/LH244,10.006467
TXH1_2022,GEMN-0097_PHK76_0014/LH244,10.0145
TXH1_2022,GEMN-0097_PHK76_0015/LH244,10.013371
TXH1_2022,GEMN-0097_PHK76_0018/LH244,9.978185
TXH1_2022,GEMN-0097_PHK76_0021/LH244,9.97571
TXH1_2022,GEMN-0097_PHK76_0037/LH244,10.050501
TXH1_2022,GEMN-0097_PHK76_0038/LH244,9.998841
TXH1_2022,GEMN-0097_PHK76_0039/LH244,10.043512
TXH1_2022,GEMN-0097_PHK76_0041/LH244,9.995579
TXH1_2022,GEMN-0097_PHK76_0048/LH244,10.042646
TXH1_2022,GEMN-0097_PHK76_0053/LH244,10.036615
TXH1_2022,GEMN-0097_PHK76_0055/LH244,10.009779
TXH1_2022,GEMN-0097_PHK76_0060/LH244,10.008175
TXH1_2022,GEMN-0097_PHN46_0001/LH244,9.972697
TXH1_2022,GEMN-0097_PHN46_0003/LH244,10.023777
TXH1_2022,GEMN-0097_PHN46_0004/LH244,10.018511
TXH1_2022,GEMN-0097_PHN46_0005/LH244,10.02755
TXH1_2022,GEMN-0097_PHN46_0008/LH244,10.055496
TXH1_2022,GEMN-0097_PHN46_0011/LH244,9.942819
TXH1_2022,GEMN-0097_PHN46_0014/LH244,9.986554
TXH1_2022,GEMN-0097_PHN46_0018/LH244,10.001216
TXH1_2022,GEMN-0097_PHP02_0002/LH244,10.005732
TXH1_2022,GEMN-0097_PHP02_0005/LH244,9.981904
TXH1_2022,GEMN-0097_PHP02_0006/LH244,9.980608
TXH1_2022,GEMN-0097_PHP02_0007/LH244,10.023666
TXH1_2022,GEMN-0098/LH244,10.012463
TXH1_2022,GEMN-0124/LH244,9.987367
TXH1_2022,GEMN-0144/LH244,9.998174
TXH1_2022,GEMN-0157/LH244,9.995158
TXH1_2022,GEMN-0178/LH244,10.036293
TXH1_2022,GEMN-0187/LH244,10.022829
TXH1_2022,GEMN-0192/LH244,9.99748
TXH1_2022,GEMN-0192_LH212HT_0001/LH244,9.999705
TXH1_2022,GEMN-0192_LH212HT_0006/LH244,10.070118
TXH1_2022,GEMN-0192_LH212HT_0011/LH244,10.033081
TXH1_2022,GEMN-0192_LH212HT_0012/LH244,10.007144
TXH1_2022,GEMN-0192_LH212HT_0014/LH244,9.979573
TXH1_2022,GEMN-0192_LH212HT_0018/LH244,10.01342
TXH1_2022,GEMN-0192_LH212HT_0021/LH244,9.987579
TXH1_2022,GEMN-0192_LH212HT_0023/LH244,9.965307
TXH1_2022,GEMN-0192_PHJ89_0001/LH244,10.013828
TXH1_2022,GEMN-0192_PHK76_0002/LH244,10.050186
TXH1_2022,GEMN-0192_PHK76_0004/LH244,10.023403
TXH1_2022,GEMN-0192_PHK76_0005/LH244,10.001866
TXH1_2022,GEMN-0192_PHK76_0006/LH244,9.983101
TXH1_2022,GEMN-0192_PHK76_0007/LH244,10.04687
TXH1_2022,GEMN-0192_PHK76_0008/LH244,10.011623
TXH1_2022,GEMN-0192_PHK76_0009/LH244,10.011243
TXH1_2022,GEMN-0192_PHK76_0010/LH244,9.965576
TXH1_2022,GEMN-0192_PHK76_0011/LH244,10.014716
TXH1_2022,GEMN-0192_PHK76_0012/LH244,9.990393
TXH1_2022,GEMN-0192_PHK76_0013/LH244,10.039392
TXH1_2022,GEMN-0192_PHK76_0014/LH244,10.056248
TXH1_2022,GEMN-0192_PHK76_0015/LH244,10.033861
TXH1_2022,GEMN-0192_PHK76_0016/LH244,10.011148
TXH1_2022,GEMN-0192_PHK76_0019/LH244,10.011627
TXH1_2022,GEMN-0192_PHK76_0021/LH244,10.003283
TXH1_2022,GEMN-0192_PHK76_0025/LH244,9.979692
TXH1_2022,GEMN-0192_PHK76_0028/LH244,10.040802
TXH1_2022,GEMN-0192_PHK76_0030/LH244,10.016723
TXH1_2022,GEMN-0192_PHK76_0032/LH244,10.017932
TXH1_2022,GEMN-0192_PHK76_0033/LH244,9.990779
TXH1_2022,GEMN-0192_PHK76_0035/LH244,9.990478
TXH1_2022,GEMN-0192_PHK76_0036/LH244,10.018641
TXH1_2022,GEMN-0192_PHK76_0044/LH244,9.972343
TXH1_2022,GEMN-0192_PHK76_0045/LH244,10.001892
TXH1_2022,GEMN-0192_PHN46_0002/LH244,10.054978
TXH1_2022,GEMN-0192_PHN46_0003/LH244,10.005283
TXH1_2022,GEMN-0192_PHN46_0004/LH244,9.996977
TXH1_2022,GEMN-0192_PHN46_0005/LH244,10.026053
TXH1_2022,GEMN-0192_PHN46_0006/LH244,9.971085
TXH1_2022,GEMN-0192_PHN46_0008/LH244,10.019504
TXH1_2022,GEMN-0192_PHN46_0009/LH244,10.012936
TXH1_2022,GEMN-0192_PHN46_0010/LH244,10.043468
TXH1_2022,GEMN-0192_PHN46_0011/LH244,10.0189
TXH1_2022,GEMN-0192_PHN46_0012/LH244,9.956807
TXH1_2022,GEMN-0192_PHN46_0014/LH244,9.944029
TXH1_2022,GEMN-0192_PHN46_0015/LH244,10.033495
TXH1_2022,GEMN-0192_PHN46_0025/LH244,10.036609
TXH1_2022,GEMN-0192_PHP02_0001/LH244,10.036385
TXH1_2022,GEMN-0192_PHP02_0003/LH244,9.980569
TXH1_2022,GEMN-0225/LH244,9.997011
TXH1_2022,GEMN-0225_LH212HT_0002/LH244,9.996769
TXH1_2022,GEMN-0225_LH212HT_0005/LH244,10.022591
TXH1_2022,GEMN-0225_LH212HT_0006/LH244,9.975723
TXH1_2022,GEMN-0225_LH212HT_0008/LH244,9.964433
TXH1_2022,GEMN-0225_LH212HT_0015/LH244,10.042286
TXH1_2022,GEMN-0225_LH212HT_0017/LH244,10.06799
TXH1_2022,GEMN-0225_LH212HT_0024/LH244,9.99835
TXH1_2022,GEMN-0225_LH212HT_0029/LH244,10.050398
TXH1_2022,GEMN-0225_LH212HT_0036/LH244,10.013137
TXH1_2022,GEMN-0225_PHJ89_0001/LH244,9.993505
TXH1_2022,GEMN-0225_PHJ89_0002/LH244,10.040891
TXH1_2022,GEMN-0225_PHJ89_0003/LH244,9.96907
TXH1_2022,GEMN-0225_PHJ89_0004/LH244,10.009336
TXH1_2022,GEMN-0225_PHJ89_0005/LH244,9.991306
TXH1_2022,GEMN-0225_PHJ89_0006/LH244,9.956546
TXH1_2022,GEMN-0225_PHJ89_0008/LH244,10.036914
TXH1_2022,GEMN-0225_PHJ89_0009/LH244,10.00212
TXH1_2022,GEMN-0225_PHJ89_0013/LH244,10.011065
TXH1_2022,GEMN-0225_PHJ89_0015/LH244,10.064865
TXH1_2022,GEMN-0225_PHJ89_0017/LH244,10.000765
TXH1_2022,GEMN-0225_PHJ89_0020/LH244,9.985495
TXH1_2022,GEMN-0225_PHJ89_0021/LH244,9.963219
TXH1_2022,GEMN-0225_PHJ89_0022/LH244,10.026714
TXH1_2022,GEMN-0225_PHJ89_0026/LH244,9.995949
TXH1_2022,GEMN-0225_PHJ89_0032/LH244,10.041489
TXH1_2022,GEMN-0225_PHK76_0002/LH244,10.029945
TXH1_2022,GEMN-0225_PHK76_0003/LH244,10.00565
TXH1_2022,GEMN-0225_PHK76_0004/LH244,10.053171
TXH1_2022,GEMN-0225_PHK76_0005/LH244,10.040584
TXH1_2022,GEMN-0225_PHK76_0007/LH244,10.021704
TXH1_2022,GEMN-0225_PHK76_0008/LH244,9.988932
TXH1_2022,GEMN-0225_PHK76_0012/LH244,10.0056
TXH1_2022,GEMN-0225_PHK76_0013/LH244,9.987011
TXH1_2022,GEMN-0225_PHK76_0014/LH244,9.962883
TXH1_2022,GEMN-0225_PHK76_0018/LH244,9.988298
TXH1_2022,GEMN-0225_PHK76_0019/LH244,10.04759
TXH1_2022,GEMN-0225_PHK76_0021/LH244,10.017094
TXH1_2022,GEMN-0225_PHK76_0022/LH244,10.02903
TXH1_2022,GEMN-0225_PHK76_0028/LH244,10.054628
TXH1_2022,GEMN-0225_PHK76_0031/LH244,10.002117
TXH1_2022,GEMN-0225_PHN46_0001/LH244,10.006962
TXH1_2022,GEMN-0225_PHN46_0003/LH244,10.024847
TXH1_2022,GEMN-0225_PHN46_0005/LH244,9.972027
TXH1_2022,GEMN-0225_PHN46_0006/LH244,10.042807
TXH1_2022,GEMN-0225_PHP02_0001/LH244,9.999716
TXH1_2022,GEMN-0225_PHP02_0002/LH244,10.003559
TXH1_2022,GEMN-0225_PHP02_0003/LH244,10.041892
TXH1_2022,GEMN-0225_PHP02_0005/LH244,10.022318
TXH1_2022,GEMN-0225_PHP02_0006/LH244,9.969715
TXH1_2022,GEMN-0225_PHP02_0008/LH244,10.033128
TXH1_2022,GEMN-0225_PHP02_0009/LH244,10.009911
TXH1_2022,GEMN-0225_PHP02_0010/LH244,9.988111
TXH1_2022,GEMN-0225_PHP02_0012/LH244,10.016092
TXH1_2022,GEMN-0225_PHP02_0013/LH244,10.025153
TXH1_2022,GEMN-0225_PHP02_0014/LH244,9.981378
TXH1_2022,GEMN-0225_PHP02_0015/LH244,9.962214
TXH1_2022,GEMN-0225_PHP02_0017/LH244,10.027439
TXH1_2022,GEMN-0238/LH244,10.002972
TXH1_2022,GEMN-0271/LH244,10.024809
TXH1_2022,GEMN-0287/LH244,10.004091
TXH1_2022,LH145/LH82,7.96278
TXH1_2022,LH195/MO17,10.270099
TXH1_2022,LH195/PHK76,9.061392
TXH1_2022,LH195/PHN82,9.796322
TXH1_2022,LH195/PHZ51,9.400726
TXH1_2022,LH216/LH244,9.883276
TXH1_2022,LH244/MO17,10.851633
TXH1_2022,LH244/PHK76,10.11965
TXH1_2022,LH244/PHN82,10.414091
TXH1_2022,LH244/PHZ51,9.778378
TXH1_2022,LH283/LH244,10.000195
TXH1_2022,LH287/LH244,10.065934
TXH1_2022,LH82/LH244,9.873169
TXH1_2022,M162W/LH244,10.012403
TXH1_2022,MBUB/LH244,10.033602
TXH1_2022,MM501D/LH244,10.017096
TXH1_2022,MO17_PHW30-008-(2N)-01/LH244,9.984634
TXH1_2022,MO17_PHW30-200-(2N)-02/LH244,10.054934
TXH1_2022,MO17_PHW30-309-(2N)-01/LH244,10.004358
TXH1_2022,MO44_LH145_0127/LH244,10.066387
TXH1_2022,MO44_LH145_0138/LH244,9.96638
TXH1_2022,MO44_PHG47_0072/LH244,10.003508
TXH1_2022,MO44_PHG47_0125/LH244,10.063324
TXH1_2022,MO44_PHW65_0025/LH244,10.161158
TXH1_2022,MO44_PHW65_0035/LH244,9.418627
TXH1_2022,MOG/LH244,9.719476
TXH1_2022,NC358/LH244,10.001083
TXH1_2022,NC528/LH244,10.029027
TXH1_2022,NKH8431/LH244,10.233345
TXH1_2022,OH43/LH244,10.013249
TXH1_2022,PH207/LH244,9.979005
TXH1_2022,PH24E/LH244,9.996299
TXH1_2022,PHAP9/LH244,9.99319
TXH1_2022,PHB47/LH244,10.10195
TXH1_2022,PHB47/MO17,8.98662
TXH1_2022,PHB47/PHK76,9.35787
TXH1_2022,PHB47/PHN82,10.125413
TXH1_2022,PHB47/PHZ51,9.037689
TXH1_2022,PHG29/PHG47,8.355213
TXH1_2022,PHG39/PHN82,9.818093
TXH1_2022,PHG47/LH244,9.94388
TXH1_2022,PHJ40/PHAJ0,7.174509
TXH1_2022,PHJ89/LH244,10.053194
TXH1_2022,PHJ89/PH207,9.243114
TXH1_2022,PHJ90/LH244,10.052789
TXH1_2022,PHK56/LH244,10.327723
TXH1_2022,PHKE6/LH244,10.060602
TXH1_2022,PHN11/LH244,10.501468
TXH1_2022,PHN11_LH145_0005/LH244,10.03103
TXH1_2022,PHN11_LH145_0028/LH244,10.020951
TXH1_2022,PHN11_LH145_0085/LH244,10.022317
TXH1_2022,PHN11_OH43_0075/LH244,10.021031
TXH1_2022,PHN11_OH43_0088/LH244,10.008067
TXH1_2022,PHN11_PHG47_0251/LH244,9.74033
TXH1_2022,PHN11_PHG47_0287/LH244,10.005098
TXH1_2022,PHN11_PHW65_0312/LH244,10.86406
TXH1_2022,PHN11_PHW65_0323/LH244,10.866787
TXH1_2022,PHN11_PHW65_0359/LH244,9.788887
TXH1_2022,PHN46/LH244,10.055287
TXH1_2022,PHP02/LH244,9.961968
TXH1_2022,PHP55/LH244,10.011951
TXH1_2022,PHR03/LH244,10.007766
TXH1_2022,PHRE1/PHTD5,8.349866
TXH1_2022,PHW30/LH244,10.009338
TXH1_2022,PHW30_MO17-010-(2N)-01/LH244,10.004143
TXH1_2022,PHW30_MO17-095-(2N)-01/LH244,9.977549
TXH1_2022,PHW30_MO17-129-(2N)-01/LH244,10.043401
TXH1_2022,PHW30_MO17-178-(2N)-01/LH244,10.040369
TXH1_2022,PHW30_MO17-234-(2N)-02/LH244,10.038641
TXH1_2022,PHW52/PHM49,9.258622
TXH1_2022,PHW65_MOG_0137/LH244,10.780753
TXH1_2022,PHW65_MOG_0176/LH244,9.853979
TXH1_2022,PHW65_MOG_0271/LH244,10.275043
TXH1_2022,TX714/PHZ51,9.324877
TXH1_2022,TX777/LH195,9.142858
TXH1_2022,TX779/LH195,9.273335
TXH1_2022,W10001_0003/LH244,10.000906
TXH1_2022,W10001_0007/LH244,10.004167
TXH1_2022,W10001_0009/LH244,9.958504
TXH1_2022,W10001_0012/LH244,10.01025
TXH1_2022,W10001_0014/LH244,10.050461
TXH1_2022,W10001_0016/LH244,9.98096
TXH1_2022,W10001_0017/LH244,9.974558
TXH1_2022,W10001_0019/LH244,10.001502
TXH1_2022,W10001_0021/LH244,10.020498
TXH1_2022,W10001_0022/LH244,9.34139
TXH1_2022,W10001_0023/LH244,9.984226
TXH1_2022,W10001_0031/LH244,10.027295
TXH1_2022,W10001_0040/LH244,9.979483
TXH1_2022,W10001_0047/LH244,9.996105
TXH1_2022,W10005_0029/LH244,10.031376
TXH1_2022,W10005_0107/LH244,9.754969
TXH1_2022,W10005_0111/LH244,9.990448
TXH1_2022,W10005_0147/LH244,9.924218
TXH1_2022,W10005_0220/LH244,9.965598
TXH1_2022,W10010_0084/LH244,9.966757
TXH1_2022,W10010_0093/LH244,9.997772
TXH1_2022,W10010_0118/LH244,10.068851
TXH1_2022,W10010_0124/LH244,10.027796
TXH1_2022,W10010_0148/LH244,10.04476
TXH1_2022,W10010_0170/LH244,9.998606
TXH1_2022,W10010_0189/LH244,10.007058
TXH1_2022,W10010_0279/LH244,10.017474
TXH1_2022,W10010_0294/LH244,10.000965
TXH1_2022,W10010_0311/LH244,9.977626
TXH1_2022,W10010_0337/LH244,10.032166
TXH1_2022,W10010_0346/LH244,10.032919
TXH1_2022,W10010_0358/LH244,10.034843
TXH2_2022,B14A/OH43,8.719569
TXH2_2022,B37/H95,8.63931
TXH2_2022,B73/MO17,9.866789
TXH2_2022,B73/PHN82,10.076893
TXH2_2022,B73/TX779,8.611506
TXH2_2022,B97/LH244,9.804839
TXH2_2022,BGEM-0039-N/LH244,9.239725
TXH2_2022,BGEM-0063-N/LH244,10.077388
TXH2_2022,BGEM-0089-N/LH244,9.375012
TXH2_2022,BGEM-0129-N/LH244,6.884378
TXH2_2022,CG119/CG108,5.977673
TXH2_2022,CG44/CGR01,8.544434
TXH2_2022,DK3IIH6/LH244,10.793382
TXH2_2022,DK78010/LH244,10.036728
TXH2_2022,GEMN-0096/LH244,10.01799
TXH2_2022,GEMN-0096_LH212HT_0001/LH244,9.978424
TXH2_2022,GEMN-0096_LH212HT_0004/LH244,10.005745
TXH2_2022,GEMN-0096_LH212HT_0005/LH244,10.060768
TXH2_2022,GEMN-0096_LH212HT_0006/LH244,9.973572
TXH2_2022,GEMN-0096_LH212HT_0009/LH244,9.981745
TXH2_2022,GEMN-0096_LH212HT_0012/LH244,9.971197
TXH2_2022,GEMN-0096_LH212HT_0013/LH244,10.03323
TXH2_2022,GEMN-0096_LH212HT_0017/LH244,10.036803
TXH2_2022,GEMN-0096_PHJ89_0001/LH244,9.982027
TXH2_2022,GEMN-0096_PHJ89_0002/LH244,10.023932
TXH2_2022,GEMN-0096_PHJ89_0006/LH244,9.997771
TXH2_2022,GEMN-0096_PHJ89_0007/LH244,9.996288
TXH2_2022,GEMN-0096_PHJ89_0009/LH244,9.97201
TXH2_2022,GEMN-0096_PHJ89_0010/LH244,10.020606
TXH2_2022,GEMN-0096_PHJ89_0011/LH244,9.988773
TXH2_2022,GEMN-0096_PHJ89_0012/LH244,10.013091
TXH2_2022,GEMN-0096_PHJ89_0013/LH244,10.035727
TXH2_2022,GEMN-0096_PHJ89_0014/LH244,10.036497
TXH2_2022,GEMN-0096_PHJ89_0016/LH244,9.965743
TXH2_2022,GEMN-0096_PHK76_0001/LH244,10.00712
TXH2_2022,GEMN-0096_PHK76_0002/LH244,9.974715
TXH2_2022,GEMN-0096_PHK76_0003/LH244,9.999439
TXH2_2022,GEMN-0096_PHK76_0004/LH244,10.044416
TXH2_2022,GEMN-0096_PHK76_0006/LH244,10.055904
TXH2_2022,GEMN-0096_PHK76_0007/LH244,9.98667
TXH2_2022,GEMN-0096_PHK76_0013/LH244,9.970209
TXH2_2022,GEMN-0096_PHK76_0016/LH244,9.981046
TXH2_2022,GEMN-0096_PHN46_0001/LH244,9.997533
TXH2_2022,GEMN-0096_PHN46_0002/LH244,9.946769
TXH2_2022,GEMN-0096_PHN46_0003/LH244,9.97303
TXH2_2022,GEMN-0096_PHN46_0004/LH244,9.969988
TXH2_2022,GEMN-0096_PHN46_0005/LH244,9.99966
TXH2_2022,GEMN-0096_PHN46_0007/LH244,9.978905
TXH2_2022,GEMN-0096_PHN46_0010/LH244,9.987416
TXH2_2022,GEMN-0096_PHN46_0012/LH244,10.052589
TXH2_2022,GEMN-0096_PHN46_0013/LH244,9.951517
TXH2_2022,GEMN-0096_PHN46_0014/LH244,9.982073
TXH2_2022,GEMN-0096_PHN46_0020/LH244,9.970991
TXH2_2022,GEMN-0096_PHP02_0001/LH244,10.006594
TXH2_2022,GEMN-0096_PHP02_0003/LH244,10.027754
TXH2_2022,GEMN-0096_PHP02_0005/LH244,10.025113
TXH2_2022,GEMN-0096_PHP02_0006/LH244,9.996889
TXH2_2022,GEMN-0096_PHP02_0007/LH244,9.962366
TXH2_2022,GEMN-0096_PHP02_0011/LH244,10.003378
TXH2_2022,GEMN-0096_PHP02_0012/LH244,9.994897
TXH2_2022,GEMN-0096_PHP02_0016/LH244,9.985114
TXH2_2022,GEMN-0096_PHP02_0025/LH244,10.051905
TXH2_2022,GEMN-0096_PHP02_0030/LH244,10.005778
TXH2_2022,GEMN-0097/LH244,10.007334
TXH2_2022,GEMN-0097_LH212HT_0004/LH244,9.979983
TXH2_2022,GEMN-0097_LH212HT_0019/LH244,10.011589
TXH2_2022,GEMN-0097_LH212HT_0020/LH244,10.037039
TXH2_2022,GEMN-0097_LH212HT_0026/LH244,10.016498
TXH2_2022,GEMN-0097_LH212HT_0032/LH244,10.042814
TXH2_2022,GEMN-0097_LH212HT_0047/LH244,10.02627
TXH2_2022,GEMN-0097_LH212HT_0054/LH244,9.974201
TXH2_2022,GEMN-0097_LH212HT_0058/LH244,9.999418
TXH2_2022,GEMN-0097_LH212HT_0062/LH244,10.019348
TXH2_2022,GEMN-0097_LH212HT_0069/LH244,9.993006
TXH2_2022,GEMN-0097_LH212HT_0085/LH244,9.981044
TXH2_2022,GEMN-0097_PHJ89_0001/LH244,9.978451
TXH2_2022,GEMN-0097_PHJ89_0002/LH244,10.005682
TXH2_2022,GEMN-0097_PHJ89_0003/LH244,10.014404
TXH2_2022,GEMN-0097_PHJ89_0005/LH244,9.970988
TXH2_2022,GEMN-0097_PHJ89_0006/LH244,9.991455
TXH2_2022,GEMN-0097_PHJ89_0007/LH244,10.008292
TXH2_2022,GEMN-0097_PHJ89_0008/LH244,10.019685
TXH2_2022,GEMN-0097_PHJ89_0010/LH244,10.045133
TXH2_2022,GEMN-0097_PHJ89_0011/LH244,9.995043
TXH2_2022,GEMN-0097_PHJ89_0012/LH244,10.039612
TXH2_2022,GEMN-0097_PHJ89_0013/LH244,10.014658
TXH2_2022,GEMN-0097_PHJ89_0016/LH244,10.041785
TXH2_2022,GEMN-0097_PHJ89_0020/LH244,9.997361
TXH2_2022,GEMN-0097_PHJ89_0025/LH244,9.970259
TXH2_2022,GEMN-0097_PHJ89_0026/LH244,10.028327
TXH2_2022,GEMN-0097_PHJ89_0027/LH244,9.972147
TXH2_2022,GEMN-0097_PHJ89_0028/LH244,10.008226
TXH2_2022,GEMN-0097_PHJ89_0029/LH244,10.013456
TXH2_2022,GEMN-0097_PHJ89_0036/LH244,9.976135
TXH2_2022,GEMN-0097_PHJ89_0039/LH244,9.978055
TXH2_2022,GEMN-0097_PHK76_0003/LH244,10.016212
TXH2_2022,GEMN-0097_PHK76_0007/LH244,9.985048
TXH2_2022,GEMN-0097_PHK76_0009/LH244,10.014868
TXH2_2022,GEMN-0097_PHK76_0014/LH244,10.0145
TXH2_2022,GEMN-0097_PHK76_0015/LH244,10.013371
TXH2_2022,GEMN-0097_PHK76_0018/LH244,9.978185
TXH2_2022,GEMN-0097_PHK76_0021/LH244,9.97571
TXH2_2022,GEMN-0097_PHK76_0038/LH244,9.998841
TXH2_2022,GEMN-0097_PHK76_0041/LH244,9.995579
TXH2_2022,GEMN-0097_PHK76_0048/LH244,10.042646
TXH2_2022,GEMN-0097_PHK76_0053/LH244,10.036615
TXH2_2022,GEMN-0097_PHK76_0055/LH244,10.009779
TXH2_2022,GEMN-0097_PHK76_0060/LH244,10.008175
TXH2_2022,GEMN-0097_PHN46_0001/LH244,9.972697
TXH2_2022,GEMN-0097_PHN46_0003/LH244,10.023777
TXH2_2022,GEMN-0097_PHN46_0004/LH244,10.018511
TXH2_2022,GEMN-0097_PHN46_0005/LH244,10.02755
TXH2_2022,GEMN-0097_PHN46_0008/LH244,10.055496
TXH2_2022,GEMN-0097_PHN46_0011/LH244,9.942819
TXH2_2022,GEMN-0097_PHN46_0014/LH244,9.986554
TXH2_2022,GEMN-0097_PHN46_0018/LH244,10.001216
TXH2_2022,GEMN-0097_PHP02_0002/LH244,10.005732
TXH2_2022,GEMN-0097_PHP02_0003/LH244,9.9961
TXH2_2022,GEMN-0097_PHP02_0005/LH244,9.981904
TXH2_2022,GEMN-0097_PHP02_0006/LH244,9.980608
TXH2_2022,GEMN-0097_PHP02_0007/LH244,10.023666
TXH2_2022,GEMN-0098/LH244,10.012463
TXH2_2022,GEMN-0124/LH244,9.987367
TXH2_2022,GEMN-0144/LH244,9.998174
TXH2_2022,GEMN-0157/LH244,9.995158
TXH2_2022,GEMN-0177/LH244,10.024189
TXH2_2022,GEMN-0178/LH244,10.036293
TXH2_2022,GEMN-0187/LH244,10.022829
TXH2_2022,GEMN-0192/LH244,9.99748
TXH2_2022,GEMN-0192_LH212HT_0001/LH244,9.999705
TXH2_2022,GEMN-0192_LH212HT_0006/LH244,10.070118
TXH2_2022,GEMN-0192_LH212HT_0011/LH244,10.033081
TXH2_2022,GEMN-0192_LH212HT_0012/LH244,10.007144
TXH2_2022,GEMN-0192_LH212HT_0013/LH244,9.968581
TXH2_2022,GEMN-0192_LH212HT_0014/LH244,9.979573
TXH2_2022,GEMN-0192_LH212HT_0018/LH244,10.01342
TXH2_2022,GEMN-0192_LH212HT_0021/LH244,9.987579
TXH2_2022,GEMN-0192_LH212HT_0023/LH244,9.965307
TXH2_2022,GEMN-0192_PHJ89_0001/LH244,10.013828
TXH2_2022,GEMN-0192_PHJ89_0002/LH244,9.979177
TXH2_2022,GEMN-0192_PHK76_0002/LH244,10.050186
TXH2_2022,GEMN-0192_PHK76_0004/LH244,10.023403
TXH2_2022,GEMN-0192_PHK76_0005/LH244,10.001866
TXH2_2022,GEMN-0192_PHK76_0006/LH244,9.983101
TXH2_2022,GEMN-0192_PHK76_0007/LH244,10.04687
TXH2_2022,GEMN-0192_PHK76_0008/LH244,10.011623
TXH2_2022,GEMN-0192_PHK76_0009/LH244,10.011243
TXH2_2022,GEMN-0192_PHK76_0010/LH244,9.965576
TXH2_2022,GEMN-0192_PHK76_0011/LH244,10.014716
TXH2_2022,GEMN-0192_PHK76_0012/LH244,9.990393
TXH2_2022,GEMN-0192_PHK76_0013/LH244,10.039392
TXH2_2022,GEMN-0192_PHK76_0014/LH244,10.056248
TXH2_2022,GEMN-0192_PHK76_0015/LH244,10.033861
TXH2_2022,GEMN-0192_PHK76_0016/LH244,10.011148
TXH2_2022,GEMN-0192_PHK76_0019/LH244,10.011627
TXH2_2022,GEMN-0192_PHK76_0021/LH244,10.003283
TXH2_2022,GEMN-0192_PHK76_0025/LH244,9.979692
TXH2_2022,GEMN-0192_PHK76_0028/LH244,10.040802
TXH2_2022,GEMN-0192_PHK76_0030/LH244,10.016723
TXH2_2022,GEMN-0192_PHK76_0032/LH244,10.017932
TXH2_2022,GEMN-0192_PHK76_0033/LH244,9.990779
TXH2_2022,GEMN-0192_PHK76_0035/LH244,9.990478
TXH2_2022,GEMN-0192_PHK76_0036/LH244,10.018641
TXH2_2022,GEMN-0192_PHK76_0044/LH244,9.972343
TXH2_2022,GEMN-0192_PHK76_0045/LH244,10.001892
TXH2_2022,GEMN-0192_PHN46_0002/LH244,10.054978
TXH2_2022,GEMN-0192_PHN46_0003/LH244,10.005283
TXH2_2022,GEMN-0192_PHN46_0004/LH244,9.996977
TXH2_2022,GEMN-0192_PHN46_0005/LH244,10.026053
TXH2_2022,GEMN-0192_PHN46_0006/LH244,9.971085
TXH2_2022,GEMN-0192_PHN46_0008/LH244,10.019504
TXH2_2022,GEMN-0192_PHN46_0009/LH244,10.012936
TXH2_2022,GEMN-0192_PHN46_0010/LH244,10.043468
TXH2_2022,GEMN-0192_PHN46_0011/LH244,10.0189
TXH2_2022,GEMN-0192_PHN46_0012/LH244,9.956807
TXH2_2022,GEMN-0192_PHN46_0014/LH244,9.944029
TXH2_2022,GEMN-0192_PHN46_0015/LH244,10.033495
TXH2_2022,GEMN-0192_PHN46_0025/LH244,10.036609
TXH2_2022,GEMN-0192_PHP02_0001/LH244,10.036385
TXH2_2022,GEMN-0192_PHP02_0003/LH244,9.980569
TXH2_2022,GEMN-0225/LH244,9.997011
TXH2_2022,GEMN-0225_LH212HT_0002/LH244,9.996769
TXH2_2022,GEMN-0225_LH212HT_0005/LH244,10.022591
TXH2_2022,GEMN-0225_LH212HT_0008/LH244,9.964433
TXH2_2022,GEMN-0225_LH212HT_0015/LH244,10.042286
TXH2_2022,GEMN-0225_LH212HT_0017/LH244,10.06799
TXH2_2022,GEMN-0225_LH212HT_0024/LH244,9.99835
TXH2_2022,GEMN-0225_LH212HT_0029/LH244,10.050398
TXH2_2022,GEMN-0225_LH212HT_0036/LH244,10.013137
TXH2_2022,GEMN-0225_LH212HT_0043/LH244,10.019273
TXH2_2022,GEMN-0225_PHJ89_0001/LH244,9.993505
TXH2_2022,GEMN-0225_PHJ89_0002/LH244,10.040891
TXH2_2022,GEMN-0225_PHJ89_0003/LH244,9.96907
TXH2_2022,GEMN-0225_PHJ89_0004/LH244,10.009336
TXH2_2022,GEMN-0225_PHJ89_0005/LH244,9.991306
TXH2_2022,GEMN-0225_PHJ89_0006/LH244,9.956546
TXH2_2022,GEMN-0225_PHJ89_0008/LH244,10.036914
TXH2_2022,GEMN-0225_PHJ89_0013/LH244,10.011065
TXH2_2022,GEMN-0225_PHJ89_0015/LH244,10.064865
TXH2_2022,GEMN-0225_PHJ89_0016/LH244,10.037399
TXH2_2022,GEMN-0225_PHJ89_0017/LH244,10.000765
TXH2_2022,GEMN-0225_PHJ89_0020/LH244,9.985495
TXH2_2022,GEMN-0225_PHJ89_0021/LH244,9.963219
TXH2_2022,GEMN-0225_PHJ89_0022/LH244,10.026714
TXH2_2022,GEMN-0225_PHJ89_0026/LH244,9.995949
TXH2_2022,GEMN-0225_PHJ89_0032/LH244,10.041489
TXH2_2022,GEMN-0225_PHK76_0002/LH244,10.029945
TXH2_2022,GEMN-0225_PHK76_0003/LH244,10.00565
TXH2_2022,GEMN-0225_PHK76_0004/LH244,10.053171
TXH2_2022,GEMN-0225_PHK76_0005/LH244,10.040584
TXH2_2022,GEMN-0225_PHK76_0007/LH244,10.021704
TXH2_2022,GEMN-0225_PHK76_0008/LH244,9.988932
TXH2_2022,GEMN-0225_PHK76_0012/LH244,10.0056
TXH2_2022,GEMN-0225_PHK76_0014/LH244,9.962883
TXH2_2022,GEMN-0225_PHK76_0018/LH244,9.988298
TXH2_2022,GEMN-0225_PHK76_0019/LH244,10.04759
TXH2_2022,GEMN-0225_PHK76_0021/LH244,10.017094
TXH2_2022,GEMN-0225_PHK76_0022/LH244,10.02903
TXH2_2022,GEMN-0225_PHK76_0028/LH244,10.054628
TXH2_2022,GEMN-0225_PHK76_0031/LH244,10.002117
TXH2_2022,GEMN-0225_PHN46_0001/LH244,10.006962
TXH2_2022,GEMN-0225_PHN46_0003/LH244,10.024847
TXH2_2022,GEMN-0225_PHN46_0005/LH244,9.972027
TXH2_2022,GEMN-0225_PHN46_0006/LH244,10.042807
TXH2_2022,GEMN-0225_PHN46_0021/LH244,9.995943
TXH2_2022,GEMN-0225_PHP02_0001/LH244,9.999716
TXH2_2022,GEMN-0225_PHP02_0002/LH244,10.003559
TXH2_2022,GEMN-0225_PHP02_0003/LH244,10.041892
TXH2_2022,GEMN-0225_PHP02_0005/LH244,10.022318
TXH2_2022,GEMN-0225_PHP02_0006/LH244,9.969715
TXH2_2022,GEMN-0225_PHP02_0008/LH244,10.033128
TXH2_2022,GEMN-0225_PHP02_0009/LH244,10.009911
TXH2_2022,GEMN-0225_PHP02_0010/LH244,9.988111
TXH2_2022,GEMN-0225_PHP02_0013/LH244,10.025153
TXH2_2022,GEMN-0225_PHP02_0014/LH244,9.981378
TXH2_2022,GEMN-0225_PHP02_0015/LH244,9.962214
TXH2_2022,GEMN-0225_PHP02_0017/LH244,10.027439
TXH2_2022,GEMN-0238/LH244,10.002972
TXH2_2022,GEMN-0271/LH244,10.024809
TXH2_2022,GEMN-0287/LH244,10.004091
TXH2_2022,LH195/PHZ51,9.400726
TXH2_2022,LH216/LH244,9.883276
TXH2_2022,LH244/PHK76,10.11965
TXH2_2022,LH244/PHZ51,9.778378
TXH2_2022,LH283/LH244,10.000195
TXH2_2022,LH287/LH244,10.065934
TXH2_2022,LH82/LH244,9.873169
TXH2_2022,M162W/LH244,10.012403
TXH2_2022,MBUB/LH244,10.033602
TXH2_2022,MM501D/LH244,10.017096
TXH2_2022,MO17_PHW30-008-(2N)-01/LH244,9.984634
TXH2_2022,MO17_PHW30-200-(2N)-02/LH244,10.054934
TXH2_2022,MO17_PHW30-309-(2N)-01/LH244,10.004358
TXH2_2022,MO44_LH145_0127/LH244,10.066387
TXH2_2022,MO44_LH145_0138/LH244,9.96638
TXH2_2022,MO44_PHG47_0072/LH244,10.003508
TXH2_2022,MO44_PHG47_0125/LH244,10.063324
TXH2_2022,MO44_PHW65_0025/LH244,10.161158
TXH2_2022,MO44_PHW65_0035/LH244,9.418627
TXH2_2022,MOG/LH244,9.719476
TXH2_2022,NC358/LH244,10.001083
TXH2_2022,NC528/LH244,10.029027
TXH2_2022,NKH8431/LH244,10.233345
TXH2_2022,OH43/LH244,10.013249
TXH2_2022,PH207/LH244,9.979005
TXH2_2022,PH24E/LH244,9.996299
TXH2_2022,PHAP9/LH244,9.99319
TXH2_2022,PHB47/LH244,10.10195
TXH2_2022,PHB47/PHN82,10.125413
TXH2_2022,PHB47/PHZ51,9.037689
TXH2_2022,PHG29/PHG47,8.355213
TXH2_2022,PHG39/PHN82,9.818093
TXH2_2022,PHG47/LH244,9.94388
TXH2_2022,PHJ40/PHAJ0,7.174509
TXH2_2022,PHJ89/LH244,10.053194
TXH2_2022,PHJ90/LH244,10.052789
TXH2_2022,PHK56/LH244,10.327723
TXH2_2022,PHKE6/LH244,10.060602
TXH2_2022,PHN11/LH244,10.501468
TXH2_2022,PHN11_LH145_0005/LH244,10.03103
TXH2_2022,PHN11_LH145_0028/LH244,10.020951
TXH2_2022,PHN11_LH145_0085/LH244,10.022317
TXH2_2022,PHN11_OH43_0075/LH244,10.021031
TXH2_2022,PHN11_OH43_0088/LH244,10.008067
TXH2_2022,PHN11_PHG47_0251/LH244,9.74033
TXH2_2022,PHN11_PHG47_0287/LH244,10.005098
TXH2_2022,PHN11_PHW65_0312/LH244,10.86406
TXH2_2022,PHN11_PHW65_0323/LH244,10.866787
TXH2_2022,PHN11_PHW65_0359/LH244,9.788887
TXH2_2022,PHN46/LH244,10.055287
TXH2_2022,PHP02/LH244,9.961968
TXH2_2022,PHP55/LH244,10.011951
TXH2_2022,PHR03/LH244,10.007766
TXH2_2022,PHRE1/PHTD5,8.349866
TXH2_2022,PHW30/LH244,10.009338
TXH2_2022,PHW30_MO17-032-(2N)-01/LH244,9.97297
TXH2_2022,PHW30_MO17-095-(2N)-01/LH244,9.977549
TXH2_2022,PHW30_MO17-129-(2N)-01/LH244,10.043401
TXH2_2022,PHW30_MO17-178-(2N)-01/LH244,10.040369
TXH2_2022,PHW30_MO17-234-(2N)-02/LH244,10.038641
TXH2_2022,PHW52/PHM49,9.258622
TXH2_2022,PHW65_MOG_0137/LH244,10.780753
TXH2_2022,PHW65_MOG_0176/LH244,9.853979
TXH2_2022,PHW65_MOG_0271/LH244,10.275043
TXH2_2022,TX777/LH195,9.142858
TXH2_2022,TX779/LH195,9.273335
TXH2_2022,W10001_0003/LH244,10.000906
TXH2_2022,W10001_0007/LH244,10.004167
TXH2_2022,W10001_0009/LH244,9.958504
TXH2_2022,W10001_0012/LH244,10.01025
TXH2_2022,W10001_0013/LH244,10.008984
TXH2_2022,W10001_0014/LH244,10.050461
TXH2_2022,W10001_0016/LH244,9.98096
TXH2_2022,W10001_0017/LH244,9.974558
TXH2_2022,W10001_0019/LH244,10.001502
TXH2_2022,W10001_0021/LH244,10.020498
TXH2_2022,W10001_0022/LH244,9.34139
TXH2_2022,W10001_0031/LH244,10.027295
TXH2_2022,W10001_0040/LH244,9.979483
TXH2_2022,W10001_0047/LH244,9.996105
TXH2_2022,W10005_0029/LH244,10.031376
TXH2_2022,W10005_0107/LH244,9.754969
TXH2_2022,W10005_0111/LH244,9.990448
TXH2_2022,W10005_0147/LH244,9.924218
TXH2_2022,W10005_0220/LH244,9.965598
TXH2_2022,W10010_0118/LH244,10.068851
TXH2_2022,W10010_0124/LH244,10.027796
TXH2_2022,W10010_0148/LH244,10.04476
TXH2_2022,W10010_0170/LH244,9.998606
TXH2_2022,W10010_0189/LH244,10.007058
TXH2_2022,W10010_0279/LH244,10.017474
TXH2_2022,W10010_0294/LH244,10.000965
TXH2_2022,W10010_0311/LH244,9.977626
TXH2_2022,W10010_0337/LH244,10.032166
TXH2_2022,W10010_0346/LH244,10.032919
TXH2_2022,W10010_0358/LH244,10.034843
TXH3_2022,B14A/OH43,7.865417
TXH3_2022,B37/H95,7.785158
TXH3_2022,B73/MO17,9.012637
TXH3_2022,B73/PHK76,8.859714
TXH3_2022,B73/PHN82,9.222741
TXH3_2022,B73/PHZ51,8.543518
TXH3_2022,B73/TX779,7.757354
TXH3_2022,B97/LH244,8.950687
TXH3_2022,BGEM-0039-N/LH244,8.385573
TXH3_2022,BGEM-0063-N/LH244,9.223236
TXH3_2022,BGEM-0089-N/LH244,8.520861
TXH3_2022,BGEM-0124-N/LH244,8.507257
TXH3_2022,BGEM-0129-N/LH244,6.030226
TXH3_2022,CG119/CG108,5.977673
TXH3_2022,CG44/CGR01,7.690281
TXH3_2022,DK3IIH6/LH244,9.939229
TXH3_2022,DK78010/LH244,9.182575
TXH3_2022,GEMN-0096/LH244,9.163838
TXH3_2022,GEMN-0096_LH212HT_0001/LH244,9.124271
TXH3_2022,GEMN-0096_LH212HT_0004/LH244,9.151592
TXH3_2022,GEMN-0096_LH212HT_0005/LH244,9.206615
TXH3_2022,GEMN-0096_LH212HT_0006/LH244,9.119419
TXH3_2022,GEMN-0096_LH212HT_0009/LH244,9.127593
TXH3_2022,GEMN-0096_LH212HT_0012/LH244,9.117045
TXH3_2022,GEMN-0096_LH212HT_0013/LH244,9.179077
TXH3_2022,GEMN-0096_LH212HT_0017/LH244,9.182652
TXH3_2022,GEMN-0096_PHJ89_0001/LH244,9.127874
TXH3_2022,GEMN-0096_PHJ89_0002/LH244,9.16978
TXH3_2022,GEMN-0096_PHJ89_0006/LH244,9.14362
TXH3_2022,GEMN-0096_PHJ89_0007/LH244,9.142137
TXH3_2022,GEMN-0096_PHJ89_0009/LH244,9.117857
TXH3_2022,GEMN-0096_PHJ89_0010/LH244,9.166453
TXH3_2022,GEMN-0096_PHJ89_0011/LH244,9.134621
TXH3_2022,GEMN-0096_PHJ89_0012/LH244,9.158939
TXH3_2022,GEMN-0096_PHJ89_0013/LH244,9.181574
TXH3_2022,GEMN-0096_PHJ89_0014/LH244,9.182345
TXH3_2022,GEMN-0096_PHJ89_0016/LH244,9.111591
TXH3_2022,GEMN-0096_PHK76_0001/LH244,9.152968
TXH3_2022,GEMN-0096_PHK76_0002/LH244,9.120564
TXH3_2022,GEMN-0096_PHK76_0003/LH244,9.145288
TXH3_2022,GEMN-0096_PHK76_0004/LH244,9.190264
TXH3_2022,GEMN-0096_PHK76_0006/LH244,9.201752
TXH3_2022,GEMN-0096_PHK76_0007/LH244,9.132518
TXH3_2022,GEMN-0096_PHK76_0013/LH244,9.116056
TXH3_2022,GEMN-0096_PHK76_0016/LH244,9.126894
TXH3_2022,GEMN-0096_PHN46_0001/LH244,9.143381
TXH3_2022,GEMN-0096_PHN46_0002/LH244,9.092617
TXH3_2022,GEMN-0096_PHN46_0003/LH244,9.118877
TXH3_2022,GEMN-0096_PHN46_0004/LH244,9.115835
TXH3_2022,GEMN-0096_PHN46_0007/LH244,9.124752
TXH3_2022,GEMN-0096_PHN46_0010/LH244,9.133265
TXH3_2022,GEMN-0096_PHN46_0012/LH244,9.198438
TXH3_2022,GEMN-0096_PHN46_0013/LH244,9.097365
TXH3_2022,GEMN-0096_PHN46_0020/LH244,9.116838
TXH3_2022,GEMN-0096_PHP02_0001/LH244,9.152441
TXH3_2022,GEMN-0096_PHP02_0003/LH244,9.173601
TXH3_2022,GEMN-0096_PHP02_0005/LH244,9.170961
TXH3_2022,GEMN-0096_PHP02_0006/LH244,9.142737
TXH3_2022,GEMN-0096_PHP02_0007/LH244,9.108214
TXH3_2022,GEMN-0096_PHP02_0011/LH244,9.149225
TXH3_2022,GEMN-0096_PHP02_0012/LH244,9.140745
TXH3_2022,GEMN-0096_PHP02_0016/LH244,9.130962
TXH3_2022,GEMN-0096_PHP02_0025/LH244,9.197752
TXH3_2022,GEMN-0096_PHP02_0030/LH244,9.151627
TXH3_2022,GEMN-0097/LH244,9.153181
TXH3_2022,GEMN-0097_LH212HT_0004/LH244,9.125832
TXH3_2022,GEMN-0097_LH212HT_0019/LH244,9.157436
TXH3_2022,GEMN-0097_LH212HT_0020/LH244,9.182886
TXH3_2022,GEMN-0097_LH212HT_0026/LH244,9.162346
TXH3_2022,GEMN-0097_LH212HT_0032/LH244,9.188663
TXH3_2022,GEMN-0097_LH212HT_0047/LH244,9.172118
TXH3_2022,GEMN-0097_LH212HT_0054/LH244,9.120049
TXH3_2022,GEMN-0097_LH212HT_0058/LH244,9.145267
TXH3_2022,GEMN-0097_LH212HT_0062/LH244,9.165195
TXH3_2022,GEMN-0097_LH212HT_0069/LH244,9.138854
TXH3_2022,GEMN-0097_LH212HT_0085/LH244,9.126892
TXH3_2022,GEMN-0097_PHJ89_0001/LH244,9.124298
TXH3_2022,GEMN-0097_PHJ89_0002/LH244,9.15153
TXH3_2022,GEMN-0097_PHJ89_0003/LH244,9.160252
TXH3_2022,GEMN-0097_PHJ89_0005/LH244,9.116837
TXH3_2022,GEMN-0097_PHJ89_0006/LH244,9.137302
TXH3_2022,GEMN-0097_PHJ89_0007/LH244,9.15414
TXH3_2022,GEMN-0097_PHJ89_0008/LH244,9.165533
TXH3_2022,GEMN-0097_PHJ89_0010/LH244,9.19098
TXH3_2022,GEMN-0097_PHJ89_0011/LH244,9.140891
TXH3_2022,GEMN-0097_PHJ89_0012/LH244,9.18546
TXH3_2022,GEMN-0097_PHJ89_0013/LH244,9.160506
TXH3_2022,GEMN-0097_PHJ89_0016/LH244,9.187634
TXH3_2022,GEMN-0097_PHJ89_0020/LH244,9.143209
TXH3_2022,GEMN-0097_PHJ89_0025/LH244,9.116106
TXH3_2022,GEMN-0097_PHJ89_0026/LH244,9.174175
TXH3_2022,GEMN-0097_PHJ89_0027/LH244,9.117995
TXH3_2022,GEMN-0097_PHJ89_0028/LH244,9.154074
TXH3_2022,GEMN-0097_PHJ89_0029/LH244,9.159305
TXH3_2022,GEMN-0097_PHJ89_0036/LH244,9.121984
TXH3_2022,GEMN-0097_PHJ89_0039/LH244,9.123902
TXH3_2022,GEMN-0097_PHK76_0003/LH244,9.16206
TXH3_2022,GEMN-0097_PHK76_0007/LH244,9.130897
TXH3_2022,GEMN-0097_PHK76_0009/LH244,9.160716
TXH3_2022,GEMN-0097_PHK76_0011/LH244,9.152315
TXH3_2022,GEMN-0097_PHK76_0014/LH244,9.160348
TXH3_2022,GEMN-0097_PHK76_0015/LH244,9.159219
TXH3_2022,GEMN-0097_PHK76_0018/LH244,9.124033
TXH3_2022,GEMN-0097_PHK76_0021/LH244,9.121559
TXH3_2022,GEMN-0097_PHK76_0037/LH244,9.196348
TXH3_2022,GEMN-0097_PHK76_0038/LH244,9.14469
TXH3_2022,GEMN-0097_PHK76_0039/LH244,9.189361
TXH3_2022,GEMN-0097_PHK76_0041/LH244,9.141426
TXH3_2022,GEMN-0097_PHK76_0048/LH244,9.188495
TXH3_2022,GEMN-0097_PHK76_0053/LH244,9.182463
TXH3_2022,GEMN-0097_PHK76_0055/LH244,9.155626
TXH3_2022,GEMN-0097_PHK76_0060/LH244,9.154022
TXH3_2022,GEMN-0097_PHN46_0001/LH244,9.118546
TXH3_2022,GEMN-0097_PHN46_0003/LH244,9.169624
TXH3_2022,GEMN-0097_PHN46_0004/LH244,9.164358
TXH3_2022,GEMN-0097_PHN46_0005/LH244,9.173397
TXH3_2022,GEMN-0097_PHN46_0008/LH244,9.201345
TXH3_2022,GEMN-0097_PHN46_0011/LH244,9.088667
TXH3_2022,GEMN-0097_PHN46_0014/LH244,9.132402
TXH3_2022,GEMN-0097_PHN46_0018/LH244,9.147064
TXH3_2022,GEMN-0097_PHP02_0002/LH244,9.151579
TXH3_2022,GEMN-0097_PHP02_0003/LH244,9.141949
TXH3_2022,GEMN-0097_PHP02_0005/LH244,9.127752
TXH3_2022,GEMN-0097_PHP02_0006/LH244,9.126456
TXH3_2022,GEMN-0097_PHP02_0007/LH244,9.169515
TXH3_2022,GEMN-0098/LH244,9.158311
TXH3_2022,GEMN-0124/LH244,9.133215
TXH3_2022,GEMN-0144/LH244,9.144022
TXH3_2022,GEMN-0157/LH244,9.141006
TXH3_2022,GEMN-0177/LH244,9.170036
TXH3_2022,GEMN-0178/LH244,9.182141
TXH3_2022,GEMN-0187/LH244,9.168677
TXH3_2022,GEMN-0192/LH244,9.143328
TXH3_2022,GEMN-0192_LH212HT_0001/LH244,9.145554
TXH3_2022,GEMN-0192_LH212HT_0006/LH244,9.215966
TXH3_2022,GEMN-0192_LH212HT_0010/LH244,9.14814
TXH3_2022,GEMN-0192_LH212HT_0011/LH244,9.178928
TXH3_2022,GEMN-0192_LH212HT_0012/LH244,9.152991
TXH3_2022,GEMN-0192_LH212HT_0013/LH244,9.114429
TXH3_2022,GEMN-0192_LH212HT_0018/LH244,9.159268
TXH3_2022,GEMN-0192_LH212HT_0021/LH244,9.133427
TXH3_2022,GEMN-0192_LH212HT_0023/LH244,9.111155
TXH3_2022,GEMN-0192_PHJ89_0001/LH244,9.159676
TXH3_2022,GEMN-0192_PHJ89_0002/LH244,9.125025
TXH3_2022,GEMN-0192_PHK76_0002/LH244,9.196034
TXH3_2022,GEMN-0192_PHK76_0004/LH244,9.16925
TXH3_2022,GEMN-0192_PHK76_0005/LH244,9.147715
TXH3_2022,GEMN-0192_PHK76_0006/LH244,9.12895
TXH3_2022,GEMN-0192_PHK76_0007/LH244,9.192719
TXH3_2022,GEMN-0192_PHK76_0008/LH244,9.157472
TXH3_2022,GEMN-0192_PHK76_0009/LH244,9.157091
TXH3_2022,GEMN-0192_PHK76_0010/LH244,9.111423
TXH3_2022,GEMN-0192_PHK76_0011/LH244,9.160564
TXH3_2022,GEMN-0192_PHK76_0012/LH244,9.136241
TXH3_2022,GEMN-0192_PHK76_0013/LH244,9.185242
TXH3_2022,GEMN-0192_PHK76_0014/LH244,9.202096
TXH3_2022,GEMN-0192_PHK76_0015/LH244,9.179708
TXH3_2022,GEMN-0192_PHK76_0016/LH244,9.156996
TXH3_2022,GEMN-0192_PHK76_0019/LH244,9.157475
TXH3_2022,GEMN-0192_PHK76_0021/LH244,9.14913
TXH3_2022,GEMN-0192_PHK76_0028/LH244,9.186649
TXH3_2022,GEMN-0192_PHK76_0030/LH244,9.162571
TXH3_2022,GEMN-0192_PHK76_0033/LH244,9.136627
TXH3_2022,GEMN-0192_PHK76_0036/LH244,9.164489
TXH3_2022,GEMN-0192_PHK76_0044/LH244,9.118192
TXH3_2022,GEMN-0192_PHK76_0045/LH244,9.147739
TXH3_2022,GEMN-0192_PHN46_0002/LH244,9.200827
TXH3_2022,GEMN-0192_PHN46_0004/LH244,9.142825
TXH3_2022,GEMN-0192_PHN46_0005/LH244,9.171902
TXH3_2022,GEMN-0192_PHN46_0006/LH244,9.116932
TXH3_2022,GEMN-0192_PHN46_0008/LH244,9.165352
TXH3_2022,GEMN-0192_PHN46_0009/LH244,9.158783
TXH3_2022,GEMN-0192_PHN46_0010/LH244,9.189317
TXH3_2022,GEMN-0192_PHN46_0011/LH244,9.164747
TXH3_2022,GEMN-0192_PHN46_0014/LH244,9.089876
TXH3_2022,GEMN-0192_PHN46_0015/LH244,9.179342
TXH3_2022,GEMN-0192_PHN46_0025/LH244,9.182456
TXH3_2022,GEMN-0192_PHP02_0001/LH244,9.182232
TXH3_2022,GEMN-0192_PHP02_0003/LH244,9.126417
TXH3_2022,GEMN-0225/LH244,9.142859
TXH3_2022,GEMN-0225_LH212HT_0002/LH244,9.142617
TXH3_2022,GEMN-0225_LH212HT_0005/LH244,9.168438
TXH3_2022,GEMN-0225_LH212HT_0008/LH244,9.110281
TXH3_2022,GEMN-0225_LH212HT_0015/LH244,9.188133
TXH3_2022,GEMN-0225_LH212HT_0017/LH244,9.213839
TXH3_2022,GEMN-0225_LH212HT_0024/LH244,9.144198
TXH3_2022,GEMN-0225_LH212HT_0029/LH244,9.196246
TXH3_2022,GEMN-0225_LH212HT_0036/LH244,9.158984
TXH3_2022,GEMN-0225_LH212HT_0043/LH244,9.165121
TXH3_2022,GEMN-0225_PHJ89_0001/LH244,9.139354
TXH3_2022,GEMN-0225_PHJ89_0002/LH244,9.186739
TXH3_2022,GEMN-0225_PHJ89_0003/LH244,9.114918
TXH3_2022,GEMN-0225_PHJ89_0004/LH244,9.155183
TXH3_2022,GEMN-0225_PHJ89_0005/LH244,9.137154
TXH3_2022,GEMN-0225_PHJ89_0008/LH244,9.182762
TXH3_2022,GEMN-0225_PHJ89_0009/LH244,9.147968
TXH3_2022,GEMN-0225_PHJ89_0013/LH244,9.156912
TXH3_2022,GEMN-0225_PHJ89_0015/LH244,9.210712
TXH3_2022,GEMN-0225_PHJ89_0016/LH244,9.183248
TXH3_2022,GEMN-0225_PHJ89_0017/LH244,9.146613
TXH3_2022,GEMN-0225_PHJ89_0020/LH244,9.131343
TXH3_2022,GEMN-0225_PHJ89_0021/LH244,9.109067
TXH3_2022,GEMN-0225_PHJ89_0022/LH244,9.172563
TXH3_2022,GEMN-0225_PHJ89_0026/LH244,9.141796
TXH3_2022,GEMN-0225_PHJ89_0032/LH244,9.187337
TXH3_2022,GEMN-0225_PHK76_0002/LH244,9.175793
TXH3_2022,GEMN-0225_PHK76_0003/LH244,9.151497
TXH3_2022,GEMN-0225_PHK76_0004/LH244,9.199018
TXH3_2022,GEMN-0225_PHK76_0005/LH244,9.186432
TXH3_2022,GEMN-0225_PHK76_0007/LH244,9.167551
TXH3_2022,GEMN-0225_PHK76_0008/LH244,9.134779
TXH3_2022,GEMN-0225_PHK76_0012/LH244,9.151448
TXH3_2022,GEMN-0225_PHK76_0013/LH244,9.132858
TXH3_2022,GEMN-0225_PHK76_0014/LH244,9.108731
TXH3_2022,GEMN-0225_PHK76_0018/LH244,9.134147
TXH3_2022,GEMN-0225_PHK76_0019/LH244,9.193439
TXH3_2022,GEMN-0225_PHK76_0021/LH244,9.162941
TXH3_2022,GEMN-0225_PHK76_0028/LH244,9.200476
TXH3_2022,GEMN-0225_PHK76_0031/LH244,9.147964
TXH3_2022,GEMN-0225_PHN46_0001/LH244,9.152811
TXH3_2022,GEMN-0225_PHN46_0003/LH244,9.170695
TXH3_2022,GEMN-0225_PHN46_0005/LH244,9.117875
TXH3_2022,GEMN-0225_PHN46_0006/LH244,9.188654
TXH3_2022,GEMN-0225_PHN46_0021/LH244,9.14179
TXH3_2022,GEMN-0225_PHP02_0001/LH244,9.145565
TXH3_2022,GEMN-0225_PHP02_0002/LH244,9.149406
TXH3_2022,GEMN-0225_PHP02_0003/LH244,9.18774
TXH3_2022,GEMN-0225_PHP02_0005/LH244,9.168166
TXH3_2022,GEMN-0225_PHP02_0006/LH244,9.115563
TXH3_2022,GEMN-0225_PHP02_0008/LH244,9.178976
TXH3_2022,GEMN-0225_PHP02_0009/LH244,9.155758
TXH3_2022,GEMN-0225_PHP02_0010/LH244,9.133959
TXH3_2022,GEMN-0225_PHP02_0012/LH244,9.161941
TXH3_2022,GEMN-0225_PHP02_0013/LH244,9.171
TXH3_2022,GEMN-0225_PHP02_0014/LH244,9.127226
TXH3_2022,GEMN-0225_PHP02_0015/LH244,9.108061
TXH3_2022,GEMN-0225_PHP02_0017/LH244,9.173286
TXH3_2022,GEMN-0238/LH244,9.148819
TXH3_2022,GEMN-0271/LH244,9.170656
TXH3_2022,GEMN-0287/LH244,9.14994
TXH3_2022,LH145/LH82,7.108628
TXH3_2022,LH195/MO17,9.415947
TXH3_2022,LH195/PHK76,8.207239
TXH3_2022,LH195/PHN82,8.94217
TXH3_2022,LH195/PHZ51,8.546574
TXH3_2022,LH216/LH244,9.029123
TXH3_2022,LH244/MO17,9.997481
TXH3_2022,LH244/PHK76,9.265499
TXH3_2022,LH244/PHN82,9.55994
TXH3_2022,LH244/PHZ51,8.924225
TXH3_2022,LH283/LH244,9.146044
TXH3_2022,LH287/LH244,9.211782
TXH3_2022,LH82/LH244,9.019016
TXH3_2022,M162W/LH244,9.158251
TXH3_2022,MBUB/LH244,9.17945
TXH3_2022,MM501D/LH244,9.162944
TXH3_2022,MO17_PHW30-008-(2N)-01/LH244,9.130484
TXH3_2022,MO17_PHW30-200-(2N)-02/LH244,9.200782
TXH3_2022,MO17_PHW30-309-(2N)-01/LH244,9.150207
TXH3_2022,MO44_LH145_0127/LH244,9.212235
TXH3_2022,MO44_LH145_0138/LH244,9.112228
TXH3_2022,MO44_PHG47_0072/LH244,9.149356
TXH3_2022,MO44_PHG47_0125/LH244,9.209171
TXH3_2022,MO44_PHW65_0025/LH244,9.307007
TXH3_2022,MO44_PHW65_0035/LH244,8.564475
TXH3_2022,MOG/LH244,8.865324
TXH3_2022,NC358/LH244,9.146932
TXH3_2022,NC528/LH244,9.174875
TXH3_2022,NKH8431/LH244,9.379193
TXH3_2022,OH43/LH244,9.159097
TXH3_2022,PH207/LH244,9.124853
TXH3_2022,PH24E/LH244,9.142147
TXH3_2022,PHB47/LH244,9.247797
TXH3_2022,PHB47/MO17,8.132468
TXH3_2022,PHB47/PHK76,8.503717
TXH3_2022,PHB47/PHN82,9.271261
TXH3_2022,PHB47/PHZ51,8.183537
TXH3_2022,PHG29/PHG47,7.501061
TXH3_2022,PHG39/PHN82,8.963942
TXH3_2022,PHG47/LH244,9.089727
TXH3_2022,PHJ40/PHAJ0,6.320357
TXH3_2022,PHJ89/LH244,9.199041
TXH3_2022,PHJ89/PH207,8.388962
TXH3_2022,PHJ90/LH244,9.198637
TXH3_2022,PHK56/LH244,9.473572
TXH3_2022,PHKE6/LH244,9.20645
TXH3_2022,PHN11/LH244,9.647316
TXH3_2022,PHN11_LH145_0005/LH244,9.176878
TXH3_2022,PHN11_LH145_0028/LH244,9.1668
TXH3_2022,PHN11_LH145_0085/LH244,9.168165
TXH3_2022,PHN11_OH43_0075/LH244,9.166879
TXH3_2022,PHN11_OH43_0088/LH244,9.153914
TXH3_2022,PHN11_PHG47_0251/LH244,8.886177
TXH3_2022,PHN11_PHG47_0287/LH244,9.150946
TXH3_2022,PHN11_PHW65_0312/LH244,10.009909
TXH3_2022,PHN11_PHW65_0323/LH244,10.012634
TXH3_2022,PHN11_PHW65_0359/LH244,8.934736
TXH3_2022,PHN46/LH244,9.201135
TXH3_2022,PHP02/LH244,9.107816
TXH3_2022,PHP55/LH244,9.1578
TXH3_2022,PHR03/LH244,9.153614
TXH3_2022,PHRE1/PHTD5,7.495714
TXH3_2022,PHW30/LH244,9.155186
TXH3_2022,PHW30_MO17-010-(2N)-01/LH244,9.149991
TXH3_2022,PHW30_MO17-032-(2N)-01/LH244,9.118818
TXH3_2022,PHW30_MO17-095-(2N)-01/LH244,9.123396
TXH3_2022,PHW30_MO17-129-(2N)-01/LH244,9.189249
TXH3_2022,PHW30_MO17-178-(2N)-01/LH244,9.186216
TXH3_2022,PHW30_MO17-234-(2N)-02/LH244,9.184489
TXH3_2022,PHW52/PHM49,8.40447
TXH3_2022,PHW65_MOG_0137/LH244,9.9266
TXH3_2022,PHW65_MOG_0176/LH244,8.999826
TXH3_2022,PHW65_MOG_0271/LH244,9.420891
TXH3_2022,TX714/PHZ51,8.470724
TXH3_2022,TX777/LH195,8.288706
TXH3_2022,TX779/LH195,8.419183
TXH3_2022,W10001_0003/LH244,9.146753
TXH3_2022,W10001_0007/LH244,9.150015
TXH3_2022,W10001_0009/LH244,9.104352
TXH3_2022,W10001_0013/LH244,9.154831
TXH3_2022,W10001_0014/LH244,9.196308
TXH3_2022,W10001_0016/LH244,9.126808
TXH3_2022,W10001_0017/LH244,9.120406
TXH3_2022,W10001_0019/LH244,9.14735
TXH3_2022,W10001_0021/LH244,9.166346
TXH3_2022,W10001_0022/LH244,8.487237
TXH3_2022,W10001_0023/LH244,9.130074
TXH3_2022,W10001_0031/LH244,9.173143
TXH3_2022,W10001_0040/LH244,9.125331
TXH3_2022,W10001_0047/LH244,9.141953
TXH3_2022,W10005_0029/LH244,9.177224
TXH3_2022,W10005_0107/LH244,8.900816
TXH3_2022,W10005_0111/LH244,9.136296
TXH3_2022,W10005_0147/LH244,9.070066
TXH3_2022,W10005_0220/LH244,9.111446
TXH3_2022,W10010_0084/LH244,9.112604
TXH3_2022,W10010_0093/LH244,9.14362
TXH3_2022,W10010_0118/LH244,9.214699
TXH3_2022,W10010_0124/LH244,9.173643
TXH3_2022,W10010_0148/LH244,9.190608
TXH3_2022,W10010_0170/LH244,9.144454
TXH3_2022,W10010_0189/LH244,9.152906
TXH3_2022,W10010_0279/LH244,9.163322
TXH3_2022,W10010_0294/LH244,9.146812
TXH3_2022,W10010_0311/LH244,9.123474
TXH3_2022,W10010_0337/LH244,9.178015
TXH3_2022,W10010_0346/LH244,9.178766
TXH3_2022,W10010_0358/LH244,9.180692
WIH1_2022,B14A/OH43,12.20519
WIH1_2022,B37/H95,12.166134
WIH1_2022,B73/MO17,12.625458
WIH1_2022,B73/PHN82,12.687495
WIH1_2022,B73/TX779,12.151031
WIH1_2022,B97/LH244,12.603555
WIH1_2022,BGEM-0039-N/LH244,12.403752
WIH1_2022,BGEM-0063-N/LH244,12.68764
WIH1_2022,BGEM-0089-N/LH244,12.451585
WIH1_2022,BGEM-0124-N/LH244,12.446775
WIH1_2022,BGEM-0129-N/LH244,10.619623
WIH1_2022,CG119/CG108,6.675796
WIH1_2022,CG44/CGR01,12.114594
WIH1_2022,DK3IIH6/LH244,12.896806
WIH1_2022,DK78010/LH244,12.675762
WIH1_2022,GEMN-0096/LH244,12.670288
WIH1_2022,GEMN-0096_LH212HT_0001/LH244,12.65873
WIH1_2022,GEMN-0096_LH212HT_0002/LH244,12.669046
WIH1_2022,GEMN-0096_LH212HT_0003/LH244,12.658714
WIH1_2022,GEMN-0096_LH212HT_0004/LH244,12.666711
WIH1_2022,GEMN-0096_LH212HT_0005/LH244,12.682785
WIH1_2022,GEMN-0096_LH212HT_0006/LH244,12.657312
WIH1_2022,GEMN-0096_LH212HT_0009/LH244,12.659699
WIH1_2022,GEMN-0096_LH212HT_0010/LH244,12.676357
WIH1_2022,GEMN-0096_LH212HT_0012/LH244,12.656618
WIH1_2022,GEMN-0096_LH212HT_0013/LH244,12.67474
WIH1_2022,GEMN-0096_LH212HT_0017/LH244,12.675784
WIH1_2022,GEMN-0096_LH212HT_0020/LH244,12.667084
WIH1_2022,GEMN-0096_LH212HT_0021/LH244,12.66921
WIH1_2022,GEMN-0096_PHJ89_0001/LH244,12.659782
WIH1_2022,GEMN-0096_PHJ89_0002/LH244,12.672024
WIH1_2022,GEMN-0096_PHJ89_0006/LH244,12.664381
WIH1_2022,GEMN-0096_PHJ89_0007/LH244,12.663948
WIH1_2022,GEMN-0096_PHJ89_0009/LH244,12.656856
WIH1_2022,GEMN-0096_PHJ89_0010/LH244,12.671052
WIH1_2022,GEMN-0096_PHJ89_0011/LH244,12.661753
WIH1_2022,GEMN-0096_PHJ89_0012/LH244,12.668858
WIH1_2022,GEMN-0096_PHJ89_0013/LH244,12.675469
WIH1_2022,GEMN-0096_PHJ89_0014/LH244,12.675694
WIH1_2022,GEMN-0096_PHJ89_0016/LH244,12.655025
WIH1_2022,GEMN-0096_PHJ89_0017/LH244,12.680998
WIH1_2022,GEMN-0096_PHK76_0001/LH244,12.667113
WIH1_2022,GEMN-0096_PHK76_0002/LH244,12.657646
WIH1_2022,GEMN-0096_PHK76_0003/LH244,12.664868
WIH1_2022,GEMN-0096_PHK76_0004/LH244,12.678008
WIH1_2022,GEMN-0096_PHK76_0006/LH244,12.681364
WIH1_2022,GEMN-0096_PHK76_0007/LH244,12.661139
WIH1_2022,GEMN-0096_PHK76_0008/LH244,12.664982
WIH1_2022,GEMN-0096_PHK76_0009/LH244,12.661914
WIH1_2022,GEMN-0096_PHK76_0010/LH244,12.665356
WIH1_2022,GEMN-0096_PHK76_0013/LH244,12.656329
WIH1_2022,GEMN-0096_PHK76_0015/LH244,12.654927
WIH1_2022,GEMN-0096_PHK76_0016/LH244,12.659495
WIH1_2022,GEMN-0096_PHN46_0001/LH244,12.664312
WIH1_2022,GEMN-0096_PHN46_0002/LH244,12.649483
WIH1_2022,GEMN-0096_PHN46_0003/LH244,12.657154
WIH1_2022,GEMN-0096_PHN46_0004/LH244,12.656265
WIH1_2022,GEMN-0096_PHN46_0005/LH244,12.664932
WIH1_2022,GEMN-0096_PHN46_0007/LH244,12.65887
WIH1_2022,GEMN-0096_PHN46_0009/LH244,12.650177
WIH1_2022,GEMN-0096_PHN46_0010/LH244,12.661356
WIH1_2022,GEMN-0096_PHN46_0011/LH244,12.679717
WIH1_2022,GEMN-0096_PHN46_0012/LH244,12.680395
WIH1_2022,GEMN-0096_PHN46_0013/LH244,12.650869
WIH1_2022,GEMN-0096_PHN46_0014/LH244,12.659796
WIH1_2022,GEMN-0096_PHN46_0018/LH244,12.659519
WIH1_2022,GEMN-0096_PHN46_0020/LH244,12.656558
WIH1_2022,GEMN-0096_PHN46_0023/LH244,12.659977
WIH1_2022,GEMN-0096_PHP02_0001/LH244,12.666958
WIH1_2022,GEMN-0096_PHP02_0003/LH244,12.673141
WIH1_2022,GEMN-0096_PHP02_0005/LH244,12.672368
WIH1_2022,GEMN-0096_PHP02_0006/LH244,12.664124
WIH1_2022,GEMN-0096_PHP02_0007/LH244,12.654038
WIH1_2022,GEMN-0096_PHP02_0009/LH244,12.673248
WIH1_2022,GEMN-0096_PHP02_0011/LH244,12.666019
WIH1_2022,GEMN-0096_PHP02_0012/LH244,12.663542
WIH1_2022,GEMN-0096_PHP02_0015/LH244,12.668704
WIH1_2022,GEMN-0096_PHP02_0016/LH244,12.660684
WIH1_2022,GEMN-0096_PHP02_0017/LH244,12.671903
WIH1_2022,GEMN-0096_PHP02_0025/LH244,12.680196
WIH1_2022,GEMN-0096_PHP02_0030/LH244,12.666721
WIH1_2022,GEMN-0097/LH244,12.667175
WIH1_2022,GEMN-0097_LH212HT_0002/LH244,12.680645
WIH1_2022,GEMN-0097_LH212HT_0004/LH244,12.659185
WIH1_2022,GEMN-0097_LH212HT_0019/LH244,12.668419
WIH1_2022,GEMN-0097_LH212HT_0020/LH244,12.675853
WIH1_2022,GEMN-0097_LH212HT_0026/LH244,12.669852
WIH1_2022,GEMN-0097_LH212HT_0032/LH244,12.67754
WIH1_2022,GEMN-0097_LH212HT_0047/LH244,12.672708
WIH1_2022,GEMN-0097_LH212HT_0051/LH244,12.661322
WIH1_2022,GEMN-0097_LH212HT_0054/LH244,12.657495
WIH1_2022,GEMN-0097_LH212HT_0058/LH244,12.664862
WIH1_2022,GEMN-0097_LH212HT_0061/LH244,12.65725
WIH1_2022,GEMN-0097_LH212HT_0062/LH244,12.670685
WIH1_2022,GEMN-0097_LH212HT_0069/LH244,12.66299
WIH1_2022,GEMN-0097_LH212HT_0074/LH244,12.662512
WIH1_2022,GEMN-0097_LH212HT_0078/LH244,12.667105
WIH1_2022,GEMN-0097_LH212HT_0085/LH244,12.659494
WIH1_2022,GEMN-0097_LH212HT_0090/LH244,12.668869
WIH1_2022,GEMN-0097_PHJ89_0001/LH244,12.658737
WIH1_2022,GEMN-0097_PHJ89_0002/LH244,12.666693
WIH1_2022,GEMN-0097_PHJ89_0003/LH244,12.669241
WIH1_2022,GEMN-0097_PHJ89_0005/LH244,12.656557
WIH1_2022,GEMN-0097_PHJ89_0006/LH244,12.662537
WIH1_2022,GEMN-0097_PHJ89_0007/LH244,12.667456
WIH1_2022,GEMN-0097_PHJ89_0008/LH244,12.670783
WIH1_2022,GEMN-0097_PHJ89_0010/LH244,12.678217
WIH1_2022,GEMN-0097_PHJ89_0011/LH244,12.663585
WIH1_2022,GEMN-0097_PHJ89_0012/LH244,12.676604
WIH1_2022,GEMN-0097_PHJ89_0013/LH244,12.669315
WIH1_2022,GEMN-0097_PHJ89_0016/LH244,12.677239
WIH1_2022,GEMN-0097_PHJ89_0020/LH244,12.664262
WIH1_2022,GEMN-0097_PHJ89_0023/LH244,12.672103
WIH1_2022,GEMN-0097_PHJ89_0025/LH244,12.656343
WIH1_2022,GEMN-0097_PHJ89_0026/LH244,12.673308
WIH1_2022,GEMN-0097_PHJ89_0027/LH244,12.656896
WIH1_2022,GEMN-0097_PHJ89_0028/LH244,12.667435
WIH1_2022,GEMN-0097_PHJ89_0029/LH244,12.668964
WIH1_2022,GEMN-0097_PHJ89_0036/LH244,12.658061
WIH1_2022,GEMN-0097_PHJ89_0039/LH244,12.658622
WIH1_2022,GEMN-0097_PHK76_0002/LH244,12.672447
WIH1_2022,GEMN-0097_PHK76_0003/LH244,12.669768
WIH1_2022,GEMN-0097_PHK76_0007/LH244,12.660665
WIH1_2022,GEMN-0097_PHK76_0009/LH244,12.669376
WIH1_2022,GEMN-0097_PHK76_0011/LH244,12.666922
WIH1_2022,GEMN-0097_PHK76_0014/LH244,12.669269
WIH1_2022,GEMN-0097_PHK76_0015/LH244,12.668939
WIH1_2022,GEMN-0097_PHK76_0017/LH244,12.665613
WIH1_2022,GEMN-0097_PHK76_0018/LH244,12.65866
WIH1_2022,GEMN-0097_PHK76_0021/LH244,12.657937
WIH1_2022,GEMN-0097_PHK76_0036/LH244,12.674895
WIH1_2022,GEMN-0097_PHK76_0037/LH244,12.679785
WIH1_2022,GEMN-0097_PHK76_0038/LH244,12.664694
WIH1_2022,GEMN-0097_PHK76_0039/LH244,12.677744
WIH1_2022,GEMN-0097_PHK76_0041/LH244,12.663741
WIH1_2022,GEMN-0097_PHK76_0048/LH244,12.677491
WIH1_2022,GEMN-0097_PHK76_0053/LH244,12.67573
WIH1_2022,GEMN-0097_PHK76_0055/LH244,12.667889
WIH1_2022,GEMN-0097_PHK76_0060/LH244,12.66742
WIH1_2022,GEMN-0097_PHN46_0001/LH244,12.657057
WIH1_2022,GEMN-0097_PHN46_0003/LH244,12.671978
WIH1_2022,GEMN-0097_PHN46_0004/LH244,12.670441
WIH1_2022,GEMN-0097_PHN46_0005/LH244,12.67308
WIH1_2022,GEMN-0097_PHN46_0007/LH244,12.675037
WIH1_2022,GEMN-0097_PHN46_0008/LH244,12.681246
WIH1_2022,GEMN-0097_PHN46_0011/LH244,12.648329
WIH1_2022,GEMN-0097_PHN46_0013/LH244,12.66432
WIH1_2022,GEMN-0097_PHN46_0014/LH244,12.661105
WIH1_2022,GEMN-0097_PHN46_0016/LH244,12.667978
WIH1_2022,GEMN-0097_PHN46_0018/LH244,12.665388
WIH1_2022,GEMN-0097_PHP02_0001/LH244,12.651661
WIH1_2022,GEMN-0097_PHP02_0002/LH244,12.666707
WIH1_2022,GEMN-0097_PHP02_0003/LH244,12.663894
WIH1_2022,GEMN-0097_PHP02_0005/LH244,12.659746
WIH1_2022,GEMN-0097_PHP02_0006/LH244,12.659368
WIH1_2022,GEMN-0097_PHP02_0007/LH244,12.671947
WIH1_2022,GEMN-0098/LH244,12.668674
WIH1_2022,GEMN-0104/LH244,12.652815
WIH1_2022,GEMN-0124/LH244,12.661342
WIH1_2022,GEMN-0144/LH244,12.664499
WIH1_2022,GEMN-0157/LH244,12.663618
WIH1_2022,GEMN-0177/LH244,12.672099
WIH1_2022,GEMN-0178/LH244,12.675634
WIH1_2022,GEMN-0187/LH244,12.671701
WIH1_2022,GEMN-0192/LH244,12.664296
WIH1_2022,GEMN-0192_LH212HT_0001/LH244,12.664947
WIH1_2022,GEMN-0192_LH212HT_0006/LH244,12.685516
WIH1_2022,GEMN-0192_LH212HT_0008/LH244,12.681532
WIH1_2022,GEMN-0192_LH212HT_0010/LH244,12.665702
WIH1_2022,GEMN-0192_LH212HT_0011/LH244,12.674696
WIH1_2022,GEMN-0192_LH212HT_0012/LH244,12.667119
WIH1_2022,GEMN-0192_LH212HT_0013/LH244,12.655853
WIH1_2022,GEMN-0192_LH212HT_0014/LH244,12.659065
WIH1_2022,GEMN-0192_LH212HT_0015/LH244,12.659822
WIH1_2022,GEMN-0192_LH212HT_0018/LH244,12.668953
WIH1_2022,GEMN-0192_LH212HT_0021/LH244,12.661404
WIH1_2022,GEMN-0192_LH212HT_0023/LH244,12.654898
WIH1_2022,GEMN-0192_PHJ89_0001/LH244,12.669072
WIH1_2022,GEMN-0192_PHJ89_0002/LH244,12.65895
WIH1_2022,GEMN-0192_PHK76_0002/LH244,12.679693
WIH1_2022,GEMN-0192_PHK76_0004/LH244,12.671869
WIH1_2022,GEMN-0192_PHK76_0005/LH244,12.665578
WIH1_2022,GEMN-0192_PHK76_0006/LH244,12.660095
WIH1_2022,GEMN-0192_PHK76_0007/LH244,12.678725
WIH1_2022,GEMN-0192_PHK76_0008/LH244,12.668428
WIH1_2022,GEMN-0192_PHK76_0009/LH244,12.668317
WIH1_2022,GEMN-0192_PHK76_0010/LH244,12.654976
WIH1_2022,GEMN-0192_PHK76_0011/LH244,12.669332
WIH1_2022,GEMN-0192_PHK76_0012/LH244,12.662226
WIH1_2022,GEMN-0192_PHK76_0013/LH244,12.67654
WIH1_2022,GEMN-0192_PHK76_0014/LH244,12.681465
WIH1_2022,GEMN-0192_PHK76_0015/LH244,12.674924
WIH1_2022,GEMN-0192_PHK76_0016/LH244,12.668289
WIH1_2022,GEMN-0192_PHK76_0019/LH244,12.668428
WIH1_2022,GEMN-0192_PHK76_0021/LH244,12.665992
WIH1_2022,GEMN-0192_PHK76_0025/LH244,12.6591
WIH1_2022,GEMN-0192_PHK76_0027/LH244,12.660952
WIH1_2022,GEMN-0192_PHK76_0028/LH244,12.676952
WIH1_2022,GEMN-0192_PHK76_0030/LH244,12.669918
WIH1_2022,GEMN-0192_PHK76_0032/LH244,12.670271
WIH1_2022,GEMN-0192_PHK76_0033/LH244,12.662339
WIH1_2022,GEMN-0192_PHK76_0035/LH244,12.662251
WIH1_2022,GEMN-0192_PHK76_0036/LH244,12.670478
WIH1_2022,GEMN-0192_PHK76_0037/LH244,12.667736
WIH1_2022,GEMN-0192_PHK76_0041/LH244,12.666216
WIH1_2022,GEMN-0192_PHK76_0044/LH244,12.656954
WIH1_2022,GEMN-0192_PHK76_0045/LH244,12.665585
WIH1_2022,GEMN-0192_PHN46_0001/LH244,12.670797
WIH1_2022,GEMN-0192_PHN46_0002/LH244,12.681093
WIH1_2022,GEMN-0192_PHN46_0003/LH244,12.666576
WIH1_2022,GEMN-0192_PHN46_0004/LH244,12.664149
WIH1_2022,GEMN-0192_PHN46_0005/LH244,12.672644
WIH1_2022,GEMN-0192_PHN46_0006/LH244,12.656586
WIH1_2022,GEMN-0192_PHN46_0008/LH244,12.670731
WIH1_2022,GEMN-0192_PHN46_0009/LH244,12.668812
WIH1_2022,GEMN-0192_PHN46_0010/LH244,12.677731
WIH1_2022,GEMN-0192_PHN46_0011/LH244,12.670554
WIH1_2022,GEMN-0192_PHN46_0012/LH244,12.652414
WIH1_2022,GEMN-0192_PHN46_0014/LH244,12.648682
WIH1_2022,GEMN-0192_PHN46_0015/LH244,12.674818
WIH1_2022,GEMN-0192_PHN46_0017/LH244,12.66128
WIH1_2022,GEMN-0192_PHN46_0018/LH244,12.670139
WIH1_2022,GEMN-0192_PHN46_0019/LH244,12.668694
WIH1_2022,GEMN-0192_PHN46_0020/LH244,12.670271
WIH1_2022,GEMN-0192_PHN46_0021/LH244,12.654974
WIH1_2022,GEMN-0192_PHN46_0025/LH244,12.675728
WIH1_2022,GEMN-0192_PHP02_0001/LH244,12.675661
WIH1_2022,GEMN-0192_PHP02_0003/LH244,12.659356
WIH1_2022,GEMN-0225/LH244,12.66416
WIH1_2022,GEMN-0225_LH212HT_0002/LH244,12.664089
WIH1_2022,GEMN-0225_LH212HT_0003/LH244,12.66587
WIH1_2022,GEMN-0225_LH212HT_0005/LH244,12.671632
WIH1_2022,GEMN-0225_LH212HT_0006/LH244,12.65794
WIH1_2022,GEMN-0225_LH212HT_0008/LH244,12.654642
WIH1_2022,GEMN-0225_LH212HT_0015/LH244,12.677385
WIH1_2022,GEMN-0225_LH212HT_0017/LH244,12.684895
WIH1_2022,GEMN-0225_LH212HT_0021/LH244,12.677233
WIH1_2022,GEMN-0225_LH212HT_0023/LH244,12.659435
WIH1_2022,GEMN-0225_LH212HT_0024/LH244,12.664551
WIH1_2022,GEMN-0225_LH212HT_0025/LH244,12.670664
WIH1_2022,GEMN-0225_LH212HT_0029/LH244,12.679756
WIH1_2022,GEMN-0225_LH212HT_0033/LH244,12.670982
WIH1_2022,GEMN-0225_LH212HT_0036/LH244,12.66887
WIH1_2022,GEMN-0225_LH212HT_0038/LH244,12.674808
WIH1_2022,GEMN-0225_LH212HT_0040/LH244,12.664873
WIH1_2022,GEMN-0225_LH212HT_0043/LH244,12.670664
WIH1_2022,GEMN-0225_PHJ89_0001/LH244,12.663136
WIH1_2022,GEMN-0225_PHJ89_0002/LH244,12.676978
WIH1_2022,GEMN-0225_PHJ89_0003/LH244,12.655996
WIH1_2022,GEMN-0225_PHJ89_0004/LH244,12.66776
WIH1_2022,GEMN-0225_PHJ89_0005/LH244,12.662493
WIH1_2022,GEMN-0225_PHJ89_0006/LH244,12.652338
WIH1_2022,GEMN-0225_PHJ89_0008/LH244,12.675816
WIH1_2022,GEMN-0225_PHJ89_0009/LH244,12.665652
WIH1_2022,GEMN-0225_PHJ89_0013/LH244,12.668264
WIH1_2022,GEMN-0225_PHJ89_0015/LH244,12.683982
WIH1_2022,GEMN-0225_PHJ89_0016/LH244,12.675959
WIH1_2022,GEMN-0225_PHJ89_0017/LH244,12.665256
WIH1_2022,GEMN-0225_PHJ89_0018/LH244,12.670675
WIH1_2022,GEMN-0225_PHJ89_0020/LH244,12.660795
WIH1_2022,GEMN-0225_PHJ89_0021/LH244,12.654287
WIH1_2022,GEMN-0225_PHJ89_0022/LH244,12.672836
WIH1_2022,GEMN-0225_PHJ89_0026/LH244,12.663849
WIH1_2022,GEMN-0225_PHJ89_0032/LH244,12.677153
WIH1_2022,GEMN-0225_PHK76_0001/LH244,12.674987
WIH1_2022,GEMN-0225_PHK76_0002/LH244,12.67378
WIH1_2022,GEMN-0225_PHK76_0003/LH244,12.666683
WIH1_2022,GEMN-0225_PHK76_0004/LH244,12.680565
WIH1_2022,GEMN-0225_PHK76_0005/LH244,12.676888
WIH1_2022,GEMN-0225_PHK76_0007/LH244,12.671373
WIH1_2022,GEMN-0225_PHK76_0008/LH244,12.661798
WIH1_2022,GEMN-0225_PHK76_0010/LH244,12.670988
WIH1_2022,GEMN-0225_PHK76_0012/LH244,12.666668
WIH1_2022,GEMN-0225_PHK76_0013/LH244,12.661238
WIH1_2022,GEMN-0225_PHK76_0014/LH244,12.65419
WIH1_2022,GEMN-0225_PHK76_0018/LH244,12.661613
WIH1_2022,GEMN-0225_PHK76_0019/LH244,12.678935
WIH1_2022,GEMN-0225_PHK76_0021/LH244,12.670027
WIH1_2022,GEMN-0225_PHK76_0022/LH244,12.673513
WIH1_2022,GEMN-0225_PHK76_0027/LH244,12.663637
WIH1_2022,GEMN-0225_PHK76_0028/LH244,12.680992
WIH1_2022,GEMN-0225_PHK76_0031/LH244,12.665651
WIH1_2022,GEMN-0225_PHK76_0032/LH244,12.675627
WIH1_2022,GEMN-0225_PHN46_0001/LH244,12.667067
WIH1_2022,GEMN-0225_PHN46_0003/LH244,12.672292
WIH1_2022,GEMN-0225_PHN46_0004/LH244,12.668696
WIH1_2022,GEMN-0225_PHN46_0005/LH244,12.65686
WIH1_2022,GEMN-0225_PHN46_0006/LH244,12.677538
WIH1_2022,GEMN-0225_PHN46_0014/LH244,12.671768
WIH1_2022,GEMN-0225_PHN46_0021/LH244,12.663847
WIH1_2022,GEMN-0225_PHP02_0001/LH244,12.664949
WIH1_2022,GEMN-0225_PHP02_0002/LH244,12.666073
WIH1_2022,GEMN-0225_PHP02_0003/LH244,12.677271
WIH1_2022,GEMN-0225_PHP02_0005/LH244,12.671553
WIH1_2022,GEMN-0225_PHP02_0006/LH244,12.656185
WIH1_2022,GEMN-0225_PHP02_0008/LH244,12.67471
WIH1_2022,GEMN-0225_PHP02_0009/LH244,12.667928
WIH1_2022,GEMN-0225_PHP02_0010/LH244,12.661559
WIH1_2022,GEMN-0225_PHP02_0012/LH244,12.669733
WIH1_2022,GEMN-0225_PHP02_0013/LH244,12.67238
WIH1_2022,GEMN-0225_PHP02_0014/LH244,12.659592
WIH1_2022,GEMN-0225_PHP02_0015/LH244,12.653994
WIH1_2022,GEMN-0225_PHP02_0017/LH244,12.673048
WIH1_2022,GEMN-0232/LH244,12.663723
WIH1_2022,GEMN-0238/LH244,12.665901
WIH1_2022,GEMN-0257/LH244,12.67142
WIH1_2022,GEMN-0271/LH244,12.672279
WIH1_2022,GEMN-0287/LH244,12.666227
WIH1_2022,LH185/LH244,12.92094
WIH1_2022,LH195/PHZ51,12.460676
WIH1_2022,LH216/LH244,12.630934
WIH1_2022,LH244/PHK76,12.699986
WIH1_2022,LH244/PHZ51,12.594199
WIH1_2022,LH283/LH244,12.66509
WIH1_2022,LH287/LH244,12.684294
WIH1_2022,LH82/LH244,12.627713
WIH1_2022,M162W/LH244,12.668655
WIH1_2022,MBUB/LH244,12.674849
WIH1_2022,MM501D/LH244,12.670027
WIH1_2022,MO17_PHW30-008-(2N)-01/LH244,12.660543
WIH1_2022,MO17_PHW30-200-(2N)-02/LH244,12.681081
WIH1_2022,MO17_PHW30-309-(2N)-01/LH244,12.666306
WIH1_2022,MO44_LH145_0127/LH244,12.684426
WIH1_2022,MO44_LH145_0138/LH244,12.65521
WIH1_2022,MO44_PHG47_0072/LH244,12.666058
WIH1_2022,MO44_PHG47_0125/LH244,12.683531
WIH1_2022,MO44_PHW65_0025/LH244,12.712112
WIH1_2022,MO44_PHW65_0035/LH244,12.467005
WIH1_2022,MOG/LH244,12.573374
WIH1_2022,MS71/LH244,12.66608
WIH1_2022,NC358/LH244,12.66535
WIH1_2022,NC366/LH244,12.670954
WIH1_2022,NC374/LH244,12.666567
WIH1_2022,NC388/LH244,12.656462
WIH1_2022,NC398/LH244,12.677811
WIH1_2022,NC426/LH244,12.652286
WIH1_2022,NC428/LH244,12.67061
WIH1_2022,NC458/LH244,12.672567
WIH1_2022,NC512/LH244,12.681193
WIH1_2022,NC528/LH244,12.673512
WIH1_2022,NC542/LH244,12.674783
WIH1_2022,NC546/LH244,12.663009
WIH1_2022,NC548/LH244,12.666012
WIH1_2022,NKH8431/LH244,12.7332
WIH1_2022,OH43/LH244,12.668902
WIH1_2022,PH207/LH244,12.658899
WIH1_2022,PH24E/LH244,12.663952
WIH1_2022,PHAP9/LH244,12.663043
WIH1_2022,PHB47/LH244,12.694815
WIH1_2022,PHB47/PHN82,12.70167
WIH1_2022,PHB47/PHZ51,12.33232
WIH1_2022,PHG29/PHG47,12.003932
WIH1_2022,PHG47/LH244,12.648638
WIH1_2022,PHJ40/PHAJ0,10.909754
WIH1_2022,PHJ89/LH244,12.680572
WIH1_2022,PHJ90/LH244,12.680454
WIH1_2022,PHK56/LH244,12.760772
WIH1_2022,PHKE6/LH244,12.682737
WIH1_2022,PHN11/LH244,12.811528
WIH1_2022,PHN11_LH145_0005/LH244,12.674097
WIH1_2022,PHN11_LH145_0028/LH244,12.671153
WIH1_2022,PHN11_LH145_0085/LH244,12.671552
WIH1_2022,PHN11_OH43_0001/LH244,12.6438
WIH1_2022,PHN11_OH43_0075/LH244,12.671177
WIH1_2022,PHN11_OH43_0088/LH244,12.66739
WIH1_2022,PHN11_PHG47_0251/LH244,12.580747
WIH1_2022,PHN11_PHG47_0287/LH244,12.666522
WIH1_2022,PHN11_PHW65_0312/LH244,12.917453
WIH1_2022,PHN11_PHW65_0323/LH244,12.91825
WIH1_2022,PHN11_PHW65_0359/LH244,12.597916
WIH1_2022,PHP02/LH244,12.653922
WIH1_2022,PHP55/LH244,12.668524
WIH1_2022,PHR03/LH244,12.667301
WIH1_2022,PHRE1/PHTD5,12.000323
WIH1_2022,PHW30/LH244,12.667761
WIH1_2022,PHW30_MO17-010-(2N)-01/LH244,12.666243
WIH1_2022,PHW30_MO17-032-(2N)-01/LH244,12.657136
WIH1_2022,PHW30_MO17-095-(2N)-01/LH244,12.658474
WIH1_2022,PHW30_MO17-129-(2N)-01/LH244,12.677711
WIH1_2022,PHW30_MO17-178-(2N)-01/LH244,12.676826
WIH1_2022,PHW30_MO17-234-(2N)-02/LH244,12.676321
WIH1_2022,PHW52/PHM49,12.410434
WIH1_2022,PHW52/PHN82,12.733198
WIH1_2022,PHW65/LH244,12.852034
WIH1_2022,PHW65_MOG_0137/LH244,12.893116
WIH1_2022,PHW65_MOG_0176/LH244,12.620929
WIH1_2022,PHW65_MOG_0271/LH244,12.745381
WIH1_2022,TX777/LH195,12.369503
WIH1_2022,TX779/LH195,12.415636
WIH1_2022,W10001_0003/LH244,12.665298
WIH1_2022,W10001_0007/LH244,12.66625
WIH1_2022,W10001_0009/LH244,12.65291
WIH1_2022,W10001_0012/LH244,12.668027
WIH1_2022,W10001_0013/LH244,12.667657
WIH1_2022,W10001_0014/LH244,12.679773
WIH1_2022,W10001_0016/LH244,12.65947
WIH1_2022,W10001_0017/LH244,12.6576
WIH1_2022,W10001_0019/LH244,12.665472
WIH1_2022,W10001_0021/LH244,12.671021
WIH1_2022,W10001_0022/LH244,12.439697
WIH1_2022,W10001_0023/LH244,12.660424
WIH1_2022,W10001_0030/LH244,12.675281
WIH1_2022,W10001_0031/LH244,12.673006
WIH1_2022,W10001_0033/LH244,12.668736
WIH1_2022,W10001_0036/LH244,12.668076
WIH1_2022,W10001_0040/LH244,12.659039
WIH1_2022,W10001_0047/LH244,12.663895
WIH1_2022,W10002_0002/LH244,12.666716
WIH1_2022,W10005_0029/LH244,12.674198
WIH1_2022,W10005_0107/LH244,12.585922
WIH1_2022,W10005_0111/LH244,12.662242
WIH1_2022,W10005_0147/LH244,12.642894
WIH1_2022,W10005_0220/LH244,12.654983
WIH1_2022,W10010_0032/LH244,12.668358
WIH1_2022,W10010_0084/LH244,12.655321
WIH1_2022,W10010_0093/LH244,12.664382
WIH1_2022,W10010_0118/LH244,12.685146
WIH1_2022,W10010_0124/LH244,12.673153
WIH1_2022,W10010_0148/LH244,12.678108
WIH1_2022,W10010_0170/LH244,12.664625
WIH1_2022,W10010_0189/LH244,12.667094
WIH1_2022,W10010_0215/LH244,12.672489
WIH1_2022,W10010_0279/LH244,12.670137
WIH1_2022,W10010_0294/LH244,12.665314
WIH1_2022,W10010_0311/LH244,12.658496
WIH1_2022,W10010_0337/LH244,12.674429
WIH1_2022,W10010_0346/LH244,12.674648
WIH1_2022,W10010_0358/LH244,12.675212
WIH1_2022,W10010_0381/LH244,12.673734
WIH1_2022,W10010_0452/LH244,12.676713
WIH2_2022,B14A/H95,8.26456
WIH2_2022,B14A/MO17,8.300554
WIH2_2022,B14A/OH43,8.427996
WIH2_2022,B37/H95,8.347736
WIH2_2022,B37/MO17,8.427996
WIH2_2022,B37/OH43,8.40976
WIH2_2022,B73/MO17,9.575215
WIH2_2022,B73/PHK76,9.422292
WIH2_2022,B73/PHM49,9.478386
WIH2_2022,B73/PHN82,9.785318
WIH2_2022,B73/PHZ51,9.106096
WIH2_2022,B73/TX779,8.319931
WIH2_2022,B97/LH244,9.513265
WIH2_2022,BGEM-0039-N/LH244,8.948152
WIH2_2022,BGEM-0063-N/LH244,9.785814
WIH2_2022,BGEM-0089-N/LH244,9.083439
WIH2_2022,BGEM-0124-N/LH244,9.069835
WIH2_2022,BGEM-0129-N/LH244,6.592804
WIH2_2022,CG119/CG108,5.977673
WIH2_2022,CG44/CGR01,8.252859
WIH2_2022,DK3IIH6/LH244,10.501807
WIH2_2022,DK78010/LH244,9.745153
WIH2_2022,F42/H95,8.887365
WIH2_2022,F42/OH43,8.873849
WIH2_2022,GEMN-0096/LH244,9.726416
WIH2_2022,GEMN-0096_LH212HT_0001/LH244,9.68685
WIH2_2022,GEMN-0096_LH212HT_0002/LH244,9.722165
WIH2_2022,GEMN-0096_LH212HT_0003/LH244,9.686797
WIH2_2022,GEMN-0096_LH212HT_0004/LH244,9.71417
WIH2_2022,GEMN-0096_LH212HT_0005/LH244,9.769194
WIH2_2022,GEMN-0096_LH212HT_0006/LH244,9.681997
WIH2_2022,GEMN-0096_LH212HT_0008/LH244,9.703181
WIH2_2022,GEMN-0096_LH212HT_0009/LH244,9.690171
WIH2_2022,GEMN-0096_LH212HT_0010/LH244,9.747192
WIH2_2022,GEMN-0096_LH212HT_0011/LH244,9.714327
WIH2_2022,GEMN-0096_LH212HT_0012/LH244,9.679623
WIH2_2022,GEMN-0096_LH212HT_0013/LH244,9.741655
WIH2_2022,GEMN-0096_LH212HT_0014/LH244,9.725166
WIH2_2022,GEMN-0096_LH212HT_0017/LH244,9.74523
WIH2_2022,GEMN-0096_LH212HT_0020/LH244,9.715446
WIH2_2022,GEMN-0096_LH212HT_0021/LH244,9.722728
WIH2_2022,GEMN-0096_PHJ89_0001/LH244,9.690453
WIH2_2022,GEMN-0096_PHJ89_0002/LH244,9.732358
WIH2_2022,GEMN-0096_PHJ89_0006/LH244,9.706198
WIH2_2022,GEMN-0096_PHJ89_0007/LH244,9.704714
WIH2_2022,GEMN-0096_PHJ89_0009/LH244,9.680435
WIH2_2022,GEMN-0096_PHJ89_0010/LH244,9.729032
WIH2_2022,GEMN-0096_PHJ89_0011/LH244,9.697199
WIH2_2022,GEMN-0096_PHJ89_0012/LH244,9.721518
WIH2_2022,GEMN-0096_PHJ89_0013/LH244,9.744152
WIH2_2022,GEMN-0096_PHJ89_0014/LH244,9.744924
WIH2_2022,GEMN-0096_PHJ89_0016/LH244,9.674169
WIH2_2022,GEMN-0096_PHJ89_0017/LH244,9.763076
WIH2_2022,GEMN-0096_PHK76_0001/LH244,9.715547
WIH2_2022,GEMN-0096_PHK76_0002/LH244,9.683142
WIH2_2022,GEMN-0096_PHK76_0003/LH244,9.707865
WIH2_2022,GEMN-0096_PHK76_0004/LH244,9.752842
WIH2_2022,GEMN-0096_PHK76_0006/LH244,9.76433
WIH2_2022,GEMN-0096_PHK76_0007/LH244,9.695096
WIH2_2022,GEMN-0096_PHK76_0008/LH244,9.708256
WIH2_2022,GEMN-0096_PHK76_0009/LH244,9.697751
WIH2_2022,GEMN-0096_PHK76_0010/LH244,9.709531
WIH2_2022,GEMN-0096_PHK76_0013/LH244,9.678635
WIH2_2022,GEMN-0096_PHK76_0015/LH244,9.673834
WIH2_2022,GEMN-0096_PHK76_0016/LH244,9.689471
WIH2_2022,GEMN-0096_PHN46_0001/LH244,9.705959
WIH2_2022,GEMN-0096_PHN46_0002/LH244,9.655195
WIH2_2022,GEMN-0096_PHN46_0003/LH244,9.681456
WIH2_2022,GEMN-0096_PHN46_0004/LH244,9.678413
WIH2_2022,GEMN-0096_PHN46_0005/LH244,9.708085
WIH2_2022,GEMN-0096_PHN46_0007/LH244,9.68733
WIH2_2022,GEMN-0096_PHN46_0008/LH244,9.704956
WIH2_2022,GEMN-0096_PHN46_0009/LH244,9.657574
WIH2_2022,GEMN-0096_PHN46_0010/LH244,9.695842
WIH2_2022,GEMN-0096_PHN46_0011/LH244,9.758694
WIH2_2022,GEMN-0096_PHN46_0012/LH244,9.761017
WIH2_2022,GEMN-0096_PHN46_0013/LH244,9.659944
WIH2_2022,GEMN-0096_PHN46_0014/LH244,9.690499
WIH2_2022,GEMN-0096_PHN46_0018/LH244,9.689552
WIH2_2022,GEMN-0096_PHN46_0020/LH244,9.679417
WIH2_2022,GEMN-0096_PHN46_0023/LH244,9.691122
WIH2_2022,GEMN-0096_PHP02_0001/LH244,9.715019
WIH2_2022,GEMN-0096_PHP02_0002/LH244,9.70624
WIH2_2022,GEMN-0096_PHP02_0003/LH244,9.736179
WIH2_2022,GEMN-0096_PHP02_0004/LH244,9.708823
WIH2_2022,GEMN-0096_PHP02_0005/LH244,9.73354
WIH2_2022,GEMN-0096_PHP02_0006/LH244,9.705316
WIH2_2022,GEMN-0096_PHP02_0007/LH244,9.670793
WIH2_2022,GEMN-0096_PHP02_0009/LH244,9.736547
WIH2_2022,GEMN-0096_PHP02_0010/LH244,9.715321
WIH2_2022,GEMN-0096_PHP02_0011/LH244,9.711803
WIH2_2022,GEMN-0096_PHP02_0012/LH244,9.703322
WIH2_2022,GEMN-0096_PHP02_0015/LH244,9.720992
WIH2_2022,GEMN-0096_PHP02_0016/LH244,9.693541
WIH2_2022,GEMN-0096_PHP02_0017/LH244,9.731944
WIH2_2022,GEMN-0096_PHP02_0022/LH244,9.693983
WIH2_2022,GEMN-0096_PHP02_0025/LH244,9.76033
WIH2_2022,GEMN-0096_PHP02_0030/LH244,9.714205
WIH2_2022,GEMN-0097/LH244,9.715759
WIH2_2022,GEMN-0097_LH212HT_0002/LH244,9.761868
WIH2_2022,GEMN-0097_LH212HT_0004/LH244,9.68841
WIH2_2022,GEMN-0097_LH212HT_0018/LH244,9.712267
WIH2_2022,GEMN-0097_LH212HT_0019/LH244,9.720015
WIH2_2022,GEMN-0097_LH212HT_0020/LH244,9.745464
WIH2_2022,GEMN-0097_LH212HT_0023/LH244,9.749636
WIH2_2022,GEMN-0097_LH212HT_0026/LH244,9.724924
WIH2_2022,GEMN-0097_LH212HT_0032/LH244,9.751241
WIH2_2022,GEMN-0097_LH212HT_0034/LH244,9.723016
WIH2_2022,GEMN-0097_LH212HT_0039/LH244,9.709375
WIH2_2022,GEMN-0097_LH212HT_0047/LH244,9.734696
WIH2_2022,GEMN-0097_LH212HT_0051/LH244,9.695724
WIH2_2022,GEMN-0097_LH212HT_0054/LH244,9.682628
WIH2_2022,GEMN-0097_LH212HT_0058/LH244,9.707845
WIH2_2022,GEMN-0097_LH212HT_0061/LH244,9.681789
WIH2_2022,GEMN-0097_LH212HT_0062/LH244,9.727774
WIH2_2022,GEMN-0097_LH212HT_0069/LH244,9.701432
WIH2_2022,GEMN-0097_LH212HT_0074/LH244,9.699799
WIH2_2022,GEMN-0097_LH212HT_0078/LH244,9.715517
WIH2_2022,GEMN-0097_LH212HT_0085/LH244,9.68947
WIH2_2022,GEMN-0097_LH212HT_0090/LH244,9.72156
WIH2_2022,GEMN-0097_PHJ89_0001/LH244,9.686876
WIH2_2022,GEMN-0097_PHJ89_0002/LH244,9.714108
WIH2_2022,GEMN-0097_PHJ89_0003/LH244,9.72283
WIH2_2022,GEMN-0097_PHJ89_0004/LH244,9.69979
WIH2_2022,GEMN-0097_PHJ89_0005/LH244,9.679415
WIH2_2022,GEMN-0097_PHJ89_0006/LH244,9.699881
WIH2_2022,GEMN-0097_PHJ89_0007/LH244,9.716719
WIH2_2022,GEMN-0097_PHJ89_0008/LH244,9.728111
WIH2_2022,GEMN-0097_PHJ89_0010/LH244,9.753558
WIH2_2022,GEMN-0097_PHJ89_0011/LH244,9.703469
WIH2_2022,GEMN-0097_PHJ89_0012/LH244,9.748038
WIH2_2022,GEMN-0097_PHJ89_0013/LH244,9.723083
WIH2_2022,GEMN-0097_PHJ89_0016/LH244,9.750211
WIH2_2022,GEMN-0097_PHJ89_0020/LH244,9.705787
WIH2_2022,GEMN-0097_PHJ89_0023/LH244,9.732629
WIH2_2022,GEMN-0097_PHJ89_0025/LH244,9.678684
WIH2_2022,GEMN-0097_PHJ89_0026/LH244,9.736753
WIH2_2022,GEMN-0097_PHJ89_0027/LH244,9.680573
WIH2_2022,GEMN-0097_PHJ89_0028/LH244,9.716652
WIH2_2022,GEMN-0097_PHJ89_0029/LH244,9.721883
WIH2_2022,GEMN-0097_PHJ89_0033/LH244,9.720652
WIH2_2022,GEMN-0097_PHJ89_0036/LH244,9.684562
WIH2_2022,GEMN-0097_PHJ89_0039/LH244,9.686481
WIH2_2022,GEMN-0097_PHK76_0002/LH244,9.733808
WIH2_2022,GEMN-0097_PHK76_0003/LH244,9.724638
WIH2_2022,GEMN-0097_PHK76_0007/LH244,9.693475
WIH2_2022,GEMN-0097_PHK76_0009/LH244,9.723294
WIH2_2022,GEMN-0097_PHK76_0010/LH244,9.684806
WIH2_2022,GEMN-0097_PHK76_0011/LH244,9.714893
WIH2_2022,GEMN-0097_PHK76_0012/LH244,9.720553
WIH2_2022,GEMN-0097_PHK76_0014/LH244,9.722926
WIH2_2022,GEMN-0097_PHK76_0015/LH244,9.721796
WIH2_2022,GEMN-0097_PHK76_0016/LH244,9.678814
WIH2_2022,GEMN-0097_PHK76_0017/LH244,9.710413
WIH2_2022,GEMN-0097_PHK76_0018/LH244,9.686611
WIH2_2022,GEMN-0097_PHK76_0021/LH244,9.684136
WIH2_2022,GEMN-0097_PHK76_0023/LH244,9.690732
WIH2_2022,GEMN-0097_PHK76_0029/LH244,9.720866
WIH2_2022,GEMN-0097_PHK76_0032/LH244,9.712114
WIH2_2022,GEMN-0097_PHK76_0036/LH244,9.742188
WIH2_2022,GEMN-0097_PHK76_0037/LH244,9.758926
WIH2_2022,GEMN-0097_PHK76_0038/LH244,9.707268
WIH2_2022,GEMN-0097_PHK76_0039/LH244,9.751939
WIH2_2022,GEMN-0097_PHK76_0041/LH244,9.704004
WIH2_2022,GEMN-0097_PHK76_0048/LH244,9.751073
WIH2_2022,GEMN-0097_PHK76_0050/LH244,9.740221
WIH2_2022,GEMN-0097_PHK76_0052/LH244,9.672754
WIH2_2022,GEMN-0097_PHK76_0053/LH244,9.745041
WIH2_2022,GEMN-0097_PHK76_0055/LH244,9.718204
WIH2_2022,GEMN-0097_PHK76_0060/LH244,9.7166
WIH2_2022,GEMN-0097_PHN46_0001/LH244,9.681124
WIH2_2022,GEMN-0097_PHN46_0003/LH244,9.732203
WIH2_2022,GEMN-0097_PHN46_0004/LH244,9.726936
WIH2_2022,GEMN-0097_PHN46_0005/LH244,9.735975
WIH2_2022,GEMN-0097_PHN46_0006/LH244,9.725782
WIH2_2022,GEMN-0097_PHN46_0007/LH244,9.742674
WIH2_2022,GEMN-0097_PHN46_0008/LH244,9.763924
WIH2_2022,GEMN-0097_PHN46_0009/LH244,9.714212
WIH2_2022,GEMN-0097_PHN46_0010/LH244,9.703313
WIH2_2022,GEMN-0097_PHN46_0011/LH244,9.651245
WIH2_2022,GEMN-0097_PHN46_0013/LH244,9.705986
WIH2_2022,GEMN-0097_PHN46_0014/LH244,9.694981
WIH2_2022,GEMN-0097_PHN46_0016/LH244,9.718512
WIH2_2022,GEMN-0097_PHN46_0018/LH244,9.709642
WIH2_2022,GEMN-0097_PHP02_0001/LH244,9.662652
WIH2_2022,GEMN-0097_PHP02_0002/LH244,9.714158
WIH2_2022,GEMN-0097_PHP02_0003/LH244,9.704527
WIH2_2022,GEMN-0097_PHP02_0005/LH244,9.690331
WIH2_2022,GEMN-0097_PHP02_0006/LH244,9.689034
WIH2_2022,GEMN-0097_PHP02_0007/LH244,9.732092
WIH2_2022,GEMN-0098/LH244,9.720889
WIH2_2022,GEMN-0104/LH244,9.666605
WIH2_2022,GEMN-0124/LH244,9.695793
WIH2_2022,GEMN-0135/LH244,9.71802
WIH2_2022,GEMN-0144/LH244,9.7066
WIH2_2022,GEMN-0157/LH244,9.703585
WIH2_2022,GEMN-0177/LH244,9.732615
WIH2_2022,GEMN-0178/LH244,9.74472
WIH2_2022,GEMN-0187/LH244,9.731256
WIH2_2022,GEMN-0192/LH244,9.705906
WIH2_2022,GEMN-0192_LH212HT_0001/LH244,9.708132
WIH2_2022,GEMN-0192_LH212HT_0002/LH244,9.753168
WIH2_2022,GEMN-0192_LH212HT_0006/LH244,9.778544
WIH2_2022,GEMN-0192_LH212HT_0007/LH244,9.705406
WIH2_2022,GEMN-0192_LH212HT_0008/LH244,9.764904
WIH2_2022,GEMN-0192_LH212HT_0009/LH244,9.717886
WIH2_2022,GEMN-0192_LH212HT_0010/LH244,9.710718
WIH2_2022,GEMN-0192_LH212HT_0011/LH244,9.741508
WIH2_2022,GEMN-0192_LH212HT_0012/LH244,9.715569
WIH2_2022,GEMN-0192_LH212HT_0013/LH244,9.677007
WIH2_2022,GEMN-0192_LH212HT_0014/LH244,9.687999
WIH2_2022,GEMN-0192_LH212HT_0015/LH244,9.690587
WIH2_2022,GEMN-0192_LH212HT_0016/LH244,9.716105
WIH2_2022,GEMN-0192_LH212HT_0018/LH244,9.721846
WIH2_2022,GEMN-0192_LH212HT_0021/LH244,9.696006
WIH2_2022,GEMN-0192_LH212HT_0023/LH244,9.673733
WIH2_2022,GEMN-0192_LH212HT_0026/LH244,9.693791
WIH2_2022,GEMN-0192_PHJ89_0001/LH244,9.722254
WIH2_2022,GEMN-0192_PHJ89_0002/LH244,9.687603
WIH2_2022,GEMN-0192_PHK76_0002/LH244,9.758613
WIH2_2022,GEMN-0192_PHK76_0004/LH244,9.731829
WIH2_2022,GEMN-0192_PHK76_0005/LH244,9.710292
WIH2_2022,GEMN-0192_PHK76_0006/LH244,9.691528
WIH2_2022,GEMN-0192_PHK76_0007/LH244,9.755297
WIH2_2022,GEMN-0192_PHK76_0008/LH244,9.72005
WIH2_2022,GEMN-0192_PHK76_0009/LH244,9.719669
WIH2_2022,GEMN-0192_PHK76_0010/LH244,9.674002
WIH2_2022,GEMN-0192_PHK76_0011/LH244,9.723143
WIH2_2022,GEMN-0192_PHK76_0012/LH244,9.698819
WIH2_2022,GEMN-0192_PHK76_0013/LH244,9.747819
WIH2_2022,GEMN-0192_PHK76_0014/LH244,9.764674
WIH2_2022,GEMN-0192_PHK76_0015/LH244,9.742287
WIH2_2022,GEMN-0192_PHK76_0016/LH244,9.719574
WIH2_2022,GEMN-0192_PHK76_0017/LH244,9.719108
WIH2_2022,GEMN-0192_PHK76_0018/LH244,9.740501
WIH2_2022,GEMN-0192_PHK76_0019/LH244,9.720053
WIH2_2022,GEMN-0192_PHK76_0021/LH244,9.711708
WIH2_2022,GEMN-0192_PHK76_0025/LH244,9.688118
WIH2_2022,GEMN-0192_PHK76_0027/LH244,9.694455
WIH2_2022,GEMN-0192_PHK76_0028/LH244,9.749228
WIH2_2022,GEMN-0192_PHK76_0030/LH244,9.725149
WIH2_2022,GEMN-0192_PHK76_0032/LH244,9.726358
WIH2_2022,GEMN-0192_PHK76_0033/LH244,9.699205
WIH2_2022,GEMN-0192_PHK76_0035/LH244,9.698904
WIH2_2022,GEMN-0192_PHK76_0036/LH244,9.727067
WIH2_2022,GEMN-0192_PHK76_0037/LH244,9.71768
WIH2_2022,GEMN-0192_PHK76_0041/LH244,9.712479
WIH2_2022,GEMN-0192_PHK76_0044/LH244,9.68077
WIH2_2022,GEMN-0192_PHK76_0045/LH244,9.710318
WIH2_2022,GEMN-0192_PHN46_0001/LH244,9.728159
WIH2_2022,GEMN-0192_PHN46_0002/LH244,9.763404
WIH2_2022,GEMN-0192_PHN46_0003/LH244,9.713709
WIH2_2022,GEMN-0192_PHN46_0004/LH244,9.705403
WIH2_2022,GEMN-0192_PHN46_0005/LH244,9.73448
WIH2_2022,GEMN-0192_PHN46_0006/LH244,9.67951
WIH2_2022,GEMN-0192_PHN46_0008/LH244,9.72793
WIH2_2022,GEMN-0192_PHN46_0009/LH244,9.721361
WIH2_2022,GEMN-0192_PHN46_0010/LH244,9.751895
WIH2_2022,GEMN-0192_PHN46_0011/LH244,9.727325
WIH2_2022,GEMN-0192_PHN46_0012/LH244,9.665234
WIH2_2022,GEMN-0192_PHN46_0014/LH244,9.652454
WIH2_2022,GEMN-0192_PHN46_0015/LH244,9.74192
WIH2_2022,GEMN-0192_PHN46_0017/LH244,9.695581
WIH2_2022,GEMN-0192_PHN46_0018/LH244,9.725906
WIH2_2022,GEMN-0192_PHN46_0019/LH244,9.720962
WIH2_2022,GEMN-0192_PHN46_0020/LH244,9.726357
WIH2_2022,GEMN-0192_PHN46_0025/LH244,9.745034
WIH2_2022,GEMN-0192_PHP02_0001/LH244,9.74481
WIH2_2022,GEMN-0192_PHP02_0003/LH244,9.688995
WIH2_2022,GEMN-0225/LH244,9.705438
WIH2_2022,GEMN-0225_LH212HT_0002/LH244,9.705195
WIH2_2022,GEMN-0225_LH212HT_0003/LH244,9.711291
WIH2_2022,GEMN-0225_LH212HT_0005/LH244,9.731016
WIH2_2022,GEMN-0225_LH212HT_0006/LH244,9.684149
WIH2_2022,GEMN-0225_LH212HT_0008/LH244,9.672859
WIH2_2022,GEMN-0225_LH212HT_0009/LH244,9.68285
WIH2_2022,GEMN-0225_LH212HT_0015/LH244,9.750711
WIH2_2022,GEMN-0225_LH212HT_0017/LH244,9.776417
WIH2_2022,GEMN-0225_LH212HT_0021/LH244,9.750188
WIH2_2022,GEMN-0225_LH212HT_0022/LH244,9.690037
WIH2_2022,GEMN-0225_LH212HT_0023/LH244,9.689264
WIH2_2022,GEMN-0225_LH212HT_0024/LH244,9.706776
WIH2_2022,GEMN-0225_LH212HT_0025/LH244,9.7277
WIH2_2022,GEMN-0225_LH212HT_0028/LH244,9.721045
WIH2_2022,GEMN-0225_LH212HT_0029/LH244,9.758824
WIH2_2022,GEMN-0225_LH212HT_0033/LH244,9.728794
WIH2_2022,GEMN-0225_LH212HT_0036/LH244,9.721562
WIH2_2022,GEMN-0225_LH212HT_0038/LH244,9.741888
WIH2_2022,GEMN-0225_LH212HT_0040/LH244,9.707882
WIH2_2022,GEMN-0225_LH212HT_0043/LH244,9.727699
WIH2_2022,GEMN-0225_PHJ89_0001/LH244,9.701932
WIH2_2022,GEMN-0225_PHJ89_0002/LH244,9.749317
WIH2_2022,GEMN-0225_PHJ89_0003/LH244,9.677496
WIH2_2022,GEMN-0225_PHJ89_0004/LH244,9.717761
WIH2_2022,GEMN-0225_PHJ89_0005/LH244,9.699732
WIH2_2022,GEMN-0225_PHJ89_0006/LH244,9.664972
WIH2_2022,GEMN-0225_PHJ89_0008/LH244,9.745339
WIH2_2022,GEMN-0225_PHJ89_0009/LH244,9.710546
WIH2_2022,GEMN-0225_PHJ89_0013/LH244,9.71949
WIH2_2022,GEMN-0225_PHJ89_0014/LH244,9.7427
WIH2_2022,GEMN-0225_PHJ89_0015/LH244,9.773291
WIH2_2022,GEMN-0225_PHJ89_0016/LH244,9.745825
WIH2_2022,GEMN-0225_PHJ89_0017/LH244,9.70919
WIH2_2022,GEMN-0225_PHJ89_0018/LH244,9.727743
WIH2_2022,GEMN-0225_PHJ89_0019/LH244,9.713517
WIH2_2022,GEMN-0225_PHJ89_0020/LH244,9.693921
WIH2_2022,GEMN-0225_PHJ89_0021/LH244,9.671645
WIH2_2022,GEMN-0225_PHJ89_0022/LH244,9.735141
WIH2_2022,GEMN-0225_PHJ89_0025/LH244,9.740166
WIH2_2022,GEMN-0225_PHJ89_0026/LH244,9.704374
WIH2_2022,GEMN-0225_PHJ89_0027/LH244,9.666961
WIH2_2022,GEMN-0225_PHJ89_0032/LH244,9.749915
WIH2_2022,GEMN-0225_PHK76_0001/LH244,9.7425
WIH2_2022,GEMN-0225_PHK76_0002/LH244,9.738371
WIH2_2022,GEMN-0225_PHK76_0003/LH244,9.714075
WIH2_2022,GEMN-0225_PHK76_0004/LH244,9.761597
WIH2_2022,GEMN-0225_PHK76_0005/LH244,9.74901
WIH2_2022,GEMN-0225_PHK76_0007/LH244,9.730129
WIH2_2022,GEMN-0225_PHK76_0008/LH244,9.697357
WIH2_2022,GEMN-0225_PHK76_0010/LH244,9.728812
WIH2_2022,GEMN-0225_PHK76_0012/LH244,9.714026
WIH2_2022,GEMN-0225_PHK76_0013/LH244,9.695436
WIH2_2022,GEMN-0225_PHK76_0014/LH244,9.671309
WIH2_2022,GEMN-0225_PHK76_0018/LH244,9.696725
WIH2_2022,GEMN-0225_PHK76_0019/LH244,9.756016
WIH2_2022,GEMN-0225_PHK76_0021/LH244,9.725519
WIH2_2022,GEMN-0225_PHK76_0022/LH244,9.737455
WIH2_2022,GEMN-0225_PHK76_0027/LH244,9.70365
WIH2_2022,GEMN-0225_PHK76_0028/LH244,9.763054
WIH2_2022,GEMN-0225_PHK76_0031/LH244,9.710544
WIH2_2022,GEMN-0225_PHK76_0032/LH244,9.744692
WIH2_2022,GEMN-0225_PHK76_0039/LH244,9.730368
WIH2_2022,GEMN-0225_PHN46_0001/LH244,9.715389
WIH2_2022,GEMN-0225_PHN46_0002/LH244,9.713343
WIH2_2022,GEMN-0225_PHN46_0003/LH244,9.733274
WIH2_2022,GEMN-0225_PHN46_0004/LH244,9.720968
WIH2_2022,GEMN-0225_PHN46_0005/LH244,9.680452
WIH2_2022,GEMN-0225_PHN46_0006/LH244,9.751232
WIH2_2022,GEMN-0225_PHN46_0008/LH244,9.748501
WIH2_2022,GEMN-0225_PHN46_0009/LH244,9.752918
WIH2_2022,GEMN-0225_PHN46_0014/LH244,9.731482
WIH2_2022,GEMN-0225_PHN46_0021/LH244,9.704369
WIH2_2022,GEMN-0225_PHP02_0001/LH244,9.708142
WIH2_2022,GEMN-0225_PHP02_0002/LH244,9.711985
WIH2_2022,GEMN-0225_PHP02_0003/LH244,9.750319
WIH2_2022,GEMN-0225_PHP02_0005/LH244,9.730743
WIH2_2022,GEMN-0225_PHP02_0006/LH244,9.678142
WIH2_2022,GEMN-0225_PHP02_0007/LH244,9.676523
WIH2_2022,GEMN-0225_PHP02_0008/LH244,9.741554
WIH2_2022,GEMN-0225_PHP02_0009/LH244,9.718336
WIH2_2022,GEMN-0225_PHP02_0010/LH244,9.696537
WIH2_2022,GEMN-0225_PHP02_0012/LH244,9.724518
WIH2_2022,GEMN-0225_PHP02_0013/LH244,9.733579
WIH2_2022,GEMN-0225_PHP02_0014/LH244,9.689804
WIH2_2022,GEMN-0225_PHP02_0015/LH244,9.670639
WIH2_2022,GEMN-0225_PHP02_0017/LH244,9.735865
WIH2_2022,GEMN-0232/LH244,9.703945
WIH2_2022,GEMN-0238/LH244,9.711397
WIH2_2022,GEMN-0257/LH244,9.730291
WIH2_2022,GEMN-0270/LH244,9.758608
WIH2_2022,GEMN-0271/LH244,9.733234
WIH2_2022,GEMN-0287/LH244,9.712517
WIH2_2022,LH145/LH82,7.671206
WIH2_2022,LH185/LH244,10.584427
WIH2_2022,LH195/MO17,9.978524
WIH2_2022,LH195/PHK76,8.769817
WIH2_2022,LH195/PHN82,9.504747
WIH2_2022,LH195/PHZ51,9.109152
WIH2_2022,LH212HT/LH244,10.051739
WIH2_2022,LH213/LH244,9.677593
WIH2_2022,LH216/LH244,9.591702
WIH2_2022,LH244/MO17,10.56006
WIH2_2022,LH244/PHK76,9.828077
WIH2_2022,LH244/PHN82,10.122518
WIH2_2022,LH244/PHZ51,9.486803
WIH2_2022,LH283/LH244,9.708622
WIH2_2022,LH287/LH244,9.774361
WIH2_2022,LH74/PHN82,9.310649
WIH2_2022,LH82/LH244,9.581594
WIH2_2022,M162W/LH244,9.720829
WIH2_2022,M37W/LH244,9.712219
WIH2_2022,MBUB/LH244,9.742028
WIH2_2022,MM501D/LH244,9.725522
WIH2_2022,MO17_PHW30-008-(2N)-01/LH244,9.693061
WIH2_2022,MO17_PHW30-200-(2N)-02/LH244,9.763359
WIH2_2022,MO17_PHW30-309-(2N)-01/LH244,9.712784
WIH2_2022,MO44/LH244,10.853757
WIH2_2022,MO44_LH145_0127/LH244,9.774814
WIH2_2022,MO44_LH145_0138/LH244,9.674806
WIH2_2022,MO44_PHG47_0072/LH244,9.711934
WIH2_2022,MO44_PHG47_0125/LH244,9.771749
WIH2_2022,MO44_PHW65_0025/LH244,9.869584
WIH2_2022,MO44_PHW65_0035/LH244,9.127053
WIH2_2022,MOG/LH244,9.427901
WIH2_2022,MS71/LH244,9.712013
WIH2_2022,NC350/LH244,9.757878
WIH2_2022,NC358/LH244,9.709509
WIH2_2022,NC366/LH244,9.728696
WIH2_2022,NC374/LH244,9.713676
WIH2_2022,NC378/LH244,9.673836
WIH2_2022,NC388/LH244,9.679088
WIH2_2022,NC398/LH244,9.752164
WIH2_2022,NC426/LH244,9.664793
WIH2_2022,NC428/LH244,9.72752
WIH2_2022,NC438/LH244,9.758255
WIH2_2022,NC454/LH244,9.677794
WIH2_2022,NC456/LH244,9.718432
WIH2_2022,NC458/LH244,9.734218
WIH2_2022,NC512/LH244,9.763744
WIH2_2022,NC524/LH244,9.719575
WIH2_2022,NC528/LH244,9.737453
WIH2_2022,NC540/LH244,9.712453
WIH2_2022,NC542/LH244,9.7418
WIH2_2022,NC546/LH244,9.701499
WIH2_2022,NC548/LH244,9.711779
WIH2_2022,NKH8431/LH244,9.941771
WIH2_2022,OH43/LH244,9.721675
WIH2_2022,PH207/LH244,9.687431
WIH2_2022,PH24E/LH244,9.704725
WIH2_2022,PHAP9/LH244,9.701616
WIH2_2022,PHB47/LH244,9.810375
WIH2_2022,PHB47/MO17,8.695045
WIH2_2022,PHB47/PHK76,9.066296
WIH2_2022,PHB47/PHN82,9.833839
WIH2_2022,PHB47/PHZ51,8.746115
WIH2_2022,PHG29/PHG47,8.06364
WIH2_2022,PHG35/LH244,9.765865
WIH2_2022,PHG47/LH244,9.652306
WIH2_2022,PHJ40/PHAJ0,6.882935
WIH2_2022,PHJ89/LH244,9.76162
WIH2_2022,PHJ89/PH207,8.951539
WIH2_2022,PHJ90/LH244,9.761214
WIH2_2022,PHK56/LH244,10.036149
WIH2_2022,PHKE6/LH244,9.769028
WIH2_2022,PHN11/LH244,10.209894
WIH2_2022,PHN11_LH145_0005/LH244,9.739456
WIH2_2022,PHN11_LH145_0028/LH244,9.729378
WIH2_2022,PHN11_LH145_0085/LH244,9.730743
WIH2_2022,PHN11_OH43_0001/LH244,9.635744
WIH2_2022,PHN11_OH43_0075/LH244,9.729458
WIH2_2022,PHN11_OH43_0088/LH244,9.716493
WIH2_2022,PHN11_PHG47_0251/LH244,9.448755
WIH2_2022,PHN11_PHG47_0287/LH244,9.713524
WIH2_2022,PHN11_PHW65_0312/LH244,10.572487
WIH2_2022,PHN11_PHW65_0323/LH244,10.575212
WIH2_2022,PHN11_PHW65_0359/LH244,9.497313
WIH2_2022,PHP02/LH244,9.670394
WIH2_2022,PHP55/LH244,9.720378
WIH2_2022,PHR03/LH244,9.716192
WIH2_2022,PHRE1/PHTD5,8.058292
WIH2_2022,PHW30/LH244,9.717764
WIH2_2022,PHW30_MO17-010-(2N)-01/LH244,9.712569
WIH2_2022,PHW30_MO17-032-(2N)-01/LH244,9.681396
WIH2_2022,PHW30_MO17-095-(2N)-01/LH244,9.685974
WIH2_2022,PHW30_MO17-129-(2N)-01/LH244,9.751827
WIH2_2022,PHW30_MO17-178-(2N)-01/LH244,9.748795
WIH2_2022,PHW30_MO17-234-(2N)-02/LH244,9.747067
WIH2_2022,PHW30_MO17-299-(2N)-01/LH244,9.696201
WIH2_2022,PHW52/PHM49,8.967049
WIH2_2022,PHW52/PHN82,9.941765
WIH2_2022,PHW65/LH244,10.348552
WIH2_2022,PHW65_MOG_0137/LH244,10.489179
WIH2_2022,PHW65_MOG_0176/LH244,9.562405
WIH2_2022,PHW65_MOG_0271/LH244,9.983469
WIH2_2022,TX714/PHZ51,9.033302
WIH2_2022,TX714/TX779,8.683572
WIH2_2022,TX777/LH195,8.851284
WIH2_2022,TX779/LH195,8.981761
WIH2_2022,TX951/LH195,8.739021
WIH2_2022,W10001_0003/LH244,9.709332
WIH2_2022,W10001_0007/LH244,9.712593
WIH2_2022,W10001_0008/LH244,9.702809
WIH2_2022,W10001_0009/LH244,9.66693
WIH2_2022,W10001_0010/LH244,9.734896
WIH2_2022,W10001_0011/LH244,9.717729
WIH2_2022,W10001_0012/LH244,9.718676
WIH2_2022,W10001_0013/LH244,9.717409
WIH2_2022,W10001_0014/LH244,9.758886
WIH2_2022,W10001_0016/LH244,9.689385
WIH2_2022,W10001_0017/LH244,9.682984
WIH2_2022,W10001_0018/LH244,9.700714
WIH2_2022,W10001_0019/LH244,9.709929
WIH2_2022,W10001_0021/LH244,9.728924
WIH2_2022,W10001_0022/LH244,9.049815
WIH2_2022,W10001_0023/LH244,9.692652
WIH2_2022,W10001_0029/LH244,9.70125
WIH2_2022,W10001_0030/LH244,9.743505
WIH2_2022,W10001_0031/LH244,9.735722
WIH2_2022,W10001_0033/LH244,9.721101
WIH2_2022,W10001_0036/LH244,9.718842
WIH2_2022,W10001_0040/LH244,9.687909
WIH2_2022,W10001_0042/LH244,9.68288
WIH2_2022,W10001_0047/LH244,9.704531
WIH2_2022,W10002_0002/LH244,9.714188
WIH2_2022,W10002_0004/LH244,9.742746
WIH2_2022,W10005_0029/LH244,9.739802
WIH2_2022,W10005_0107/LH244,9.463394
WIH2_2022,W10005_0111/LH244,9.698874
WIH2_2022,W10005_0147/LH244,9.632645
WIH2_2022,W10005_0220/LH244,9.674025
WIH2_2022,W10010_0018/LH244,9.724295
WIH2_2022,W10010_0032/LH244,9.71981
WIH2_2022,W10010_0084/LH244,9.675182
WIH2_2022,W10010_0093/LH244,9.706199
WIH2_2022,W10010_0101/LH244,9.734385
WIH2_2022,W10010_0118/LH244,9.777277
WIH2_2022,W10010_0124/LH244,9.736221
WIH2_2022,W10010_0148/LH244,9.753186
WIH2_2022,W10010_0170/LH244,9.707032
WIH2_2022,W10010_0188/LH244,9.700206
WIH2_2022,W10010_0189/LH244,9.715485
WIH2_2022,W10010_0215/LH244,9.733953
WIH2_2022,W10010_0239/LH244,9.739607
WIH2_2022,W10010_0279/LH244,9.725901
WIH2_2022,W10010_0294/LH244,9.709391
WIH2_2022,W10010_0310/LH244,9.751403
WIH2_2022,W10010_0311/LH244,9.686052
WIH2_2022,W10010_0337/LH244,9.740592
WIH2_2022,W10010_0346/LH244,9.741344
WIH2_2022,W10010_0358/LH244,9.74327
WIH2_2022,W10010_0366/LH244,9.742185
WIH2_2022,W10010_0381/LH244,9.738213
WIH2_2022,W10010_0452/LH244,9.74841
WIH2_2022,W10010_0464/LH244,9.688665
WIH2_2022,W22/LH244,9.72493
WIH3_2022,B14A/H95,11.485485
WIH3_2022,B14A/OH43,11.645406
WIH3_2022,B37/H95,11.568661
WIH3_2022,B37/MO17,11.645406
WIH3_2022,B37/OH43,11.628286
WIH3_2022,B73/MO17,12.340525
WIH3_2022,B73/PHK76,12.284932
WIH3_2022,B73/PHM49,12.306291
WIH3_2022,B73/PHN82,12.414809
WIH3_2022,B73/PHZ51,12.140312
WIH3_2022,B73/TX779,11.540857
WIH3_2022,B97/LH244,12.318623
WIH3_2022,BGEM-0039-N/LH244,12.054512
WIH3_2022,BGEM-0063-N/LH244,12.414984
WIH3_2022,BGEM-0089-N/LH244,12.128004
WIH3_2022,BGEM-0124-N/LH244,12.120614
WIH3_2022,BGEM-0129-N/LH244,9.813729
WIH3_2022,CG119/CG108,5.977673
WIH3_2022,CG44/CGR01,11.473785
WIH3_2022,DK3IIH6/LH244,12.661377
WIH3_2022,DK78010/LH244,12.400609
WIH3_2022,F42/H95,12.015966
WIH3_2022,F42/OH43,12.006845
WIH3_2022,GEMN-0096/LH244,12.393984
WIH3_2022,GEMN-0096_LH212HT_0001/LH244,12.379995
WIH3_2022,GEMN-0096_LH212HT_0002/LH244,12.392481
WIH3_2022,GEMN-0096_LH212HT_0004/LH244,12.389654
WIH3_2022,GEMN-0096_LH212HT_0005/LH244,12.409108
WIH3_2022,GEMN-0096_LH212HT_0006/LH244,12.378279
WIH3_2022,GEMN-0096_LH212HT_0009/LH244,12.381169
WIH3_2022,GEMN-0096_LH212HT_0010/LH244,12.401329
WIH3_2022,GEMN-0096_LH212HT_0012/LH244,12.377439
WIH3_2022,GEMN-0096_LH212HT_0013/LH244,12.399372
WIH3_2022,GEMN-0096_LH212HT_0017/LH244,12.400635
WIH3_2022,GEMN-0096_LH212HT_0021/LH244,12.39268
WIH3_2022,GEMN-0096_PHJ89_0001/LH244,12.381269
WIH3_2022,GEMN-0096_PHJ89_0002/LH244,12.396084
WIH3_2022,GEMN-0096_PHJ89_0006/LH244,12.386835
WIH3_2022,GEMN-0096_PHJ89_0007/LH244,12.386311
WIH3_2022,GEMN-0096_PHJ89_0009/LH244,12.377727
WIH3_2022,GEMN-0096_PHJ89_0010/LH244,12.394909
WIH3_2022,GEMN-0096_PHJ89_0011/LH244,12.383654
WIH3_2022,GEMN-0096_PHJ89_0012/LH244,12.392252
WIH3_2022,GEMN-0096_PHJ89_0013/LH244,12.400254
WIH3_2022,GEMN-0096_PHJ89_0014/LH244,12.400527
WIH3_2022,GEMN-0096_PHJ89_0016/LH244,12.375511
WIH3_2022,GEMN-0096_PHJ89_0017/LH244,12.406945
WIH3_2022,GEMN-0096_PHK76_0001/LH244,12.390141
WIH3_2022,GEMN-0096_PHK76_0002/LH244,12.378683
WIH3_2022,GEMN-0096_PHK76_0003/LH244,12.387424
WIH3_2022,GEMN-0096_PHK76_0004/LH244,12.403327
WIH3_2022,GEMN-0096_PHK76_0006/LH244,12.407389
WIH3_2022,GEMN-0096_PHK76_0007/LH244,12.38291
WIH3_2022,GEMN-0096_PHK76_0008/LH244,12.387564
WIH3_2022,GEMN-0096_PHK76_0009/LH244,12.383849
WIH3_2022,GEMN-0096_PHK76_0010/LH244,12.388014
WIH3_2022,GEMN-0096_PHK76_0013/LH244,12.37709
WIH3_2022,GEMN-0096_PHK76_0015/LH244,12.375393
WIH3_2022,GEMN-0096_PHK76_0016/LH244,12.380922
WIH3_2022,GEMN-0096_PHN46_0001/LH244,12.386751
WIH3_2022,GEMN-0096_PHN46_0002/LH244,12.368803
WIH3_2022,GEMN-0096_PHN46_0003/LH244,12.378088
WIH3_2022,GEMN-0096_PHN46_0004/LH244,12.377012
WIH3_2022,GEMN-0096_PHN46_0005/LH244,12.387503
WIH3_2022,GEMN-0096_PHN46_0007/LH244,12.380165
WIH3_2022,GEMN-0096_PHN46_0009/LH244,12.369644
WIH3_2022,GEMN-0096_PHN46_0010/LH244,12.383174
WIH3_2022,GEMN-0096_PHN46_0011/LH244,12.405396
WIH3_2022,GEMN-0096_PHN46_0012/LH244,12.406218
WIH3_2022,GEMN-0096_PHN46_0013/LH244,12.370481
WIH3_2022,GEMN-0096_PHN46_0014/LH244,12.381285
WIH3_2022,GEMN-0096_PHN46_0018/LH244,12.380951
WIH3_2022,GEMN-0096_PHN46_0020/LH244,12.377367
WIH3_2022,GEMN-0096_PHN46_0023/LH244,12.381506
WIH3_2022,GEMN-0096_PHP02_0001/LH244,12.389955
WIH3_2022,GEMN-0096_PHP02_0003/LH244,12.397436
WIH3_2022,GEMN-0096_PHP02_0004/LH244,12.387764
WIH3_2022,GEMN-0096_PHP02_0005/LH244,12.396502
WIH3_2022,GEMN-0096_PHP02_0006/LH244,12.386523
WIH3_2022,GEMN-0096_PHP02_0007/LH244,12.374317
WIH3_2022,GEMN-0096_PHP02_0009/LH244,12.397566
WIH3_2022,GEMN-0096_PHP02_0011/LH244,12.388818
WIH3_2022,GEMN-0096_PHP02_0012/LH244,12.385819
WIH3_2022,GEMN-0096_PHP02_0016/LH244,12.38236
WIH3_2022,GEMN-0096_PHP02_0017/LH244,12.395939
WIH3_2022,GEMN-0096_PHP02_0025/LH244,12.405975
WIH3_2022,GEMN-0096_PHP02_0030/LH244,12.389666
WIH3_2022,GEMN-0097/LH244,12.390216
WIH3_2022,GEMN-0097_LH212HT_0002/LH244,12.406518
WIH3_2022,GEMN-0097_LH212HT_0004/LH244,12.380547
WIH3_2022,GEMN-0097_LH212HT_0019/LH244,12.391721
WIH3_2022,GEMN-0097_LH212HT_0020/LH244,12.400719
WIH3_2022,GEMN-0097_LH212HT_0026/LH244,12.393456
WIH3_2022,GEMN-0097_LH212HT_0032/LH244,12.402761
WIH3_2022,GEMN-0097_LH212HT_0039/LH244,12.387959
WIH3_2022,GEMN-0097_LH212HT_0047/LH244,12.396912
WIH3_2022,GEMN-0097_LH212HT_0051/LH244,12.383132
WIH3_2022,GEMN-0097_LH212HT_0054/LH244,12.378502
WIH3_2022,GEMN-0097_LH212HT_0058/LH244,12.387418
WIH3_2022,GEMN-0097_LH212HT_0061/LH244,12.378206
WIH3_2022,GEMN-0097_LH212HT_0062/LH244,12.394464
WIH3_2022,GEMN-0097_LH212HT_0069/LH244,12.385151
WIH3_2022,GEMN-0097_LH212HT_0074/LH244,12.384573
WIH3_2022,GEMN-0097_LH212HT_0085/LH244,12.380921
WIH3_2022,GEMN-0097_PHJ89_0001/LH244,12.380004
WIH3_2022,GEMN-0097_PHJ89_0002/LH244,12.389632
WIH3_2022,GEMN-0097_PHJ89_0003/LH244,12.392715
WIH3_2022,GEMN-0097_PHJ89_0005/LH244,12.377366
WIH3_2022,GEMN-0097_PHJ89_0006/LH244,12.384602
WIH3_2022,GEMN-0097_PHJ89_0007/LH244,12.390554
WIH3_2022,GEMN-0097_PHJ89_0008/LH244,12.394583
WIH3_2022,GEMN-0097_PHJ89_0010/LH244,12.40358
WIH3_2022,GEMN-0097_PHJ89_0011/LH244,12.385871
WIH3_2022,GEMN-0097_PHJ89_0012/LH244,12.401628
WIH3_2022,GEMN-0097_PHJ89_0013/LH244,12.392806
WIH3_2022,GEMN-0097_PHJ89_0016/LH244,12.402396
WIH3_2022,GEMN-0097_PHJ89_0020/LH244,12.38669
WIH3_2022,GEMN-0097_PHJ89_0023/LH244,12.396181
WIH3_2022,GEMN-0097_PHJ89_0025/LH244,12.377108
WIH3_2022,GEMN-0097_PHJ89_0026/LH244,12.397638
WIH3_2022,GEMN-0097_PHJ89_0027/LH244,12.377775
WIH3_2022,GEMN-0097_PHJ89_0028/LH244,12.390532
WIH3_2022,GEMN-0097_PHJ89_0029/LH244,12.392382
WIH3_2022,GEMN-0097_PHJ89_0036/LH244,12.379185
WIH3_2022,GEMN-0097_PHJ89_0039/LH244,12.379864
WIH3_2022,GEMN-0097_PHK76_0003/LH244,12.393355
WIH3_2022,GEMN-0097_PHK76_0007/LH244,12.382337
WIH3_2022,GEMN-0097_PHK76_0009/LH244,12.392879
WIH3_2022,GEMN-0097_PHK76_0011/LH244,12.38991
WIH3_2022,GEMN-0097_PHK76_0014/LH244,12.39275
WIH3_2022,GEMN-0097_PHK76_0015/LH244,12.392351
WIH3_2022,GEMN-0097_PHK76_0018/LH244,12.37991
WIH3_2022,GEMN-0097_PHK76_0021/LH244,12.379036
WIH3_2022,GEMN-0097_PHK76_0036/LH244,12.39956
WIH3_2022,GEMN-0097_PHK76_0037/LH244,12.405478
WIH3_2022,GEMN-0097_PHK76_0038/LH244,12.387214
WIH3_2022,GEMN-0097_PHK76_0039/LH244,12.403008
WIH3_2022,GEMN-0097_PHK76_0041/LH244,12.386059
WIH3_2022,GEMN-0097_PHK76_0048/LH244,12.402701
WIH3_2022,GEMN-0097_PHK76_0053/LH244,12.400569
WIH3_2022,GEMN-0097_PHK76_0055/LH244,12.391081
WIH3_2022,GEMN-0097_PHK76_0060/LH244,12.390513
WIH3_2022,GEMN-0097_PHN46_0001/LH244,12.37797
WIH3_2022,GEMN-0097_PHN46_0003/LH244,12.396029
WIH3_2022,GEMN-0097_PHN46_0004/LH244,12.394168
WIH3_2022,GEMN-0097_PHN46_0005/LH244,12.397364
WIH3_2022,GEMN-0097_PHN46_0007/LH244,12.399732
WIH3_2022,GEMN-0097_PHN46_0008/LH244,12.407246
WIH3_2022,GEMN-0097_PHN46_0011/LH244,12.367406
WIH3_2022,GEMN-0097_PHN46_0013/LH244,12.386761
WIH3_2022,GEMN-0097_PHN46_0014/LH244,12.38287
WIH3_2022,GEMN-0097_PHN46_0016/LH244,12.391189
WIH3_2022,GEMN-0097_PHN46_0018/LH244,12.388053
WIH3_2022,GEMN-0097_PHP02_0001/LH244,12.371439
WIH3_2022,GEMN-0097_PHP02_0002/LH244,12.38965
WIH3_2022,GEMN-0097_PHP02_0003/LH244,12.386245
WIH3_2022,GEMN-0097_PHP02_0005/LH244,12.381226
WIH3_2022,GEMN-0097_PHP02_0006/LH244,12.380768
WIH3_2022,GEMN-0097_PHP02_0007/LH244,12.39599
WIH3_2022,GEMN-0098/LH244,12.39203
WIH3_2022,GEMN-0104/LH244,12.372837
WIH3_2022,GEMN-0124/LH244,12.383157
WIH3_2022,GEMN-0144/LH244,12.386977
WIH3_2022,GEMN-0157/LH244,12.385911
WIH3_2022,GEMN-0177/LH244,12.396175
WIH3_2022,GEMN-0178/LH244,12.400455
WIH3_2022,GEMN-0187/LH244,12.395695
WIH3_2022,GEMN-0192/LH244,12.386732
WIH3_2022,GEMN-0192_LH212HT_0001/LH244,12.387519
WIH3_2022,GEMN-0192_LH212HT_0006/LH244,12.412415
WIH3_2022,GEMN-0192_LH212HT_0008/LH244,12.407592
WIH3_2022,GEMN-0192_LH212HT_0009/LH244,12.390968
WIH3_2022,GEMN-0192_LH212HT_0010/LH244,12.388433
WIH3_2022,GEMN-0192_LH212HT_0011/LH244,12.39932
WIH3_2022,GEMN-0192_LH212HT_0012/LH244,12.390149
WIH3_2022,GEMN-0192_LH212HT_0013/LH244,12.376514
WIH3_2022,GEMN-0192_LH212HT_0014/LH244,12.380402
WIH3_2022,GEMN-0192_LH212HT_0015/LH244,12.381316
WIH3_2022,GEMN-0192_LH212HT_0016/LH244,12.390338
WIH3_2022,GEMN-0192_LH212HT_0018/LH244,12.392368
WIH3_2022,GEMN-0192_LH212HT_0021/LH244,12.383232
WIH3_2022,GEMN-0192_LH212HT_0023/LH244,12.375357
WIH3_2022,GEMN-0192_PHJ89_0001/LH244,12.392512
WIH3_2022,GEMN-0192_PHJ89_0002/LH244,12.38026
WIH3_2022,GEMN-0192_PHK76_0002/LH244,12.405367
WIH3_2022,GEMN-0192_PHK76_0004/LH244,12.395897
WIH3_2022,GEMN-0192_PHK76_0005/LH244,12.388283
WIH3_2022,GEMN-0192_PHK76_0006/LH244,12.381649
WIH3_2022,GEMN-0192_PHK76_0007/LH244,12.404195
WIH3_2022,GEMN-0192_PHK76_0008/LH244,12.391733
WIH3_2022,GEMN-0192_PHK76_0009/LH244,12.391598
WIH3_2022,GEMN-0192_PHK76_0010/LH244,12.375452
WIH3_2022,GEMN-0192_PHK76_0011/LH244,12.392826
WIH3_2022,GEMN-0192_PHK76_0012/LH244,12.384226
WIH3_2022,GEMN-0192_PHK76_0013/LH244,12.401551
WIH3_2022,GEMN-0192_PHK76_0014/LH244,12.407511
WIH3_2022,GEMN-0192_PHK76_0015/LH244,12.399595
WIH3_2022,GEMN-0192_PHK76_0016/LH244,12.391565
WIH3_2022,GEMN-0192_PHK76_0017/LH244,12.3914
WIH3_2022,GEMN-0192_PHK76_0019/LH244,12.391734
WIH3_2022,GEMN-0192_PHK76_0021/LH244,12.388783
WIH3_2022,GEMN-0192_PHK76_0025/LH244,12.380444
WIH3_2022,GEMN-0192_PHK76_0027/LH244,12.382683
WIH3_2022,GEMN-0192_PHK76_0028/LH244,12.402049
WIH3_2022,GEMN-0192_PHK76_0030/LH244,12.393536
WIH3_2022,GEMN-0192_PHK76_0032/LH244,12.393964
WIH3_2022,GEMN-0192_PHK76_0033/LH244,12.384363
WIH3_2022,GEMN-0192_PHK76_0035/LH244,12.384256
WIH3_2022,GEMN-0192_PHK76_0036/LH244,12.394215
WIH3_2022,GEMN-0192_PHK76_0041/LH244,12.389056
WIH3_2022,GEMN-0192_PHK76_0044/LH244,12.377845
WIH3_2022,GEMN-0192_PHK76_0045/LH244,12.388292
WIH3_2022,GEMN-0192_PHN46_0001/LH244,12.3946
WIH3_2022,GEMN-0192_PHN46_0002/LH244,12.407062
WIH3_2022,GEMN-0192_PHN46_0003/LH244,12.389491
WIH3_2022,GEMN-0192_PHN46_0004/LH244,12.386555
WIH3_2022,GEMN-0192_PHN46_0005/LH244,12.396835
WIH3_2022,GEMN-0192_PHN46_0006/LH244,12.377399
WIH3_2022,GEMN-0192_PHN46_0008/LH244,12.394519
WIH3_2022,GEMN-0192_PHN46_0009/LH244,12.392197
WIH3_2022,GEMN-0192_PHN46_0010/LH244,12.402992
WIH3_2022,GEMN-0192_PHN46_0011/LH244,12.394305
WIH3_2022,GEMN-0192_PHN46_0012/LH244,12.372353
WIH3_2022,GEMN-0192_PHN46_0014/LH244,12.367834
WIH3_2022,GEMN-0192_PHN46_0015/LH244,12.399466
WIH3_2022,GEMN-0192_PHN46_0017/LH244,12.383081
WIH3_2022,GEMN-0192_PHN46_0018/LH244,12.393803
WIH3_2022,GEMN-0192_PHN46_0020/LH244,12.393963
WIH3_2022,GEMN-0192_PHN46_0025/LH244,12.400567
WIH3_2022,GEMN-0192_PHP02_0001/LH244,12.400487
WIH3_2022,GEMN-0192_PHP02_0003/LH244,12.380753
WIH3_2022,GEMN-0225/LH244,12.386566
WIH3_2022,GEMN-0225_LH212HT_0002/LH244,12.386481
WIH3_2022,GEMN-0225_LH212HT_0005/LH244,12.395611
WIH3_2022,GEMN-0225_LH212HT_0006/LH244,12.37904
WIH3_2022,GEMN-0225_LH212HT_0008/LH244,12.375049
WIH3_2022,GEMN-0225_LH212HT_0009/LH244,12.37858
WIH3_2022,GEMN-0225_LH212HT_0015/LH244,12.402575
WIH3_2022,GEMN-0225_LH212HT_0017/LH244,12.411662
WIH3_2022,GEMN-0225_LH212HT_0023/LH244,12.380849
WIH3_2022,GEMN-0225_LH212HT_0024/LH244,12.38704
WIH3_2022,GEMN-0225_LH212HT_0025/LH244,12.394438
WIH3_2022,GEMN-0225_LH212HT_0029/LH244,12.405442
WIH3_2022,GEMN-0225_LH212HT_0033/LH244,12.394825
WIH3_2022,GEMN-0225_LH212HT_0036/LH244,12.392268
WIH3_2022,GEMN-0225_LH212HT_0040/LH244,12.387431
WIH3_2022,GEMN-0225_LH212HT_0043/LH244,12.394438
WIH3_2022,GEMN-0225_PHJ89_0001/LH244,12.385327
WIH3_2022,GEMN-0225_PHJ89_0002/LH244,12.402081
WIH3_2022,GEMN-0225_PHJ89_0003/LH244,12.376688
WIH3_2022,GEMN-0225_PHJ89_0004/LH244,12.390924
WIH3_2022,GEMN-0225_PHJ89_0005/LH244,12.38455
WIH3_2022,GEMN-0225_PHJ89_0006/LH244,12.372259
WIH3_2022,GEMN-0225_PHJ89_0008/LH244,12.400675
WIH3_2022,GEMN-0225_PHJ89_0009/LH244,12.388372
WIH3_2022,GEMN-0225_PHJ89_0013/LH244,12.391535
WIH3_2022,GEMN-0225_PHJ89_0015/LH244,12.410557
WIH3_2022,GEMN-0225_PHJ89_0016/LH244,12.400846
WIH3_2022,GEMN-0225_PHJ89_0017/LH244,12.387894
WIH3_2022,GEMN-0225_PHJ89_0018/LH244,12.394453
WIH3_2022,GEMN-0225_PHJ89_0019/LH244,12.389423
WIH3_2022,GEMN-0225_PHJ89_0020/LH244,12.382495
WIH3_2022,GEMN-0225_PHJ89_0021/LH244,12.374619
WIH3_2022,GEMN-0225_PHJ89_0022/LH244,12.397068
WIH3_2022,GEMN-0225_PHJ89_0026/LH244,12.38619
WIH3_2022,GEMN-0225_PHJ89_0027/LH244,12.372963
WIH3_2022,GEMN-0225_PHJ89_0032/LH244,12.402292
WIH3_2022,GEMN-0225_PHK76_0002/LH244,12.398211
WIH3_2022,GEMN-0225_PHK76_0003/LH244,12.38962
WIH3_2022,GEMN-0225_PHK76_0004/LH244,12.406423
WIH3_2022,GEMN-0225_PHK76_0005/LH244,12.401972
WIH3_2022,GEMN-0225_PHK76_0007/LH244,12.395297
WIH3_2022,GEMN-0225_PHK76_0008/LH244,12.38371
WIH3_2022,GEMN-0225_PHK76_0010/LH244,12.394831
WIH3_2022,GEMN-0225_PHK76_0012/LH244,12.389603
WIH3_2022,GEMN-0225_PHK76_0013/LH244,12.38303
WIH3_2022,GEMN-0225_PHK76_0014/LH244,12.3745
WIH3_2022,GEMN-0225_PHK76_0018/LH244,12.383486
WIH3_2022,GEMN-0225_PHK76_0019/LH244,12.404449
WIH3_2022,GEMN-0225_PHK76_0021/LH244,12.393667
WIH3_2022,GEMN-0225_PHK76_0022/LH244,12.397887
WIH3_2022,GEMN-0225_PHK76_0027/LH244,12.385935
WIH3_2022,GEMN-0225_PHK76_0028/LH244,12.406938
WIH3_2022,GEMN-0225_PHK76_0031/LH244,12.388371
WIH3_2022,GEMN-0225_PHK76_0032/LH244,12.400446
WIH3_2022,GEMN-0225_PHN46_0001/LH244,12.390085
WIH3_2022,GEMN-0225_PHN46_0003/LH244,12.396408
WIH3_2022,GEMN-0225_PHN46_0004/LH244,12.392057
WIH3_2022,GEMN-0225_PHN46_0005/LH244,12.377733
WIH3_2022,GEMN-0225_PHN46_0006/LH244,12.402758
WIH3_2022,GEMN-0225_PHN46_0008/LH244,12.401793
WIH3_2022,GEMN-0225_PHN46_0014/LH244,12.395775
WIH3_2022,GEMN-0225_PHN46_0021/LH244,12.386189
WIH3_2022,GEMN-0225_PHP02_0001/LH244,12.387523
WIH3_2022,GEMN-0225_PHP02_0002/LH244,12.388882
WIH3_2022,GEMN-0225_PHP02_0003/LH244,12.402435
WIH3_2022,GEMN-0225_PHP02_0005/LH244,12.395514
WIH3_2022,GEMN-0225_PHP02_0006/LH244,12.376916
WIH3_2022,GEMN-0225_PHP02_0008/LH244,12.399336
WIH3_2022,GEMN-0225_PHP02_0009/LH244,12.391127
WIH3_2022,GEMN-0225_PHP02_0010/LH244,12.38342
WIH3_2022,GEMN-0225_PHP02_0012/LH244,12.393312
WIH3_2022,GEMN-0225_PHP02_0013/LH244,12.396517
WIH3_2022,GEMN-0225_PHP02_0014/LH244,12.381039
WIH3_2022,GEMN-0225_PHP02_0015/LH244,12.374263
WIH3_2022,GEMN-0225_PHP02_0017/LH244,12.397325
WIH3_2022,GEMN-0232/LH244,12.386039
WIH3_2022,GEMN-0238/LH244,12.388674
WIH3_2022,GEMN-0257/LH244,12.395353
WIH3_2022,GEMN-0271/LH244,12.396395
WIH3_2022,GEMN-0287/LH244,12.38907
WIH3_2022,LH145/LH82,10.892132
WIH3_2022,LH185/LH244,12.685513
WIH3_2022,LH195/MO17,12.48312
WIH3_2022,LH195/PHK76,11.931857
WIH3_2022,LH195/PHN82,12.315611
WIH3_2022,LH195/PHZ51,12.141973
WIH3_2022,LH213/LH244,12.376721
WIH3_2022,LH216/LH244,12.346354
WIH3_2022,LH244/MO17,12.678394
WIH3_2022,LH244/PHK76,12.429928
WIH3_2022,LH244/PHN82,12.534031
WIH3_2022,LH244/PHZ51,12.309266
WIH3_2022,LH283/LH244,12.387692
WIH3_2022,LH287/LH244,12.410935
WIH3_2022,LH74/PHN82,12.238741
WIH3_2022,LH82/LH244,12.342781
WIH3_2022,M162W/LH244,12.392008
WIH3_2022,MBUB/LH244,12.399504
WIH3_2022,MM501D/LH244,12.393667
WIH3_2022,MO17_PHW30-008-(2N)-01/LH244,12.382191
WIH3_2022,MO17_PHW30-200-(2N)-02/LH244,12.407045
WIH3_2022,MO17_PHW30-309-(2N)-01/LH244,12.389164
WIH3_2022,MO44_LH145_0127/LH244,12.411096
WIH3_2022,MO44_LH145_0138/LH244,12.375736
WIH3_2022,MO44_PHG47_0072/LH244,12.388864
WIH3_2022,MO44_PHG47_0125/LH244,12.410012
WIH3_2022,MO44_PHW65_0025/LH244,12.444602
WIH3_2022,MO44_PHW65_0035/LH244,12.151697
WIH3_2022,MOG/LH244,12.287252
WIH3_2022,MS71/LH244,12.388891
WIH3_2022,NC358/LH244,12.388006
WIH3_2022,NC366/LH244,12.39479
WIH3_2022,NC388/LH244,12.37725
WIH3_2022,NC398/LH244,12.403088
WIH3_2022,NC426/LH244,12.372196
WIH3_2022,NC438/LH244,12.405241
WIH3_2022,NC458/LH244,12.396742
WIH3_2022,NC512/LH244,12.407183
WIH3_2022,NC528/LH244,12.397886
WIH3_2022,NC542/LH244,12.399424
WIH3_2022,NC546/LH244,12.385174
WIH3_2022,NC548/LH244,12.388808
WIH3_2022,NKH8431/LH244,12.470125
WIH3_2022,OH43/LH244,12.392307
WIH3_2022,PH207/LH244,12.3802
WIH3_2022,PH24E/LH244,12.386314
WIH3_2022,PHAP9/LH244,12.385216
WIH3_2022,PHB47/LH244,12.423669
WIH3_2022,PHB47/MO17,11.874173
WIH3_2022,PHB47/PHK76,12.118692
WIH3_2022,PHB47/PHN82,12.431965
WIH3_2022,PHB47/PHZ51,11.914133
WIH3_2022,PHG29/PHG47,11.284565
WIH3_2022,PHG47/LH244,12.367781
WIH3_2022,PHJ40/PHAJ0,10.103861
WIH3_2022,PHJ89/LH244,12.406431
WIH3_2022,PHJ89/PH207,12.056353
WIH3_2022,PHJ90/LH244,12.406287
WIH3_2022,PHK56/LH244,12.503494
WIH3_2022,PHKE6/LH244,12.40905
WIH3_2022,PHN11/LH244,12.564923
WIH3_2022,PHN11_LH145_0005/LH244,12.398594
WIH3_2022,PHN11_LH145_0028/LH244,12.395031
WIH3_2022,PHN11_LH145_0085/LH244,12.395514
WIH3_2022,PHN11_OH43_0001/LH244,12.361926
WIH3_2022,PHN11_OH43_0075/LH244,12.39506
WIH3_2022,PHN11_OH43_0088/LH244,12.390475
WIH3_2022,PHN11_PHG47_0251/LH244,12.295815
WIH3_2022,PHN11_PHG47_0287/LH244,12.389425
WIH3_2022,PHN11_PHW65_0312/LH244,12.682025
WIH3_2022,PHN11_PHW65_0323/LH244,12.682821
WIH3_2022,PHN11_PHW65_0359/LH244,12.312983
WIH3_2022,PHP02/LH244,12.374176
WIH3_2022,PHP55/LH244,12.391849
WIH3_2022,PHR03/LH244,12.390369
WIH3_2022,PHRE1/PHTD5,11.279217
WIH3_2022,PHW30/LH244,12.390924
WIH3_2022,PHW30_MO17-010-(2N)-01/LH244,12.389088
WIH3_2022,PHW30_MO17-032-(2N)-01/LH244,12.378066
WIH3_2022,PHW30_MO17-095-(2N)-01/LH244,12.379684
WIH3_2022,PHW30_MO17-129-(2N)-01/LH244,12.402968
WIH3_2022,PHW30_MO17-178-(2N)-01/LH244,12.401896
WIH3_2022,PHW30_MO17-234-(2N)-02/LH244,12.401285
WIH3_2022,PHW52/PHM49,12.064777
WIH3_2022,PHW52/PHN82,12.470123
WIH3_2022,PHW65_MOG_0137/LH244,12.657688
WIH3_2022,PHW65_MOG_0176/LH244,12.335996
WIH3_2022,PHW65_MOG_0271/LH244,12.484868
WIH3_2022,TX714/PHZ51,12.100769
WIH3_2022,TX714/TX779,11.864874
WIH3_2022,TX777/LH195,11.991615
WIH3_2022,TX779/LH195,12.07277
WIH3_2022,TX951/LH195,11.90883
WIH3_2022,W10001_0003/LH244,12.387943
WIH3_2022,W10001_0007/LH244,12.389096
WIH3_2022,W10001_0009/LH244,12.372952
WIH3_2022,W10001_0012/LH244,12.391247
WIH3_2022,W10001_0013/LH244,12.390799
WIH3_2022,W10001_0014/LH244,12.405464
WIH3_2022,W10001_0016/LH244,12.380892
WIH3_2022,W10001_0017/LH244,12.378628
WIH3_2022,W10001_0019/LH244,12.388155
WIH3_2022,W10001_0021/LH244,12.394871
WIH3_2022,W10001_0022/LH244,12.109739
WIH3_2022,W10001_0023/LH244,12.382046
WIH3_2022,W10001_0030/LH244,12.400025
WIH3_2022,W10001_0031/LH244,12.397274
WIH3_2022,W10001_0033/LH244,12.392105
WIH3_2022,W10001_0036/LH244,12.391306
WIH3_2022,W10001_0040/LH244,12.380369
WIH3_2022,W10001_0047/LH244,12.386246
WIH3_2022,W10002_0002/LH244,12.38966
WIH3_2022,W10005_0029/LH244,12.398717
WIH3_2022,W10005_0107/LH244,12.30099
WIH3_2022,W10005_0111/LH244,12.384247
WIH3_2022,W10005_0147/LH244,12.360829
WIH3_2022,W10005_0220/LH244,12.37546
WIH3_2022,W10010_0018/LH244,12.393234
WIH3_2022,W10010_0032/LH244,12.391648
WIH3_2022,W10010_0084/LH244,12.37587
WIH3_2022,W10010_0093/LH244,12.386836
WIH3_2022,W10010_0118/LH244,12.411966
WIH3_2022,W10010_0124/LH244,12.397451
WIH3_2022,W10010_0148/LH244,12.403449
WIH3_2022,W10010_0170/LH244,12.387131
WIH3_2022,W10010_0188/LH244,12.384717
WIH3_2022,W10010_0189/LH244,12.39012
WIH3_2022,W10010_0279/LH244,12.393802
WIH3_2022,W10010_0294/LH244,12.387964
WIH3_2022,W10010_0310/LH244,12.402819
WIH3_2022,W10010_0311/LH244,12.379713
WIH3_2022,W10010_0337/LH244,12.398996
WIH3_2022,W10010_0346/LH244,12.399262
WIH3_2022,W10010_0358/LH244,12.399942
WIH3_2022,W10010_0381/LH244,12.398155
WIH3_2022,W10010_0452/LH244,12.40176
