Env,Hybrid,Yield_Mg_ha
DEH1_2022,B14A/OH43,8.81114
DEH1_2022,B37/H95,8.643799
DEH1_2022,B73/MO17,9.586619
DEH1_2022,B73/PHN82,9.826657
DEH1_2022,B73/TX779,8.549599
DEH1_2022,B97/LH244,9.184444
DEH1_2022,BGEM-0039-N/LH244,8.741678
DEH1_2022,BGEM-0063-N/LH244,8.642596
DEH1_2022,BGEM-0089-N/LH244,9.019604
DEH1_2022,BGEM-0124-N/LH244,8.527387
DEH1_2022,BGEM-0129-N/LH244,8.772001
DEH1_2022,CG119/CG108,7.08315
DEH1_2022,CG44/CGR01,8.068637
DEH1_2022,DK3IIH6/LH244,9.151518
DEH1_2022,DK78010/LH244,8.735271
DEH1_2022,GEMN-0096/LH244,9.290228
DEH1_2022,GEMN-0096_LH212HT_0001/LH244,9.426419
DEH1_2022,GEMN-0096_LH212HT_0002/LH244,9.752838
DEH1_2022,GEMN-0096_LH212HT_0003/LH244,9.628497
DEH1_2022,GEMN-0096_LH212HT_0004/LH244,9.768749
DEH1_2022,GEMN-0096_LH212HT_0005/LH244,9.739442
DEH1_2022,GEMN-0096_LH212HT_0006/LH244,9.761439
DEH1_2022,GEMN-0096_LH212HT_0008/LH244,9.217746
DEH1_2022,GEMN-0096_LH212HT_0009/LH244,9.742436
DEH1_2022,GEMN-0096_LH212HT_0012/LH244,9.485387
DEH1_2022,GEMN-0096_LH212HT_0013/LH244,9.654171
DEH1_2022,GEMN-0096_LH212HT_0017/LH244,9.711258
DEH1_2022,GEMN-0096_LH212HT_0020/LH244,9.428466
DEH1_2022,GEMN-0096_LH212HT_0021/LH244,9.655233
DEH1_2022,GEMN-0096_LH212HT_0027/LH244,9.518406
DEH1_2022,GEMN-0096_PHJ89_0001/LH244,9.639488
DEH1_2022,GEMN-0096_PHJ89_0002/LH244,9.260198
DEH1_2022,GEMN-0096_PHJ89_0006/LH244,9.511401
DEH1_2022,GEMN-0096_PHJ89_0007/LH244,9.426926
DEH1_2022,GEMN-0096_PHJ89_0009/LH244,9.299847
DEH1_2022,GEMN-0096_PHJ89_0010/LH244,9.442988
DEH1_2022,GEMN-0096_PHJ89_0011/LH244,9.431552
DEH1_2022,GEMN-0096_PHJ89_0012/LH244,9.288085
DEH1_2022,GEMN-0096_PHJ89_0013/LH244,9.347847
DEH1_2022,GEMN-0096_PHJ89_0014/LH244,9.572188
DEH1_2022,GEMN-0096_PHJ89_0016/LH244,9.285602
DEH1_2022,GEMN-0096_PHK76_0001/LH244,9.7045355
DEH1_2022,GEMN-0096_PHK76_0002/LH244,9.718596
DEH1_2022,GEMN-0096_PHK76_0003/LH244,9.689722
DEH1_2022,GEMN-0096_PHK76_0004/LH244,9.606165
DEH1_2022,GEMN-0096_PHK76_0006/LH244,9.740281
DEH1_2022,GEMN-0096_PHK76_0007/LH244,9.666053
DEH1_2022,GEMN-0096_PHK76_0008/LH244,9.761235
DEH1_2022,GEMN-0096_PHK76_0010/LH244,9.698363
DEH1_2022,GEMN-0096_PHK76_0013/LH244,9.658543
DEH1_2022,GEMN-0096_PHK76_0015/LH244,9.712581
DEH1_2022,GEMN-0096_PHK76_0016/LH244,9.553843
DEH1_2022,GEMN-0096_PHN46_0001/LH244,9.273295
DEH1_2022,GEMN-0096_PHN46_0003/LH244,9.275381
DEH1_2022,GEMN-0096_PHN46_0004/LH244,9.277009
DEH1_2022,GEMN-0096_PHN46_0005/LH244,9.699558
DEH1_2022,GEMN-0096_PHN46_0007/LH244,9.434162
DEH1_2022,GEMN-0096_PHN46_0008/LH244,9.415739
DEH1_2022,GEMN-0096_PHN46_0012/LH244,9.401498
DEH1_2022,GEMN-0096_PHN46_0013/LH244,9.28395
DEH1_2022,GEMN-0096_PHN46_0014/LH244,9.113662
DEH1_2022,GEMN-0096_PHN46_0018/LH244,9.591826
DEH1_2022,GEMN-0096_PHN46_0020/LH244,9.536412
DEH1_2022,GEMN-0096_PHN46_0023/LH244,9.04195
DEH1_2022,GEMN-0096_PHP02_0001/LH244,9.435158
DEH1_2022,GEMN-0096_PHP02_0002/LH244,9.202586
DEH1_2022,GEMN-0096_PHP02_0003/LH244,9.132534
DEH1_2022,GEMN-0096_PHP02_0004/LH244,9.47961
DEH1_2022,GEMN-0096_PHP02_0005/LH244,9.746361
DEH1_2022,GEMN-0096_PHP02_0006/LH244,9.602732
DEH1_2022,GEMN-0096_PHP02_0007/LH244,9.293015
DEH1_2022,GEMN-0096_PHP02_0009/LH244,9.43306
DEH1_2022,GEMN-0096_PHP02_0011/LH244,9.640603
DEH1_2022,GEMN-0096_PHP02_0012/LH244,9.542884
DEH1_2022,GEMN-0096_PHP02_0015/LH244,9.1951885
DEH1_2022,GEMN-0096_PHP02_0016/LH244,9.454817
DEH1_2022,GEMN-0096_PHP02_0025/LH244,9.39926
DEH1_2022,GEMN-0096_PHP02_0030/LH244,9.4851465
DEH1_2022,GEMN-0097/LH244,9.712376
DEH1_2022,GEMN-0097_LH212HT_0002/LH244,9.733578
DEH1_2022,GEMN-0097_LH212HT_0004/LH244,9.79552
DEH1_2022,GEMN-0097_LH212HT_0018/LH244,9.689589
DEH1_2022,GEMN-0097_LH212HT_0019/LH244,9.815281
DEH1_2022,GEMN-0097_LH212HT_0020/LH244,9.777157
DEH1_2022,GEMN-0097_LH212HT_0023/LH244,9.776609
DEH1_2022,GEMN-0097_LH212HT_0026/LH244,9.600646
DEH1_2022,GEMN-0097_LH212HT_0032/LH244,9.775353
DEH1_2022,GEMN-0097_LH212HT_0034/LH244,9.723369
DEH1_2022,GEMN-0097_LH212HT_0039/LH244,9.778686
DEH1_2022,GEMN-0097_LH212HT_0047/LH244,9.907571
DEH1_2022,GEMN-0097_LH212HT_0051/LH244,9.776782
DEH1_2022,GEMN-0097_LH212HT_0054/LH244,9.7179365
DEH1_2022,GEMN-0097_LH212HT_0058/LH244,9.679905
DEH1_2022,GEMN-0097_LH212HT_0061/LH244,9.7482395
DEH1_2022,GEMN-0097_LH212HT_0062/LH244,9.77696
DEH1_2022,GEMN-0097_LH212HT_0069/LH244,9.80018
DEH1_2022,GEMN-0097_LH212HT_0074/LH244,9.653229
DEH1_2022,GEMN-0097_LH212HT_0078/LH244,9.811489
DEH1_2022,GEMN-0097_LH212HT_0085/LH244,9.790469
DEH1_2022,GEMN-0097_LH212HT_0090/LH244,9.733269
DEH1_2022,GEMN-0097_PHJ89_0001/LH244,9.255868
DEH1_2022,GEMN-0097_PHJ89_0002/LH244,9.672419
DEH1_2022,GEMN-0097_PHJ89_0003/LH244,9.278415
DEH1_2022,GEMN-0097_PHJ89_0005/LH244,9.452725
DEH1_2022,GEMN-0097_PHJ89_0006/LH244,9.517971
DEH1_2022,GEMN-0097_PHJ89_0007/LH244,9.459093
DEH1_2022,GEMN-0097_PHJ89_0008/LH244,9.286258
DEH1_2022,GEMN-0097_PHJ89_0010/LH244,9.570368
DEH1_2022,GEMN-0097_PHJ89_0011/LH244,9.317955
DEH1_2022,GEMN-0097_PHJ89_0012/LH244,9.403387
DEH1_2022,GEMN-0097_PHJ89_0013/LH244,9.744688
DEH1_2022,GEMN-0097_PHJ89_0016/LH244,9.496637
DEH1_2022,GEMN-0097_PHJ89_0020/LH244,9.665191
DEH1_2022,GEMN-0097_PHJ89_0023/LH244,9.431663
DEH1_2022,GEMN-0097_PHJ89_0025/LH244,9.742579
DEH1_2022,GEMN-0097_PHJ89_0026/LH244,9.534229
DEH1_2022,GEMN-0097_PHJ89_0027/LH244,9.541477
DEH1_2022,GEMN-0097_PHJ89_0028/LH244,9.455226
DEH1_2022,GEMN-0097_PHJ89_0029/LH244,9.462791
DEH1_2022,GEMN-0097_PHJ89_0033/LH244,9.7144985
DEH1_2022,GEMN-0097_PHJ89_0036/LH244,9.601694
DEH1_2022,GEMN-0097_PHJ89_0039/LH244,9.423745
DEH1_2022,GEMN-0097_PHK76_0002/LH244,9.7673
DEH1_2022,GEMN-0097_PHK76_0003/LH244,9.300627
DEH1_2022,GEMN-0097_PHK76_0007/LH244,9.536601
DEH1_2022,GEMN-0097_PHK76_0009/LH244,9.431727
DEH1_2022,GEMN-0097_PHK76_0010/LH244,9.549424
DEH1_2022,GEMN-0097_PHK76_0011/LH244,9.842579
DEH1_2022,GEMN-0097_PHK76_0012/LH244,9.562272
DEH1_2022,GEMN-0097_PHK76_0014/LH244,9.536805
DEH1_2022,GEMN-0097_PHK76_0015/LH244,9.685458
DEH1_2022,GEMN-0097_PHK76_0016/LH244,9.699587
DEH1_2022,GEMN-0097_PHK76_0017/LH244,9.77173
DEH1_2022,GEMN-0097_PHK76_0018/LH244,9.567881
DEH1_2022,GEMN-0097_PHK76_0021/LH244,9.281754
DEH1_2022,GEMN-0097_PHK76_0023/LH244,9.418381
DEH1_2022,GEMN-0097_PHK76_0029/LH244,9.77173
DEH1_2022,GEMN-0097_PHK76_0032/LH244,9.686827
DEH1_2022,GEMN-0097_PHK76_0036/LH244,9.483131
DEH1_2022,GEMN-0097_PHK76_0037/LH244,9.868639
DEH1_2022,GEMN-0097_PHK76_0038/LH244,9.696578
DEH1_2022,GEMN-0097_PHK76_0039/LH244,9.137663
DEH1_2022,GEMN-0097_PHK76_0041/LH244,9.740541
DEH1_2022,GEMN-0097_PHK76_0048/LH244,9.702972
DEH1_2022,GEMN-0097_PHK76_0053/LH244,9.4012
DEH1_2022,GEMN-0097_PHK76_0055/LH244,9.732366
DEH1_2022,GEMN-0097_PHK76_0060/LH244,9.755754
DEH1_2022,GEMN-0097_PHN46_0001/LH244,9.642872
DEH1_2022,GEMN-0097_PHN46_0002/LH244,9.486083
DEH1_2022,GEMN-0097_PHN46_0003/LH244,9.420701
DEH1_2022,GEMN-0097_PHN46_0004/LH244,9.442851
DEH1_2022,GEMN-0097_PHN46_0005/LH244,9.276986
DEH1_2022,GEMN-0097_PHN46_0006/LH244,9.499713
DEH1_2022,GEMN-0097_PHN46_0007/LH244,9.49176
DEH1_2022,GEMN-0097_PHN46_0008/LH244,9.38104
DEH1_2022,GEMN-0097_PHN46_0009/LH244,9.326348
DEH1_2022,GEMN-0097_PHN46_0010/LH244,9.77173
DEH1_2022,GEMN-0097_PHN46_0011/LH244,9.524859
DEH1_2022,GEMN-0097_PHN46_0014/LH244,9.375481
DEH1_2022,GEMN-0097_PHN46_0016/LH244,9.354887
DEH1_2022,GEMN-0097_PHN46_0018/LH244,9.436785
DEH1_2022,GEMN-0097_PHP02_0001/LH244,9.5056505
DEH1_2022,GEMN-0097_PHP02_0002/LH244,9.087562
DEH1_2022,GEMN-0097_PHP02_0003/LH244,9.434721
DEH1_2022,GEMN-0097_PHP02_0005/LH244,9.638069
DEH1_2022,GEMN-0097_PHP02_0006/LH244,9.514058
DEH1_2022,GEMN-0097_PHP02_0007/LH244,9.09007
DEH1_2022,GEMN-0098/LH244,9.69772
DEH1_2022,GEMN-0104/LH244,9.870436
DEH1_2022,GEMN-0124/LH244,9.558642
DEH1_2022,GEMN-0135/LH244,9.503956
DEH1_2022,GEMN-0144/LH244,9.239039
DEH1_2022,GEMN-0157/LH244,9.378235
DEH1_2022,GEMN-0177/LH244,9.779674
DEH1_2022,GEMN-0178/LH244,9.77806
DEH1_2022,GEMN-0187/LH244,9.537165
DEH1_2022,GEMN-0192/LH244,9.321388
DEH1_2022,GEMN-0192_LH212HT_0001/LH244,9.689655
DEH1_2022,GEMN-0192_LH212HT_0002/LH244,9.463366
DEH1_2022,GEMN-0192_LH212HT_0006/LH244,9.351437
DEH1_2022,GEMN-0192_LH212HT_0007/LH244,9.292753
DEH1_2022,GEMN-0192_LH212HT_0008/LH244,9.566095
DEH1_2022,GEMN-0192_LH212HT_0009/LH244,9.734824
DEH1_2022,GEMN-0192_LH212HT_0010/LH244,9.282639
DEH1_2022,GEMN-0192_LH212HT_0011/LH244,9.192345
DEH1_2022,GEMN-0192_LH212HT_0012/LH244,9.279469
DEH1_2022,GEMN-0192_LH212HT_0013/LH244,9.412318
DEH1_2022,GEMN-0192_LH212HT_0014/LH244,9.5734825
DEH1_2022,GEMN-0192_LH212HT_0015/LH244,9.362651
DEH1_2022,GEMN-0192_LH212HT_0018/LH244,9.769618
DEH1_2022,GEMN-0192_LH212HT_0021/LH244,9.674064
DEH1_2022,GEMN-0192_LH212HT_0023/LH244,9.729418
DEH1_2022,GEMN-0192_PHJ89_0001/LH244,9.505848
DEH1_2022,GEMN-0192_PHJ89_0002/LH244,9.48684
DEH1_2022,GEMN-0192_PHK76_0002/LH244,9.729626
DEH1_2022,GEMN-0192_PHK76_0004/LH244,9.651385
DEH1_2022,GEMN-0192_PHK76_0005/LH244,9.45449
DEH1_2022,GEMN-0192_PHK76_0006/LH244,9.631986
DEH1_2022,GEMN-0192_PHK76_0007/LH244,9.419524
DEH1_2022,GEMN-0192_PHK76_0008/LH244,9.495993
DEH1_2022,GEMN-0192_PHK76_0009/LH244,9.559461
DEH1_2022,GEMN-0192_PHK76_0010/LH244,9.572014
DEH1_2022,GEMN-0192_PHK76_0011/LH244,9.572429
DEH1_2022,GEMN-0192_PHK76_0012/LH244,9.519913
DEH1_2022,GEMN-0192_PHK76_0013/LH244,9.49398
DEH1_2022,GEMN-0192_PHK76_0014/LH244,9.675892
DEH1_2022,GEMN-0192_PHK76_0015/LH244,9.804189
DEH1_2022,GEMN-0192_PHK76_0016/LH244,9.566451
DEH1_2022,GEMN-0192_PHK76_0017/LH244,9.27526
DEH1_2022,GEMN-0192_PHK76_0018/LH244,9.756762
DEH1_2022,GEMN-0192_PHK76_0019/LH244,9.62645
DEH1_2022,GEMN-0192_PHK76_0021/LH244,9.331056
DEH1_2022,GEMN-0192_PHK76_0025/LH244,9.3516
DEH1_2022,GEMN-0192_PHK76_0027/LH244,9.586152
DEH1_2022,GEMN-0192_PHK76_0028/LH244,9.651614
DEH1_2022,GEMN-0192_PHK76_0030/LH244,9.667966
DEH1_2022,GEMN-0192_PHK76_0032/LH244,9.45905
DEH1_2022,GEMN-0192_PHK76_0033/LH244,9.704786
DEH1_2022,GEMN-0192_PHK76_0035/LH244,9.321962
DEH1_2022,GEMN-0192_PHK76_0036/LH244,9.351167
DEH1_2022,GEMN-0192_PHK76_0037/LH244,9.842084
DEH1_2022,GEMN-0192_PHK76_0041/LH244,9.749195
DEH1_2022,GEMN-0192_PHK76_0044/LH244,9.555599
DEH1_2022,GEMN-0192_PHK76_0045/LH244,9.383309
DEH1_2022,GEMN-0192_PHN46_0001/LH244,9.233836
DEH1_2022,GEMN-0192_PHN46_0002/LH244,9.448572
DEH1_2022,GEMN-0192_PHN46_0003/LH244,9.421306
DEH1_2022,GEMN-0192_PHN46_0004/LH244,9.37956
DEH1_2022,GEMN-0192_PHN46_0005/LH244,9.003392
DEH1_2022,GEMN-0192_PHN46_0006/LH244,9.681412
DEH1_2022,GEMN-0192_PHN46_0007/LH244,9.188559
DEH1_2022,GEMN-0192_PHN46_0008/LH244,9.531984
DEH1_2022,GEMN-0192_PHN46_0009/LH244,9.554538
DEH1_2022,GEMN-0192_PHN46_0010/LH244,9.316271
DEH1_2022,GEMN-0192_PHN46_0011/LH244,9.465411
DEH1_2022,GEMN-0192_PHN46_0012/LH244,9.171309
DEH1_2022,GEMN-0192_PHN46_0014/LH244,9.062447
DEH1_2022,GEMN-0192_PHN46_0015/LH244,9.672052
DEH1_2022,GEMN-0192_PHN46_0017/LH244,9.251015
DEH1_2022,GEMN-0192_PHN46_0018/LH244,9.447275
DEH1_2022,GEMN-0192_PHN46_0019/LH244,9.416111
DEH1_2022,GEMN-0192_PHN46_0020/LH244,9.389847
DEH1_2022,GEMN-0192_PHN46_0021/LH244,9.495435
DEH1_2022,GEMN-0192_PHN46_0025/LH244,9.071295
DEH1_2022,GEMN-0192_PHP02_0001/LH244,9.454826
DEH1_2022,GEMN-0192_PHP02_0003/LH244,9.501122
DEH1_2022,GEMN-0207/LH244,9.377974
DEH1_2022,GEMN-0225/LH244,9.754566
DEH1_2022,GEMN-0225_LH212HT_0002/LH244,9.785656
DEH1_2022,GEMN-0225_LH212HT_0003/LH244,9.919674
DEH1_2022,GEMN-0225_LH212HT_0005/LH244,9.800326
DEH1_2022,GEMN-0225_LH212HT_0006/LH244,9.880794
DEH1_2022,GEMN-0225_LH212HT_0008/LH244,9.67898
DEH1_2022,GEMN-0225_LH212HT_0009/LH244,9.730831
DEH1_2022,GEMN-0225_LH212HT_0015/LH244,9.815891
DEH1_2022,GEMN-0225_LH212HT_0017/LH244,9.699453
DEH1_2022,GEMN-0225_LH212HT_0021/LH244,9.824791
DEH1_2022,GEMN-0225_LH212HT_0023/LH244,9.878853
DEH1_2022,GEMN-0225_LH212HT_0024/LH244,9.53161
DEH1_2022,GEMN-0225_LH212HT_0025/LH244,9.765714
DEH1_2022,GEMN-0225_LH212HT_0029/LH244,9.906978
DEH1_2022,GEMN-0225_LH212HT_0036/LH244,9.815826
DEH1_2022,GEMN-0225_LH212HT_0038/LH244,9.689968
DEH1_2022,GEMN-0225_LH212HT_0040/LH244,9.7913265
DEH1_2022,GEMN-0225_LH212HT_0043/LH244,9.254614
DEH1_2022,GEMN-0225_PHJ89_0001/LH244,9.560661
DEH1_2022,GEMN-0225_PHJ89_0002/LH244,9.80953
DEH1_2022,GEMN-0225_PHJ89_0003/LH244,9.555336
DEH1_2022,GEMN-0225_PHJ89_0004/LH244,9.595248
DEH1_2022,GEMN-0225_PHJ89_0005/LH244,9.585946
DEH1_2022,GEMN-0225_PHJ89_0006/LH244,9.588913
DEH1_2022,GEMN-0225_PHJ89_0008/LH244,9.56527
DEH1_2022,GEMN-0225_PHJ89_0009/LH244,9.440578
DEH1_2022,GEMN-0225_PHJ89_0013/LH244,9.757343
DEH1_2022,GEMN-0225_PHJ89_0014/LH244,9.689275
DEH1_2022,GEMN-0225_PHJ89_0015/LH244,9.546309
DEH1_2022,GEMN-0225_PHJ89_0016/LH244,9.505968
DEH1_2022,GEMN-0225_PHJ89_0017/LH244,9.336838
DEH1_2022,GEMN-0225_PHJ89_0018/LH244,9.568012
DEH1_2022,GEMN-0225_PHJ89_0019/LH244,9.501567
DEH1_2022,GEMN-0225_PHJ89_0020/LH244,9.798237
DEH1_2022,GEMN-0225_PHJ89_0021/LH244,9.633286
DEH1_2022,GEMN-0225_PHJ89_0022/LH244,9.481452
DEH1_2022,GEMN-0225_PHJ89_0025/LH244,9.568406
DEH1_2022,GEMN-0225_PHJ89_0026/LH244,9.247434
DEH1_2022,GEMN-0225_PHJ89_0027/LH244,9.699942
DEH1_2022,GEMN-0225_PHJ89_0032/LH244,9.6795
DEH1_2022,GEMN-0225_PHK76_0001/LH244,9.651508
DEH1_2022,GEMN-0225_PHK76_0002/LH244,9.717748
DEH1_2022,GEMN-0225_PHK76_0003/LH244,9.793958
DEH1_2022,GEMN-0225_PHK76_0004/LH244,9.881905
DEH1_2022,GEMN-0225_PHK76_0005/LH244,9.59461
DEH1_2022,GEMN-0225_PHK76_0007/LH244,9.865105
DEH1_2022,GEMN-0225_PHK76_0008/LH244,9.839304
DEH1_2022,GEMN-0225_PHK76_0010/LH244,9.814393
DEH1_2022,GEMN-0225_PHK76_0012/LH244,9.840704
DEH1_2022,GEMN-0225_PHK76_0013/LH244,9.724929
DEH1_2022,GEMN-0225_PHK76_0014/LH244,9.871329
DEH1_2022,GEMN-0225_PHK76_0018/LH244,9.79703
DEH1_2022,GEMN-0225_PHK76_0019/LH244,9.667934
DEH1_2022,GEMN-0225_PHK76_0021/LH244,9.814074
DEH1_2022,GEMN-0225_PHK76_0022/LH244,9.545278
DEH1_2022,GEMN-0225_PHK76_0027/LH244,9.729944
DEH1_2022,GEMN-0225_PHK76_0028/LH244,9.818996
DEH1_2022,GEMN-0225_PHK76_0031/LH244,9.358933
DEH1_2022,GEMN-0225_PHK76_0032/LH244,9.805669
DEH1_2022,GEMN-0225_PHN46_0001/LH244,9.860825
DEH1_2022,GEMN-0225_PHN46_0002/LH244,9.705683
DEH1_2022,GEMN-0225_PHN46_0003/LH244,9.80332
DEH1_2022,GEMN-0225_PHN46_0004/LH244,9.501648
DEH1_2022,GEMN-0225_PHN46_0005/LH244,9.231852
DEH1_2022,GEMN-0225_PHN46_0006/LH244,9.603774
DEH1_2022,GEMN-0225_PHN46_0008/LH244,9.700952
DEH1_2022,GEMN-0225_PHN46_0021/LH244,9.771025
DEH1_2022,GEMN-0225_PHP02_0001/LH244,9.6383
DEH1_2022,GEMN-0225_PHP02_0002/LH244,9.623603
DEH1_2022,GEMN-0225_PHP02_0003/LH244,9.5475025
DEH1_2022,GEMN-0225_PHP02_0005/LH244,9.362899
DEH1_2022,GEMN-0225_PHP02_0006/LH244,9.634882
DEH1_2022,GEMN-0225_PHP02_0007/LH244,9.606503
DEH1_2022,GEMN-0225_PHP02_0008/LH244,9.337969
DEH1_2022,GEMN-0225_PHP02_0009/LH244,9.703824
DEH1_2022,GEMN-0225_PHP02_0010/LH244,9.408633
DEH1_2022,GEMN-0225_PHP02_0012/LH244,9.424362
DEH1_2022,GEMN-0225_PHP02_0013/LH244,9.616665
DEH1_2022,GEMN-0225_PHP02_0014/LH244,9.550863
DEH1_2022,GEMN-0225_PHP02_0015/LH244,9.481933
DEH1_2022,GEMN-0225_PHP02_0017/LH244,9.3543825
DEH1_2022,GEMN-0232/LH244,9.684577
DEH1_2022,GEMN-0238/LH244,9.776974
DEH1_2022,GEMN-0257/LH244,9.568111
DEH1_2022,GEMN-0270/LH244,9.000036
DEH1_2022,GEMN-0271/LH244,8.960701
DEH1_2022,GEMN-0287/LH244,9.777732
DEH1_2022,LH185/LH244,9.68504
DEH1_2022,LH195/PHZ51,8.447345
DEH1_2022,LH212HT/LH244,9.776042
DEH1_2022,LH213/LH244,9.62151
DEH1_2022,LH216/LH244,9.609412
DEH1_2022,LH244/MO17,9.720813
DEH1_2022,LH244/PHK76,9.825321
DEH1_2022,LH244/PHZ51,9.141059
DEH1_2022,LH283/LH244,8.787703
DEH1_2022,LH287/LH244,9.777407
DEH1_2022,LH82/LH244,8.670607
DEH1_2022,M162W/LH244,8.50886
DEH1_2022,M37W/LH244,8.797927
DEH1_2022,MBUB/LH244,9.335183
DEH1_2022,MM501D/LH244,9.707834
DEH1_2022,MO17_PHW30-008-(2N)-01/LH244,9.682529
DEH1_2022,MO17_PHW30-200-(2N)-02/LH244,9.780477
DEH1_2022,MO17_PHW30-309-(2N)-01/LH244,9.715442
DEH1_2022,MO44/LH244,9.638139
DEH1_2022,MO44_LH145_0127/LH244,9.37026
DEH1_2022,MO44_LH145_0138/LH244,9.073875
DEH1_2022,MO44_PHG47_0072/LH244,8.906723
DEH1_2022,MO44_PHG47_0125/LH244,9.680265
DEH1_2022,MO44_PHW65_0025/LH244,10.004054
DEH1_2022,MO44_PHW65_0035/LH244,9.906778
DEH1_2022,MOG/LH244,9.39967
DEH1_2022,NC350/LH244,9.091594
DEH1_2022,NC358/LH244,9.2498045
DEH1_2022,NC360/LH244,9.328825
DEH1_2022,NC366/LH244,8.970105
DEH1_2022,NC374/LH244,8.966262
DEH1_2022,NC378/LH244,9.195168
DEH1_2022,NC388/LH244,9.403635
DEH1_2022,NC398/LH244,8.968698
DEH1_2022,NC406/LH244,8.761075
DEH1_2022,NC428/LH244,9.390513
DEH1_2022,NC438/LH244,9.054874
DEH1_2022,NC454/LH244,9.198343
DEH1_2022,NC456/LH244,9.059288
DEH1_2022,NC458/LH244,8.910577
DEH1_2022,NC512/LH244,9.149945
DEH1_2022,NC528/LH244,9.107839
DEH1_2022,NC530/LH244,9.312044
DEH1_2022,NC540/LH244,9.279589
DEH1_2022,NC542/LH244,8.9285345
DEH1_2022,NC546/LH244,9.297566
DEH1_2022,NC548/LH244,8.896147
DEH1_2022,NKH8431/LH244,9.388624
DEH1_2022,OH43/LH244,9.286324
DEH1_2022,PH207/LH244,9.433277
DEH1_2022,PH24E/LH244,9.902567
DEH1_2022,PHAP9/LH244,9.802762
DEH1_2022,PHB47/LH244,8.204933
DEH1_2022,PHB47/PHN82,9.607511
DEH1_2022,PHB47/PHZ51,8.314966
DEH1_2022,PHG29/PHG47,8.359735
DEH1_2022,PHG35/LH244,9.941115
DEH1_2022,PHG47/LH244,9.355307
DEH1_2022,PHJ40/PHAJ0,7.2736373
DEH1_2022,PHJ89/LH244,9.476806
DEH1_2022,PHJ90/LH244,9.841604
DEH1_2022,PHK56/LH244,9.903049
DEH1_2022,PHKE6/LH244,9.448132
DEH1_2022,PHN11/LH244,9.791138
DEH1_2022,PHN11_LH145_0005/LH244,8.415916
DEH1_2022,PHN11_LH145_0028/LH244,8.70588
DEH1_2022,PHN11_LH145_0085/LH244,8.556778
DEH1_2022,PHN11_OH43_0001/LH244,9.259161
DEH1_2022,PHN11_OH43_0075/LH244,9.108893
DEH1_2022,PHN11_OH43_0088/LH244,9.499601
DEH1_2022,PHN11_PHG47_0251/LH244,9.432688
DEH1_2022,PHN11_PHG47_0287/LH244,9.038075
DEH1_2022,PHN11_PHW65_0312/LH244,9.869183
DEH1_2022,PHN11_PHW65_0323/LH244,10.0096245
DEH1_2022,PHN11_PHW65_0359/LH244,10.007342
DEH1_2022,PHN46/LH244,9.0514555
DEH1_2022,PHP02/LH244,9.996048
DEH1_2022,PHP55/LH244,9.60661
DEH1_2022,PHR03/LH244,9.77173
DEH1_2022,PHRE1/PHTD5,8.172001
DEH1_2022,PHW30/LH244,9.609722
DEH1_2022,PHW30_MO17-010-(2N)-01/LH244,9.440583
DEH1_2022,PHW30_MO17-032-(2N)-01/LH244,9.031452
DEH1_2022,PHW30_MO17-095-(2N)-01/LH244,9.658272
DEH1_2022,PHW30_MO17-129-(2N)-01/LH244,9.4714985
DEH1_2022,PHW30_MO17-178-(2N)-01/LH244,9.752614
DEH1_2022,PHW30_MO17-234-(2N)-02/LH244,9.792519
DEH1_2022,PHW30_MO17-299-(2N)-01/LH244,9.65279
DEH1_2022,PHW52/PHM49,9.692123
DEH1_2022,PHW52/PHN82,9.780321
DEH1_2022,PHW65/LH244,10.011362
DEH1_2022,PHW65_MOG_0137/LH244,9.952463
DEH1_2022,PHW65_MOG_0176/LH244,9.914262
DEH1_2022,PHW65_MOG_0271/LH244,9.799365
DEH1_2022,TX777/LH195,8.748265
DEH1_2022,TX779/LH195,9.149854
DEH1_2022,W10001_0003/LH244,8.61118
DEH1_2022,W10001_0007/LH244,8.841858
DEH1_2022,W10001_0008/LH244,8.655422
DEH1_2022,W10001_0009/LH244,8.390359
DEH1_2022,W10001_0010/LH244,9.19082
DEH1_2022,W10001_0011/LH244,7.950063
DEH1_2022,W10001_0012/LH244,8.411723
DEH1_2022,W10001_0013/LH244,9.046989
DEH1_2022,W10001_0014/LH244,8.554756
DEH1_2022,W10001_0016/LH244,8.824539
DEH1_2022,W10001_0017/LH244,8.94664
DEH1_2022,W10001_0021/LH244,8.151127
DEH1_2022,W10001_0022/LH244,9.03918
DEH1_2022,W10001_0023/LH244,9.219527
DEH1_2022,W10001_0030/LH244,9.280203
DEH1_2022,W10001_0031/LH244,8.917855
DEH1_2022,W10001_0033/LH244,9.77173
DEH1_2022,W10001_0036/LH244,9.012382
DEH1_2022,W10001_0040/LH244,8.585667
DEH1_2022,W10001_0047/LH244,8.8680105
DEH1_2022,W10002_0002/LH244,8.969929
DEH1_2022,W10005_0029/LH244,9.715669
DEH1_2022,W10005_0107/LH244,9.346282
DEH1_2022,W10005_0111/LH244,8.78103
DEH1_2022,W10005_0147/LH244,9.5485935
DEH1_2022,W10005_0220/LH244,9.781427
DEH1_2022,W10010_0018/LH244,9.578904
DEH1_2022,W10010_0032/LH244,9.450431
DEH1_2022,W10010_0084/LH244,9.306375
DEH1_2022,W10010_0093/LH244,9.4207115
DEH1_2022,W10010_0101/LH244,9.83441
DEH1_2022,W10010_0118/LH244,9.657411
DEH1_2022,W10010_0124/LH244,9.436845
DEH1_2022,W10010_0148/LH244,9.492844
DEH1_2022,W10010_0170/LH244,9.331919
DEH1_2022,W10010_0188/LH244,9.561946
DEH1_2022,W10010_0189/LH244,9.781217
DEH1_2022,W10010_0279/LH244,9.740777
DEH1_2022,W10010_0294/LH244,9.774799
DEH1_2022,W10010_0310/LH244,9.730299
DEH1_2022,W10010_0311/LH244,9.723899
DEH1_2022,W10010_0337/LH244,9.818589
DEH1_2022,W10010_0346/LH244,9.756317
DEH1_2022,W10010_0358/LH244,9.600734
DEH1_2022,W10010_0366/LH244,9.429333
DEH1_2022,W10010_0381/LH244,9.8657875
DEH1_2022,W10010_0464/LH244,9.410384
GAH1_2022,B14A/H95,7.5018973
GAH1_2022,B14A/MO17,7.426413
GAH1_2022,B14A/OH43,7.503912
GAH1_2022,B37/H95,7.414499
GAH1_2022,B37/MO17,7.689611
GAH1_2022,B37/OH43,7.540034
GAH1_2022,B73/MO17,8.349612
GAH1_2022,B73/PHM49,8.430635
GAH1_2022,B73/PHN82,8.513823
GAH1_2022,B73/TX779,7.376622
GAH1_2022,B97/LH244,7.909719
GAH1_2022,BGEM-0039-N/LH244,7.5156727
GAH1_2022,BGEM-0063-N/LH244,7.402973
GAH1_2022,BGEM-0089-N/LH244,7.680089
GAH1_2022,BGEM-0124-N/LH244,7.344839
GAH1_2022,BGEM-0129-N/LH244,7.5338345
GAH1_2022,CG119/CG108,6.0353417
GAH1_2022,CG44/CGR01,6.9787407
GAH1_2022,DK3IIH6/LH244,7.783267
GAH1_2022,DK78010/LH244,7.510543
GAH1_2022,F42/H95,7.879346
GAH1_2022,F42/MO17,8.336872
GAH1_2022,F42/OH43,7.8313036
GAH1_2022,GEMN-0096/LH244,8.003891
GAH1_2022,GEMN-0096_LH212HT_0001/LH244,8.212669
GAH1_2022,GEMN-0096_LH212HT_0002/LH244,8.549893
GAH1_2022,GEMN-0096_LH212HT_0004/LH244,8.553595
GAH1_2022,GEMN-0096_LH212HT_0005/LH244,8.527665
GAH1_2022,GEMN-0096_LH212HT_0006/LH244,8.543242
GAH1_2022,GEMN-0096_LH212HT_0009/LH244,8.5345545
GAH1_2022,GEMN-0096_LH212HT_0010/LH244,8.453857
GAH1_2022,GEMN-0096_LH212HT_0012/LH244,8.267745
GAH1_2022,GEMN-0096_LH212HT_0013/LH244,8.434304
GAH1_2022,GEMN-0096_LH212HT_0017/LH244,8.504437
GAH1_2022,GEMN-0096_LH212HT_0021/LH244,8.443605
GAH1_2022,GEMN-0096_PHJ89_0001/LH244,8.380102
GAH1_2022,GEMN-0096_PHJ89_0002/LH244,7.9351616
GAH1_2022,GEMN-0096_PHJ89_0006/LH244,8.241172
GAH1_2022,GEMN-0096_PHJ89_0007/LH244,8.128355
GAH1_2022,GEMN-0096_PHJ89_0009/LH244,7.9810085
GAH1_2022,GEMN-0096_PHJ89_0010/LH244,8.166585
GAH1_2022,GEMN-0096_PHJ89_0011/LH244,8.15096
GAH1_2022,GEMN-0096_PHJ89_0012/LH244,7.92966
GAH1_2022,GEMN-0096_PHJ89_0013/LH244,8.068443
GAH1_2022,GEMN-0096_PHJ89_0014/LH244,8.31034
GAH1_2022,GEMN-0096_PHJ89_0016/LH244,7.9589243
GAH1_2022,GEMN-0096_PHJ89_0017/LH244,8.191939
GAH1_2022,GEMN-0096_PHK76_0001/LH244,8.47055
GAH1_2022,GEMN-0096_PHK76_0002/LH244,8.5041685
GAH1_2022,GEMN-0096_PHK76_0003/LH244,8.457669
GAH1_2022,GEMN-0096_PHK76_0004/LH244,8.36325
GAH1_2022,GEMN-0096_PHK76_0006/LH244,8.519643
GAH1_2022,GEMN-0096_PHK76_0007/LH244,8.42854
GAH1_2022,GEMN-0096_PHK76_0008/LH244,8.543068
GAH1_2022,GEMN-0096_PHK76_0009/LH244,8.477521
GAH1_2022,GEMN-0096_PHK76_0010/LH244,8.470906
GAH1_2022,GEMN-0096_PHK76_0013/LH244,8.408553
GAH1_2022,GEMN-0096_PHK76_0015/LH244,8.485026
GAH1_2022,GEMN-0096_PHK76_0016/LH244,8.318248
GAH1_2022,GEMN-0096_PHN46_0001/LH244,7.913149
GAH1_2022,GEMN-0096_PHN46_0002/LH244,7.748846
GAH1_2022,GEMN-0096_PHN46_0003/LH244,7.9258113
GAH1_2022,GEMN-0096_PHN46_0004/LH244,7.902192
GAH1_2022,GEMN-0096_PHN46_0005/LH244,8.419762
GAH1_2022,GEMN-0096_PHN46_0007/LH244,8.129951
GAH1_2022,GEMN-0096_PHN46_0009/LH244,8.353222
GAH1_2022,GEMN-0096_PHN46_0010/LH244,8.444906
GAH1_2022,GEMN-0096_PHN46_0011/LH244,7.894375
GAH1_2022,GEMN-0096_PHN46_0012/LH244,8.067462
GAH1_2022,GEMN-0096_PHN46_0013/LH244,7.9464602
GAH1_2022,GEMN-0096_PHN46_0014/LH244,7.7459464
GAH1_2022,GEMN-0096_PHN46_0018/LH244,8.320417
GAH1_2022,GEMN-0096_PHN46_0020/LH244,8.253917
GAH1_2022,GEMN-0096_PHN46_0023/LH244,7.6804843
GAH1_2022,GEMN-0096_PHP02_0001/LH244,8.160434
GAH1_2022,GEMN-0096_PHP02_0003/LH244,7.7763753
GAH1_2022,GEMN-0096_PHP02_0005/LH244,8.478437
GAH1_2022,GEMN-0096_PHP02_0006/LH244,8.355955
GAH1_2022,GEMN-0096_PHP02_0007/LH244,7.992692
GAH1_2022,GEMN-0096_PHP02_0009/LH244,8.129381
GAH1_2022,GEMN-0096_PHP02_0011/LH244,8.38107
GAH1_2022,GEMN-0096_PHP02_0012/LH244,8.267702
GAH1_2022,GEMN-0096_PHP02_0016/LH244,8.200568
GAH1_2022,GEMN-0096_PHP02_0017/LH244,7.869171
GAH1_2022,GEMN-0096_PHP02_0022/LH244,8.455928
GAH1_2022,GEMN-0096_PHP02_0025/LH244,8.114217
GAH1_2022,GEMN-0096_PHP02_0030/LH244,8.20872
GAH1_2022,GEMN-0097/LH244,8.447736
GAH1_2022,GEMN-0097_LH212HT_0002/LH244,8.512962
GAH1_2022,GEMN-0097_LH212HT_0004/LH244,8.548154
GAH1_2022,GEMN-0097_LH212HT_0019/LH244,8.558346
GAH1_2022,GEMN-0097_LH212HT_0020/LH244,8.55462
GAH1_2022,GEMN-0097_LH212HT_0023/LH244,8.5571375
GAH1_2022,GEMN-0097_LH212HT_0026/LH244,8.354691
GAH1_2022,GEMN-0097_LH212HT_0032/LH244,8.548343
GAH1_2022,GEMN-0097_LH212HT_0034/LH244,8.468613
GAH1_2022,GEMN-0097_LH212HT_0039/LH244,8.540431
GAH1_2022,GEMN-0097_LH212HT_0047/LH244,8.610649
GAH1_2022,GEMN-0097_LH212HT_0051/LH244,8.557844
GAH1_2022,GEMN-0097_LH212HT_0054/LH244,8.474275
GAH1_2022,GEMN-0097_LH212HT_0058/LH244,8.436353
GAH1_2022,GEMN-0097_LH212HT_0061/LH244,8.53729
GAH1_2022,GEMN-0097_LH212HT_0062/LH244,8.520442
GAH1_2022,GEMN-0097_LH212HT_0069/LH244,8.538602
GAH1_2022,GEMN-0097_LH212HT_0074/LH244,8.444746
GAH1_2022,GEMN-0097_LH212HT_0078/LH244,8.579435
GAH1_2022,GEMN-0097_LH212HT_0085/LH244,8.554804
GAH1_2022,GEMN-0097_PHJ89_0001/LH244,7.937354
GAH1_2022,GEMN-0097_PHJ89_0002/LH244,8.424008
GAH1_2022,GEMN-0097_PHJ89_0003/LH244,7.9563684
GAH1_2022,GEMN-0097_PHJ89_0005/LH244,8.102363
GAH1_2022,GEMN-0097_PHJ89_0006/LH244,8.299513
GAH1_2022,GEMN-0097_PHJ89_0007/LH244,8.178243
GAH1_2022,GEMN-0097_PHJ89_0008/LH244,7.944484
GAH1_2022,GEMN-0097_PHJ89_0010/LH244,8.34561
GAH1_2022,GEMN-0097_PHJ89_0011/LH244,8.005361
GAH1_2022,GEMN-0097_PHJ89_0012/LH244,8.110071
GAH1_2022,GEMN-0097_PHJ89_0013/LH244,8.478543
GAH1_2022,GEMN-0097_PHJ89_0016/LH244,8.208188
GAH1_2022,GEMN-0097_PHJ89_0020/LH244,8.436877
GAH1_2022,GEMN-0097_PHJ89_0023/LH244,8.118603
GAH1_2022,GEMN-0097_PHJ89_0025/LH244,8.512506
GAH1_2022,GEMN-0097_PHJ89_0026/LH244,8.302787
GAH1_2022,GEMN-0097_PHJ89_0027/LH244,8.295022
GAH1_2022,GEMN-0097_PHJ89_0028/LH244,8.2041
GAH1_2022,GEMN-0097_PHJ89_0029/LH244,8.188388
GAH1_2022,GEMN-0097_PHJ89_0033/LH244,8.48789
GAH1_2022,GEMN-0097_PHJ89_0036/LH244,8.353062
GAH1_2022,GEMN-0097_PHJ89_0039/LH244,8.171824
GAH1_2022,GEMN-0097_PHK76_0003/LH244,7.9499516
GAH1_2022,GEMN-0097_PHK76_0007/LH244,8.277991
GAH1_2022,GEMN-0097_PHK76_0009/LH244,8.162528
GAH1_2022,GEMN-0097_PHK76_0011/LH244,8.583643
GAH1_2022,GEMN-0097_PHK76_0014/LH244,8.297137
GAH1_2022,GEMN-0097_PHK76_0015/LH244,8.433552
GAH1_2022,GEMN-0097_PHK76_0018/LH244,8.328517
GAH1_2022,GEMN-0097_PHK76_0021/LH244,7.9427104
GAH1_2022,GEMN-0097_PHK76_0032/LH244,8.465879
GAH1_2022,GEMN-0097_PHK76_0036/LH244,8.199036
GAH1_2022,GEMN-0097_PHK76_0037/LH244,8.592524
GAH1_2022,GEMN-0097_PHK76_0038/LH244,8.473123
GAH1_2022,GEMN-0097_PHK76_0039/LH244,7.805969
GAH1_2022,GEMN-0097_PHK76_0041/LH244,8.4946165
GAH1_2022,GEMN-0097_PHK76_0048/LH244,8.491049
GAH1_2022,GEMN-0097_PHK76_0053/LH244,8.041239
GAH1_2022,GEMN-0097_PHK76_0055/LH244,8.489259
GAH1_2022,GEMN-0097_PHK76_0060/LH244,8.502276
GAH1_2022,GEMN-0097_PHN46_0001/LH244,8.371721
GAH1_2022,GEMN-0097_PHN46_0003/LH244,8.097008
GAH1_2022,GEMN-0097_PHN46_0004/LH244,8.146692
GAH1_2022,GEMN-0097_PHN46_0005/LH244,7.9324183
GAH1_2022,GEMN-0097_PHN46_0007/LH244,8.173133
GAH1_2022,GEMN-0097_PHN46_0008/LH244,8.05576
GAH1_2022,GEMN-0097_PHN46_0011/LH244,8.23055
GAH1_2022,GEMN-0097_PHN46_0013/LH244,8.454339
GAH1_2022,GEMN-0097_PHN46_0014/LH244,8.034769
GAH1_2022,GEMN-0097_PHN46_0016/LH244,8.026767
GAH1_2022,GEMN-0097_PHN46_0018/LH244,8.091128
GAH1_2022,GEMN-0097_PHP02_0001/LH244,8.215683
GAH1_2022,GEMN-0097_PHP02_0002/LH244,7.7390137
GAH1_2022,GEMN-0097_PHP02_0003/LH244,8.132329
GAH1_2022,GEMN-0097_PHP02_0005/LH244,8.387031
GAH1_2022,GEMN-0097_PHP02_0006/LH244,8.245945
GAH1_2022,GEMN-0097_PHP02_0007/LH244,7.742897
GAH1_2022,GEMN-0098/LH244,8.450291
GAH1_2022,GEMN-0104/LH244,8.59244
GAH1_2022,GEMN-0124/LH244,8.305284
GAH1_2022,GEMN-0144/LH244,7.9168496
GAH1_2022,GEMN-0157/LH244,8.123377
GAH1_2022,GEMN-0177/LH244,8.508033
GAH1_2022,GEMN-0178/LH244,8.519577
GAH1_2022,GEMN-0187/LH244,8.302926
GAH1_2022,GEMN-0192/LH244,8.044488
GAH1_2022,GEMN-0192_LH212HT_0001/LH244,8.469675
GAH1_2022,GEMN-0192_LH212HT_0006/LH244,8.099768
GAH1_2022,GEMN-0192_LH212HT_0008/LH244,8.331667
GAH1_2022,GEMN-0192_LH212HT_0010/LH244,7.97551
GAH1_2022,GEMN-0192_LH212HT_0011/LH244,7.8927107
GAH1_2022,GEMN-0192_LH212HT_0012/LH244,7.988139
GAH1_2022,GEMN-0192_LH212HT_0013/LH244,8.166411
GAH1_2022,GEMN-0192_LH212HT_0014/LH244,8.355087
GAH1_2022,GEMN-0192_LH212HT_0015/LH244,8.130573
GAH1_2022,GEMN-0192_LH212HT_0018/LH244,8.537533
GAH1_2022,GEMN-0192_LH212HT_0021/LH244,8.450224
GAH1_2022,GEMN-0192_LH212HT_0023/LH244,8.516684
GAH1_2022,GEMN-0192_PHJ89_0001/LH244,8.26507
GAH1_2022,GEMN-0192_PHJ89_0002/LH244,8.209957
GAH1_2022,GEMN-0192_PHK76_0002/LH244,8.517341
GAH1_2022,GEMN-0192_PHK76_0004/LH244,8.398653
GAH1_2022,GEMN-0192_PHK76_0005/LH244,8.1744
GAH1_2022,GEMN-0192_PHK76_0006/LH244,8.381039
GAH1_2022,GEMN-0192_PHK76_0007/LH244,8.1093025
GAH1_2022,GEMN-0192_PHK76_0008/LH244,8.228035
GAH1_2022,GEMN-0192_PHK76_0009/LH244,8.288387
GAH1_2022,GEMN-0192_PHK76_0010/LH244,8.32406
GAH1_2022,GEMN-0192_PHK76_0011/LH244,8.335373
GAH1_2022,GEMN-0192_PHK76_0012/LH244,8.251974
GAH1_2022,GEMN-0192_PHK76_0013/LH244,8.230291
GAH1_2022,GEMN-0192_PHK76_0014/LH244,8.431012
GAH1_2022,GEMN-0192_PHK76_0015/LH244,8.562108
GAH1_2022,GEMN-0192_PHK76_0016/LH244,8.281754
GAH1_2022,GEMN-0192_PHK76_0017/LH244,7.92844
GAH1_2022,GEMN-0192_PHK76_0019/LH244,8.373103
GAH1_2022,GEMN-0192_PHK76_0021/LH244,8.00756
GAH1_2022,GEMN-0192_PHK76_0025/LH244,8.044491
GAH1_2022,GEMN-0192_PHK76_0027/LH244,8.342024
GAH1_2022,GEMN-0192_PHK76_0028/LH244,8.394267
GAH1_2022,GEMN-0192_PHK76_0030/LH244,8.423762
GAH1_2022,GEMN-0192_PHK76_0032/LH244,8.189433
GAH1_2022,GEMN-0192_PHK76_0033/LH244,8.465633
GAH1_2022,GEMN-0192_PHK76_0035/LH244,7.9519067
GAH1_2022,GEMN-0192_PHK76_0036/LH244,8.0647745
GAH1_2022,GEMN-0192_PHK76_0037/LH244,8.563782
GAH1_2022,GEMN-0192_PHK76_0041/LH244,8.513396
GAH1_2022,GEMN-0192_PHK76_0044/LH244,8.299229
GAH1_2022,GEMN-0192_PHK76_0045/LH244,8.068527
GAH1_2022,GEMN-0192_PHN46_0001/LH244,7.8477316
GAH1_2022,GEMN-0192_PHN46_0002/LH244,8.142151
GAH1_2022,GEMN-0192_PHN46_0003/LH244,8.038899
GAH1_2022,GEMN-0192_PHN46_0004/LH244,8.031925
GAH1_2022,GEMN-0192_PHN46_0005/LH244,7.6702085
GAH1_2022,GEMN-0192_PHN46_0006/LH244,8.395429
GAH1_2022,GEMN-0192_PHN46_0008/LH244,8.250653
GAH1_2022,GEMN-0192_PHN46_0009/LH244,8.26612
GAH1_2022,GEMN-0192_PHN46_0010/LH244,7.97935
GAH1_2022,GEMN-0192_PHN46_0011/LH244,8.1651535
GAH1_2022,GEMN-0192_PHN46_0012/LH244,7.799227
GAH1_2022,GEMN-0192_PHN46_0014/LH244,7.675898
GAH1_2022,GEMN-0192_PHN46_0015/LH244,8.369162
GAH1_2022,GEMN-0192_PHN46_0017/LH244,7.883008
GAH1_2022,GEMN-0192_PHN46_0018/LH244,8.124881
GAH1_2022,GEMN-0192_PHN46_0019/LH244,8.100647
GAH1_2022,GEMN-0192_PHN46_0025/LH244,7.7271643
GAH1_2022,GEMN-0192_PHP02_0001/LH244,8.165777
GAH1_2022,GEMN-0192_PHP02_0003/LH244,8.229067
GAH1_2022,GEMN-0225/LH244,8.51724
GAH1_2022,GEMN-0225_LH212HT_0002/LH244,8.548327
GAH1_2022,GEMN-0225_LH212HT_0003/LH244,8.614373
GAH1_2022,GEMN-0225_LH212HT_0005/LH244,8.551945
GAH1_2022,GEMN-0225_LH212HT_0006/LH244,8.603535
GAH1_2022,GEMN-0225_LH212HT_0008/LH244,8.440977
GAH1_2022,GEMN-0225_LH212HT_0015/LH244,8.576561
GAH1_2022,GEMN-0225_LH212HT_0017/LH244,8.470793
GAH1_2022,GEMN-0225_LH212HT_0024/LH244,8.283977
GAH1_2022,GEMN-0225_LH212HT_0025/LH244,8.532717
GAH1_2022,GEMN-0225_LH212HT_0028/LH244,8.531567
GAH1_2022,GEMN-0225_LH212HT_0029/LH244,8.606089
GAH1_2022,GEMN-0225_LH212HT_0033/LH244,8.559178
GAH1_2022,GEMN-0225_LH212HT_0036/LH244,8.582349
GAH1_2022,GEMN-0225_LH212HT_0038/LH244,8.473286
GAH1_2022,GEMN-0225_LH212HT_0040/LH244,8.552334
GAH1_2022,GEMN-0225_LH212HT_0043/LH244,7.9116335
GAH1_2022,GEMN-0225_PHJ89_0001/LH244,8.324879
GAH1_2022,GEMN-0225_PHJ89_0002/LH244,8.545404
GAH1_2022,GEMN-0225_PHJ89_0003/LH244,8.30022
GAH1_2022,GEMN-0225_PHJ89_0004/LH244,8.350976
GAH1_2022,GEMN-0225_PHJ89_0005/LH244,8.35332
GAH1_2022,GEMN-0225_PHJ89_0006/LH244,8.345866
GAH1_2022,GEMN-0225_PHJ89_0008/LH244,8.309345
GAH1_2022,GEMN-0225_PHJ89_0009/LH244,8.127681
GAH1_2022,GEMN-0225_PHJ89_0013/LH244,8.532371
GAH1_2022,GEMN-0225_PHJ89_0015/LH244,8.317282
GAH1_2022,GEMN-0225_PHJ89_0016/LH244,8.268429
GAH1_2022,GEMN-0225_PHJ89_0017/LH244,8.030968
GAH1_2022,GEMN-0225_PHJ89_0018/LH244,8.346679
GAH1_2022,GEMN-0225_PHJ89_0020/LH244,8.560513
GAH1_2022,GEMN-0225_PHJ89_0021/LH244,8.386856
GAH1_2022,GEMN-0225_PHJ89_0022/LH244,8.198242
GAH1_2022,GEMN-0225_PHJ89_0026/LH244,7.9562154
GAH1_2022,GEMN-0225_PHJ89_0032/LH244,8.4511385
GAH1_2022,GEMN-0225_PHK76_0001/LH244,8.41308
GAH1_2022,GEMN-0225_PHK76_0002/LH244,8.496808
GAH1_2022,GEMN-0225_PHK76_0003/LH244,8.549827
GAH1_2022,GEMN-0225_PHK76_0004/LH244,8.586991
GAH1_2022,GEMN-0225_PHK76_0005/LH244,8.357927
GAH1_2022,GEMN-0225_PHK76_0007/LH244,8.588084
GAH1_2022,GEMN-0225_PHK76_0008/LH244,8.5609
GAH1_2022,GEMN-0225_PHK76_0010/LH244,8.568142
GAH1_2022,GEMN-0225_PHK76_0012/LH244,8.582652
GAH1_2022,GEMN-0225_PHK76_0013/LH244,8.524161
GAH1_2022,GEMN-0225_PHK76_0014/LH244,8.591652
GAH1_2022,GEMN-0225_PHK76_0018/LH244,8.54529
GAH1_2022,GEMN-0225_PHK76_0019/LH244,8.42313
GAH1_2022,GEMN-0225_PHK76_0021/LH244,8.543307
GAH1_2022,GEMN-0225_PHK76_0022/LH244,8.307537
GAH1_2022,GEMN-0225_PHK76_0027/LH244,8.509965
GAH1_2022,GEMN-0225_PHK76_0028/LH244,8.57104
GAH1_2022,GEMN-0225_PHK76_0031/LH244,8.072765
GAH1_2022,GEMN-0225_PHN46_0001/LH244,8.58441
GAH1_2022,GEMN-0225_PHN46_0003/LH244,8.504845
GAH1_2022,GEMN-0225_PHN46_0004/LH244,8.229044
GAH1_2022,GEMN-0225_PHN46_0005/LH244,7.873506
GAH1_2022,GEMN-0225_PHN46_0006/LH244,8.348089
GAH1_2022,GEMN-0225_PHN46_0009/LH244,8.460863
GAH1_2022,GEMN-0225_PHN46_0014/LH244,8.565752
GAH1_2022,GEMN-0225_PHN46_0021/LH244,8.445423
GAH1_2022,GEMN-0225_PHP02_0001/LH244,8.3876
GAH1_2022,GEMN-0225_PHP02_0002/LH244,8.370719
GAH1_2022,GEMN-0225_PHP02_0003/LH244,8.286945
GAH1_2022,GEMN-0225_PHP02_0005/LH244,8.023386
GAH1_2022,GEMN-0225_PHP02_0006/LH244,8.388518
GAH1_2022,GEMN-0225_PHP02_0008/LH244,8.070797
GAH1_2022,GEMN-0225_PHP02_0009/LH244,8.469203
GAH1_2022,GEMN-0225_PHP02_0010/LH244,8.141488
GAH1_2022,GEMN-0225_PHP02_0012/LH244,8.134502
GAH1_2022,GEMN-0225_PHP02_0013/LH244,8.3705845
GAH1_2022,GEMN-0225_PHP02_0014/LH244,8.293611
GAH1_2022,GEMN-0225_PHP02_0015/LH244,8.250242
GAH1_2022,GEMN-0225_PHP02_0017/LH244,8.069737
GAH1_2022,GEMN-0232/LH244,8.463616
GAH1_2022,GEMN-0238/LH244,8.531345
GAH1_2022,GEMN-0257/LH244,8.3291645
GAH1_2022,GEMN-0271/LH244,7.618354
GAH1_2022,GEMN-0287/LH244,8.533794
GAH1_2022,LH185/LH244,8.467048
GAH1_2022,LH195/PHZ51,7.341657
GAH1_2022,LH213/LH244,8.388843
GAH1_2022,LH216/LH244,8.370715
GAH1_2022,LH244/MO17,8.522621
GAH1_2022,LH244/PHK76,8.5577545
GAH1_2022,LH244/PHZ51,7.8491054
GAH1_2022,LH283/LH244,7.4899354
GAH1_2022,LH287/LH244,8.549616
GAH1_2022,LH74/PHN82,8.182225
GAH1_2022,LH82/LH244,7.4783
GAH1_2022,M162W/LH244,7.2598877
GAH1_2022,MBUB/LH244,8.03865
GAH1_2022,MM501D/LH244,8.478232
GAH1_2022,MO17_PHW30-008-(2N)-01/LH244,8.459801
GAH1_2022,MO17_PHW30-200-(2N)-02/LH244,8.528555
GAH1_2022,MO17_PHW30-309-(2N)-01/LH244,8.484513
GAH1_2022,MO44/LH244,8.404831
GAH1_2022,MO44_LH145_0127/LH244,8.025554
GAH1_2022,MO44_LH145_0138/LH244,7.763936
GAH1_2022,MO44_PHG47_0072/LH244,7.558986
GAH1_2022,MO44_PHG47_0125/LH244,8.430111
GAH1_2022,MO44_PHW65_0025/LH244,8.65319
GAH1_2022,MO44_PHW65_0035/LH244,8.601091
GAH1_2022,MOG/LH244,8.070824
GAH1_2022,MS71/LH244,7.7719216
GAH1_2022,NC358/LH244,7.878674
GAH1_2022,NC360/LH244,8.056541
GAH1_2022,NC366/LH244,7.60451
GAH1_2022,NC374/LH244,7.6734824
GAH1_2022,NC386/LH244,8.436333
GAH1_2022,NC388/LH244,8.113352
GAH1_2022,NC398/LH244,7.592273
GAH1_2022,NC426/LH244,7.991355
GAH1_2022,NC512/LH244,7.781166
GAH1_2022,NC528/LH244,7.761421
GAH1_2022,NC542/LH244,7.561419
GAH1_2022,NC546/LH244,8.028161
GAH1_2022,NC548/LH244,7.5722075
GAH1_2022,NKH8431/LH244,8.020723
GAH1_2022,OH43/LH244,7.9625297
GAH1_2022,PH207/LH244,8.143058
GAH1_2022,PH24E/LH244,8.587805
GAH1_2022,PHAP9/LH244,8.558465
GAH1_2022,PHB47/LH244,7.101788
GAH1_2022,PHB47/PHN82,8.370301
GAH1_2022,PHB47/PHZ51,7.290037
GAH1_2022,PHG29/PHG47,7.1524377
GAH1_2022,PHG35/LH244,8.640506
GAH1_2022,PHG39/PHN82,8.468984
GAH1_2022,PHG47/LH244,8.055836
GAH1_2022,PHJ40/PHAJ0,6.242371
GAH1_2022,PHJ89/LH244,8.178457
GAH1_2022,PHJ90/LH244,8.577672
GAH1_2022,PHK56/LH244,8.616369
GAH1_2022,PHKE6/LH244,8.175037
GAH1_2022,PHN11/LH244,8.537375
GAH1_2022,PHN11_LH145_0005/LH244,7.2176714
GAH1_2022,PHN11_LH145_0028/LH244,7.41117
GAH1_2022,PHN11_LH145_0085/LH244,7.2909474
GAH1_2022,PHN11_OH43_0001/LH244,7.8957376
GAH1_2022,PHN11_OH43_0075/LH244,7.7583275
GAH1_2022,PHN11_OH43_0088/LH244,8.208314
GAH1_2022,PHN11_PHG47_0251/LH244,8.117395
GAH1_2022,PHN11_PHG47_0287/LH244,7.6918073
GAH1_2022,PHN11_PHW65_0312/LH244,8.608501
GAH1_2022,PHN11_PHW65_0323/LH244,8.654087
GAH1_2022,PHN11_PHW65_0359/LH244,8.655506
GAH1_2022,PHN46/LH244,7.7021856
GAH1_2022,PHP02/LH244,8.631855
GAH1_2022,PHP55/LH244,8.364605
GAH1_2022,PHR03/LH244,8.546343
GAH1_2022,PHRE1/PHTD5,7.0487466
GAH1_2022,PHW30/LH244,8.329546
GAH1_2022,PHW30_MO17-010-(2N)-01/LH244,8.158126
GAH1_2022,PHW30_MO17-032-(2N)-01/LH244,7.661087
GAH1_2022,PHW30_MO17-095-(2N)-01/LH244,8.436597
GAH1_2022,PHW30_MO17-129-(2N)-01/LH244,8.204371
GAH1_2022,PHW30_MO17-178-(2N)-01/LH244,8.535922
GAH1_2022,PHW30_MO17-234-(2N)-02/LH244,8.546559
GAH1_2022,PHW30_MO17-299-(2N)-01/LH244,8.43051
GAH1_2022,PHW52/PHM49,8.385128
GAH1_2022,PHW52/PHN82,8.5512085
GAH1_2022,PHW65/LH244,8.643485
GAH1_2022,PHW65_MOG_0137/LH244,8.5651455
GAH1_2022,PHW65_MOG_0176/LH244,8.527564
GAH1_2022,PHW65_MOG_0271/LH244,8.541185
GAH1_2022,TX714/TX779,7.442506
GAH1_2022,TX777/LH195,7.468695
GAH1_2022,TX779/LH195,7.8279243
GAH1_2022,TX951/LH195,7.3920126
GAH1_2022,W10001_0003/LH244,7.339353
GAH1_2022,W10001_0007/LH244,7.5391946
GAH1_2022,W10001_0009/LH244,7.16698
GAH1_2022,W10001_0012/LH244,7.196349
GAH1_2022,W10001_0013/LH244,7.673185
GAH1_2022,W10001_0014/LH244,7.3158164
GAH1_2022,W10001_0016/LH244,7.497653
GAH1_2022,W10001_0017/LH244,7.6072817
GAH1_2022,W10001_0019/LH244,7.2719584
GAH1_2022,W10001_0021/LH244,6.9927077
GAH1_2022,W10001_0022/LH244,7.668453
GAH1_2022,W10001_0023/LH244,7.828552
GAH1_2022,W10001_0031/LH244,7.576997
GAH1_2022,W10001_0033/LH244,8.546343
GAH1_2022,W10001_0040/LH244,7.3318496
GAH1_2022,W10001_0047/LH244,7.6111956
GAH1_2022,W10002_0002/LH244,7.6584873
GAH1_2022,W10005_0029/LH244,8.494755
GAH1_2022,W10005_0107/LH244,8.065686
GAH1_2022,W10005_0111/LH244,7.454699
GAH1_2022,W10005_0147/LH244,8.276885
GAH1_2022,W10005_0220/LH244,8.517622
GAH1_2022,W10010_0032/LH244,8.193198
GAH1_2022,W10010_0084/LH244,7.985023
GAH1_2022,W10010_0093/LH244,8.12015
GAH1_2022,W10010_0101/LH244,8.565063
GAH1_2022,W10010_0118/LH244,8.415917
GAH1_2022,W10010_0124/LH244,8.228908
GAH1_2022,W10010_0148/LH244,8.281437
GAH1_2022,W10010_0170/LH244,8.051645
GAH1_2022,W10010_0175/LH244,8.57236
GAH1_2022,W10010_0189/LH244,8.534332
GAH1_2022,W10010_0215/LH244,7.9902797
GAH1_2022,W10010_0279/LH244,8.5219755
GAH1_2022,W10010_0294/LH244,8.534564
GAH1_2022,W10010_0311/LH244,8.504781
GAH1_2022,W10010_0337/LH244,8.582196
GAH1_2022,W10010_0346/LH244,8.540033
GAH1_2022,W10010_0358/LH244,8.341097
GAH1_2022,W10010_0381/LH244,8.598266
GAH1_2022,W10010_0452/LH244,8.296118
GAH2_2022,B14A/H95,6.991965
GAH2_2022,B14A/MO17,6.915893
GAH2_2022,B14A/OH43,6.995022
GAH2_2022,B37/H95,6.9042487
GAH2_2022,B37/MO17,7.1902933
GAH2_2022,B37/OH43,7.0256596
GAH2_2022,B73/MO17,7.914563
GAH2_2022,B73/PHM49,8.0559025
GAH2_2022,B73/PHN82,8.103624
GAH2_2022,B73/TX779,6.862372
GAH2_2022,B97/LH244,7.4395595
GAH2_2022,BGEM-0039-N/LH244,6.996952
GAH2_2022,BGEM-0063-N/LH244,6.891698
GAH2_2022,BGEM-0089-N/LH244,7.168576
GAH2_2022,BGEM-0124-N/LH244,6.837865
GAH2_2022,BGEM-0129-N/LH244,7.0161586
GAH2_2022,CG119/CG108,5.682268
GAH2_2022,CG44/CGR01,6.489909
GAH2_2022,DK3IIH6/LH244,7.306268
GAH2_2022,DK78010/LH244,6.994976
GAH2_2022,F42/H95,7.3981667
GAH2_2022,F42/MO17,7.8975325
GAH2_2022,F42/OH43,7.332275
GAH2_2022,GEMN-0096/LH244,7.5203757
GAH2_2022,GEMN-0096_LH212HT_0001/LH244,7.7290125
GAH2_2022,GEMN-0096_LH212HT_0002/LH244,8.084364
GAH2_2022,GEMN-0096_LH212HT_0004/LH244,8.093771
GAH2_2022,GEMN-0096_LH212HT_0005/LH244,8.065274
GAH2_2022,GEMN-0096_LH212HT_0006/LH244,8.0864315
GAH2_2022,GEMN-0096_LH212HT_0009/LH244,8.069359
GAH2_2022,GEMN-0096_LH212HT_0010/LH244,8.0134325
GAH2_2022,GEMN-0096_LH212HT_0012/LH244,7.770867
GAH2_2022,GEMN-0096_LH212HT_0013/LH244,7.971134
GAH2_2022,GEMN-0096_LH212HT_0017/LH244,8.043647
GAH2_2022,GEMN-0096_LH212HT_0020/LH244,7.716398
GAH2_2022,GEMN-0096_LH212HT_0021/LH244,7.969006
GAH2_2022,GEMN-0096_PHJ89_0001/LH244,7.955378
GAH2_2022,GEMN-0096_PHJ89_0002/LH244,7.456587
GAH2_2022,GEMN-0096_PHJ89_0006/LH244,7.788242
GAH2_2022,GEMN-0096_PHJ89_0007/LH244,7.668984
GAH2_2022,GEMN-0096_PHJ89_0009/LH244,7.5122538
GAH2_2022,GEMN-0096_PHJ89_0010/LH244,7.701967
GAH2_2022,GEMN-0096_PHJ89_0011/LH244,7.672683
GAH2_2022,GEMN-0096_PHJ89_0012/LH244,7.460302
GAH2_2022,GEMN-0096_PHJ89_0013/LH244,7.5816994
GAH2_2022,GEMN-0096_PHJ89_0014/LH244,7.8659534
GAH2_2022,GEMN-0096_PHJ89_0016/LH244,7.4794946
GAH2_2022,GEMN-0096_PHJ89_0017/LH244,7.7246375
GAH2_2022,GEMN-0096_PHK76_0001/LH244,8.010697
GAH2_2022,GEMN-0096_PHK76_0002/LH244,8.033981
GAH2_2022,GEMN-0096_PHK76_0003/LH244,7.9767747
GAH2_2022,GEMN-0096_PHK76_0004/LH244,7.8788366
GAH2_2022,GEMN-0096_PHK76_0006/LH244,8.054809
GAH2_2022,GEMN-0096_PHK76_0007/LH244,7.952776
GAH2_2022,GEMN-0096_PHK76_0008/LH244,8.079916
GAH2_2022,GEMN-0096_PHK76_0009/LH244,8.013456
GAH2_2022,GEMN-0096_PHK76_0010/LH244,8.014017
GAH2_2022,GEMN-0096_PHK76_0013/LH244,7.9434047
GAH2_2022,GEMN-0096_PHK76_0015/LH244,8.0284
GAH2_2022,GEMN-0096_PHK76_0016/LH244,7.832726
GAH2_2022,GEMN-0096_PHN46_0001/LH244,7.4413557
GAH2_2022,GEMN-0096_PHN46_0002/LH244,7.265152
GAH2_2022,GEMN-0096_PHN46_0003/LH244,7.4545445
GAH2_2022,GEMN-0096_PHN46_0004/LH244,7.4299316
GAH2_2022,GEMN-0096_PHN46_0005/LH244,8.015007
GAH2_2022,GEMN-0096_PHN46_0007/LH244,7.6627564
GAH2_2022,GEMN-0096_PHN46_0009/LH244,7.9104805
GAH2_2022,GEMN-0096_PHN46_0010/LH244,7.999791
GAH2_2022,GEMN-0096_PHN46_0011/LH244,7.421601
GAH2_2022,GEMN-0096_PHN46_0012/LH244,7.586428
GAH2_2022,GEMN-0096_PHN46_0013/LH244,7.4838014
GAH2_2022,GEMN-0096_PHN46_0014/LH244,7.2420497
GAH2_2022,GEMN-0096_PHN46_0018/LH244,7.867951
GAH2_2022,GEMN-0096_PHN46_0020/LH244,7.760918
GAH2_2022,GEMN-0096_PHN46_0023/LH244,7.1718206
GAH2_2022,GEMN-0096_PHP02_0001/LH244,7.6753507
GAH2_2022,GEMN-0096_PHP02_0003/LH244,7.2941003
GAH2_2022,GEMN-0096_PHP02_0005/LH244,8.047149
GAH2_2022,GEMN-0096_PHP02_0006/LH244,7.8896465
GAH2_2022,GEMN-0096_PHP02_0007/LH244,7.5116525
GAH2_2022,GEMN-0096_PHP02_0009/LH244,7.655595
GAH2_2022,GEMN-0096_PHP02_0011/LH244,7.9283385
GAH2_2022,GEMN-0096_PHP02_0012/LH244,7.8141856
GAH2_2022,GEMN-0096_PHP02_0015/LH244,7.3764586
GAH2_2022,GEMN-0096_PHP02_0016/LH244,7.7323027
GAH2_2022,GEMN-0096_PHP02_0017/LH244,7.402337
GAH2_2022,GEMN-0096_PHP02_0025/LH244,7.624126
GAH2_2022,GEMN-0096_PHP02_0030/LH244,7.740473
GAH2_2022,GEMN-0097/LH244,8.032807
GAH2_2022,GEMN-0097_LH212HT_0004/LH244,8.100706
GAH2_2022,GEMN-0097_LH212HT_0019/LH244,8.10608
GAH2_2022,GEMN-0097_LH212HT_0020/LH244,8.094519
GAH2_2022,GEMN-0097_LH212HT_0023/LH244,8.097837
GAH2_2022,GEMN-0097_LH212HT_0026/LH244,7.8599477
GAH2_2022,GEMN-0097_LH212HT_0032/LH244,8.086824
GAH2_2022,GEMN-0097_LH212HT_0039/LH244,8.088827
GAH2_2022,GEMN-0097_LH212HT_0047/LH244,8.165972
GAH2_2022,GEMN-0097_LH212HT_0051/LH244,8.093953
GAH2_2022,GEMN-0097_LH212HT_0054/LH244,8.0415745
GAH2_2022,GEMN-0097_LH212HT_0058/LH244,8.010592
GAH2_2022,GEMN-0097_LH212HT_0061/LH244,8.07287
GAH2_2022,GEMN-0097_LH212HT_0062/LH244,8.084263
GAH2_2022,GEMN-0097_LH212HT_0069/LH244,8.096219
GAH2_2022,GEMN-0097_LH212HT_0074/LH244,7.95847
GAH2_2022,GEMN-0097_LH212HT_0085/LH244,8.099422
GAH2_2022,GEMN-0097_LH212HT_0090/LH244,8.052663
GAH2_2022,GEMN-0097_PHJ89_0001/LH244,7.462381
GAH2_2022,GEMN-0097_PHJ89_0002/LH244,7.956026
GAH2_2022,GEMN-0097_PHJ89_0003/LH244,7.478092
GAH2_2022,GEMN-0097_PHJ89_0005/LH244,7.625661
GAH2_2022,GEMN-0097_PHJ89_0006/LH244,7.8335915
GAH2_2022,GEMN-0097_PHJ89_0007/LH244,7.7216115
GAH2_2022,GEMN-0097_PHJ89_0008/LH244,7.4666343
GAH2_2022,GEMN-0097_PHJ89_0010/LH244,7.910934
GAH2_2022,GEMN-0097_PHJ89_0011/LH244,7.5316834
GAH2_2022,GEMN-0097_PHJ89_0012/LH244,7.6189795
GAH2_2022,GEMN-0097_PHJ89_0013/LH244,8.05498
GAH2_2022,GEMN-0097_PHJ89_0016/LH244,7.76686
GAH2_2022,GEMN-0097_PHJ89_0020/LH244,7.9831524
GAH2_2022,GEMN-0097_PHJ89_0023/LH244,7.6494765
GAH2_2022,GEMN-0097_PHJ89_0025/LH244,8.062191
GAH2_2022,GEMN-0097_PHJ89_0026/LH244,7.835006
GAH2_2022,GEMN-0097_PHJ89_0027/LH244,7.817586
GAH2_2022,GEMN-0097_PHJ89_0028/LH244,7.730667
GAH2_2022,GEMN-0097_PHJ89_0029/LH244,7.7203526
GAH2_2022,GEMN-0097_PHJ89_0036/LH244,7.9076004
GAH2_2022,GEMN-0097_PHJ89_0039/LH244,7.6970906
GAH2_2022,GEMN-0097_PHK76_0002/LH244,8.0842905
GAH2_2022,GEMN-0097_PHK76_0003/LH244,7.4707365
GAH2_2022,GEMN-0097_PHK76_0007/LH244,7.806693
GAH2_2022,GEMN-0097_PHK76_0009/LH244,7.6696577
GAH2_2022,GEMN-0097_PHK76_0011/LH244,8.132451
GAH2_2022,GEMN-0097_PHK76_0014/LH244,7.8180265
GAH2_2022,GEMN-0097_PHK76_0015/LH244,7.9778843
GAH2_2022,GEMN-0097_PHK76_0018/LH244,7.8455567
GAH2_2022,GEMN-0097_PHK76_0021/LH244,7.4665074
GAH2_2022,GEMN-0097_PHK76_0036/LH244,7.7147336
GAH2_2022,GEMN-0097_PHK76_0037/LH244,8.1413355
GAH2_2022,GEMN-0097_PHK76_0038/LH244,8.016774
GAH2_2022,GEMN-0097_PHK76_0039/LH244,7.303091
GAH2_2022,GEMN-0097_PHK76_0041/LH244,8.0384445
GAH2_2022,GEMN-0097_PHK76_0048/LH244,8.014832
GAH2_2022,GEMN-0097_PHK76_0053/LH244,7.5685873
GAH2_2022,GEMN-0097_PHK76_0055/LH244,8.050463
GAH2_2022,GEMN-0097_PHK76_0060/LH244,8.052733
GAH2_2022,GEMN-0097_PHN46_0001/LH244,7.9342656
GAH2_2022,GEMN-0097_PHN46_0003/LH244,7.608645
GAH2_2022,GEMN-0097_PHN46_0004/LH244,7.666472
GAH2_2022,GEMN-0097_PHN46_0005/LH244,7.4555826
GAH2_2022,GEMN-0097_PHN46_0007/LH244,7.697408
GAH2_2022,GEMN-0097_PHN46_0008/LH244,7.5813756
GAH2_2022,GEMN-0097_PHN46_0011/LH244,7.754079
GAH2_2022,GEMN-0097_PHN46_0013/LH244,8.041381
GAH2_2022,GEMN-0097_PHN46_0014/LH244,7.5569816
GAH2_2022,GEMN-0097_PHN46_0016/LH244,7.5437794
GAH2_2022,GEMN-0097_PHN46_0018/LH244,7.6513624
GAH2_2022,GEMN-0097_PHP02_0001/LH244,7.7396555
GAH2_2022,GEMN-0097_PHP02_0002/LH244,7.250378
GAH2_2022,GEMN-0097_PHP02_0003/LH244,7.6682334
GAH2_2022,GEMN-0097_PHP02_0005/LH244,7.9345183
GAH2_2022,GEMN-0097_PHP02_0006/LH244,7.7663007
GAH2_2022,GEMN-0097_PHP02_0007/LH244,7.2564
GAH2_2022,GEMN-0098/LH244,7.994623
GAH2_2022,GEMN-0104/LH244,8.152258
GAH2_2022,GEMN-0124/LH244,7.82335
GAH2_2022,GEMN-0144/LH244,7.442532
GAH2_2022,GEMN-0157/LH244,7.633311
GAH2_2022,GEMN-0177/LH244,8.080688
GAH2_2022,GEMN-0178/LH244,8.08195
GAH2_2022,GEMN-0187/LH244,7.8251014
GAH2_2022,GEMN-0192/LH244,7.561141
GAH2_2022,GEMN-0192_LH212HT_0001/LH244,7.9884925
GAH2_2022,GEMN-0192_LH212HT_0002/LH244,7.7367535
GAH2_2022,GEMN-0192_LH212HT_0006/LH244,7.6126237
GAH2_2022,GEMN-0192_LH212HT_0008/LH244,7.8338656
GAH2_2022,GEMN-0192_LH212HT_0010/LH244,7.5050364
GAH2_2022,GEMN-0192_LH212HT_0011/LH244,7.4302835
GAH2_2022,GEMN-0192_LH212HT_0012/LH244,7.508974
GAH2_2022,GEMN-0192_LH212HT_0013/LH244,7.672368
GAH2_2022,GEMN-0192_LH212HT_0014/LH244,7.8677697
GAH2_2022,GEMN-0192_LH212HT_0015/LH244,7.6390853
GAH2_2022,GEMN-0192_LH212HT_0016/LH244,7.5181355
GAH2_2022,GEMN-0192_LH212HT_0018/LH244,8.084888
GAH2_2022,GEMN-0192_LH212HT_0021/LH244,7.9700913
GAH2_2022,GEMN-0192_LH212HT_0023/LH244,8.057049
GAH2_2022,GEMN-0192_PHJ89_0001/LH244,7.7886868
GAH2_2022,GEMN-0192_PHJ89_0002/LH244,7.7566924
GAH2_2022,GEMN-0192_PHK76_0002/LH244,8.057153
GAH2_2022,GEMN-0192_PHK76_0004/LH244,7.928526
GAH2_2022,GEMN-0192_PHK76_0005/LH244,7.69187
GAH2_2022,GEMN-0192_PHK76_0006/LH244,7.925604
GAH2_2022,GEMN-0192_PHK76_0007/LH244,7.63581
GAH2_2022,GEMN-0192_PHK76_0008/LH244,7.7507257
GAH2_2022,GEMN-0192_PHK76_0009/LH244,7.8088503
GAH2_2022,GEMN-0192_PHK76_0010/LH244,7.841096
GAH2_2022,GEMN-0192_PHK76_0011/LH244,7.874351
GAH2_2022,GEMN-0192_PHK76_0012/LH244,7.7775474
GAH2_2022,GEMN-0192_PHK76_0013/LH244,7.740245
GAH2_2022,GEMN-0192_PHK76_0014/LH244,8.003809
GAH2_2022,GEMN-0192_PHK76_0015/LH244,8.106052
GAH2_2022,GEMN-0192_PHK76_0016/LH244,7.822606
GAH2_2022,GEMN-0192_PHK76_0019/LH244,7.9167957
GAH2_2022,GEMN-0192_PHK76_0021/LH244,7.5349298
GAH2_2022,GEMN-0192_PHK76_0025/LH244,7.5669556
GAH2_2022,GEMN-0192_PHK76_0027/LH244,7.871506
GAH2_2022,GEMN-0192_PHK76_0028/LH244,7.9335246
GAH2_2022,GEMN-0192_PHK76_0030/LH244,7.9457555
GAH2_2022,GEMN-0192_PHK76_0032/LH244,7.6969347
GAH2_2022,GEMN-0192_PHK76_0033/LH244,8.010586
GAH2_2022,GEMN-0192_PHK76_0035/LH244,7.4767556
GAH2_2022,GEMN-0192_PHK76_0036/LH244,7.5804787
GAH2_2022,GEMN-0192_PHK76_0037/LH244,8.113811
GAH2_2022,GEMN-0192_PHK76_0041/LH244,8.066792
GAH2_2022,GEMN-0192_PHK76_0044/LH244,7.845428
GAH2_2022,GEMN-0192_PHK76_0045/LH244,7.5914955
GAH2_2022,GEMN-0192_PHN46_0001/LH244,7.379808
GAH2_2022,GEMN-0192_PHN46_0002/LH244,7.6987705
GAH2_2022,GEMN-0192_PHN46_0003/LH244,7.566591
GAH2_2022,GEMN-0192_PHN46_0004/LH244,7.573479
GAH2_2022,GEMN-0192_PHN46_0005/LH244,7.1585197
GAH2_2022,GEMN-0192_PHN46_0006/LH244,7.966039
GAH2_2022,GEMN-0192_PHN46_0008/LH244,7.804917
GAH2_2022,GEMN-0192_PHN46_0009/LH244,7.7975907
GAH2_2022,GEMN-0192_PHN46_0010/LH244,7.4973264
GAH2_2022,GEMN-0192_PHN46_0011/LH244,7.6897106
GAH2_2022,GEMN-0192_PHN46_0012/LH244,7.322275
GAH2_2022,GEMN-0192_PHN46_0014/LH244,7.1677136
GAH2_2022,GEMN-0192_PHN46_0015/LH244,7.958644
GAH2_2022,GEMN-0192_PHN46_0017/LH244,7.4130273
GAH2_2022,GEMN-0192_PHN46_0018/LH244,7.6692905
GAH2_2022,GEMN-0192_PHN46_0020/LH244,7.6283293
GAH2_2022,GEMN-0192_PHN46_0025/LH244,7.211536
GAH2_2022,GEMN-0192_PHP02_0001/LH244,7.6786137
GAH2_2022,GEMN-0192_PHP02_0003/LH244,7.7581644
GAH2_2022,GEMN-0225/LH244,8.068821
GAH2_2022,GEMN-0225_LH212HT_0002/LH244,8.09496
GAH2_2022,GEMN-0225_LH212HT_0003/LH244,8.169066
GAH2_2022,GEMN-0225_LH212HT_0005/LH244,8.10134
GAH2_2022,GEMN-0225_LH212HT_0006/LH244,8.153117
GAH2_2022,GEMN-0225_LH212HT_0008/LH244,7.963759
GAH2_2022,GEMN-0225_LH212HT_0015/LH244,8.119854
GAH2_2022,GEMN-0225_LH212HT_0017/LH244,7.997508
GAH2_2022,GEMN-0225_LH212HT_0021/LH244,8.124716
GAH2_2022,GEMN-0225_LH212HT_0022/LH244,8.130186
GAH2_2022,GEMN-0225_LH212HT_0023/LH244,8.151177
GAH2_2022,GEMN-0225_LH212HT_0024/LH244,7.826503
GAH2_2022,GEMN-0225_LH212HT_0025/LH244,8.079974
GAH2_2022,GEMN-0225_LH212HT_0029/LH244,8.160653
GAH2_2022,GEMN-0225_LH212HT_0033/LH244,8.104896
GAH2_2022,GEMN-0225_LH212HT_0036/LH244,8.122533
GAH2_2022,GEMN-0225_LH212HT_0040/LH244,8.099885
GAH2_2022,GEMN-0225_LH212HT_0043/LH244,7.457614
GAH2_2022,GEMN-0225_PHJ89_0001/LH244,7.843819
GAH2_2022,GEMN-0225_PHJ89_0002/LH244,8.107452
GAH2_2022,GEMN-0225_PHJ89_0003/LH244,7.8346953
GAH2_2022,GEMN-0225_PHJ89_0004/LH244,7.8914375
GAH2_2022,GEMN-0225_PHJ89_0005/LH244,7.8658943
GAH2_2022,GEMN-0225_PHJ89_0006/LH244,7.8946133
GAH2_2022,GEMN-0225_PHJ89_0008/LH244,7.845981
GAH2_2022,GEMN-0225_PHJ89_0009/LH244,7.6569905
GAH2_2022,GEMN-0225_PHJ89_0013/LH244,8.067111
GAH2_2022,GEMN-0225_PHJ89_0014/LH244,7.9745026
GAH2_2022,GEMN-0225_PHJ89_0015/LH244,7.839962
GAH2_2022,GEMN-0225_PHJ89_0016/LH244,7.823633
GAH2_2022,GEMN-0225_PHJ89_0017/LH244,7.553022
GAH2_2022,GEMN-0225_PHJ89_0018/LH244,7.8914585
GAH2_2022,GEMN-0225_PHJ89_0020/LH244,8.103002
GAH2_2022,GEMN-0225_PHJ89_0021/LH244,7.9571214
GAH2_2022,GEMN-0225_PHJ89_0022/LH244,7.715602
GAH2_2022,GEMN-0225_PHJ89_0026/LH244,7.4780817
GAH2_2022,GEMN-0225_PHJ89_0032/LH244,7.990641
GAH2_2022,GEMN-0225_PHK76_0002/LH244,8.030767
GAH2_2022,GEMN-0225_PHK76_0003/LH244,8.096374
GAH2_2022,GEMN-0225_PHK76_0004/LH244,8.142308
GAH2_2022,GEMN-0225_PHK76_0005/LH244,7.88863
GAH2_2022,GEMN-0225_PHK76_0007/LH244,8.13919
GAH2_2022,GEMN-0225_PHK76_0008/LH244,8.114121
GAH2_2022,GEMN-0225_PHK76_0010/LH244,8.114351
GAH2_2022,GEMN-0225_PHK76_0012/LH244,8.132602
GAH2_2022,GEMN-0225_PHK76_0013/LH244,8.056797
GAH2_2022,GEMN-0225_PHK76_0014/LH244,8.145602
GAH2_2022,GEMN-0225_PHK76_0018/LH244,8.095595
GAH2_2022,GEMN-0225_PHK76_0019/LH244,7.9488945
GAH2_2022,GEMN-0225_PHK76_0021/LH244,8.108508
GAH2_2022,GEMN-0225_PHK76_0022/LH244,7.8177953
GAH2_2022,GEMN-0225_PHK76_0027/LH244,8.053946
GAH2_2022,GEMN-0225_PHK76_0028/LH244,8.117784
GAH2_2022,GEMN-0225_PHK76_0031/LH244,7.5889463
GAH2_2022,GEMN-0225_PHK76_0032/LH244,8.107411
GAH2_2022,GEMN-0225_PHN46_0001/LH244,8.142937
GAH2_2022,GEMN-0225_PHN46_0003/LH244,8.095303
GAH2_2022,GEMN-0225_PHN46_0004/LH244,7.757174
GAH2_2022,GEMN-0225_PHN46_0005/LH244,7.398514
GAH2_2022,GEMN-0225_PHN46_0006/LH244,7.9011197
GAH2_2022,GEMN-0225_PHN46_0009/LH244,8.046552
GAH2_2022,GEMN-0225_PHN46_0021/LH244,8.053631
GAH2_2022,GEMN-0225_PHP02_0001/LH244,7.9448266
GAH2_2022,GEMN-0225_PHP02_0002/LH244,7.897931
GAH2_2022,GEMN-0225_PHP02_0003/LH244,7.8098235
GAH2_2022,GEMN-0225_PHP02_0005/LH244,7.5644984
GAH2_2022,GEMN-0225_PHP02_0006/LH244,7.9360266
GAH2_2022,GEMN-0225_PHP02_0008/LH244,7.584831
GAH2_2022,GEMN-0225_PHP02_0009/LH244,8.032366
GAH2_2022,GEMN-0225_PHP02_0010/LH244,7.650417
GAH2_2022,GEMN-0225_PHP02_0012/LH244,7.6533875
GAH2_2022,GEMN-0225_PHP02_0013/LH244,7.896356
GAH2_2022,GEMN-0225_PHP02_0014/LH244,7.8358545
GAH2_2022,GEMN-0225_PHP02_0015/LH244,7.7570987
GAH2_2022,GEMN-0225_PHP02_0017/LH244,7.58353
GAH2_2022,GEMN-0238/LH244,8.076521
GAH2_2022,GEMN-0257/LH244,7.856827
GAH2_2022,GEMN-0271/LH244,7.1174917
GAH2_2022,GEMN-0287/LH244,8.084999
GAH2_2022,LH185/LH244,8.0027275
GAH2_2022,LH195/PHZ51,6.8682084
GAH2_2022,LH213/LH244,7.899445
GAH2_2022,LH216/LH244,7.909641
GAH2_2022,LH244/MO17,8.057257
GAH2_2022,LH244/PHK76,8.1156025
GAH2_2022,LH244/PHZ51,7.375328
GAH2_2022,LH283/LH244,6.9805284
GAH2_2022,LH287/LH244,8.092657
GAH2_2022,LH74/PHN82,7.6961465
GAH2_2022,LH82/LH244,6.9572973
GAH2_2022,M162W/LH244,6.76389
GAH2_2022,MBUB/LH244,7.5631657
GAH2_2022,MM501D/LH244,8.006163
GAH2_2022,MO17_PHW30-008-(2N)-01/LH244,7.9772973
GAH2_2022,MO17_PHW30-200-(2N)-02/LH244,8.079923
GAH2_2022,MO17_PHW30-309-(2N)-01/LH244,8.022842
GAH2_2022,MO44_LH145_0127/LH244,7.540125
GAH2_2022,MO44_LH145_0138/LH244,7.2496223
GAH2_2022,MO44_PHG47_0072/LH244,7.0535474
GAH2_2022,MO44_PHG47_0125/LH244,7.949151
GAH2_2022,MO44_PHW65_0025/LH244,8.223411
GAH2_2022,MO44_PHW65_0035/LH244,8.162507
GAH2_2022,MOG/LH244,7.637976
GAH2_2022,MS71/LH244,7.276298
GAH2_2022,NC350/LH244,7.243044
GAH2_2022,NC358/LH244,7.4150505
GAH2_2022,NC366/LH244,7.1014085
GAH2_2022,NC374/LH244,7.1618743
GAH2_2022,NC378/LH244,7.318998
GAH2_2022,NC386/LH244,7.9695034
GAH2_2022,NC388/LH244,7.6311526
GAH2_2022,NC398/LH244,7.0916853
GAH2_2022,NC426/LH244,7.5162373
GAH2_2022,NC428/LH244,7.668973
GAH2_2022,NC458/LH244,7.0588074
GAH2_2022,NC528/LH244,7.2914777
GAH2_2022,NC542/LH244,7.0604324
GAH2_2022,NC546/LH244,7.5473237
GAH2_2022,NKH8431/LH244,7.576871
GAH2_2022,OH43/LH244,7.48599
GAH2_2022,PH207/LH244,7.6550193
GAH2_2022,PH24E/LH244,8.143106
GAH2_2022,PHAP9/LH244,8.103013
GAH2_2022,PHB47/LH244,6.614524
GAH2_2022,PHB47/PHN82,7.9151416
GAH2_2022,PHB47/PHZ51,6.8011518
GAH2_2022,PHG29/PHG47,6.6609406
GAH2_2022,PHG35/LH244,8.197715
GAH2_2022,PHG39/PHN82,7.993547
GAH2_2022,PHG47/LH244,7.5805273
GAH2_2022,PHJ40/PHAJ0,5.8270936
GAH2_2022,PHJ89/LH244,7.730792
GAH2_2022,PHJ90/LH244,8.130818
GAH2_2022,PHK56/LH244,8.169338
GAH2_2022,PHKE6/LH244,7.6816807
GAH2_2022,PHN11/LH244,8.087161
GAH2_2022,PHN11_LH145_0005/LH244,6.7224717
GAH2_2022,PHN11_LH145_0028/LH244,6.908766
GAH2_2022,PHN11_LH145_0085/LH244,6.7936234
GAH2_2022,PHN11_OH43_0001/LH244,7.4337993
GAH2_2022,PHN11_OH43_0075/LH244,7.25584
GAH2_2022,PHN11_OH43_0088/LH244,7.7184577
GAH2_2022,PHN11_PHG47_0251/LH244,7.628041
GAH2_2022,PHN11_PHG47_0287/LH244,7.2232633
GAH2_2022,PHN11_PHW65_0312/LH244,8.154598
GAH2_2022,PHN11_PHW65_0323/LH244,8.22208
GAH2_2022,PHN11_PHW65_0359/LH244,8.224845
GAH2_2022,PHN46/LH244,7.1877146
GAH2_2022,PHP02/LH244,8.186341
GAH2_2022,PHP55/LH244,7.871617
GAH2_2022,PHR03/LH244,8.084809
GAH2_2022,PHRE1/PHTD5,6.559316
GAH2_2022,PHW30/LH244,7.837979
GAH2_2022,PHW30_MO17-010-(2N)-01/LH244,7.665511
GAH2_2022,PHW30_MO17-032-(2N)-01/LH244,7.195929
GAH2_2022,PHW30_MO17-095-(2N)-01/LH244,7.9504156
GAH2_2022,PHW30_MO17-129-(2N)-01/LH244,7.715636
GAH2_2022,PHW30_MO17-178-(2N)-01/LH244,8.080635
GAH2_2022,PHW30_MO17-234-(2N)-02/LH244,8.093911
GAH2_2022,PHW52/PHM49,7.9866753
GAH2_2022,PHW52/PHN82,8.090801
GAH2_2022,PHW65/LH244,8.236184
GAH2_2022,PHW65_MOG_0137/LH244,8.177848
GAH2_2022,PHW65_MOG_0176/LH244,8.146896
GAH2_2022,PHW65_MOG_0271/LH244,8.099992
GAH2_2022,TX714/TX779,6.925279
GAH2_2022,TX777/LH195,6.9579463
GAH2_2022,TX779/LH195,7.3501015
GAH2_2022,TX951/LH195,6.891394
GAH2_2022,W10001_0003/LH244,6.838336
GAH2_2022,W10001_0007/LH244,7.0328794
GAH2_2022,W10001_0009/LH244,6.680232
GAH2_2022,W10001_0012/LH244,6.7032557
GAH2_2022,W10001_0013/LH244,7.18856
GAH2_2022,W10001_0014/LH244,6.8133574
GAH2_2022,W10001_0016/LH244,6.995908
GAH2_2022,W10001_0017/LH244,7.1013393
GAH2_2022,W10001_0019/LH244,6.774624
GAH2_2022,W10001_0021/LH244,6.511504
GAH2_2022,W10001_0022/LH244,7.164003
GAH2_2022,W10001_0023/LH244,7.355045
GAH2_2022,W10001_0030/LH244,7.5193057
GAH2_2022,W10001_0031/LH244,7.0723906
GAH2_2022,W10001_0033/LH244,8.084809
GAH2_2022,W10001_0040/LH244,6.8304954
GAH2_2022,W10001_0047/LH244,7.1057515
GAH2_2022,W10002_0002/LH244,7.147338
GAH2_2022,W10005_0029/LH244,8.022543
GAH2_2022,W10005_0107/LH244,7.584063
GAH2_2022,W10005_0111/LH244,6.953969
GAH2_2022,W10005_0147/LH244,7.786324
GAH2_2022,W10005_0220/LH244,8.068178
GAH2_2022,W10010_0018/LH244,7.8396707
GAH2_2022,W10010_0032/LH244,7.7110286
GAH2_2022,W10010_0084/LH244,7.5058465
GAH2_2022,W10010_0093/LH244,7.654297
GAH2_2022,W10010_0118/LH244,7.974813
GAH2_2022,W10010_0124/LH244,7.7469745
GAH2_2022,W10010_0148/LH244,7.790244
GAH2_2022,W10010_0170/LH244,7.5660415
GAH2_2022,W10010_0188/LH244,7.838136
GAH2_2022,W10010_0189/LH244,8.087404
GAH2_2022,W10010_0215/LH244,7.510322
GAH2_2022,W10010_0279/LH244,8.067651
GAH2_2022,W10010_0294/LH244,8.085385
GAH2_2022,W10010_0311/LH244,8.052198
GAH2_2022,W10010_0337/LH244,8.126014
GAH2_2022,W10010_0346/LH244,8.079435
GAH2_2022,W10010_0358/LH244,7.89774
GAH2_2022,W10010_0366/LH244,7.690088
GAH2_2022,W10010_0381/LH244,8.152517
GAH2_2022,W10010_0452/LH244,7.8089023
IAH1_2022,B14A/H95,10.390298
IAH1_2022,B14A/MO17,10.272361
IAH1_2022,B14A/OH43,10.399288
IAH1_2022,B37/H95,10.23891
IAH1_2022,B37/MO17,10.64558
IAH1_2022,B37/OH43,10.413232
IAH1_2022,B73/MO17,11.311878
IAH1_2022,B73/PHM49,11.437999
IAH1_2022,B73/PHN82,11.392308
IAH1_2022,B73/TX779,10.137784
IAH1_2022,B97/LH244,10.867903
IAH1_2022,BGEM-0039-N/LH244,10.356303
IAH1_2022,BGEM-0063-N/LH244,10.228996
IAH1_2022,BGEM-0089-N/LH244,10.655999
IAH1_2022,BGEM-0124-N/LH244,10.125656
IAH1_2022,BGEM-0129-N/LH244,10.386458
IAH1_2022,CG119/CG108,7.9938464
IAH1_2022,CG44/CGR01,9.539503
IAH1_2022,DK3IIH6/LH244,10.807409
IAH1_2022,DK78010/LH244,10.367569
IAH1_2022,F42/H95,10.96018
IAH1_2022,F42/MO17,11.306873
IAH1_2022,F42/OH43,10.869225
IAH1_2022,GEMN-0096/LH244,10.995602
IAH1_2022,GEMN-0096_LH212HT_0001/LH244,11.172487
IAH1_2022,GEMN-0096_LH212HT_0002/LH244,11.291152
IAH1_2022,GEMN-0096_LH212HT_0003/LH244,11.272941
IAH1_2022,GEMN-0096_LH212HT_0004/LH244,11.295906
IAH1_2022,GEMN-0096_LH212HT_0005/LH244,11.303484
IAH1_2022,GEMN-0096_LH212HT_0006/LH244,11.29468
IAH1_2022,GEMN-0096_LH212HT_0008/LH244,10.889827
IAH1_2022,GEMN-0096_LH212HT_0009/LH244,11.298065
IAH1_2022,GEMN-0096_LH212HT_0010/LH244,11.312836
IAH1_2022,GEMN-0096_LH212HT_0011/LH244,11.184855
IAH1_2022,GEMN-0096_LH212HT_0012/LH244,11.208621
IAH1_2022,GEMN-0096_LH212HT_0013/LH244,11.287808
IAH1_2022,GEMN-0096_LH212HT_0017/LH244,11.295187
IAH1_2022,GEMN-0096_LH212HT_0020/LH244,11.159687
IAH1_2022,GEMN-0096_LH212HT_0021/LH244,11.273656
IAH1_2022,GEMN-0096_PHJ89_0001/LH244,11.3385105
IAH1_2022,GEMN-0096_PHJ89_0002/LH244,10.954384
IAH1_2022,GEMN-0096_PHJ89_0006/LH244,11.273563
IAH1_2022,GEMN-0096_PHJ89_0007/LH244,11.177744
IAH1_2022,GEMN-0096_PHJ89_0009/LH244,11.016777
IAH1_2022,GEMN-0096_PHJ89_0010/LH244,11.192071
IAH1_2022,GEMN-0096_PHJ89_0011/LH244,11.166702
IAH1_2022,GEMN-0096_PHJ89_0012/LH244,10.986397
IAH1_2022,GEMN-0096_PHJ89_0013/LH244,11.057866
IAH1_2022,GEMN-0096_PHJ89_0014/LH244,11.309472
IAH1_2022,GEMN-0096_PHJ89_0016/LH244,10.98011
IAH1_2022,GEMN-0096_PHJ89_0017/LH244,11.223955
IAH1_2022,GEMN-0096_PHK76_0001/LH244,11.310203
IAH1_2022,GEMN-0096_PHK76_0002/LH244,11.293537
IAH1_2022,GEMN-0096_PHK76_0003/LH244,11.278689
IAH1_2022,GEMN-0096_PHK76_0004/LH244,11.271941
IAH1_2022,GEMN-0096_PHK76_0006/LH244,11.306617
IAH1_2022,GEMN-0096_PHK76_0007/LH244,11.291248
IAH1_2022,GEMN-0096_PHK76_0008/LH244,11.306851
IAH1_2022,GEMN-0096_PHK76_0009/LH244,11.304525
IAH1_2022,GEMN-0096_PHK76_0010/LH244,11.308258
IAH1_2022,GEMN-0096_PHK76_0013/LH244,11.305591
IAH1_2022,GEMN-0096_PHK76_0015/LH244,11.31078
IAH1_2022,GEMN-0096_PHK76_0016/LH244,11.257761
IAH1_2022,GEMN-0096_PHN46_0001/LH244,10.968944
IAH1_2022,GEMN-0096_PHN46_0002/LH244,10.74112
IAH1_2022,GEMN-0096_PHN46_0003/LH244,10.951458
IAH1_2022,GEMN-0096_PHN46_0004/LH244,10.9702635
IAH1_2022,GEMN-0096_PHN46_0005/LH244,11.3625765
IAH1_2022,GEMN-0096_PHN46_0007/LH244,11.175584
IAH1_2022,GEMN-0096_PHN46_0008/LH244,11.168341
IAH1_2022,GEMN-0096_PHN46_0009/LH244,11.306288
IAH1_2022,GEMN-0096_PHN46_0010/LH244,11.339642
IAH1_2022,GEMN-0096_PHN46_0011/LH244,10.901924
IAH1_2022,GEMN-0096_PHN46_0012/LH244,11.11733
IAH1_2022,GEMN-0096_PHN46_0013/LH244,10.99502
IAH1_2022,GEMN-0096_PHN46_0014/LH244,10.762192
IAH1_2022,GEMN-0096_PHN46_0018/LH244,11.312413
IAH1_2022,GEMN-0096_PHN46_0020/LH244,11.266293
IAH1_2022,GEMN-0096_PHN46_0023/LH244,10.675204
IAH1_2022,GEMN-0096_PHP02_0001/LH244,11.1640415
IAH1_2022,GEMN-0096_PHP02_0002/LH244,10.8889885
IAH1_2022,GEMN-0096_PHP02_0003/LH244,10.790634
IAH1_2022,GEMN-0096_PHP02_0004/LH244,11.249698
IAH1_2022,GEMN-0096_PHP02_0005/LH244,11.346901
IAH1_2022,GEMN-0096_PHP02_0006/LH244,11.295406
IAH1_2022,GEMN-0096_PHP02_0007/LH244,10.993659
IAH1_2022,GEMN-0096_PHP02_0008/LH244,11.178464
IAH1_2022,GEMN-0096_PHP02_0009/LH244,11.167611
IAH1_2022,GEMN-0096_PHP02_0010/LH244,11.337669
IAH1_2022,GEMN-0096_PHP02_0011/LH244,11.325901
IAH1_2022,GEMN-0096_PHP02_0012/LH244,11.297548
IAH1_2022,GEMN-0096_PHP02_0015/LH244,10.869197
IAH1_2022,GEMN-0096_PHP02_0016/LH244,11.203945
IAH1_2022,GEMN-0096_PHP02_0017/LH244,10.866741
IAH1_2022,GEMN-0096_PHP02_0022/LH244,11.340327
IAH1_2022,GEMN-0096_PHP02_0025/LH244,11.116897
IAH1_2022,GEMN-0096_PHP02_0030/LH244,11.23559
IAH1_2022,GEMN-0097/LH244,11.350181
IAH1_2022,GEMN-0097_LH212HT_0002/LH244,11.313405
IAH1_2022,GEMN-0097_LH212HT_0004/LH244,11.3412285
IAH1_2022,GEMN-0097_LH212HT_0017/LH244,11.053243
IAH1_2022,GEMN-0097_LH212HT_0018/LH244,11.273368
IAH1_2022,GEMN-0097_LH212HT_0019/LH244,11.299356
IAH1_2022,GEMN-0097_LH212HT_0020/LH244,11.304745
IAH1_2022,GEMN-0097_LH212HT_0023/LH244,11.297708
IAH1_2022,GEMN-0097_LH212HT_0026/LH244,11.244379
IAH1_2022,GEMN-0097_LH212HT_0032/LH244,11.320524
IAH1_2022,GEMN-0097_LH212HT_0034/LH244,11.344246
IAH1_2022,GEMN-0097_LH212HT_0039/LH244,11.3320465
IAH1_2022,GEMN-0097_LH212HT_0047/LH244,11.356926
IAH1_2022,GEMN-0097_LH212HT_0051/LH244,11.304535
IAH1_2022,GEMN-0097_LH212HT_0054/LH244,11.33033
IAH1_2022,GEMN-0097_LH212HT_0058/LH244,11.327231
IAH1_2022,GEMN-0097_LH212HT_0061/LH244,11.301812
IAH1_2022,GEMN-0097_LH212HT_0062/LH244,11.347143
IAH1_2022,GEMN-0097_LH212HT_0069/LH244,11.34992
IAH1_2022,GEMN-0097_LH212HT_0074/LH244,11.25976
IAH1_2022,GEMN-0097_LH212HT_0078/LH244,11.32232
IAH1_2022,GEMN-0097_LH212HT_0085/LH244,11.331857
IAH1_2022,GEMN-0097_LH212HT_0090/LH244,11.339539
IAH1_2022,GEMN-0097_PHJ89_0001/LH244,10.956039
IAH1_2022,GEMN-0097_PHJ89_0002/LH244,11.304841
IAH1_2022,GEMN-0097_PHJ89_0003/LH244,10.973033
IAH1_2022,GEMN-0097_PHJ89_0004/LH244,11.287996
IAH1_2022,GEMN-0097_PHJ89_0005/LH244,11.177361
IAH1_2022,GEMN-0097_PHJ89_0006/LH244,11.260727
IAH1_2022,GEMN-0097_PHJ89_0007/LH244,11.214111
IAH1_2022,GEMN-0097_PHJ89_0008/LH244,10.975157
IAH1_2022,GEMN-0097_PHJ89_0010/LH244,11.303902
IAH1_2022,GEMN-0097_PHJ89_0011/LH244,11.032022
IAH1_2022,GEMN-0097_PHJ89_0012/LH244,11.114798
IAH1_2022,GEMN-0097_PHJ89_0013/LH244,11.35039
IAH1_2022,GEMN-0097_PHJ89_0016/LH244,11.267729
IAH1_2022,GEMN-0097_PHJ89_0020/LH244,11.304988
IAH1_2022,GEMN-0097_PHJ89_0023/LH244,11.166694
IAH1_2022,GEMN-0097_PHJ89_0025/LH244,11.321842
IAH1_2022,GEMN-0097_PHJ89_0026/LH244,11.269845
IAH1_2022,GEMN-0097_PHJ89_0027/LH244,11.2680235
IAH1_2022,GEMN-0097_PHJ89_0028/LH244,11.199782
IAH1_2022,GEMN-0097_PHJ89_0029/LH244,11.209097
IAH1_2022,GEMN-0097_PHJ89_0033/LH244,11.32022
IAH1_2022,GEMN-0097_PHJ89_0036/LH244,11.313481
IAH1_2022,GEMN-0097_PHJ89_0039/LH244,11.16631
IAH1_2022,GEMN-0097_PHK76_0002/LH244,11.310787
IAH1_2022,GEMN-0097_PHK76_0003/LH244,10.9906225
IAH1_2022,GEMN-0097_PHK76_0007/LH244,11.27575
IAH1_2022,GEMN-0097_PHK76_0009/LH244,11.152191
IAH1_2022,GEMN-0097_PHK76_0010/LH244,11.29269
IAH1_2022,GEMN-0097_PHK76_0011/LH244,11.342676
IAH1_2022,GEMN-0097_PHK76_0012/LH244,11.267179
IAH1_2022,GEMN-0097_PHK76_0014/LH244,11.262568
IAH1_2022,GEMN-0097_PHK76_0015/LH244,11.318796
IAH1_2022,GEMN-0097_PHK76_0016/LH244,11.299419
IAH1_2022,GEMN-0097_PHK76_0017/LH244,11.314358
IAH1_2022,GEMN-0097_PHK76_0018/LH244,11.265272
IAH1_2022,GEMN-0097_PHK76_0021/LH244,10.968609
IAH1_2022,GEMN-0097_PHK76_0023/LH244,11.122806
IAH1_2022,GEMN-0097_PHK76_0032/LH244,11.267088
IAH1_2022,GEMN-0097_PHK76_0036/LH244,11.216834
IAH1_2022,GEMN-0097_PHK76_0037/LH244,11.329802
IAH1_2022,GEMN-0097_PHK76_0038/LH244,11.305115
IAH1_2022,GEMN-0097_PHK76_0039/LH244,10.81313
IAH1_2022,GEMN-0097_PHK76_0041/LH244,11.324239
IAH1_2022,GEMN-0097_PHK76_0048/LH244,11.283447
IAH1_2022,GEMN-0097_PHK76_0050/LH244,11.315707
IAH1_2022,GEMN-0097_PHK76_0052/LH244,11.275161
IAH1_2022,GEMN-0097_PHK76_0053/LH244,11.114628
IAH1_2022,GEMN-0097_PHK76_0055/LH244,11.328415
IAH1_2022,GEMN-0097_PHK76_0060/LH244,11.331775
IAH1_2022,GEMN-0097_PHN46_0001/LH244,11.335138
IAH1_2022,GEMN-0097_PHN46_0003/LH244,11.134252
IAH1_2022,GEMN-0097_PHN46_0004/LH244,11.172694
IAH1_2022,GEMN-0097_PHN46_0005/LH244,10.965091
IAH1_2022,GEMN-0097_PHN46_0006/LH244,11.235722
IAH1_2022,GEMN-0097_PHN46_0007/LH244,11.2304535
IAH1_2022,GEMN-0097_PHN46_0008/LH244,11.102266
IAH1_2022,GEMN-0097_PHN46_0009/LH244,11.030558
IAH1_2022,GEMN-0097_PHN46_0010/LH244,11.314358
IAH1_2022,GEMN-0097_PHN46_0011/LH244,11.264772
IAH1_2022,GEMN-0097_PHN46_0013/LH244,11.355214
IAH1_2022,GEMN-0097_PHN46_0014/LH244,11.0880995
IAH1_2022,GEMN-0097_PHN46_0016/LH244,11.049863
IAH1_2022,GEMN-0097_PHN46_0018/LH244,11.193323
IAH1_2022,GEMN-0097_PHP02_0001/LH244,11.248472
IAH1_2022,GEMN-0097_PHP02_0002/LH244,10.739112
IAH1_2022,GEMN-0097_PHP02_0003/LH244,11.177108
IAH1_2022,GEMN-0097_PHP02_0005/LH244,11.320591
IAH1_2022,GEMN-0097_PHP02_0006/LH244,11.254888
IAH1_2022,GEMN-0097_PHP02_0007/LH244,10.742635
IAH1_2022,GEMN-0098/LH244,11.317995
IAH1_2022,GEMN-0104/LH244,11.373432
IAH1_2022,GEMN-0124/LH244,11.27159
IAH1_2022,GEMN-0135/LH244,11.25668
IAH1_2022,GEMN-0144/LH244,10.929052
IAH1_2022,GEMN-0157/LH244,11.103954
IAH1_2022,GEMN-0177/LH244,11.356073
IAH1_2022,GEMN-0178/LH244,11.346328
IAH1_2022,GEMN-0187/LH244,11.2640085
IAH1_2022,GEMN-0192/LH244,11.035767
IAH1_2022,GEMN-0192_LH212HT_0001/LH244,11.2821
IAH1_2022,GEMN-0192_LH212HT_0002/LH244,11.203915
IAH1_2022,GEMN-0192_LH212HT_0006/LH244,11.065992
IAH1_2022,GEMN-0192_LH212HT_0007/LH244,10.978011
IAH1_2022,GEMN-0192_LH212HT_0008/LH244,11.244138
IAH1_2022,GEMN-0192_LH212HT_0010/LH244,10.965133
IAH1_2022,GEMN-0192_LH212HT_0011/LH244,10.862783
IAH1_2022,GEMN-0192_LH212HT_0012/LH244,10.978206
IAH1_2022,GEMN-0192_LH212HT_0013/LH244,11.1364155
IAH1_2022,GEMN-0192_LH212HT_0014/LH244,11.243376
IAH1_2022,GEMN-0192_LH212HT_0015/LH244,11.0849495
IAH1_2022,GEMN-0192_LH212HT_0016/LH244,11.007467
IAH1_2022,GEMN-0192_LH212HT_0018/LH244,11.275915
IAH1_2022,GEMN-0192_LH212HT_0021/LH244,11.236123
IAH1_2022,GEMN-0192_LH212HT_0023/LH244,11.302982
IAH1_2022,GEMN-0192_LH212HT_0026/LH244,11.210548
IAH1_2022,GEMN-0192_PHJ89_0001/LH244,11.251362
IAH1_2022,GEMN-0192_PHJ89_0002/LH244,11.249666
IAH1_2022,GEMN-0192_PHK76_0002/LH244,11.30261
IAH1_2022,GEMN-0192_PHK76_0004/LH244,11.301195
IAH1_2022,GEMN-0192_PHK76_0005/LH244,11.186255
IAH1_2022,GEMN-0192_PHK76_0006/LH244,11.3162985
IAH1_2022,GEMN-0192_PHK76_0007/LH244,11.149621
IAH1_2022,GEMN-0192_PHK76_0008/LH244,11.24055
IAH1_2022,GEMN-0192_PHK76_0009/LH244,11.282452
IAH1_2022,GEMN-0192_PHK76_0010/LH244,11.273251
IAH1_2022,GEMN-0192_PHK76_0011/LH244,11.287629
IAH1_2022,GEMN-0192_PHK76_0012/LH244,11.2652855
IAH1_2022,GEMN-0192_PHK76_0013/LH244,11.207028
IAH1_2022,GEMN-0192_PHK76_0014/LH244,11.330226
IAH1_2022,GEMN-0192_PHK76_0015/LH244,11.330606
IAH1_2022,GEMN-0192_PHK76_0016/LH244,11.3036175
IAH1_2022,GEMN-0192_PHK76_0017/LH244,10.954577
IAH1_2022,GEMN-0192_PHK76_0019/LH244,11.316217
IAH1_2022,GEMN-0192_PHK76_0021/LH244,11.042255
IAH1_2022,GEMN-0192_PHK76_0025/LH244,11.067679
IAH1_2022,GEMN-0192_PHK76_0027/LH244,11.286226
IAH1_2022,GEMN-0192_PHK76_0028/LH244,11.316925
IAH1_2022,GEMN-0192_PHK76_0030/LH244,11.293785
IAH1_2022,GEMN-0192_PHK76_0032/LH244,11.185575
IAH1_2022,GEMN-0192_PHK76_0033/LH244,11.316472
IAH1_2022,GEMN-0192_PHK76_0035/LH244,11.01486
IAH1_2022,GEMN-0192_PHK76_0036/LH244,11.054788
IAH1_2022,GEMN-0192_PHK76_0037/LH244,11.317051
IAH1_2022,GEMN-0192_PHK76_0041/LH244,11.327547
IAH1_2022,GEMN-0192_PHK76_0044/LH244,11.294902
IAH1_2022,GEMN-0192_PHK76_0045/LH244,11.103228
IAH1_2022,GEMN-0192_PHN46_0001/LH244,10.902015
IAH1_2022,GEMN-0192_PHN46_0002/LH244,11.210352
IAH1_2022,GEMN-0192_PHN46_0003/LH244,11.13569
IAH1_2022,GEMN-0192_PHN46_0004/LH244,11.1072035
IAH1_2022,GEMN-0192_PHN46_0005/LH244,10.636988
IAH1_2022,GEMN-0192_PHN46_0006/LH244,11.351438
IAH1_2022,GEMN-0192_PHN46_0007/LH244,10.85696
IAH1_2022,GEMN-0192_PHN46_0008/LH244,11.297872
IAH1_2022,GEMN-0192_PHN46_0009/LH244,11.293919
IAH1_2022,GEMN-0192_PHN46_0010/LH244,11.012272
IAH1_2022,GEMN-0192_PHN46_0011/LH244,11.203299
IAH1_2022,GEMN-0192_PHN46_0012/LH244,10.830752
IAH1_2022,GEMN-0192_PHN46_0014/LH244,10.689697
IAH1_2022,GEMN-0192_PHN46_0015/LH244,11.364176
IAH1_2022,GEMN-0192_PHN46_0017/LH244,10.926152
IAH1_2022,GEMN-0192_PHN46_0018/LH244,11.194768
IAH1_2022,GEMN-0192_PHN46_0019/LH244,11.148988
IAH1_2022,GEMN-0192_PHN46_0020/LH244,11.127594
IAH1_2022,GEMN-0192_PHN46_0021/LH244,11.26576
IAH1_2022,GEMN-0192_PHN46_0025/LH244,10.718012
IAH1_2022,GEMN-0192_PHP02_0001/LH244,11.180626
IAH1_2022,GEMN-0192_PHP02_0003/LH244,11.249521
IAH1_2022,GEMN-0207/LH244,11.087905
IAH1_2022,GEMN-0225/LH244,11.328552
IAH1_2022,GEMN-0225_LH212HT_0002/LH244,11.333444
IAH1_2022,GEMN-0225_LH212HT_0003/LH244,11.330127
IAH1_2022,GEMN-0225_LH212HT_0005/LH244,11.274128
IAH1_2022,GEMN-0225_LH212HT_0006/LH244,11.338692
IAH1_2022,GEMN-0225_LH212HT_0008/LH244,11.292271
IAH1_2022,GEMN-0225_LH212HT_0009/LH244,11.280219
IAH1_2022,GEMN-0225_LH212HT_0015/LH244,11.320742
IAH1_2022,GEMN-0225_LH212HT_0017/LH244,11.295547
IAH1_2022,GEMN-0225_LH212HT_0021/LH244,11.332672
IAH1_2022,GEMN-0225_LH212HT_0022/LH244,11.306451
IAH1_2022,GEMN-0225_LH212HT_0023/LH244,11.340869
IAH1_2022,GEMN-0225_LH212HT_0024/LH244,11.2821045
IAH1_2022,GEMN-0225_LH212HT_0025/LH244,11.26333
IAH1_2022,GEMN-0225_LH212HT_0028/LH244,11.27399
IAH1_2022,GEMN-0225_LH212HT_0029/LH244,11.346381
IAH1_2022,GEMN-0225_LH212HT_0033/LH244,11.294666
IAH1_2022,GEMN-0225_LH212HT_0036/LH244,11.32595
IAH1_2022,GEMN-0225_LH212HT_0038/LH244,11.283672
IAH1_2022,GEMN-0225_LH212HT_0040/LH244,11.286688
IAH1_2022,GEMN-0225_LH212HT_0043/LH244,10.9714775
IAH1_2022,GEMN-0225_PHJ89_0001/LH244,11.263582
IAH1_2022,GEMN-0225_PHJ89_0002/LH244,11.358677
IAH1_2022,GEMN-0225_PHJ89_0003/LH244,11.285191
IAH1_2022,GEMN-0225_PHJ89_0004/LH244,11.29944
IAH1_2022,GEMN-0225_PHJ89_0005/LH244,11.257061
IAH1_2022,GEMN-0225_PHJ89_0006/LH244,11.303648
IAH1_2022,GEMN-0225_PHJ89_0007/LH244,11.296804
IAH1_2022,GEMN-0225_PHJ89_0008/LH244,11.289765
IAH1_2022,GEMN-0225_PHJ89_0009/LH244,11.175269
IAH1_2022,GEMN-0225_PHJ89_0013/LH244,11.3143015
IAH1_2022,GEMN-0225_PHJ89_0014/LH244,11.307134
IAH1_2022,GEMN-0225_PHJ89_0015/LH244,11.260716
IAH1_2022,GEMN-0225_PHJ89_0016/LH244,11.276757
IAH1_2022,GEMN-0225_PHJ89_0017/LH244,11.049455
IAH1_2022,GEMN-0225_PHJ89_0018/LH244,11.283398
IAH1_2022,GEMN-0225_PHJ89_0019/LH244,11.250279
IAH1_2022,GEMN-0225_PHJ89_0020/LH244,11.328487
IAH1_2022,GEMN-0225_PHJ89_0021/LH244,11.331395
IAH1_2022,GEMN-0225_PHJ89_0022/LH244,11.216506
IAH1_2022,GEMN-0225_PHJ89_0025/LH244,11.291802
IAH1_2022,GEMN-0225_PHJ89_0026/LH244,10.948038
IAH1_2022,GEMN-0225_PHJ89_0027/LH244,11.32874
IAH1_2022,GEMN-0225_PHJ89_0032/LH244,11.301317
IAH1_2022,GEMN-0225_PHK76_0001/LH244,11.282543
IAH1_2022,GEMN-0225_PHK76_0002/LH244,11.299551
IAH1_2022,GEMN-0225_PHK76_0003/LH244,11.29819
IAH1_2022,GEMN-0225_PHK76_0004/LH244,11.298749
IAH1_2022,GEMN-0225_PHK76_0005/LH244,11.282537
IAH1_2022,GEMN-0225_PHK76_0007/LH244,11.311667
IAH1_2022,GEMN-0225_PHK76_0008/LH244,11.293441
IAH1_2022,GEMN-0225_PHK76_0010/LH244,11.308214
IAH1_2022,GEMN-0225_PHK76_0012/LH244,11.349912
IAH1_2022,GEMN-0225_PHK76_0013/LH244,11.289132
IAH1_2022,GEMN-0225_PHK76_0014/LH244,11.352444
IAH1_2022,GEMN-0225_PHK76_0018/LH244,11.278757
IAH1_2022,GEMN-0225_PHK76_0019/LH244,11.29654
IAH1_2022,GEMN-0225_PHK76_0021/LH244,11.361965
IAH1_2022,GEMN-0225_PHK76_0022/LH244,11.2537365
IAH1_2022,GEMN-0225_PHK76_0027/LH244,11.311572
IAH1_2022,GEMN-0225_PHK76_0028/LH244,11.339095
IAH1_2022,GEMN-0225_PHK76_0031/LH244,11.062762
IAH1_2022,GEMN-0225_PHK76_0032/LH244,11.333083
IAH1_2022,GEMN-0225_PHK76_0039/LH244,11.289456
IAH1_2022,GEMN-0225_PHN46_0001/LH244,11.361738
IAH1_2022,GEMN-0225_PHN46_0002/LH244,11.354223
IAH1_2022,GEMN-0225_PHN46_0003/LH244,11.385987
IAH1_2022,GEMN-0225_PHN46_0004/LH244,11.249882
IAH1_2022,GEMN-0225_PHN46_0005/LH244,10.917487
IAH1_2022,GEMN-0225_PHN46_0006/LH244,11.3155985
IAH1_2022,GEMN-0225_PHN46_0008/LH244,11.35232
IAH1_2022,GEMN-0225_PHN46_0009/LH244,11.358091
IAH1_2022,GEMN-0225_PHN46_0014/LH244,11.376572
IAH1_2022,GEMN-0225_PHN46_0021/LH244,11.394385
IAH1_2022,GEMN-0225_PHP02_0001/LH244,11.327104
IAH1_2022,GEMN-0225_PHP02_0002/LH244,11.295665
IAH1_2022,GEMN-0225_PHP02_0003/LH244,11.275932
IAH1_2022,GEMN-0225_PHP02_0005/LH244,11.089655
IAH1_2022,GEMN-0225_PHP02_0006/LH244,11.315711
IAH1_2022,GEMN-0225_PHP02_0007/LH244,11.275881
IAH1_2022,GEMN-0225_PHP02_0008/LH244,11.048296
IAH1_2022,GEMN-0225_PHP02_0009/LH244,11.324855
IAH1_2022,GEMN-0225_PHP02_0010/LH244,11.13113
IAH1_2022,GEMN-0225_PHP02_0012/LH244,11.151763
IAH1_2022,GEMN-0225_PHP02_0013/LH244,11.287548
IAH1_2022,GEMN-0225_PHP02_0014/LH244,11.290396
IAH1_2022,GEMN-0225_PHP02_0015/LH244,11.213444
IAH1_2022,GEMN-0225_PHP02_0017/LH244,11.06179
IAH1_2022,GEMN-0232/LH244,11.311606
IAH1_2022,GEMN-0238/LH244,11.298858
IAH1_2022,GEMN-0257/LH244,11.277577
IAH1_2022,GEMN-0270/LH244,10.632239
IAH1_2022,GEMN-0271/LH244,10.586409
IAH1_2022,GEMN-0287/LH244,11.335294
IAH1_2022,LH185/LH244,11.294423
IAH1_2022,LH195/PHZ51,10.113761
IAH1_2022,LH212HT/LH244,11.325906
IAH1_2022,LH213/LH244,11.263334
IAH1_2022,LH216/LH244,11.295943
IAH1_2022,LH244/MO17,11.286976
IAH1_2022,LH244/PHK76,11.358141
IAH1_2022,LH244/PHZ51,10.893161
IAH1_2022,LH283/LH244,10.3785095
IAH1_2022,LH287/LH244,11.327418
IAH1_2022,LH74/PHN82,11.211847
IAH1_2022,LH82/LH244,10.28637
IAH1_2022,M162W/LH244,10.110909
IAH1_2022,M37W/LH244,10.397551
IAH1_2022,MBUB/LH244,11.051477
IAH1_2022,MM501D/LH244,11.296856
IAH1_2022,MO17_PHW30-008-(2N)-01/LH244,11.246754
IAH1_2022,MO17_PHW30-200-(2N)-02/LH244,11.253311
IAH1_2022,MO17_PHW30-309-(2N)-01/LH244,11.249225
IAH1_2022,MO44/LH244,11.311612
IAH1_2022,MO44_LH145_0127/LH244,11.063847
IAH1_2022,MO44_LH145_0138/LH244,10.745529
IAH1_2022,MO44_PHG47_0072/LH244,10.507636
IAH1_2022,MO44_PHG47_0125/LH244,11.290592
IAH1_2022,MO44_PHW65_0025/LH244,11.40199
IAH1_2022,MO44_PHW65_0035/LH244,11.373816
IAH1_2022,MOG/LH244,11.1601305
IAH1_2022,MS71/LH244,10.759786
IAH1_2022,NC350/LH244,10.739629
IAH1_2022,NC358/LH244,10.911718
IAH1_2022,NC360/LH244,11.035192
IAH1_2022,NC366/LH244,10.59119
IAH1_2022,NC370/LH244,10.644323
IAH1_2022,NC374/LH244,10.627255
IAH1_2022,NC378/LH244,10.856757
IAH1_2022,NC386/LH244,11.291877
IAH1_2022,NC388/LH244,11.128457
IAH1_2022,NC398/LH244,10.587649
IAH1_2022,NC406/LH244,10.37485
IAH1_2022,NC426/LH244,10.961317
IAH1_2022,NC428/LH244,11.115442
IAH1_2022,NC438/LH244,10.689203
IAH1_2022,NC454/LH244,10.849136
IAH1_2022,NC456/LH244,10.688181
IAH1_2022,NC458/LH244,10.522484
IAH1_2022,NC508/LH244,11.26592
IAH1_2022,NC512/LH244,10.803518
IAH1_2022,NC524/LH244,10.41352
IAH1_2022,NC528/LH244,10.76287
IAH1_2022,NC530/LH244,11.016416
IAH1_2022,NC540/LH244,10.967936
IAH1_2022,NC542/LH244,10.538337
IAH1_2022,NC546/LH244,11.000353
IAH1_2022,NC548/LH244,10.510081
IAH1_2022,NKH8431/LH244,11.148255
IAH1_2022,OH43/LH244,10.982066
IAH1_2022,OH7B/LH244,10.994542
IAH1_2022,PH207/LH244,11.147806
IAH1_2022,PH24E/LH244,11.317523
IAH1_2022,PHAP9/LH244,11.315641
IAH1_2022,PHB47/LH244,9.757152
IAH1_2022,PHB47/PHN82,11.301533
IAH1_2022,PHB47/PHZ51,9.957555
IAH1_2022,PHG29/PHG47,9.922304
IAH1_2022,PHG35/LH244,11.379114
IAH1_2022,PHG39/PHN82,11.264138
IAH1_2022,PHG47/LH244,11.074286
IAH1_2022,PHJ40/PHAJ0,8.348179
IAH1_2022,PHJ89/LH244,11.239231
IAH1_2022,PHJ90/LH244,11.354382
IAH1_2022,PHK56/LH244,11.357043
IAH1_2022,PHKE6/LH244,11.172275
IAH1_2022,PHN11/LH244,11.269051
IAH1_2022,PHN11_LH145_0005/LH244,9.988578
IAH1_2022,PHN11_LH145_0028/LH244,10.318925
IAH1_2022,PHN11_LH145_0085/LH244,10.148994
IAH1_2022,PHN11_OH43_0001/LH244,10.92488
IAH1_2022,PHN11_OH43_0075/LH244,10.766582
IAH1_2022,PHN11_OH43_0088/LH244,11.2116785
IAH1_2022,PHN11_PHG47_0251/LH244,11.143508
IAH1_2022,PHN11_PHG47_0287/LH244,10.6786585
IAH1_2022,PHN11_PHW65_0312/LH244,11.331534
IAH1_2022,PHN11_PHW65_0323/LH244,11.385145
IAH1_2022,PHN11_PHW65_0359/LH244,11.397433
IAH1_2022,PHN46/LH244,10.686784
IAH1_2022,PHP02/LH244,11.331953
IAH1_2022,PHP55/LH244,11.261479
IAH1_2022,PHR03/LH244,11.314358
IAH1_2022,PHRE1/PHTD5,9.684565
IAH1_2022,PHW30/LH244,11.2566595
IAH1_2022,PHW30_MO17-010-(2N)-01/LH244,11.162062
IAH1_2022,PHW30_MO17-032-(2N)-01/LH244,10.664603
IAH1_2022,PHW30_MO17-095-(2N)-01/LH244,11.260343
IAH1_2022,PHW30_MO17-129-(2N)-01/LH244,11.1860285
IAH1_2022,PHW30_MO17-178-(2N)-01/LH244,11.273692
IAH1_2022,PHW30_MO17-234-(2N)-02/LH244,11.288136
IAH1_2022,PHW30_MO17-299-(2N)-01/LH244,11.248709
IAH1_2022,PHW52/PHM49,11.380689
IAH1_2022,PHW52/PHN82,11.322568
IAH1_2022,PHW65/LH244,11.437378
IAH1_2022,PHW65_MOG_0137/LH244,11.45456
IAH1_2022,PHW65_MOG_0176/LH244,11.450428
IAH1_2022,PHW65_MOG_0271/LH244,11.346603
IAH1_2022,TX303/LH244,11.2260065
IAH1_2022,TX714/TX779,10.250879
IAH1_2022,TX777/LH195,10.329694
IAH1_2022,TX779/LH195,10.83468
IAH1_2022,TX951/LH195,10.268957
IAH1_2022,W10001_0003/LH244,10.206602
IAH1_2022,W10001_0007/LH244,10.457418
IAH1_2022,W10001_0008/LH244,10.242193
IAH1_2022,W10001_0009/LH244,9.953571
IAH1_2022,W10001_0010/LH244,10.878504
IAH1_2022,W10001_0011/LH244,9.378794
IAH1_2022,W10001_0012/LH244,9.97846
IAH1_2022,W10001_0013/LH244,10.67818
IAH1_2022,W10001_0014/LH244,10.14065
IAH1_2022,W10001_0016/LH244,10.439989
IAH1_2022,W10001_0017/LH244,10.571072
IAH1_2022,W10001_0018/LH244,10.171104
IAH1_2022,W10001_0019/LH244,10.116424
IAH1_2022,W10001_0021/LH244,9.649308
IAH1_2022,W10001_0022/LH244,10.667744
IAH1_2022,W10001_0023/LH244,10.88408
IAH1_2022,W10001_0029/LH244,10.686778
IAH1_2022,W10001_0030/LH244,10.976629
IAH1_2022,W10001_0031/LH244,10.534192
IAH1_2022,W10001_0033/LH244,11.314358
IAH1_2022,W10001_0036/LH244,10.65389
IAH1_2022,W10001_0040/LH244,10.171432
IAH1_2022,W10001_0042/LH244,10.798624
IAH1_2022,W10001_0047/LH244,10.532113
IAH1_2022,W10002_0002/LH244,10.608688
IAH1_2022,W10002_0004/LH244,10.90062
IAH1_2022,W10005_0029/LH244,11.293127
IAH1_2022,W10005_0107/LH244,11.047552
IAH1_2022,W10005_0111/LH244,10.381428
IAH1_2022,W10005_0147/LH244,11.212682
IAH1_2022,W10005_0220/LH244,11.274782
IAH1_2022,W10010_0018/LH244,11.252834
IAH1_2022,W10010_0032/LH244,11.186887
IAH1_2022,W10010_0084/LH244,11.000115
IAH1_2022,W10010_0093/LH244,11.16144
IAH1_2022,W10010_0101/LH244,11.288878
IAH1_2022,W10010_0118/LH244,11.3235235
IAH1_2022,W10010_0124/LH244,11.185998
IAH1_2022,W10010_0148/LH244,11.218582
IAH1_2022,W10010_0170/LH244,11.04004
IAH1_2022,W10010_0175/LH244,11.32559
IAH1_2022,W10010_0188/LH244,11.2968445
IAH1_2022,W10010_0189/LH244,11.338815
IAH1_2022,W10010_0215/LH244,11.015623
IAH1_2022,W10010_0239/LH244,11.302972
IAH1_2022,W10010_0279/LH244,11.31322
IAH1_2022,W10010_0294/LH244,11.335667
IAH1_2022,W10010_0310/LH244,11.321891
IAH1_2022,W10010_0311/LH244,11.310418
IAH1_2022,W10010_0337/LH244,11.341918
IAH1_2022,W10010_0346/LH244,11.308984
IAH1_2022,W10010_0358/LH244,11.319777
IAH1_2022,W10010_0366/LH244,11.162247
IAH1_2022,W10010_0381/LH244,11.362797
IAH1_2022,W10010_0452/LH244,11.248882
IAH1_2022,W10010_0464/LH244,11.146795
IAH1_2022,W22/LH244,10.784188
IAH2_2022,B14A/H95,10.465099
IAH2_2022,B14A/MO17,10.342255
IAH2_2022,B14A/OH43,10.473026
IAH2_2022,B37/H95,10.307925
IAH2_2022,B37/MO17,10.712944
IAH2_2022,B37/OH43,10.483882
IAH2_2022,B73/MO17,11.313637
IAH2_2022,B73/PHM49,11.405758
IAH2_2022,B73/PHN82,11.353336
IAH2_2022,B73/TX779,10.188102
IAH2_2022,B97/LH244,10.95963
IAH2_2022,BGEM-0039-N/LH244,10.427933
IAH2_2022,BGEM-0063-N/LH244,10.298311
IAH2_2022,BGEM-0089-N/LH244,10.726387
IAH2_2022,BGEM-0124-N/LH244,10.184391
IAH2_2022,BGEM-0129-N/LH244,10.4568205
IAH2_2022,CG119/CG108,8.150016
IAH2_2022,CG44/CGR01,9.632128
IAH2_2022,DK3IIH6/LH244,10.883464
IAH2_2022,DK78010/LH244,10.442813
IAH2_2022,F42/H95,11.030133
IAH2_2022,F42/MO17,11.308179
IAH2_2022,F42/OH43,10.937637
IAH2_2022,GEMN-0096/LH244,11.088626
IAH2_2022,GEMN-0096_LH212HT_0001/LH244,11.214344
IAH2_2022,GEMN-0096_LH212HT_0002/LH244,11.290658
IAH2_2022,GEMN-0096_LH212HT_0003/LH244,11.274151
IAH2_2022,GEMN-0096_LH212HT_0004/LH244,11.291386
IAH2_2022,GEMN-0096_LH212HT_0005/LH244,11.299801
IAH2_2022,GEMN-0096_LH212HT_0006/LH244,11.28926
IAH2_2022,GEMN-0096_LH212HT_0008/LH244,10.978713
IAH2_2022,GEMN-0096_LH212HT_0009/LH244,11.296795
IAH2_2022,GEMN-0096_LH212HT_0010/LH244,11.29639
IAH2_2022,GEMN-0096_LH212HT_0011/LH244,11.212275
IAH2_2022,GEMN-0096_LH212HT_0012/LH244,11.211651
IAH2_2022,GEMN-0096_LH212HT_0013/LH244,11.290931
IAH2_2022,GEMN-0096_LH212HT_0014/LH244,11.262733
IAH2_2022,GEMN-0096_LH212HT_0017/LH244,11.296167
IAH2_2022,GEMN-0096_LH212HT_0020/LH244,11.198088
IAH2_2022,GEMN-0096_LH212HT_0021/LH244,11.277521
IAH2_2022,GEMN-0096_PHJ89_0001/LH244,11.328737
IAH2_2022,GEMN-0096_PHJ89_0002/LH244,11.040113
IAH2_2022,GEMN-0096_PHJ89_0006/LH244,11.286019
IAH2_2022,GEMN-0096_PHJ89_0007/LH244,11.258578
IAH2_2022,GEMN-0096_PHJ89_0009/LH244,11.102997
IAH2_2022,GEMN-0096_PHJ89_0010/LH244,11.252399
IAH2_2022,GEMN-0096_PHJ89_0011/LH244,11.233877
IAH2_2022,GEMN-0096_PHJ89_0012/LH244,11.068658
IAH2_2022,GEMN-0096_PHJ89_0013/LH244,11.149538
IAH2_2022,GEMN-0096_PHJ89_0014/LH244,11.310208
IAH2_2022,GEMN-0096_PHJ89_0016/LH244,11.068401
IAH2_2022,GEMN-0096_PHJ89_0017/LH244,11.261389
IAH2_2022,GEMN-0096_PHK76_0001/LH244,11.315473
IAH2_2022,GEMN-0096_PHK76_0002/LH244,11.300879
IAH2_2022,GEMN-0096_PHK76_0003/LH244,11.286752
IAH2_2022,GEMN-0096_PHK76_0004/LH244,11.2732
IAH2_2022,GEMN-0096_PHK76_0006/LH244,11.305933
IAH2_2022,GEMN-0096_PHK76_0007/LH244,11.2957
IAH2_2022,GEMN-0096_PHK76_0008/LH244,11.300277
IAH2_2022,GEMN-0096_PHK76_0009/LH244,11.313939
IAH2_2022,GEMN-0096_PHK76_0010/LH244,11.309248
IAH2_2022,GEMN-0096_PHK76_0013/LH244,11.307448
IAH2_2022,GEMN-0096_PHK76_0015/LH244,11.311295
IAH2_2022,GEMN-0096_PHK76_0016/LH244,11.258982
IAH2_2022,GEMN-0096_PHN46_0001/LH244,11.049999
IAH2_2022,GEMN-0096_PHN46_0002/LH244,10.814852
IAH2_2022,GEMN-0096_PHN46_0003/LH244,11.0430975
IAH2_2022,GEMN-0096_PHN46_0004/LH244,11.049263
IAH2_2022,GEMN-0096_PHN46_0005/LH244,11.333586
IAH2_2022,GEMN-0096_PHN46_0007/LH244,11.252996
IAH2_2022,GEMN-0096_PHN46_0008/LH244,11.250934
IAH2_2022,GEMN-0096_PHN46_0009/LH244,11.3077965
IAH2_2022,GEMN-0096_PHN46_0010/LH244,11.343205
IAH2_2022,GEMN-0096_PHN46_0011/LH244,10.985764
IAH2_2022,GEMN-0096_PHN46_0012/LH244,11.200207
IAH2_2022,GEMN-0096_PHN46_0013/LH244,11.07764
IAH2_2022,GEMN-0096_PHN46_0014/LH244,10.833543
IAH2_2022,GEMN-0096_PHN46_0018/LH244,11.313751
IAH2_2022,GEMN-0096_PHN46_0020/LH244,11.268006
IAH2_2022,GEMN-0096_PHN46_0023/LH244,10.745873
IAH2_2022,GEMN-0096_PHP02_0001/LH244,11.226221
IAH2_2022,GEMN-0096_PHP02_0002/LH244,10.968867
IAH2_2022,GEMN-0096_PHP02_0003/LH244,10.866027
IAH2_2022,GEMN-0096_PHP02_0004/LH244,11.295019
IAH2_2022,GEMN-0096_PHP02_0005/LH244,11.334824
IAH2_2022,GEMN-0096_PHP02_0006/LH244,11.296665
IAH2_2022,GEMN-0096_PHP02_0007/LH244,11.085982
IAH2_2022,GEMN-0096_PHP02_0009/LH244,11.244531
IAH2_2022,GEMN-0096_PHP02_0010/LH244,11.317144
IAH2_2022,GEMN-0096_PHP02_0011/LH244,11.326786
IAH2_2022,GEMN-0096_PHP02_0012/LH244,11.297794
IAH2_2022,GEMN-0096_PHP02_0015/LH244,10.949366
IAH2_2022,GEMN-0096_PHP02_0016/LH244,11.246937
IAH2_2022,GEMN-0096_PHP02_0017/LH244,10.954418
IAH2_2022,GEMN-0096_PHP02_0022/LH244,11.318137
IAH2_2022,GEMN-0096_PHP02_0025/LH244,11.20105
IAH2_2022,GEMN-0096_PHP02_0030/LH244,11.266342
IAH2_2022,GEMN-0097/LH244,11.323905
IAH2_2022,GEMN-0097_LH212HT_0002/LH244,11.310071
IAH2_2022,GEMN-0097_LH212HT_0004/LH244,11.326932
IAH2_2022,GEMN-0097_LH212HT_0017/LH244,11.143814
IAH2_2022,GEMN-0097_LH212HT_0019/LH244,11.294181
IAH2_2022,GEMN-0097_LH212HT_0020/LH244,11.298679
IAH2_2022,GEMN-0097_LH212HT_0023/LH244,11.294686
IAH2_2022,GEMN-0097_LH212HT_0026/LH244,11.24567
IAH2_2022,GEMN-0097_LH212HT_0032/LH244,11.311699
IAH2_2022,GEMN-0097_LH212HT_0034/LH244,11.324831
IAH2_2022,GEMN-0097_LH212HT_0039/LH244,11.320131
IAH2_2022,GEMN-0097_LH212HT_0047/LH244,11.330371
IAH2_2022,GEMN-0097_LH212HT_0051/LH244,11.301324
IAH2_2022,GEMN-0097_LH212HT_0054/LH244,11.317727
IAH2_2022,GEMN-0097_LH212HT_0058/LH244,11.312515
IAH2_2022,GEMN-0097_LH212HT_0061/LH244,11.297636
IAH2_2022,GEMN-0097_LH212HT_0062/LH244,11.332653
IAH2_2022,GEMN-0097_LH212HT_0069/LH244,11.328482
IAH2_2022,GEMN-0097_LH212HT_0074/LH244,11.265671
IAH2_2022,GEMN-0097_LH212HT_0078/LH244,11.310416
IAH2_2022,GEMN-0097_LH212HT_0085/LH244,11.3195
IAH2_2022,GEMN-0097_LH212HT_0090/LH244,11.323947
IAH2_2022,GEMN-0097_PHJ89_0001/LH244,11.040658
IAH2_2022,GEMN-0097_PHJ89_0002/LH244,11.309262
IAH2_2022,GEMN-0097_PHJ89_0003/LH244,11.061107
IAH2_2022,GEMN-0097_PHJ89_0004/LH244,11.28888
IAH2_2022,GEMN-0097_PHJ89_0005/LH244,11.253231
IAH2_2022,GEMN-0097_PHJ89_0006/LH244,11.260259
IAH2_2022,GEMN-0097_PHJ89_0007/LH244,11.26745
IAH2_2022,GEMN-0097_PHJ89_0008/LH244,11.063162
IAH2_2022,GEMN-0097_PHJ89_0010/LH244,11.305688
IAH2_2022,GEMN-0097_PHJ89_0011/LH244,11.121363
IAH2_2022,GEMN-0097_PHJ89_0012/LH244,11.198185
IAH2_2022,GEMN-0097_PHJ89_0013/LH244,11.33088
IAH2_2022,GEMN-0097_PHJ89_0016/LH244,11.2989435
IAH2_2022,GEMN-0097_PHJ89_0020/LH244,11.304561
IAH2_2022,GEMN-0097_PHJ89_0023/LH244,11.247471
IAH2_2022,GEMN-0097_PHJ89_0025/LH244,11.314498
IAH2_2022,GEMN-0097_PHJ89_0026/LH244,11.270661
IAH2_2022,GEMN-0097_PHJ89_0027/LH244,11.26879
IAH2_2022,GEMN-0097_PHJ89_0028/LH244,11.240797
IAH2_2022,GEMN-0097_PHJ89_0029/LH244,11.25335
IAH2_2022,GEMN-0097_PHJ89_0033/LH244,11.308217
IAH2_2022,GEMN-0097_PHJ89_0036/LH244,11.314792
IAH2_2022,GEMN-0097_PHJ89_0039/LH244,11.230287
IAH2_2022,GEMN-0097_PHK76_0002/LH244,11.3027725
IAH2_2022,GEMN-0097_PHK76_0003/LH244,11.07771
IAH2_2022,GEMN-0097_PHK76_0007/LH244,11.27635
IAH2_2022,GEMN-0097_PHK76_0009/LH244,11.207179
IAH2_2022,GEMN-0097_PHK76_0010/LH244,11.296365
IAH2_2022,GEMN-0097_PHK76_0011/LH244,11.322905
IAH2_2022,GEMN-0097_PHK76_0012/LH244,11.267614
IAH2_2022,GEMN-0097_PHK76_0014/LH244,11.262844
IAH2_2022,GEMN-0097_PHK76_0015/LH244,11.324319
IAH2_2022,GEMN-0097_PHK76_0017/LH244,11.303549
IAH2_2022,GEMN-0097_PHK76_0018/LH244,11.266681
IAH2_2022,GEMN-0097_PHK76_0021/LH244,11.057956
IAH2_2022,GEMN-0097_PHK76_0023/LH244,11.190416
IAH2_2022,GEMN-0097_PHK76_0032/LH244,11.277623
IAH2_2022,GEMN-0097_PHK76_0036/LH244,11.248893
IAH2_2022,GEMN-0097_PHK76_0037/LH244,11.311919
IAH2_2022,GEMN-0097_PHK76_0038/LH244,11.306936
IAH2_2022,GEMN-0097_PHK76_0039/LH244,10.880905
IAH2_2022,GEMN-0097_PHK76_0041/LH244,11.327393
IAH2_2022,GEMN-0097_PHK76_0048/LH244,11.29391
IAH2_2022,GEMN-0097_PHK76_0053/LH244,11.195828
IAH2_2022,GEMN-0097_PHK76_0055/LH244,11.319209
IAH2_2022,GEMN-0097_PHK76_0060/LH244,11.329723
IAH2_2022,GEMN-0097_PHN46_0001/LH244,11.336026
IAH2_2022,GEMN-0097_PHN46_0003/LH244,11.215302
IAH2_2022,GEMN-0097_PHN46_0004/LH244,11.237808
IAH2_2022,GEMN-0097_PHN46_0005/LH244,11.051564
IAH2_2022,GEMN-0097_PHN46_0007/LH244,11.276238
IAH2_2022,GEMN-0097_PHN46_0008/LH244,11.188566
IAH2_2022,GEMN-0097_PHN46_0009/LH244,11.121737
IAH2_2022,GEMN-0097_PHN46_0010/LH244,11.303549
IAH2_2022,GEMN-0097_PHN46_0011/LH244,11.281299
IAH2_2022,GEMN-0097_PHN46_0013/LH244,11.331958
IAH2_2022,GEMN-0097_PHN46_0014/LH244,11.173399
IAH2_2022,GEMN-0097_PHN46_0016/LH244,11.13738
IAH2_2022,GEMN-0097_PHN46_0018/LH244,11.274829
IAH2_2022,GEMN-0097_PHP02_0001/LH244,11.273219
IAH2_2022,GEMN-0097_PHP02_0002/LH244,10.811258
IAH2_2022,GEMN-0097_PHP02_0003/LH244,11.256294
IAH2_2022,GEMN-0097_PHP02_0005/LH244,11.321526
IAH2_2022,GEMN-0097_PHP02_0006/LH244,11.265969
IAH2_2022,GEMN-0097_PHP02_0007/LH244,10.815272
IAH2_2022,GEMN-0098/LH244,11.325789
IAH2_2022,GEMN-0104/LH244,11.340173
IAH2_2022,GEMN-0124/LH244,11.272392
IAH2_2022,GEMN-0135/LH244,11.256034
IAH2_2022,GEMN-0144/LH244,11.014687
IAH2_2022,GEMN-0157/LH244,11.188889
IAH2_2022,GEMN-0177/LH244,11.340465
IAH2_2022,GEMN-0178/LH244,11.330355
IAH2_2022,GEMN-0187/LH244,11.264903
IAH2_2022,GEMN-0192/LH244,11.130171
IAH2_2022,GEMN-0192_LH212HT_0001/LH244,11.290403
IAH2_2022,GEMN-0192_LH212HT_0002/LH244,11.228688
IAH2_2022,GEMN-0192_LH212HT_0006/LH244,11.153887
IAH2_2022,GEMN-0192_LH212HT_0007/LH244,11.073904
IAH2_2022,GEMN-0192_LH212HT_0008/LH244,11.245277
IAH2_2022,GEMN-0192_LH212HT_0010/LH244,11.0612135
IAH2_2022,GEMN-0192_LH212HT_0011/LH244,10.956997
IAH2_2022,GEMN-0192_LH212HT_0012/LH244,11.071665
IAH2_2022,GEMN-0192_LH212HT_0013/LH244,11.194989
IAH2_2022,GEMN-0192_LH212HT_0014/LH244,11.244313
IAH2_2022,GEMN-0192_LH212HT_0015/LH244,11.170302
IAH2_2022,GEMN-0192_LH212HT_0016/LH244,11.100374
IAH2_2022,GEMN-0192_LH212HT_0018/LH244,11.276648
IAH2_2022,GEMN-0192_LH212HT_0021/LH244,11.241953
IAH2_2022,GEMN-0192_LH212HT_0023/LH244,11.302615
IAH2_2022,GEMN-0192_LH212HT_0026/LH244,11.213749
IAH2_2022,GEMN-0192_PHJ89_0001/LH244,11.257007
IAH2_2022,GEMN-0192_PHJ89_0002/LH244,11.28047
IAH2_2022,GEMN-0192_PHK76_0002/LH244,11.30147
IAH2_2022,GEMN-0192_PHK76_0004/LH244,11.302928
IAH2_2022,GEMN-0192_PHK76_0005/LH244,11.235595
IAH2_2022,GEMN-0192_PHK76_0006/LH244,11.317278
IAH2_2022,GEMN-0192_PHK76_0007/LH244,11.232246
IAH2_2022,GEMN-0192_PHK76_0008/LH244,11.258797
IAH2_2022,GEMN-0192_PHK76_0009/LH244,11.283859
IAH2_2022,GEMN-0192_PHK76_0010/LH244,11.274659
IAH2_2022,GEMN-0192_PHK76_0011/LH244,11.288705
IAH2_2022,GEMN-0192_PHK76_0012/LH244,11.271497
IAH2_2022,GEMN-0192_PHK76_0013/LH244,11.215342
IAH2_2022,GEMN-0192_PHK76_0014/LH244,11.314494
IAH2_2022,GEMN-0192_PHK76_0015/LH244,11.315602
IAH2_2022,GEMN-0192_PHK76_0016/LH244,11.304449
IAH2_2022,GEMN-0192_PHK76_0017/LH244,11.04473
IAH2_2022,GEMN-0192_PHK76_0018/LH244,11.301537
IAH2_2022,GEMN-0192_PHK76_0019/LH244,11.317239
IAH2_2022,GEMN-0192_PHK76_0021/LH244,11.131788
IAH2_2022,GEMN-0192_PHK76_0025/LH244,11.158038
IAH2_2022,GEMN-0192_PHK76_0027/LH244,11.287624
IAH2_2022,GEMN-0192_PHK76_0028/LH244,11.318229
IAH2_2022,GEMN-0192_PHK76_0030/LH244,11.29828
IAH2_2022,GEMN-0192_PHK76_0032/LH244,11.224466
IAH2_2022,GEMN-0192_PHK76_0033/LH244,11.319341
IAH2_2022,GEMN-0192_PHK76_0035/LH244,11.099548
IAH2_2022,GEMN-0192_PHK76_0036/LH244,11.145642
IAH2_2022,GEMN-0192_PHK76_0037/LH244,11.304993
IAH2_2022,GEMN-0192_PHK76_0041/LH244,11.318841
IAH2_2022,GEMN-0192_PHK76_0044/LH244,11.29542
IAH2_2022,GEMN-0192_PHK76_0045/LH244,11.19016
IAH2_2022,GEMN-0192_PHN46_0001/LH244,10.984286
IAH2_2022,GEMN-0192_PHN46_0002/LH244,11.287195
IAH2_2022,GEMN-0192_PHN46_0003/LH244,11.212649
IAH2_2022,GEMN-0192_PHN46_0004/LH244,11.193097
IAH2_2022,GEMN-0192_PHN46_0005/LH244,10.7074
IAH2_2022,GEMN-0192_PHN46_0006/LH244,11.348557
IAH2_2022,GEMN-0192_PHN46_0007/LH244,10.933307
IAH2_2022,GEMN-0192_PHN46_0008/LH244,11.302836
IAH2_2022,GEMN-0192_PHN46_0009/LH244,11.295091
IAH2_2022,GEMN-0192_PHN46_0010/LH244,11.101228
IAH2_2022,GEMN-0192_PHN46_0011/LH244,11.253601
IAH2_2022,GEMN-0192_PHN46_0012/LH244,10.907414
IAH2_2022,GEMN-0192_PHN46_0014/LH244,10.763034
IAH2_2022,GEMN-0192_PHN46_0015/LH244,11.349835
IAH2_2022,GEMN-0192_PHN46_0017/LH244,11.010446
IAH2_2022,GEMN-0192_PHN46_0018/LH244,11.27347
IAH2_2022,GEMN-0192_PHN46_0019/LH244,11.232498
IAH2_2022,GEMN-0192_PHN46_0020/LH244,11.214431
IAH2_2022,GEMN-0192_PHN46_0025/LH244,10.788179
IAH2_2022,GEMN-0192_PHP02_0001/LH244,11.232097
IAH2_2022,GEMN-0192_PHP02_0003/LH244,11.269241
IAH2_2022,GEMN-0207/LH244,11.175569
IAH2_2022,GEMN-0225/LH244,11.317111
IAH2_2022,GEMN-0225_LH212HT_0002/LH244,11.319021
IAH2_2022,GEMN-0225_LH212HT_0003/LH244,11.307614
IAH2_2022,GEMN-0225_LH212HT_0005/LH244,11.276065
IAH2_2022,GEMN-0225_LH212HT_0006/LH244,11.31559
IAH2_2022,GEMN-0225_LH212HT_0008/LH244,11.299141
IAH2_2022,GEMN-0225_LH212HT_0009/LH244,11.284498
IAH2_2022,GEMN-0225_LH212HT_0015/LH244,11.30848
IAH2_2022,GEMN-0225_LH212HT_0017/LH244,11.304364
IAH2_2022,GEMN-0225_LH212HT_0021/LH244,11.314482
IAH2_2022,GEMN-0225_LH212HT_0022/LH244,11.294444
IAH2_2022,GEMN-0225_LH212HT_0023/LH244,11.31853
IAH2_2022,GEMN-0225_LH212HT_0024/LH244,11.282694
IAH2_2022,GEMN-0225_LH212HT_0025/LH244,11.270164
IAH2_2022,GEMN-0225_LH212HT_0028/LH244,11.27623
IAH2_2022,GEMN-0225_LH212HT_0029/LH244,11.323141
IAH2_2022,GEMN-0225_LH212HT_0033/LH244,11.290259
IAH2_2022,GEMN-0225_LH212HT_0036/LH244,11.311177
IAH2_2022,GEMN-0225_LH212HT_0038/LH244,11.292756
IAH2_2022,GEMN-0225_LH212HT_0040/LH244,11.283316
IAH2_2022,GEMN-0225_LH212HT_0043/LH244,11.048212
IAH2_2022,GEMN-0225_PHJ89_0001/LH244,11.264991
IAH2_2022,GEMN-0225_PHJ89_0002/LH244,11.333396
IAH2_2022,GEMN-0225_PHJ89_0003/LH244,11.286267
IAH2_2022,GEMN-0225_PHJ89_0004/LH244,11.300767
IAH2_2022,GEMN-0225_PHJ89_0005/LH244,11.258469
IAH2_2022,GEMN-0225_PHJ89_0006/LH244,11.305055
IAH2_2022,GEMN-0225_PHJ89_0007/LH244,11.298172
IAH2_2022,GEMN-0225_PHJ89_0008/LH244,11.290591
IAH2_2022,GEMN-0225_PHJ89_0009/LH244,11.252285
IAH2_2022,GEMN-0225_PHJ89_0013/LH244,11.309327
IAH2_2022,GEMN-0225_PHJ89_0014/LH244,11.313817
IAH2_2022,GEMN-0225_PHJ89_0015/LH244,11.261793
IAH2_2022,GEMN-0225_PHJ89_0016/LH244,11.27997
IAH2_2022,GEMN-0225_PHJ89_0017/LH244,11.141247
IAH2_2022,GEMN-0225_PHJ89_0018/LH244,11.284524
IAH2_2022,GEMN-0225_PHJ89_0019/LH244,11.260568
IAH2_2022,GEMN-0225_PHJ89_0020/LH244,11.313352
IAH2_2022,GEMN-0225_PHJ89_0021/LH244,11.322549
IAH2_2022,GEMN-0225_PHJ89_0022/LH244,11.249615
IAH2_2022,GEMN-0225_PHJ89_0025/LH244,11.293209
IAH2_2022,GEMN-0225_PHJ89_0026/LH244,11.035908
IAH2_2022,GEMN-0225_PHJ89_0027/LH244,11.312213
IAH2_2022,GEMN-0225_PHJ89_0032/LH244,11.307054
IAH2_2022,GEMN-0225_PHK76_0001/LH244,11.285036
IAH2_2022,GEMN-0225_PHK76_0002/LH244,11.307209
IAH2_2022,GEMN-0225_PHK76_0003/LH244,11.292427
IAH2_2022,GEMN-0225_PHK76_0004/LH244,11.287373
IAH2_2022,GEMN-0225_PHK76_0005/LH244,11.283906
IAH2_2022,GEMN-0225_PHK76_0007/LH244,11.29869
IAH2_2022,GEMN-0225_PHK76_0008/LH244,11.286072
IAH2_2022,GEMN-0225_PHK76_0010/LH244,11.29844
IAH2_2022,GEMN-0225_PHK76_0012/LH244,11.327695
IAH2_2022,GEMN-0225_PHK76_0013/LH244,11.290566
IAH2_2022,GEMN-0225_PHK76_0014/LH244,11.323751
IAH2_2022,GEMN-0225_PHK76_0018/LH244,11.27729
IAH2_2022,GEMN-0225_PHK76_0019/LH244,11.300891
IAH2_2022,GEMN-0225_PHK76_0021/LH244,11.338259
IAH2_2022,GEMN-0225_PHK76_0022/LH244,11.254547
IAH2_2022,GEMN-0225_PHK76_0027/LH244,11.307916
IAH2_2022,GEMN-0225_PHK76_0028/LH244,11.318484
IAH2_2022,GEMN-0225_PHK76_0031/LH244,11.152131
IAH2_2022,GEMN-0225_PHK76_0032/LH244,11.316238
IAH2_2022,GEMN-0225_PHK76_0039/LH244,11.294006
IAH2_2022,GEMN-0225_PHN46_0001/LH244,11.329574
IAH2_2022,GEMN-0225_PHN46_0002/LH244,11.326643
IAH2_2022,GEMN-0225_PHN46_0003/LH244,11.35401
IAH2_2022,GEMN-0225_PHN46_0004/LH244,11.268406
IAH2_2022,GEMN-0225_PHN46_0005/LH244,10.996334
IAH2_2022,GEMN-0225_PHN46_0006/LH244,11.316889
IAH2_2022,GEMN-0225_PHN46_0008/LH244,11.324005
IAH2_2022,GEMN-0225_PHN46_0009/LH244,11.329953
IAH2_2022,GEMN-0225_PHN46_0014/LH244,11.342362
IAH2_2022,GEMN-0225_PHN46_0021/LH244,11.358931
IAH2_2022,GEMN-0225_PHP02_0001/LH244,11.328031
IAH2_2022,GEMN-0225_PHP02_0002/LH244,11.296717
IAH2_2022,GEMN-0225_PHP02_0003/LH244,11.27734
IAH2_2022,GEMN-0225_PHP02_0005/LH244,11.177095
IAH2_2022,GEMN-0225_PHP02_0006/LH244,11.316704
IAH2_2022,GEMN-0225_PHP02_0007/LH244,11.277031
IAH2_2022,GEMN-0225_PHP02_0008/LH244,11.14002
IAH2_2022,GEMN-0225_PHP02_0009/LH244,11.309646
IAH2_2022,GEMN-0225_PHP02_0010/LH244,11.210324
IAH2_2022,GEMN-0225_PHP02_0012/LH244,11.230507
IAH2_2022,GEMN-0225_PHP02_0013/LH244,11.288717
IAH2_2022,GEMN-0225_PHP02_0014/LH244,11.290943
IAH2_2022,GEMN-0225_PHP02_0015/LH244,11.222392
IAH2_2022,GEMN-0225_PHP02_0017/LH244,11.152713
IAH2_2022,GEMN-0232/LH244,11.301797
IAH2_2022,GEMN-0238/LH244,11.301319
IAH2_2022,GEMN-0257/LH244,11.278985
IAH2_2022,GEMN-0270/LH244,10.704692
IAH2_2022,GEMN-0271/LH244,10.657929
IAH2_2022,GEMN-0287/LH244,11.321043
IAH2_2022,LH185/LH244,11.300115
IAH2_2022,LH195/PHZ51,10.17174
IAH2_2022,LH212HT/LH244,11.3126955
IAH2_2022,LH213/LH244,11.264485
IAH2_2022,LH216/LH244,11.297168
IAH2_2022,LH244/MO17,11.289156
IAH2_2022,LH244/PHK76,11.332913
IAH2_2022,LH244/PHZ51,10.963205
IAH2_2022,LH283/LH244,10.45313
IAH2_2022,LH287/LH244,11.313919
IAH2_2022,LH74/PHN82,11.253788
IAH2_2022,LH82/LH244,10.356862
IAH2_2022,M162W/LH244,10.169367
IAH2_2022,M37W/LH244,10.469136
IAH2_2022,MBUB/LH244,11.143888
IAH2_2022,MM501D/LH244,11.306777
IAH2_2022,MO17_PHW30-008-(2N)-01/LH244,11.255964
IAH2_2022,MO17_PHW30-200-(2N)-02/LH244,11.261163
IAH2_2022,MO17_PHW30-309-(2N)-01/LH244,11.257391
IAH2_2022,MO44/LH244,11.310614
IAH2_2022,MO44_LH145_0127/LH244,11.14799
IAH2_2022,MO44_LH145_0138/LH244,10.811767
IAH2_2022,MO44_PHG47_0072/LH244,10.581624
IAH2_2022,MO44_PHG47_0125/LH244,11.295867
IAH2_2022,MO44_PHW65_0025/LH244,11.364974
IAH2_2022,MO44_PHW65_0035/LH244,11.340922
IAH2_2022,MOG/LH244,11.246924
IAH2_2022,MS71/LH244,10.829913
IAH2_2022,NC350/LH244,10.811032
IAH2_2022,NC358/LH244,11.003219
IAH2_2022,NC360/LH244,11.128134
IAH2_2022,NC366/LH244,10.66583
IAH2_2022,NC370/LH244,10.714471
IAH2_2022,NC374/LH244,10.701192
IAH2_2022,NC378/LH244,10.931219
IAH2_2022,NC386/LH244,11.295486
IAH2_2022,NC388/LH244,11.2124195
IAH2_2022,NC398/LH244,10.664863
IAH2_2022,NC406/LH244,10.449699
IAH2_2022,NC426/LH244,11.058017
IAH2_2022,NC428/LH244,11.180237
IAH2_2022,NC438/LH244,10.770436
IAH2_2022,NC454/LH244,10.932608
IAH2_2022,NC456/LH244,10.766812
IAH2_2022,NC458/LH244,10.595516
IAH2_2022,NC508/LH244,11.272487
IAH2_2022,NC512/LH244,10.882903
IAH2_2022,NC524/LH244,10.489193
IAH2_2022,NC528/LH244,10.840103
IAH2_2022,NC530/LH244,11.111259
IAH2_2022,NC540/LH244,11.058051
IAH2_2022,NC542/LH244,10.612469
IAH2_2022,NC546/LH244,11.097248
IAH2_2022,NC548/LH244,10.579366
IAH2_2022,NKH8431/LH244,11.224952
IAH2_2022,OH43/LH244,11.068712
IAH2_2022,PH207/LH244,11.206161
IAH2_2022,PH24E/LH244,11.30014
IAH2_2022,PHAP9/LH244,11.304952
IAH2_2022,PHB47/LH244,9.829489
IAH2_2022,PHB47/PHN82,11.302777
IAH2_2022,PHB47/PHZ51,10.012761
IAH2_2022,PHG29/PHG47,10.000351
IAH2_2022,PHG35/LH244,11.341517
IAH2_2022,PHG39/PHN82,11.267345
IAH2_2022,PHG47/LH244,11.165574
IAH2_2022,PHJ40/PHAJ0,8.453329
IAH2_2022,PHJ89/LH244,11.290989
IAH2_2022,PHJ90/LH244,11.329528
IAH2_2022,PHK56/LH244,11.329444
IAH2_2022,PHKE6/LH244,11.220849
IAH2_2022,PHN11/LH244,11.274373
IAH2_2022,PHN11_LH145_0005/LH244,10.046523
IAH2_2022,PHN11_LH145_0028/LH244,10.394777
IAH2_2022,PHN11_LH145_0085/LH244,10.212009
IAH2_2022,PHN11_OH43_0001/LH244,11.01762
IAH2_2022,PHN11_OH43_0075/LH244,10.835619
IAH2_2022,PHN11_OH43_0088/LH244,11.223537
IAH2_2022,PHN11_PHG47_0251/LH244,11.217151
IAH2_2022,PHN11_PHG47_0287/LH244,10.753149
IAH2_2022,PHN11_PHW65_0312/LH244,11.313828
IAH2_2022,PHN11_PHW65_0323/LH244,11.351233
IAH2_2022,PHN11_PHW65_0359/LH244,11.362328
IAH2_2022,PHN46/LH244,10.758672
IAH2_2022,PHP02/LH244,11.307725
IAH2_2022,PHP55/LH244,11.262748
IAH2_2022,PHR03/LH244,11.303549
IAH2_2022,PHRE1/PHTD5,9.7782345
IAH2_2022,PHW30/LH244,11.25778
IAH2_2022,PHW30_MO17-010-(2N)-01/LH244,11.220512
IAH2_2022,PHW30_MO17-032-(2N)-01/LH244,10.74066
IAH2_2022,PHW30_MO17-095-(2N)-01/LH244,11.266675
IAH2_2022,PHW30_MO17-129-(2N)-01/LH244,11.204304
IAH2_2022,PHW30_MO17-178-(2N)-01/LH244,11.27564
IAH2_2022,PHW30_MO17-234-(2N)-02/LH244,11.286495
IAH2_2022,PHW30_MO17-299-(2N)-01/LH244,11.254614
IAH2_2022,PHW52/PHM49,11.3421755
IAH2_2022,PHW52/PHN82,11.310515
IAH2_2022,PHW65/LH244,11.402874
IAH2_2022,PHW65_MOG_0137/LH244,11.410664
IAH2_2022,PHW65_MOG_0176/LH244,11.405139
IAH2_2022,PHW65_MOG_0271/LH244,11.335424
IAH2_2022,TX714/TX779,10.313766
IAH2_2022,TX777/LH195,10.401556
IAH2_2022,TX779/LH195,10.907169
IAH2_2022,TX951/LH195,10.34504
IAH2_2022,W10001_0003/LH244,10.276766
IAH2_2022,W10001_0007/LH244,10.527875
IAH2_2022,W10001_0008/LH244,10.31759
IAH2_2022,W10001_0009/LH244,10.020425
IAH2_2022,W10001_0010/LH244,10.9638195
IAH2_2022,W10001_0011/LH244,9.468589
IAH2_2022,W10001_0012/LH244,10.045129
IAH2_2022,W10001_0013/LH244,10.750795
IAH2_2022,W10001_0014/LH244,10.200184
IAH2_2022,W10001_0016/LH244,10.515435
IAH2_2022,W10001_0017/LH244,10.642225
IAH2_2022,W10001_0018/LH244,10.240133
IAH2_2022,W10001_0019/LH244,10.176993
IAH2_2022,W10001_0021/LH244,9.741653
IAH2_2022,W10001_0022/LH244,10.738871
IAH2_2022,W10001_0023/LH244,10.962886
IAH2_2022,W10001_0029/LH244,10.763589
IAH2_2022,W10001_0030/LH244,11.073578
IAH2_2022,W10001_0031/LH244,10.606364
IAH2_2022,W10001_0033/LH244,11.303549
IAH2_2022,W10001_0036/LH244,10.724295
IAH2_2022,W10001_0040/LH244,10.236143
IAH2_2022,W10001_0047/LH244,10.607904
IAH2_2022,W10002_0002/LH244,10.677004
IAH2_2022,W10005_0029/LH244,11.305018
IAH2_2022,W10005_0107/LH244,11.137182
IAH2_2022,W10005_0111/LH244,10.457961
IAH2_2022,W10005_0147/LH244,11.213689
IAH2_2022,W10005_0220/LH244,11.282943
IAH2_2022,W10010_0018/LH244,11.253688
IAH2_2022,W10010_0032/LH244,11.230627
IAH2_2022,W10010_0084/LH244,11.092529
IAH2_2022,W10010_0093/LH244,11.24307
IAH2_2022,W10010_0101/LH244,11.286229
IAH2_2022,W10010_0118/LH244,11.318489
IAH2_2022,W10010_0124/LH244,11.218121
IAH2_2022,W10010_0148/LH244,11.218422
IAH2_2022,W10010_0170/LH244,11.133316
IAH2_2022,W10010_0188/LH244,11.297673
IAH2_2022,W10010_0189/LH244,11.322646
IAH2_2022,W10010_0215/LH244,11.104901
IAH2_2022,W10010_0239/LH244,11.304995
IAH2_2022,W10010_0279/LH244,11.309442
IAH2_2022,W10010_0294/LH244,11.318795
IAH2_2022,W10010_0310/LH244,11.31018
IAH2_2022,W10010_0311/LH244,11.308819
IAH2_2022,W10010_0337/LH244,11.321023
IAH2_2022,W10010_0346/LH244,11.306361
IAH2_2022,W10010_0358/LH244,11.321125
IAH2_2022,W10010_0366/LH244,11.216532
IAH2_2022,W10010_0381/LH244,11.331546
IAH2_2022,W10010_0452/LH244,11.249185
IAH2_2022,W10010_0464/LH244,11.226962
IAH2_2022,W22/LH244,10.855709
IAH3_2022,B14A/H95,10.552488
IAH3_2022,B14A/MO17,10.4190645
IAH3_2022,B14A/OH43,10.562266
IAH3_2022,B37/H95,10.379972
IAH3_2022,B37/MO17,10.813663
IAH3_2022,B37/OH43,10.576717
IAH3_2022,B73/MO17,11.357973
IAH3_2022,B73/PHM49,11.428393
IAH3_2022,B73/PHN82,11.388451
IAH3_2022,B73/TX779,10.266898
IAH3_2022,B97/LH244,11.052089
IAH3_2022,BGEM-0039-N/LH244,10.515862
IAH3_2022,BGEM-0063-N/LH244,10.370975
IAH3_2022,BGEM-0089-N/LH244,10.829349
IAH3_2022,BGEM-0124-N/LH244,10.253718
IAH3_2022,BGEM-0129-N/LH244,10.547853
IAH3_2022,CG119/CG108,8.148238
IAH3_2022,CG44/CGR01,9.665458
IAH3_2022,DK3IIH6/LH244,10.975853
IAH3_2022,DK78010/LH244,10.527702
IAH3_2022,F42/H95,11.116039
IAH3_2022,F42/MO17,11.351773
IAH3_2022,F42/OH43,11.024618
IAH3_2022,GEMN-0096/LH244,11.167979
IAH3_2022,GEMN-0096_LH212HT_0001/LH244,11.249489
IAH3_2022,GEMN-0096_LH212HT_0002/LH244,11.321537
IAH3_2022,GEMN-0096_LH212HT_0003/LH244,11.311434
IAH3_2022,GEMN-0096_LH212HT_0004/LH244,11.323925
IAH3_2022,GEMN-0096_LH212HT_0005/LH244,11.330727
IAH3_2022,GEMN-0096_LH212HT_0006/LH244,11.322353
IAH3_2022,GEMN-0096_LH212HT_0008/LH244,11.066842
IAH3_2022,GEMN-0096_LH212HT_0009/LH244,11.328132
IAH3_2022,GEMN-0096_LH212HT_0010/LH244,11.334266
IAH3_2022,GEMN-0096_LH212HT_0011/LH244,11.245824
IAH3_2022,GEMN-0096_LH212HT_0012/LH244,11.245226
IAH3_2022,GEMN-0096_LH212HT_0013/LH244,11.324142
IAH3_2022,GEMN-0096_LH212HT_0017/LH244,11.325933
IAH3_2022,GEMN-0096_LH212HT_0020/LH244,11.231506
IAH3_2022,GEMN-0096_LH212HT_0021/LH244,11.307929
IAH3_2022,GEMN-0096_LH212HT_0027/LH244,11.285951
IAH3_2022,GEMN-0096_PHJ89_0001/LH244,11.370204
IAH3_2022,GEMN-0096_PHJ89_0002/LH244,11.1263485
IAH3_2022,GEMN-0096_PHJ89_0006/LH244,11.325271
IAH3_2022,GEMN-0096_PHJ89_0007/LH244,11.292824
IAH3_2022,GEMN-0096_PHJ89_0009/LH244,11.186965
IAH3_2022,GEMN-0096_PHJ89_0010/LH244,11.286946
IAH3_2022,GEMN-0096_PHJ89_0011/LH244,11.267557
IAH3_2022,GEMN-0096_PHJ89_0012/LH244,11.152632
IAH3_2022,GEMN-0096_PHJ89_0013/LH244,11.219155
IAH3_2022,GEMN-0096_PHJ89_0014/LH244,11.352689
IAH3_2022,GEMN-0096_PHJ89_0016/LH244,11.148697
IAH3_2022,GEMN-0096_PHJ89_0017/LH244,11.296729
IAH3_2022,GEMN-0096_PHK76_0001/LH244,11.345359
IAH3_2022,GEMN-0096_PHK76_0002/LH244,11.3265915
IAH3_2022,GEMN-0096_PHK76_0003/LH244,11.308097
IAH3_2022,GEMN-0096_PHK76_0004/LH244,11.307392
IAH3_2022,GEMN-0096_PHK76_0006/LH244,11.337665
IAH3_2022,GEMN-0096_PHK76_0007/LH244,11.323841
IAH3_2022,GEMN-0096_PHK76_0008/LH244,11.332371
IAH3_2022,GEMN-0096_PHK76_0009/LH244,11.33907
IAH3_2022,GEMN-0096_PHK76_0010/LH244,11.3415575
IAH3_2022,GEMN-0096_PHK76_0013/LH244,11.339843
IAH3_2022,GEMN-0096_PHK76_0015/LH244,11.341206
IAH3_2022,GEMN-0096_PHK76_0016/LH244,11.294799
IAH3_2022,GEMN-0096_PHN46_0001/LH244,11.1364355
IAH3_2022,GEMN-0096_PHN46_0002/LH244,10.912438
IAH3_2022,GEMN-0096_PHN46_0003/LH244,11.120579
IAH3_2022,GEMN-0096_PHN46_0004/LH244,11.133988
IAH3_2022,GEMN-0096_PHN46_0005/LH244,11.363709
IAH3_2022,GEMN-0096_PHN46_0007/LH244,11.285387
IAH3_2022,GEMN-0096_PHN46_0008/LH244,11.2857485
IAH3_2022,GEMN-0096_PHN46_0009/LH244,11.351575
IAH3_2022,GEMN-0096_PHN46_0010/LH244,11.373434
IAH3_2022,GEMN-0096_PHN46_0011/LH244,11.074109
IAH3_2022,GEMN-0096_PHN46_0012/LH244,11.262489
IAH3_2022,GEMN-0096_PHN46_0013/LH244,11.165311
IAH3_2022,GEMN-0096_PHN46_0014/LH244,10.930431
IAH3_2022,GEMN-0096_PHN46_0018/LH244,11.354861
IAH3_2022,GEMN-0096_PHN46_0020/LH244,11.300308
IAH3_2022,GEMN-0096_PHN46_0023/LH244,10.851337
IAH3_2022,GEMN-0096_PHP02_0001/LH244,11.2592
IAH3_2022,GEMN-0096_PHP02_0002/LH244,11.058647
IAH3_2022,GEMN-0096_PHP02_0003/LH244,10.961249
IAH3_2022,GEMN-0096_PHP02_0004/LH244,11.331937
IAH3_2022,GEMN-0096_PHP02_0005/LH244,11.363426
IAH3_2022,GEMN-0096_PHP02_0006/LH244,11.335403
IAH3_2022,GEMN-0096_PHP02_0007/LH244,11.164076
IAH3_2022,GEMN-0096_PHP02_0008/LH244,11.269106
IAH3_2022,GEMN-0096_PHP02_0009/LH244,11.277261
IAH3_2022,GEMN-0096_PHP02_0010/LH244,11.351313
IAH3_2022,GEMN-0096_PHP02_0011/LH244,11.363772
IAH3_2022,GEMN-0096_PHP02_0012/LH244,11.337427
IAH3_2022,GEMN-0096_PHP02_0015/LH244,11.03532
IAH3_2022,GEMN-0096_PHP02_0016/LH244,11.282533
IAH3_2022,GEMN-0096_PHP02_0017/LH244,11.045324
IAH3_2022,GEMN-0096_PHP02_0022/LH244,11.349428
IAH3_2022,GEMN-0096_PHP02_0025/LH244,11.24346
IAH3_2022,GEMN-0096_PHP02_0030/LH244,11.3018
IAH3_2022,GEMN-0097/LH244,11.354094
IAH3_2022,GEMN-0097_LH212HT_0002/LH244,11.339333
IAH3_2022,GEMN-0097_LH212HT_0004/LH244,11.358495
IAH3_2022,GEMN-0097_LH212HT_0018/LH244,11.307459
IAH3_2022,GEMN-0097_LH212HT_0019/LH244,11.321888
IAH3_2022,GEMN-0097_LH212HT_0020/LH244,11.331696
IAH3_2022,GEMN-0097_LH212HT_0023/LH244,11.325416
IAH3_2022,GEMN-0097_LH212HT_0026/LH244,11.27434
IAH3_2022,GEMN-0097_LH212HT_0032/LH244,11.343615
IAH3_2022,GEMN-0097_LH212HT_0034/LH244,11.354823
IAH3_2022,GEMN-0097_LH212HT_0039/LH244,11.351415
IAH3_2022,GEMN-0097_LH212HT_0046/LH244,11.283377
IAH3_2022,GEMN-0097_LH212HT_0047/LH244,11.358057
IAH3_2022,GEMN-0097_LH212HT_0051/LH244,11.333562
IAH3_2022,GEMN-0097_LH212HT_0054/LH244,11.346954
IAH3_2022,GEMN-0097_LH212HT_0058/LH244,11.347183
IAH3_2022,GEMN-0097_LH212HT_0061/LH244,11.329196
IAH3_2022,GEMN-0097_LH212HT_0062/LH244,11.362864
IAH3_2022,GEMN-0097_LH212HT_0069/LH244,11.3605385
IAH3_2022,GEMN-0097_LH212HT_0074/LH244,11.292157
IAH3_2022,GEMN-0097_LH212HT_0078/LH244,11.344282
IAH3_2022,GEMN-0097_LH212HT_0085/LH244,11.35141
IAH3_2022,GEMN-0097_LH212HT_0090/LH244,11.352831
IAH3_2022,GEMN-0097_PHJ89_0001/LH244,11.129726
IAH3_2022,GEMN-0097_PHJ89_0002/LH244,11.338291
IAH3_2022,GEMN-0097_PHJ89_0003/LH244,11.142949
IAH3_2022,GEMN-0097_PHJ89_0004/LH244,11.329232
IAH3_2022,GEMN-0097_PHJ89_0005/LH244,11.293552
IAH3_2022,GEMN-0097_PHJ89_0006/LH244,11.29991
IAH3_2022,GEMN-0097_PHJ89_0007/LH244,11.302856
IAH3_2022,GEMN-0097_PHJ89_0008/LH244,11.142085
IAH3_2022,GEMN-0097_PHJ89_0010/LH244,11.3499975
IAH3_2022,GEMN-0097_PHJ89_0011/LH244,11.199881
IAH3_2022,GEMN-0097_PHJ89_0012/LH244,11.234706
IAH3_2022,GEMN-0097_PHJ89_0013/LH244,11.359183
IAH3_2022,GEMN-0097_PHJ89_0016/LH244,11.336782
IAH3_2022,GEMN-0097_PHJ89_0020/LH244,11.342349
IAH3_2022,GEMN-0097_PHJ89_0023/LH244,11.283912
IAH3_2022,GEMN-0097_PHJ89_0025/LH244,11.3435955
IAH3_2022,GEMN-0097_PHJ89_0026/LH244,11.308941
IAH3_2022,GEMN-0097_PHJ89_0027/LH244,11.305266
IAH3_2022,GEMN-0097_PHJ89_0028/LH244,11.275313
IAH3_2022,GEMN-0097_PHJ89_0029/LH244,11.287881
IAH3_2022,GEMN-0097_PHJ89_0033/LH244,11.338776
IAH3_2022,GEMN-0097_PHJ89_0036/LH244,11.358222
IAH3_2022,GEMN-0097_PHJ89_0039/LH244,11.264965
IAH3_2022,GEMN-0097_PHK76_0002/LH244,11.3349495
IAH3_2022,GEMN-0097_PHK76_0003/LH244,11.154766
IAH3_2022,GEMN-0097_PHK76_0007/LH244,11.313256
IAH3_2022,GEMN-0097_PHK76_0009/LH244,11.239475
IAH3_2022,GEMN-0097_PHK76_0010/LH244,11.331739
IAH3_2022,GEMN-0097_PHK76_0011/LH244,11.358017
IAH3_2022,GEMN-0097_PHK76_0012/LH244,11.307608
IAH3_2022,GEMN-0097_PHK76_0014/LH244,11.299646
IAH3_2022,GEMN-0097_PHK76_0015/LH244,11.354091
IAH3_2022,GEMN-0097_PHK76_0018/LH244,11.303014
IAH3_2022,GEMN-0097_PHK76_0021/LH244,11.136325
IAH3_2022,GEMN-0097_PHK76_0023/LH244,11.221964
IAH3_2022,GEMN-0097_PHK76_0029/LH244,11.33596
IAH3_2022,GEMN-0097_PHK76_0032/LH244,11.297657
IAH3_2022,GEMN-0097_PHK76_0036/LH244,11.281649
IAH3_2022,GEMN-0097_PHK76_0037/LH244,11.33985
IAH3_2022,GEMN-0097_PHK76_0038/LH244,11.339194
IAH3_2022,GEMN-0097_PHK76_0039/LH244,10.971012
IAH3_2022,GEMN-0097_PHK76_0041/LH244,11.357597
IAH3_2022,GEMN-0097_PHK76_0048/LH244,11.316392
IAH3_2022,GEMN-0097_PHK76_0052/LH244,11.305111
IAH3_2022,GEMN-0097_PHK76_0053/LH244,11.267733
IAH3_2022,GEMN-0097_PHK76_0055/LH244,11.3478775
IAH3_2022,GEMN-0097_PHK76_0060/LH244,11.36032
IAH3_2022,GEMN-0097_PHN46_0001/LH244,11.374529
IAH3_2022,GEMN-0097_PHN46_0002/LH244,11.283408
IAH3_2022,GEMN-0097_PHN46_0003/LH244,11.259145
IAH3_2022,GEMN-0097_PHN46_0004/LH244,11.270814
IAH3_2022,GEMN-0097_PHN46_0005/LH244,11.132815
IAH3_2022,GEMN-0097_PHN46_0006/LH244,11.28218
IAH3_2022,GEMN-0097_PHN46_0007/LH244,11.30862
IAH3_2022,GEMN-0097_PHN46_0008/LH244,11.261315
IAH3_2022,GEMN-0097_PHN46_0009/LH244,11.19596
IAH3_2022,GEMN-0097_PHN46_0010/LH244,11.33596
IAH3_2022,GEMN-0097_PHN46_0011/LH244,11.315112
IAH3_2022,GEMN-0097_PHN46_0013/LH244,11.360465
IAH3_2022,GEMN-0097_PHN46_0014/LH244,11.245869
IAH3_2022,GEMN-0097_PHN46_0016/LH244,11.209478
IAH3_2022,GEMN-0097_PHN46_0018/LH244,11.331862
IAH3_2022,GEMN-0097_PHP02_0001/LH244,11.30725
IAH3_2022,GEMN-0097_PHP02_0002/LH244,10.909187
IAH3_2022,GEMN-0097_PHP02_0003/LH244,11.289135
IAH3_2022,GEMN-0097_PHP02_0005/LH244,11.359153
IAH3_2022,GEMN-0097_PHP02_0006/LH244,11.300378
IAH3_2022,GEMN-0097_PHP02_0007/LH244,10.912582
IAH3_2022,GEMN-0098/LH244,11.353537
IAH3_2022,GEMN-0104/LH244,11.377247
IAH3_2022,GEMN-0124/LH244,11.308712
IAH3_2022,GEMN-0135/LH244,11.294145
IAH3_2022,GEMN-0144/LH244,11.102392
IAH3_2022,GEMN-0157/LH244,11.229755
IAH3_2022,GEMN-0177/LH244,11.369695
IAH3_2022,GEMN-0178/LH244,11.360846
IAH3_2022,GEMN-0187/LH244,11.30175
IAH3_2022,GEMN-0192/LH244,11.203711
IAH3_2022,GEMN-0192_LH212HT_0001/LH244,11.313669
IAH3_2022,GEMN-0192_LH212HT_0002/LH244,11.26255
IAH3_2022,GEMN-0192_LH212HT_0006/LH244,11.205905
IAH3_2022,GEMN-0192_LH212HT_0007/LH244,11.147682
IAH3_2022,GEMN-0192_LH212HT_0008/LH244,11.279807
IAH3_2022,GEMN-0192_LH212HT_0010/LH244,11.135988
IAH3_2022,GEMN-0192_LH212HT_0011/LH244,11.046967
IAH3_2022,GEMN-0192_LH212HT_0012/LH244,11.151293
IAH3_2022,GEMN-0192_LH212HT_0013/LH244,11.2279625
IAH3_2022,GEMN-0192_LH212HT_0014/LH244,11.281572
IAH3_2022,GEMN-0192_LH212HT_0015/LH244,11.207769
IAH3_2022,GEMN-0192_LH212HT_0016/LH244,11.175458
IAH3_2022,GEMN-0192_LH212HT_0018/LH244,11.300785
IAH3_2022,GEMN-0192_LH212HT_0021/LH244,11.2603655
IAH3_2022,GEMN-0192_LH212HT_0023/LH244,11.332194
IAH3_2022,GEMN-0192_LH212HT_0026/LH244,11.24691
IAH3_2022,GEMN-0192_PHJ89_0001/LH244,11.292601
IAH3_2022,GEMN-0192_PHJ89_0002/LH244,11.317994
IAH3_2022,GEMN-0192_PHK76_0002/LH244,11.331554
IAH3_2022,GEMN-0192_PHK76_0004/LH244,11.334377
IAH3_2022,GEMN-0192_PHK76_0005/LH244,11.268564
IAH3_2022,GEMN-0192_PHK76_0006/LH244,11.354747
IAH3_2022,GEMN-0192_PHK76_0007/LH244,11.274736
IAH3_2022,GEMN-0192_PHK76_0008/LH244,11.293618
IAH3_2022,GEMN-0192_PHK76_0009/LH244,11.318927
IAH3_2022,GEMN-0192_PHK76_0010/LH244,11.310844
IAH3_2022,GEMN-0192_PHK76_0011/LH244,11.329236
IAH3_2022,GEMN-0192_PHK76_0012/LH244,11.307318
IAH3_2022,GEMN-0192_PHK76_0013/LH244,11.2469
IAH3_2022,GEMN-0192_PHK76_0014/LH244,11.350365
IAH3_2022,GEMN-0192_PHK76_0015/LH244,11.348837
IAH3_2022,GEMN-0192_PHK76_0016/LH244,11.343353
IAH3_2022,GEMN-0192_PHK76_0017/LH244,11.122578
IAH3_2022,GEMN-0192_PHK76_0018/LH244,11.333243
IAH3_2022,GEMN-0192_PHK76_0019/LH244,11.355191
IAH3_2022,GEMN-0192_PHK76_0021/LH244,11.207161
IAH3_2022,GEMN-0192_PHK76_0025/LH244,11.23162
IAH3_2022,GEMN-0192_PHK76_0027/LH244,11.326052
IAH3_2022,GEMN-0192_PHK76_0028/LH244,11.351297
IAH3_2022,GEMN-0192_PHK76_0030/LH244,11.325432
IAH3_2022,GEMN-0192_PHK76_0032/LH244,11.256797
IAH3_2022,GEMN-0192_PHK76_0033/LH244,11.3504715
IAH3_2022,GEMN-0192_PHK76_0035/LH244,11.175016
IAH3_2022,GEMN-0192_PHK76_0036/LH244,11.208219
IAH3_2022,GEMN-0192_PHK76_0037/LH244,11.332199
IAH3_2022,GEMN-0192_PHK76_0041/LH244,11.347973
IAH3_2022,GEMN-0192_PHK76_0044/LH244,11.33612
IAH3_2022,GEMN-0192_PHK76_0045/LH244,11.2569475
IAH3_2022,GEMN-0192_PHN46_0001/LH244,11.072922
IAH3_2022,GEMN-0192_PHN46_0002/LH244,11.321722
IAH3_2022,GEMN-0192_PHN46_0003/LH244,11.284512
IAH3_2022,GEMN-0192_PHN46_0004/LH244,11.266388
IAH3_2022,GEMN-0192_PHN46_0005/LH244,10.809808
IAH3_2022,GEMN-0192_PHN46_0006/LH244,11.383222
IAH3_2022,GEMN-0192_PHN46_0008/LH244,11.342914
IAH3_2022,GEMN-0192_PHN46_0009/LH244,11.331389
IAH3_2022,GEMN-0192_PHN46_0010/LH244,11.17595
IAH3_2022,GEMN-0192_PHN46_0011/LH244,11.287051
IAH3_2022,GEMN-0192_PHN46_0012/LH244,10.997942
IAH3_2022,GEMN-0192_PHN46_0014/LH244,10.865737
IAH3_2022,GEMN-0192_PHN46_0015/LH244,11.386323
IAH3_2022,GEMN-0192_PHN46_0017/LH244,11.094337
IAH3_2022,GEMN-0192_PHN46_0018/LH244,11.308195
IAH3_2022,GEMN-0192_PHN46_0019/LH244,11.280694
IAH3_2022,GEMN-0192_PHN46_0020/LH244,11.27176
IAH3_2022,GEMN-0192_PHN46_0025/LH244,10.883889
IAH3_2022,GEMN-0192_PHP02_0001/LH244,11.2645855
IAH3_2022,GEMN-0192_PHP02_0003/LH244,11.304796
IAH3_2022,GEMN-0207/LH244,11.229164
IAH3_2022,GEMN-0225/LH244,11.34744
IAH3_2022,GEMN-0225_LH212HT_0002/LH244,11.350711
IAH3_2022,GEMN-0225_LH212HT_0003/LH244,11.329613
IAH3_2022,GEMN-0225_LH212HT_0005/LH244,11.296639
IAH3_2022,GEMN-0225_LH212HT_0006/LH244,11.345979
IAH3_2022,GEMN-0225_LH212HT_0008/LH244,11.324316
IAH3_2022,GEMN-0225_LH212HT_0009/LH244,11.312126
IAH3_2022,GEMN-0225_LH212HT_0015/LH244,11.342912
IAH3_2022,GEMN-0225_LH212HT_0017/LH244,11.328236
IAH3_2022,GEMN-0225_LH212HT_0021/LH244,11.34916
IAH3_2022,GEMN-0225_LH212HT_0022/LH244,11.317251
IAH3_2022,GEMN-0225_LH212HT_0023/LH244,11.348618
IAH3_2022,GEMN-0225_LH212HT_0024/LH244,11.321946
IAH3_2022,GEMN-0225_LH212HT_0025/LH244,11.287272
IAH3_2022,GEMN-0225_LH212HT_0028/LH244,11.301951
IAH3_2022,GEMN-0225_LH212HT_0029/LH244,11.347877
IAH3_2022,GEMN-0225_LH212HT_0033/LH244,11.320321
IAH3_2022,GEMN-0225_LH212HT_0036/LH244,11.345254
IAH3_2022,GEMN-0225_LH212HT_0038/LH244,11.316913
IAH3_2022,GEMN-0225_LH212HT_0040/LH244,11.31123
IAH3_2022,GEMN-0225_LH212HT_0043/LH244,11.139861
IAH3_2022,GEMN-0225_PHJ89_0001/LH244,11.301418
IAH3_2022,GEMN-0225_PHJ89_0002/LH244,11.365473
IAH3_2022,GEMN-0225_PHJ89_0003/LH244,11.324549
IAH3_2022,GEMN-0225_PHJ89_0004/LH244,11.341336
IAH3_2022,GEMN-0225_PHJ89_0005/LH244,11.294286
IAH3_2022,GEMN-0225_PHJ89_0006/LH244,11.346799
IAH3_2022,GEMN-0225_PHJ89_0007/LH244,11.329575
IAH3_2022,GEMN-0225_PHJ89_0008/LH244,11.329919
IAH3_2022,GEMN-0225_PHJ89_0009/LH244,11.28449
IAH3_2022,GEMN-0225_PHJ89_0013/LH244,11.34144
IAH3_2022,GEMN-0225_PHJ89_0014/LH244,11.339958
IAH3_2022,GEMN-0225_PHJ89_0015/LH244,11.298804
IAH3_2022,GEMN-0225_PHJ89_0016/LH244,11.321155
IAH3_2022,GEMN-0225_PHJ89_0017/LH244,11.215069
IAH3_2022,GEMN-0225_PHJ89_0018/LH244,11.326248
IAH3_2022,GEMN-0225_PHJ89_0019/LH244,11.29678
IAH3_2022,GEMN-0225_PHJ89_0020/LH244,11.346296
IAH3_2022,GEMN-0225_PHJ89_0021/LH244,11.364758
IAH3_2022,GEMN-0225_PHJ89_0022/LH244,11.282446
IAH3_2022,GEMN-0225_PHJ89_0025/LH244,11.332872
IAH3_2022,GEMN-0225_PHJ89_0026/LH244,11.125128
IAH3_2022,GEMN-0225_PHJ89_0027/LH244,11.344284
IAH3_2022,GEMN-0225_PHJ89_0032/LH244,11.337236
IAH3_2022,GEMN-0225_PHK76_0001/LH244,11.313642
IAH3_2022,GEMN-0225_PHK76_0002/LH244,11.333634
IAH3_2022,GEMN-0225_PHK76_0003/LH244,11.3244
IAH3_2022,GEMN-0225_PHK76_0004/LH244,11.304993
IAH3_2022,GEMN-0225_PHK76_0005/LH244,11.323006
IAH3_2022,GEMN-0225_PHK76_0007/LH244,11.323203
IAH3_2022,GEMN-0225_PHK76_0008/LH244,11.308973
IAH3_2022,GEMN-0225_PHK76_0010/LH244,11.331582
IAH3_2022,GEMN-0225_PHK76_0012/LH244,11.362472
IAH3_2022,GEMN-0225_PHK76_0013/LH244,11.321454
IAH3_2022,GEMN-0225_PHK76_0014/LH244,11.360564
IAH3_2022,GEMN-0225_PHK76_0018/LH244,11.301639
IAH3_2022,GEMN-0225_PHK76_0019/LH244,11.328945
IAH3_2022,GEMN-0225_PHK76_0021/LH244,11.370427
IAH3_2022,GEMN-0225_PHK76_0022/LH244,11.289579
IAH3_2022,GEMN-0225_PHK76_0027/LH244,11.337045
IAH3_2022,GEMN-0225_PHK76_0028/LH244,11.352488
IAH3_2022,GEMN-0225_PHK76_0031/LH244,11.2075815
IAH3_2022,GEMN-0225_PHK76_0032/LH244,11.3495035
IAH3_2022,GEMN-0225_PHK76_0039/LH244,11.323632
IAH3_2022,GEMN-0225_PHN46_0001/LH244,11.367703
IAH3_2022,GEMN-0225_PHN46_0003/LH244,11.383538
IAH3_2022,GEMN-0225_PHN46_0004/LH244,11.304019
IAH3_2022,GEMN-0225_PHN46_0005/LH244,11.083577
IAH3_2022,GEMN-0225_PHN46_0006/LH244,11.359705
IAH3_2022,GEMN-0225_PHN46_0008/LH244,11.35637
IAH3_2022,GEMN-0225_PHN46_0009/LH244,11.359002
IAH3_2022,GEMN-0225_PHN46_0014/LH244,11.378947
IAH3_2022,GEMN-0225_PHN46_0021/LH244,11.382877
IAH3_2022,GEMN-0225_PHP02_0001/LH244,11.366875
IAH3_2022,GEMN-0225_PHP02_0002/LH244,11.330559
IAH3_2022,GEMN-0225_PHP02_0003/LH244,11.312807
IAH3_2022,GEMN-0225_PHP02_0005/LH244,11.251543
IAH3_2022,GEMN-0225_PHP02_0006/LH244,11.355015
IAH3_2022,GEMN-0225_PHP02_0007/LH244,11.307271
IAH3_2022,GEMN-0225_PHP02_0008/LH244,11.208353
IAH3_2022,GEMN-0225_PHP02_0009/LH244,11.341469
IAH3_2022,GEMN-0225_PHP02_0010/LH244,11.243122
IAH3_2022,GEMN-0225_PHP02_0012/LH244,11.263429
IAH3_2022,GEMN-0225_PHP02_0013/LH244,11.324309
IAH3_2022,GEMN-0225_PHP02_0014/LH244,11.33067
IAH3_2022,GEMN-0225_PHP02_0015/LH244,11.255498
IAH3_2022,GEMN-0225_PHP02_0017/LH244,11.217287
IAH3_2022,GEMN-0232/LH244,11.336659
IAH3_2022,GEMN-0238/LH244,11.325348
IAH3_2022,GEMN-0257/LH244,11.316957
IAH3_2022,GEMN-0270/LH244,10.811182
IAH3_2022,GEMN-0271/LH244,10.76388
IAH3_2022,GEMN-0287/LH244,11.352275
IAH3_2022,LH185/LH244,11.329936
IAH3_2022,LH195/PHZ51,10.2348995
IAH3_2022,LH212HT/LH244,11.344417
IAH3_2022,LH213/LH244,11.295401
IAH3_2022,LH216/LH244,11.336057
IAH3_2022,LH244/MO17,11.319859
IAH3_2022,LH244/PHK76,11.366944
IAH3_2022,LH244/PHZ51,11.056724
IAH3_2022,LH283/LH244,10.540071
IAH3_2022,LH287/LH244,11.3454895
IAH3_2022,LH74/PHN82,11.285684
IAH3_2022,LH82/LH244,10.439558
IAH3_2022,M162W/LH244,10.23692
IAH3_2022,M37W/LH244,10.561579
IAH3_2022,MBUB/LH244,11.2185955
IAH3_2022,MM501D/LH244,11.329342
IAH3_2022,MO17_PHW30-008-(2N)-01/LH244,11.273314
IAH3_2022,MO17_PHW30-200-(2N)-02/LH244,11.274552
IAH3_2022,MO17_PHW30-309-(2N)-01/LH244,11.273797
IAH3_2022,MO44/LH244,11.352816
IAH3_2022,MO44_LH145_0127/LH244,11.220155
IAH3_2022,MO44_LH145_0138/LH244,10.904886
IAH3_2022,MO44_PHG47_0072/LH244,10.681124
IAH3_2022,MO44_PHG47_0125/LH244,11.31926
IAH3_2022,MO44_PHW65_0025/LH244,11.398373
IAH3_2022,MO44_PHW65_0035/LH244,11.374527
IAH3_2022,MOG/LH244,11.31983
IAH3_2022,MS71/LH244,10.923477
IAH3_2022,NC350/LH244,10.9094095
IAH3_2022,NC358/LH244,11.0891905
IAH3_2022,NC360/LH244,11.199392
IAH3_2022,NC366/LH244,10.768904
IAH3_2022,NC370/LH244,10.819305
IAH3_2022,NC374/LH244,10.789579
IAH3_2022,NC378/LH244,11.020396
IAH3_2022,NC386/LH244,11.326717
IAH3_2022,NC388/LH244,11.255107
IAH3_2022,NC398/LH244,10.766806
IAH3_2022,NC406/LH244,10.536634
IAH3_2022,NC426/LH244,11.136231
IAH3_2022,NC428/LH244,11.213571
IAH3_2022,NC438/LH244,10.876641
IAH3_2022,NC454/LH244,11.030066
IAH3_2022,NC456/LH244,10.870551
IAH3_2022,NC458/LH244,10.696876
IAH3_2022,NC508/LH244,11.296056
IAH3_2022,NC512/LH244,10.977361
IAH3_2022,NC524/LH244,10.582774
IAH3_2022,NC528/LH244,10.936392
IAH3_2022,NC540/LH244,11.137022
IAH3_2022,NC542/LH244,10.71366
IAH3_2022,NC546/LH244,11.170094
IAH3_2022,NC548/LH244,10.684241
IAH3_2022,NKH8431/LH244,11.306332
IAH3_2022,OH43/LH244,11.151325
IAH3_2022,PH207/LH244,11.237698
IAH3_2022,PH24E/LH244,11.319417
IAH3_2022,PHAP9/LH244,11.338967
IAH3_2022,PHB47/LH244,9.884248
IAH3_2022,PHB47/PHN82,11.343634
IAH3_2022,PHB47/PHZ51,10.092416
IAH3_2022,PHG29/PHG47,10.050192
IAH3_2022,PHG35/LH244,11.374748
IAH3_2022,PHG39/PHN82,11.296686
IAH3_2022,PHG47/LH244,11.237134
IAH3_2022,PHJ40/PHAJ0,8.52039
IAH3_2022,PHJ89/LH244,11.326527
IAH3_2022,PHJ90/LH244,11.36486
IAH3_2022,PHK56/LH244,11.359439
IAH3_2022,PHKE6/LH244,11.253216
IAH3_2022,PHN11/LH244,11.291859
IAH3_2022,PHN11_LH145_0005/LH244,10.114042
IAH3_2022,PHN11_LH145_0028/LH244,10.472736
IAH3_2022,PHN11_LH145_0085/LH244,10.27957
IAH3_2022,PHN11_OH43_0001/LH244,11.099823
IAH3_2022,PHN11_OH43_0075/LH244,10.928809
IAH3_2022,PHN11_OH43_0088/LH244,11.255065
IAH3_2022,PHN11_PHG47_0251/LH244,11.248749
IAH3_2022,PHN11_PHG47_0287/LH244,10.859593
IAH3_2022,PHN11_PHW65_0312/LH244,11.342878
IAH3_2022,PHN11_PHW65_0323/LH244,11.378815
IAH3_2022,PHN11_PHW65_0359/LH244,11.39363
IAH3_2022,PHN46/LH244,10.855014
IAH3_2022,PHP02/LH244,11.31496
IAH3_2022,PHP55/LH244,11.2949
IAH3_2022,PHR03/LH244,11.33596
IAH3_2022,PHRE1/PHTD5,9.811059
IAH3_2022,PHW30/LH244,11.284372
IAH3_2022,PHW30_MO17-010-(2N)-01/LH244,11.252866
IAH3_2022,PHW30_MO17-032-(2N)-01/LH244,10.847116
IAH3_2022,PHW30_MO17-095-(2N)-01/LH244,11.290429
IAH3_2022,PHW30_MO17-129-(2N)-01/LH244,11.235893
IAH3_2022,PHW30_MO17-178-(2N)-01/LH244,11.299676
IAH3_2022,PHW30_MO17-234-(2N)-02/LH244,11.313255
IAH3_2022,PHW30_MO17-299-(2N)-01/LH244,11.276962
IAH3_2022,PHW52/PHM49,11.374469
IAH3_2022,PHW52/PHN82,11.342748
IAH3_2022,PHW65/LH244,11.437252
IAH3_2022,PHW65_MOG_0137/LH244,11.447409
IAH3_2022,PHW65_MOG_0176/LH244,11.440849
IAH3_2022,PHW65_MOG_0271/LH244,11.366778
IAH3_2022,TX303/LH244,11.262918
IAH3_2022,TX714/TX779,10.393764
IAH3_2022,TX777/LH195,10.481987
IAH3_2022,TX779/LH195,10.998159
IAH3_2022,TX951/LH195,10.414782
IAH3_2022,W10001_0003/LH244,10.345971
IAH3_2022,W10001_0007/LH244,10.631057
IAH3_2022,W10001_0008/LH244,10.386416
IAH3_2022,W10001_0009/LH244,10.081261
IAH3_2022,W10001_0010/LH244,11.0548
IAH3_2022,W10001_0011/LH244,9.538581
IAH3_2022,W10001_0012/LH244,10.107206
IAH3_2022,W10001_0013/LH244,10.857242
IAH3_2022,W10001_0014/LH244,10.270673
IAH3_2022,W10001_0016/LH244,10.612504
IAH3_2022,W10001_0017/LH244,10.74677
IAH3_2022,W10001_0018/LH244,10.307696
IAH3_2022,W10001_0019/LH244,10.244547
IAH3_2022,W10001_0021/LH244,9.774465
IAH3_2022,W10001_0022/LH244,10.844572
IAH3_2022,W10001_0023/LH244,11.050379
IAH3_2022,W10001_0030/LH244,11.150135
IAH3_2022,W10001_0031/LH244,10.709102
IAH3_2022,W10001_0033/LH244,11.33596
IAH3_2022,W10001_0036/LH244,10.829696
IAH3_2022,W10001_0040/LH244,10.305058
IAH3_2022,W10001_0047/LH244,10.69455
IAH3_2022,W10002_0002/LH244,10.779888
IAH3_2022,W10002_0004/LH244,11.073125
IAH3_2022,W10005_0029/LH244,11.3261795
IAH3_2022,W10005_0107/LH244,11.191105
IAH3_2022,W10005_0111/LH244,10.543653
IAH3_2022,W10005_0147/LH244,11.245221
IAH3_2022,W10005_0220/LH244,11.29892
IAH3_2022,W10010_0018/LH244,11.285706
IAH3_2022,W10010_0032/LH244,11.264219
IAH3_2022,W10010_0084/LH244,11.166622
IAH3_2022,W10010_0093/LH244,11.28264
IAH3_2022,W10010_0101/LH244,11.307066
IAH3_2022,W10010_0118/LH244,11.357069
IAH3_2022,W10010_0124/LH244,11.253926
IAH3_2022,W10010_0148/LH244,11.252673
IAH3_2022,W10010_0170/LH244,11.204951
IAH3_2022,W10010_0188/LH244,11.337295
IAH3_2022,W10010_0189/LH244,11.353896
IAH3_2022,W10010_0215/LH244,11.1782255
IAH3_2022,W10010_0239/LH244,11.349583
IAH3_2022,W10010_0279/LH244,11.339061
IAH3_2022,W10010_0294/LH244,11.349926
IAH3_2022,W10010_0310/LH244,11.33972
IAH3_2022,W10010_0311/LH244,11.337954
IAH3_2022,W10010_0337/LH244,11.354236
IAH3_2022,W10010_0346/LH244,11.337579
IAH3_2022,W10010_0358/LH244,11.363802
IAH3_2022,W10010_0366/LH244,11.250259
IAH3_2022,W10010_0381/LH244,11.368286
IAH3_2022,W10010_0452/LH244,11.284602
IAH3_2022,W10010_0464/LH244,11.261133
IAH3_2022,W22/LH244,10.948127
IAH4_2022,B14A/H95,9.610319
IAH4_2022,B14A/MO17,9.458998
IAH4_2022,B14A/OH43,9.6272745
IAH4_2022,B37/H95,9.423536
IAH4_2022,B37/MO17,9.919199
IAH4_2022,B37/OH43,9.649585
IAH4_2022,B73/MO17,10.617681
IAH4_2022,B73/PHM49,10.790393
IAH4_2022,B73/PHN82,10.847645
IAH4_2022,B73/TX779,9.306391
IAH4_2022,B97/LH244,10.1654825
IAH4_2022,BGEM-0039-N/LH244,9.576312
IAH4_2022,BGEM-0063-N/LH244,9.416478
IAH4_2022,BGEM-0089-N/LH244,9.926075
IAH4_2022,BGEM-0124-N/LH244,9.286454
IAH4_2022,BGEM-0129-N/LH244,9.613855
IAH4_2022,CG119/CG108,7.790081
IAH4_2022,CG44/CGR01,8.677714
IAH4_2022,DK3IIH6/LH244,10.084285
IAH4_2022,DK78010/LH244,9.577708
IAH4_2022,F42/H95,10.175902
IAH4_2022,F42/MO17,10.606982
IAH4_2022,F42/OH43,10.109601
IAH4_2022,GEMN-0096/LH244,10.283686
IAH4_2022,GEMN-0096_LH212HT_0001/LH244,10.4671755
IAH4_2022,GEMN-0096_LH212HT_0002/LH244,10.8019905
IAH4_2022,GEMN-0096_LH212HT_0003/LH244,10.660417
IAH4_2022,GEMN-0096_LH212HT_0004/LH244,10.820984
IAH4_2022,GEMN-0096_LH212HT_0005/LH244,10.785053
IAH4_2022,GEMN-0096_LH212HT_0006/LH244,10.813821
IAH4_2022,GEMN-0096_LH212HT_0008/LH244,10.18362
IAH4_2022,GEMN-0096_LH212HT_0009/LH244,10.78962
IAH4_2022,GEMN-0096_LH212HT_0010/LH244,10.704182
IAH4_2022,GEMN-0096_LH212HT_0011/LH244,10.484497
IAH4_2022,GEMN-0096_LH212HT_0012/LH244,10.519016
IAH4_2022,GEMN-0096_LH212HT_0013/LH244,10.687486
IAH4_2022,GEMN-0096_LH212HT_0017/LH244,10.753346
IAH4_2022,GEMN-0096_LH212HT_0020/LH244,10.465123
IAH4_2022,GEMN-0096_LH212HT_0021/LH244,10.690644
IAH4_2022,GEMN-0096_LH212HT_0027/LH244,10.562186
IAH4_2022,GEMN-0096_PHJ89_0001/LH244,10.664923
IAH4_2022,GEMN-0096_PHJ89_0002/LH244,10.232672
IAH4_2022,GEMN-0096_PHJ89_0006/LH244,10.52606
IAH4_2022,GEMN-0096_PHJ89_0007/LH244,10.423191
IAH4_2022,GEMN-0096_PHJ89_0009/LH244,10.282365
IAH4_2022,GEMN-0096_PHJ89_0010/LH244,10.456303
IAH4_2022,GEMN-0096_PHJ89_0011/LH244,10.447809
IAH4_2022,GEMN-0096_PHJ89_0012/LH244,10.247321
IAH4_2022,GEMN-0096_PHJ89_0013/LH244,10.349462
IAH4_2022,GEMN-0096_PHJ89_0014/LH244,10.590604
IAH4_2022,GEMN-0096_PHJ89_0016/LH244,10.260718
IAH4_2022,GEMN-0096_PHJ89_0017/LH244,10.484794
IAH4_2022,GEMN-0096_PHK76_0001/LH244,10.739103
IAH4_2022,GEMN-0096_PHK76_0002/LH244,10.762126
IAH4_2022,GEMN-0096_PHK76_0003/LH244,10.730259
IAH4_2022,GEMN-0096_PHK76_0004/LH244,10.636869
IAH4_2022,GEMN-0096_PHK76_0006/LH244,10.785655
IAH4_2022,GEMN-0096_PHK76_0007/LH244,10.699015
IAH4_2022,GEMN-0096_PHK76_0008/LH244,10.811047
IAH4_2022,GEMN-0096_PHK76_0009/LH244,10.74499
IAH4_2022,GEMN-0096_PHK76_0010/LH244,10.734379
IAH4_2022,GEMN-0096_PHK76_0013/LH244,10.683811
IAH4_2022,GEMN-0096_PHK76_0015/LH244,10.750061
IAH4_2022,GEMN-0096_PHK76_0016/LH244,10.591292
IAH4_2022,GEMN-0096_PHN46_0001/LH244,10.2289095
IAH4_2022,GEMN-0096_PHN46_0002/LH244,10.019817
IAH4_2022,GEMN-0096_PHN46_0003/LH244,10.246192
IAH4_2022,GEMN-0096_PHN46_0004/LH244,10.223175
IAH4_2022,GEMN-0096_PHN46_0005/LH244,10.719792
IAH4_2022,GEMN-0096_PHN46_0007/LH244,10.432376
IAH4_2022,GEMN-0096_PHN46_0008/LH244,10.42534
IAH4_2022,GEMN-0096_PHN46_0009/LH244,10.622517
IAH4_2022,GEMN-0096_PHN46_0010/LH244,10.735928
IAH4_2022,GEMN-0096_PHN46_0011/LH244,10.185268
IAH4_2022,GEMN-0096_PHN46_0012/LH244,10.384554
IAH4_2022,GEMN-0096_PHN46_0013/LH244,10.255939
IAH4_2022,GEMN-0096_PHN46_0014/LH244,10.025625
IAH4_2022,GEMN-0096_PHN46_0018/LH244,10.606288
IAH4_2022,GEMN-0096_PHN46_0020/LH244,10.551633
IAH4_2022,GEMN-0096_PHN46_0023/LH244,9.947311
IAH4_2022,GEMN-0096_PHP02_0001/LH244,10.452497
IAH4_2022,GEMN-0096_PHP02_0002/LH244,10.164628
IAH4_2022,GEMN-0096_PHP02_0003/LH244,10.06774
IAH4_2022,GEMN-0096_PHP02_0004/LH244,10.476636
IAH4_2022,GEMN-0096_PHP02_0005/LH244,10.772016
IAH4_2022,GEMN-0096_PHP02_0006/LH244,10.635912
IAH4_2022,GEMN-0096_PHP02_0007/LH244,10.281024
IAH4_2022,GEMN-0096_PHP02_0009/LH244,10.435128
IAH4_2022,GEMN-0096_PHP02_0011/LH244,10.665511
IAH4_2022,GEMN-0096_PHP02_0012/LH244,10.554877
IAH4_2022,GEMN-0096_PHP02_0015/LH244,10.150016
IAH4_2022,GEMN-0096_PHP02_0016/LH244,10.4814005
IAH4_2022,GEMN-0096_PHP02_0017/LH244,10.15981
IAH4_2022,GEMN-0096_PHP02_0022/LH244,10.734999
IAH4_2022,GEMN-0096_PHP02_0025/LH244,10.405959
IAH4_2022,GEMN-0096_PHP02_0030/LH244,10.500431
IAH4_2022,GEMN-0097/LH244,10.735865
IAH4_2022,GEMN-0097_LH212HT_0002/LH244,10.77286
IAH4_2022,GEMN-0097_LH212HT_0004/LH244,10.827203
IAH4_2022,GEMN-0097_LH212HT_0017/LH244,10.351707
IAH4_2022,GEMN-0097_LH212HT_0018/LH244,10.7316065
IAH4_2022,GEMN-0097_LH212HT_0019/LH244,10.874045
IAH4_2022,GEMN-0097_LH212HT_0020/LH244,10.829042
IAH4_2022,GEMN-0097_LH212HT_0023/LH244,10.829871
IAH4_2022,GEMN-0097_LH212HT_0026/LH244,10.624005
IAH4_2022,GEMN-0097_LH212HT_0032/LH244,10.818328
IAH4_2022,GEMN-0097_LH212HT_0034/LH244,10.747105
IAH4_2022,GEMN-0097_LH212HT_0039/LH244,10.814784
IAH4_2022,GEMN-0097_LH212HT_0047/LH244,10.945531
IAH4_2022,GEMN-0097_LH212HT_0051/LH244,10.826168
IAH4_2022,GEMN-0097_LH212HT_0054/LH244,10.746899
IAH4_2022,GEMN-0097_LH212HT_0058/LH244,10.707634
IAH4_2022,GEMN-0097_LH212HT_0061/LH244,10.796028
IAH4_2022,GEMN-0097_LH212HT_0062/LH244,10.805007
IAH4_2022,GEMN-0097_LH212HT_0069/LH244,10.834643
IAH4_2022,GEMN-0097_LH212HT_0074/LH244,10.691224
IAH4_2022,GEMN-0097_LH212HT_0078/LH244,10.856377
IAH4_2022,GEMN-0097_LH212HT_0085/LH244,10.827228
IAH4_2022,GEMN-0097_LH212HT_0090/LH244,10.760039
IAH4_2022,GEMN-0097_PHJ89_0001/LH244,10.231502
IAH4_2022,GEMN-0097_PHJ89_0002/LH244,10.699542
IAH4_2022,GEMN-0097_PHJ89_0003/LH244,10.255424
IAH4_2022,GEMN-0097_PHJ89_0005/LH244,10.428867
IAH4_2022,GEMN-0097_PHJ89_0006/LH244,10.562114
IAH4_2022,GEMN-0097_PHJ89_0007/LH244,10.468946
IAH4_2022,GEMN-0097_PHJ89_0008/LH244,10.2550745
IAH4_2022,GEMN-0097_PHJ89_0010/LH244,10.609937
IAH4_2022,GEMN-0097_PHJ89_0011/LH244,10.304812
IAH4_2022,GEMN-0097_PHJ89_0012/LH244,10.408792
IAH4_2022,GEMN-0097_PHJ89_0013/LH244,10.770667
IAH4_2022,GEMN-0097_PHJ89_0016/LH244,10.49723
IAH4_2022,GEMN-0097_PHJ89_0020/LH244,10.696582
IAH4_2022,GEMN-0097_PHJ89_0023/LH244,10.428076
IAH4_2022,GEMN-0097_PHJ89_0025/LH244,10.780749
IAH4_2022,GEMN-0097_PHJ89_0026/LH244,10.57487
IAH4_2022,GEMN-0097_PHJ89_0027/LH244,10.576245
IAH4_2022,GEMN-0097_PHJ89_0028/LH244,10.484428
IAH4_2022,GEMN-0097_PHJ89_0029/LH244,10.48136
IAH4_2022,GEMN-0097_PHJ89_0033/LH244,10.750662
IAH4_2022,GEMN-0097_PHJ89_0036/LH244,10.629291
IAH4_2022,GEMN-0097_PHJ89_0039/LH244,10.448947
IAH4_2022,GEMN-0097_PHK76_0002/LH244,10.816195
IAH4_2022,GEMN-0097_PHK76_0003/LH244,10.264488
IAH4_2022,GEMN-0097_PHK76_0007/LH244,10.562809
IAH4_2022,GEMN-0097_PHK76_0009/LH244,10.44954
IAH4_2022,GEMN-0097_PHK76_0010/LH244,10.551557
IAH4_2022,GEMN-0097_PHK76_0011/LH244,10.882674
IAH4_2022,GEMN-0097_PHK76_0012/LH244,10.602532
IAH4_2022,GEMN-0097_PHK76_0014/LH244,10.574747
IAH4_2022,GEMN-0097_PHK76_0015/LH244,10.708737
IAH4_2022,GEMN-0097_PHK76_0016/LH244,10.737197
IAH4_2022,GEMN-0097_PHK76_0017/LH244,10.821622
IAH4_2022,GEMN-0097_PHK76_0018/LH244,10.604763
IAH4_2022,GEMN-0097_PHK76_0021/LH244,10.2537775
IAH4_2022,GEMN-0097_PHK76_0023/LH244,10.427264
IAH4_2022,GEMN-0097_PHK76_0032/LH244,10.729262
IAH4_2022,GEMN-0097_PHK76_0036/LH244,10.498574
IAH4_2022,GEMN-0097_PHK76_0037/LH244,10.918019
IAH4_2022,GEMN-0097_PHK76_0038/LH244,10.7336235
IAH4_2022,GEMN-0097_PHK76_0039/LH244,10.064655
IAH4_2022,GEMN-0097_PHK76_0041/LH244,10.772439
IAH4_2022,GEMN-0097_PHK76_0048/LH244,10.745036
IAH4_2022,GEMN-0097_PHK76_0053/LH244,10.372536
IAH4_2022,GEMN-0097_PHK76_0055/LH244,10.764491
IAH4_2022,GEMN-0097_PHK76_0060/LH244,10.786861
IAH4_2022,GEMN-0097_PHN46_0001/LH244,10.658403
IAH4_2022,GEMN-0097_PHN46_0002/LH244,10.503961
IAH4_2022,GEMN-0097_PHN46_0003/LH244,10.40939
IAH4_2022,GEMN-0097_PHN46_0004/LH244,10.450895
IAH4_2022,GEMN-0097_PHN46_0005/LH244,10.242912
IAH4_2022,GEMN-0097_PHN46_0006/LH244,10.527448
IAH4_2022,GEMN-0097_PHN46_0007/LH244,10.482987
IAH4_2022,GEMN-0097_PHN46_0008/LH244,10.368273
IAH4_2022,GEMN-0097_PHN46_0009/LH244,10.312219
IAH4_2022,GEMN-0097_PHN46_0011/LH244,10.531072
IAH4_2022,GEMN-0097_PHN46_0013/LH244,10.749017
IAH4_2022,GEMN-0097_PHN46_0014/LH244,10.35268
IAH4_2022,GEMN-0097_PHN46_0016/LH244,10.3412485
IAH4_2022,GEMN-0097_PHN46_0018/LH244,10.403223
IAH4_2022,GEMN-0097_PHP02_0001/LH244,10.513277
IAH4_2022,GEMN-0097_PHP02_0002/LH244,10.0148325
IAH4_2022,GEMN-0097_PHP02_0003/LH244,10.435172
IAH4_2022,GEMN-0097_PHP02_0005/LH244,10.666935
IAH4_2022,GEMN-0097_PHP02_0006/LH244,10.536401
IAH4_2022,GEMN-0097_PHP02_0007/LH244,10.018896
IAH4_2022,GEMN-0098/LH244,10.723403
IAH4_2022,GEMN-0104/LH244,10.899173
IAH4_2022,GEMN-0124/LH244,10.588527
IAH4_2022,GEMN-0135/LH244,10.543207
IAH4_2022,GEMN-0144/LH244,10.2123
IAH4_2022,GEMN-0157/LH244,10.395074
IAH4_2022,GEMN-0177/LH244,10.804978
IAH4_2022,GEMN-0178/LH244,10.808046
IAH4_2022,GEMN-0187/LH244,10.578442
IAH4_2022,GEMN-0192/LH244,10.322168
IAH4_2022,GEMN-0192_LH212HT_0001/LH244,10.729415
IAH4_2022,GEMN-0192_LH212HT_0002/LH244,10.498346
IAH4_2022,GEMN-0192_LH212HT_0006/LH244,10.365643
IAH4_2022,GEMN-0192_LH212HT_0008/LH244,10.595165
IAH4_2022,GEMN-0192_LH212HT_0009/LH244,10.779479
IAH4_2022,GEMN-0192_LH212HT_0010/LH244,10.26923
IAH4_2022,GEMN-0192_LH212HT_0011/LH244,10.165992
IAH4_2022,GEMN-0192_LH212HT_0012/LH244,10.269835
IAH4_2022,GEMN-0192_LH212HT_0013/LH244,10.436649
IAH4_2022,GEMN-0192_LH212HT_0014/LH244,10.605146
IAH4_2022,GEMN-0192_LH212HT_0015/LH244,10.386326
IAH4_2022,GEMN-0192_LH212HT_0016/LH244,10.2950945
IAH4_2022,GEMN-0192_LH212HT_0018/LH244,10.827788
IAH4_2022,GEMN-0192_LH212HT_0021/LH244,10.709472
IAH4_2022,GEMN-0192_LH212HT_0023/LH244,10.773
IAH4_2022,GEMN-0192_LH212HT_0026/LH244,10.520881
IAH4_2022,GEMN-0192_PHJ89_0001/LH244,10.542298
IAH4_2022,GEMN-0192_PHJ89_0002/LH244,10.496907
IAH4_2022,GEMN-0192_PHK76_0002/LH244,10.773323
IAH4_2022,GEMN-0192_PHK76_0004/LH244,10.676139
IAH4_2022,GEMN-0192_PHK76_0005/LH244,10.47163
IAH4_2022,GEMN-0192_PHK76_0006/LH244,10.66125
IAH4_2022,GEMN-0192_PHK76_0007/LH244,10.418795
IAH4_2022,GEMN-0192_PHK76_0008/LH244,10.516863
IAH4_2022,GEMN-0192_PHK76_0009/LH244,10.581655
IAH4_2022,GEMN-0192_PHK76_0010/LH244,10.60674
IAH4_2022,GEMN-0192_PHK76_0011/LH244,10.609748
IAH4_2022,GEMN-0192_PHK76_0012/LH244,10.540436
IAH4_2022,GEMN-0192_PHK76_0013/LH244,10.516989
IAH4_2022,GEMN-0192_PHK76_0014/LH244,10.704047
IAH4_2022,GEMN-0192_PHK76_0015/LH244,10.847116
IAH4_2022,GEMN-0192_PHK76_0016/LH244,10.573562
IAH4_2022,GEMN-0192_PHK76_0017/LH244,10.245489
IAH4_2022,GEMN-0192_PHK76_0018/LH244,10.80489
IAH4_2022,GEMN-0192_PHK76_0019/LH244,10.655631
IAH4_2022,GEMN-0192_PHK76_0021/LH244,10.3140545
IAH4_2022,GEMN-0192_PHK76_0025/LH244,10.344777
IAH4_2022,GEMN-0192_PHK76_0027/LH244,10.621637
IAH4_2022,GEMN-0192_PHK76_0028/LH244,10.675743
IAH4_2022,GEMN-0192_PHK76_0030/LH244,10.699644
IAH4_2022,GEMN-0192_PHK76_0032/LH244,10.479722
IAH4_2022,GEMN-0192_PHK76_0033/LH244,10.735554
IAH4_2022,GEMN-0192_PHK76_0035/LH244,10.278033
IAH4_2022,GEMN-0192_PHK76_0036/LH244,10.352127
IAH4_2022,GEMN-0192_PHK76_0037/LH244,10.896955
IAH4_2022,GEMN-0192_PHK76_0041/LH244,10.784411
IAH4_2022,GEMN-0192_PHK76_0044/LH244,10.579355
IAH4_2022,GEMN-0192_PHK76_0045/LH244,10.376133
IAH4_2022,GEMN-0192_PHN46_0001/LH244,10.177218
IAH4_2022,GEMN-0192_PHN46_0002/LH244,10.4383955
IAH4_2022,GEMN-0192_PHN46_0003/LH244,10.381288
IAH4_2022,GEMN-0192_PHN46_0004/LH244,10.35156
IAH4_2022,GEMN-0192_PHN46_0005/LH244,9.905528
IAH4_2022,GEMN-0192_PHN46_0006/LH244,10.693675
IAH4_2022,GEMN-0192_PHN46_0007/LH244,10.126956
IAH4_2022,GEMN-0192_PHN46_0008/LH244,10.538194
IAH4_2022,GEMN-0192_PHN46_0009/LH244,10.562521
IAH4_2022,GEMN-0192_PHN46_0010/LH244,10.287692
IAH4_2022,GEMN-0192_PHN46_0011/LH244,10.470002
IAH4_2022,GEMN-0192_PHN46_0012/LH244,10.105147
IAH4_2022,GEMN-0192_PHN46_0014/LH244,9.955017
IAH4_2022,GEMN-0192_PHN46_0015/LH244,10.676163
IAH4_2022,GEMN-0192_PHN46_0017/LH244,10.205764
IAH4_2022,GEMN-0192_PHN46_0018/LH244,10.433669
IAH4_2022,GEMN-0192_PHN46_0019/LH244,10.410708
IAH4_2022,GEMN-0192_PHN46_0020/LH244,10.3899355
IAH4_2022,GEMN-0192_PHN46_0021/LH244,10.487713
IAH4_2022,GEMN-0192_PHN46_0025/LH244,9.973683
IAH4_2022,GEMN-0192_PHP02_0001/LH244,10.465761
IAH4_2022,GEMN-0192_PHP02_0003/LH244,10.518619
IAH4_2022,GEMN-0225/LH244,10.7925005
IAH4_2022,GEMN-0225_LH212HT_0002/LH244,10.823037
IAH4_2022,GEMN-0225_LH212HT_0003/LH244,10.970543
IAH4_2022,GEMN-0225_LH212HT_0005/LH244,10.862955
IAH4_2022,GEMN-0225_LH212HT_0006/LH244,10.926811
IAH4_2022,GEMN-0225_LH212HT_0008/LH244,10.713229
IAH4_2022,GEMN-0225_LH212HT_0009/LH244,10.780299
IAH4_2022,GEMN-0225_LH212HT_0015/LH244,10.863224
IAH4_2022,GEMN-0225_LH212HT_0017/LH244,10.737876
IAH4_2022,GEMN-0225_LH212HT_0021/LH244,10.869169
IAH4_2022,GEMN-0225_LH212HT_0022/LH244,10.925667
IAH4_2022,GEMN-0225_LH212HT_0023/LH244,10.923009
IAH4_2022,GEMN-0225_LH212HT_0024/LH244,10.563249
IAH4_2022,GEMN-0225_LH212HT_0025/LH244,10.824922
IAH4_2022,GEMN-0225_LH212HT_0028/LH244,10.788972
IAH4_2022,GEMN-0225_LH212HT_0029/LH244,10.949923
IAH4_2022,GEMN-0225_LH212HT_0033/LH244,10.853542
IAH4_2022,GEMN-0225_LH212HT_0036/LH244,10.860351
IAH4_2022,GEMN-0225_LH212HT_0038/LH244,10.729433
IAH4_2022,GEMN-0225_LH212HT_0040/LH244,10.850341
IAH4_2022,GEMN-0225_LH212HT_0043/LH244,10.213857
IAH4_2022,GEMN-0225_PHJ89_0001/LH244,10.598074
IAH4_2022,GEMN-0225_PHJ89_0002/LH244,10.839641
IAH4_2022,GEMN-0225_PHJ89_0003/LH244,10.583271
IAH4_2022,GEMN-0225_PHJ89_0004/LH244,10.629423
IAH4_2022,GEMN-0225_PHJ89_0005/LH244,10.616317
IAH4_2022,GEMN-0225_PHJ89_0006/LH244,10.622552
IAH4_2022,GEMN-0225_PHJ89_0007/LH244,10.773087
IAH4_2022,GEMN-0225_PHJ89_0008/LH244,10.59083
IAH4_2022,GEMN-0225_PHJ89_0009/LH244,10.437998
IAH4_2022,GEMN-0225_PHJ89_0013/LH244,10.802286
IAH4_2022,GEMN-0225_PHJ89_0014/LH244,10.719199
IAH4_2022,GEMN-0225_PHJ89_0015/LH244,10.585847
IAH4_2022,GEMN-0225_PHJ89_0016/LH244,10.538642
IAH4_2022,GEMN-0225_PHJ89_0017/LH244,10.3286495
IAH4_2022,GEMN-0225_PHJ89_0018/LH244,10.609303
IAH4_2022,GEMN-0225_PHJ89_0019/LH244,10.533079
IAH4_2022,GEMN-0225_PHJ89_0020/LH244,10.842192
IAH4_2022,GEMN-0225_PHJ89_0021/LH244,10.665153
IAH4_2022,GEMN-0225_PHJ89_0022/LH244,10.497948
IAH4_2022,GEMN-0225_PHJ89_0025/LH244,10.599866
IAH4_2022,GEMN-0225_PHJ89_0026/LH244,10.23211
IAH4_2022,GEMN-0225_PHJ89_0027/LH244,10.729876
IAH4_2022,GEMN-0225_PHJ89_0032/LH244,10.71364
IAH4_2022,GEMN-0225_PHK76_0001/LH244,10.683546
IAH4_2022,GEMN-0225_PHK76_0002/LH244,10.759306
IAH4_2022,GEMN-0225_PHK76_0003/LH244,10.852184
IAH4_2022,GEMN-0225_PHK76_0004/LH244,10.949011
IAH4_2022,GEMN-0225_PHK76_0005/LH244,10.630267
IAH4_2022,GEMN-0225_PHK76_0007/LH244,10.922733
IAH4_2022,GEMN-0225_PHK76_0008/LH244,10.905832
IAH4_2022,GEMN-0225_PHK76_0010/LH244,10.869048
IAH4_2022,GEMN-0225_PHK76_0012/LH244,10.876282
IAH4_2022,GEMN-0225_PHK76_0013/LH244,10.770793
IAH4_2022,GEMN-0225_PHK76_0014/LH244,10.9112015
IAH4_2022,GEMN-0225_PHK76_0018/LH244,10.858866
IAH4_2022,GEMN-0225_PHK76_0019/LH244,10.697961
IAH4_2022,GEMN-0225_PHK76_0021/LH244,10.842187
IAH4_2022,GEMN-0225_PHK76_0022/LH244,10.584039
IAH4_2022,GEMN-0225_PHK76_0025/LH244,10.85515
IAH4_2022,GEMN-0225_PHK76_0027/LH244,10.771611
IAH4_2022,GEMN-0225_PHK76_0028/LH244,10.860609
IAH4_2022,GEMN-0225_PHK76_0031/LH244,10.362534
IAH4_2022,GEMN-0225_PHK76_0032/LH244,10.848181
IAH4_2022,GEMN-0225_PHK76_0039/LH244,10.701178
IAH4_2022,GEMN-0225_PHN46_0001/LH244,10.896381
IAH4_2022,GEMN-0225_PHN46_0002/LH244,10.72883
IAH4_2022,GEMN-0225_PHN46_0003/LH244,10.821166
IAH4_2022,GEMN-0225_PHN46_0004/LH244,10.518284
IAH4_2022,GEMN-0225_PHN46_0005/LH244,10.1815815
IAH4_2022,GEMN-0225_PHN46_0006/LH244,10.627657
IAH4_2022,GEMN-0225_PHN46_0008/LH244,10.726344
IAH4_2022,GEMN-0225_PHN46_0009/LH244,10.754194
IAH4_2022,GEMN-0225_PHN46_0014/LH244,10.875113
IAH4_2022,GEMN-0225_PHN46_0021/LH244,10.77273
IAH4_2022,GEMN-0225_PHP02_0001/LH244,10.665233
IAH4_2022,GEMN-0225_PHP02_0002/LH244,10.651576
IAH4_2022,GEMN-0225_PHP02_0003/LH244,10.575519
IAH4_2022,GEMN-0225_PHP02_0005/LH244,10.338172
IAH4_2022,GEMN-0225_PHP02_0006/LH244,10.665159
IAH4_2022,GEMN-0225_PHP02_0007/LH244,10.63259
IAH4_2022,GEMN-0225_PHP02_0008/LH244,10.3433895
IAH4_2022,GEMN-0225_PHP02_0009/LH244,10.737043
IAH4_2022,GEMN-0225_PHP02_0010/LH244,10.422906
IAH4_2022,GEMN-0225_PHP02_0012/LH244,10.434149
IAH4_2022,GEMN-0225_PHP02_0013/LH244,10.648337
IAH4_2022,GEMN-0225_PHP02_0014/LH244,10.574985
IAH4_2022,GEMN-0225_PHP02_0015/LH244,10.51826
IAH4_2022,GEMN-0225_PHP02_0017/LH244,10.355393
IAH4_2022,GEMN-0232/LH244,10.719173
IAH4_2022,GEMN-0238/LH244,10.829924
IAH4_2022,GEMN-0257/LH244,10.606926
IAH4_2022,GEMN-0270/LH244,9.911706
IAH4_2022,GEMN-0271/LH244,9.859995
IAH4_2022,GEMN-0287/LH244,10.814433
IAH4_2022,LH185/LH244,10.721455
IAH4_2022,LH195/PHZ51,9.262788
IAH4_2022,LH212HT/LH244,10.817823
IAH4_2022,LH213/LH244,10.651851
IAH4_2022,LH216/LH244,10.643798
IAH4_2022,LH244/MO17,10.765115
IAH4_2022,LH244/PHK76,10.85796
IAH4_2022,LH244/PHZ51,10.066438
IAH4_2022,LH283/LH244,9.600109
IAH4_2022,LH287/LH244,10.817108
IAH4_2022,LH74/PHN82,10.488944
IAH4_2022,LH82/LH244,9.490441
IAH4_2022,M162W/LH244,9.217498
IAH4_2022,M37W/LH244,9.624662
IAH4_2022,MBUB/LH244,10.331838
IAH4_2022,MM501D/LH244,10.747343
IAH4_2022,MO17_PHW30-008-(2N)-01/LH244,10.724843
IAH4_2022,MO17_PHW30-200-(2N)-02/LH244,10.841099
IAH4_2022,MO17_PHW30-309-(2N)-01/LH244,10.7627535
IAH4_2022,MO44/LH244,10.671903
IAH4_2022,MO44_LH145_0127/LH244,10.348064
IAH4_2022,MO44_LH145_0138/LH244,10.000815
IAH4_2022,MO44_PHG47_0072/LH244,9.75324
IAH4_2022,MO44_PHG47_0125/LH244,10.715756
IAH4_2022,MO44_PHW65_0025/LH244,10.96747
IAH4_2022,MO44_PHW65_0035/LH244,10.939505
IAH4_2022,MOG/LH244,10.370819
IAH4_2022,MS71/LH244,10.030018
IAH4_2022,NC350/LH244,10.013694
IAH4_2022,NC358/LH244,10.210948
IAH4_2022,NC360/LH244,10.33224
IAH4_2022,NC366/LH244,9.8647
IAH4_2022,NC370/LH244,9.922893
IAH4_2022,NC374/LH244,9.859198
IAH4_2022,NC378/LH244,10.116536
IAH4_2022,NC386/LH244,10.696535
IAH4_2022,NC388/LH244,10.410757
IAH4_2022,NC398/LH244,9.861641
IAH4_2022,NC406/LH244,9.582932
IAH4_2022,NC426/LH244,10.259344
IAH4_2022,NC428/LH244,10.420179
IAH4_2022,NC438/LH244,9.981926
IAH4_2022,NC454/LH244,10.137603
IAH4_2022,NC456/LH244,9.97106
IAH4_2022,NC458/LH244,9.781322
IAH4_2022,NC508/LH244,10.71074
IAH4_2022,NC512/LH244,10.087729
IAH4_2022,NC524/LH244,9.6367235
IAH4_2022,NC528/LH244,10.046007
IAH4_2022,NC540/LH244,10.255965
IAH4_2022,NC542/LH244,9.800182
IAH4_2022,NC546/LH244,10.298601
IAH4_2022,NC548/LH244,9.763975
IAH4_2022,NKH8431/LH244,10.321274
IAH4_2022,OH43/LH244,10.261426
IAH4_2022,PH207/LH244,10.447269
IAH4_2022,PH24E/LH244,10.96433
IAH4_2022,PHAP9/LH244,10.853644
IAH4_2022,PHB47/LH244,8.8553505
IAH4_2022,PHB47/PHN82,10.643122
IAH4_2022,PHB47/PHZ51,9.107208
IAH4_2022,PHG29/PHG47,9.014893
IAH4_2022,PHG35/LH244,10.965367
IAH4_2022,PHG39/PHN82,10.701621
IAH4_2022,PHG47/LH244,10.353557
IAH4_2022,PHJ40/PHAJ0,7.92948
IAH4_2022,PHJ89/LH244,10.47307
IAH4_2022,PHJ90/LH244,10.876566
IAH4_2022,PHK56/LH244,10.94039
IAH4_2022,PHKE6/LH244,10.46572
IAH4_2022,PHN11/LH244,10.854509
IAH4_2022,PHN11_LH145_0005/LH244,9.095385
IAH4_2022,PHN11_LH145_0028/LH244,9.503273
IAH4_2022,PHN11_LH145_0085/LH244,9.27528
IAH4_2022,PHN11_OH43_0001/LH244,10.225325
IAH4_2022,PHN11_OH43_0075/LH244,10.029041
IAH4_2022,PHN11_OH43_0088/LH244,10.518904
IAH4_2022,PHN11_PHG47_0251/LH244,10.431645
IAH4_2022,PHN11_PHG47_0287/LH244,9.96494
IAH4_2022,PHN11_PHW65_0312/LH244,10.914745
IAH4_2022,PHN11_PHW65_0323/LH244,10.977848
IAH4_2022,PHN11_PHW65_0359/LH244,10.970707
IAH4_2022,PHP02/LH244,11.007693
IAH4_2022,PHP55/LH244,10.633388
IAH4_2022,PHR03/LH244,10.821622
IAH4_2022,PHRE1/PHTD5,8.787782
IAH4_2022,PHW30/LH244,10.625703
IAH4_2022,PHW30_MO17-010-(2N)-01/LH244,10.452396
IAH4_2022,PHW30_MO17-032-(2N)-01/LH244,9.949839
IAH4_2022,PHW30_MO17-095-(2N)-01/LH244,10.69702
IAH4_2022,PHW30_MO17-129-(2N)-01/LH244,10.49482
IAH4_2022,PHW30_MO17-178-(2N)-01/LH244,10.808051
IAH4_2022,PHW30_MO17-234-(2N)-02/LH244,10.852609
IAH4_2022,PHW30_MO17-299-(2N)-01/LH244,10.689766
IAH4_2022,PHW52/PHM49,10.697894
IAH4_2022,PHW52/PHN82,10.824841
IAH4_2022,PHW65/LH244,10.940992
IAH4_2022,PHW65_MOG_0137/LH244,10.89778
IAH4_2022,PHW65_MOG_0176/LH244,10.868147
IAH4_2022,PHW65_MOG_0271/LH244,10.827784
IAH4_2022,TX714/TX779,9.445089
IAH4_2022,TX777/LH195,9.5386305
IAH4_2022,TX779/LH195,10.102161
IAH4_2022,TX951/LH195,9.453621
IAH4_2022,W10001_0003/LH244,9.356557
IAH4_2022,W10001_0007/LH244,9.699487
IAH4_2022,W10001_0008/LH244,9.411253
IAH4_2022,W10001_0009/LH244,9.047112
IAH4_2022,W10001_0010/LH244,10.16455
IAH4_2022,W10001_0011/LH244,8.582424
IAH4_2022,W10001_0012/LH244,9.076284
IAH4_2022,W10001_0013/LH244,9.957875
IAH4_2022,W10001_0014/LH244,9.275404
IAH4_2022,W10001_0016/LH244,9.675004
IAH4_2022,W10001_0017/LH244,9.840996
IAH4_2022,W10001_0018/LH244,9.318153
IAH4_2022,W10001_0019/LH244,9.229441
IAH4_2022,W10001_0021/LH244,8.766585
IAH4_2022,W10001_0022/LH244,9.942208
IAH4_2022,W10001_0023/LH244,10.15294
IAH4_2022,W10001_0029/LH244,9.974812
IAH4_2022,W10001_0030/LH244,10.27479
IAH4_2022,W10001_0031/LH244,9.796593
IAH4_2022,W10001_0033/LH244,10.821622
IAH4_2022,W10001_0036/LH244,9.9328985
IAH4_2022,W10001_0040/LH244,9.324288
IAH4_2022,W10001_0047/LH244,9.75732
IAH4_2022,W10002_0002/LH244,9.88222
IAH4_2022,W10005_0029/LH244,10.758511
IAH4_2022,W10005_0107/LH244,10.352682
IAH4_2022,W10005_0111/LH244,9.597821
IAH4_2022,W10005_0147/LH244,10.559799
IAH4_2022,W10005_0220/LH244,10.8431835
IAH4_2022,W10010_0018/LH244,10.610774
IAH4_2022,W10010_0032/LH244,10.47749
IAH4_2022,W10010_0084/LH244,10.288451
IAH4_2022,W10010_0093/LH244,10.421078
IAH4_2022,W10010_0101/LH244,10.899165
IAH4_2022,W10010_0118/LH244,10.68648
IAH4_2022,W10010_0124/LH244,10.48046
IAH4_2022,W10010_0148/LH244,10.529076
IAH4_2022,W10010_0170/LH244,10.331892
IAH4_2022,W10010_0188/LH244,10.580914
IAH4_2022,W10010_0189/LH244,10.8169565
IAH4_2022,W10010_0215/LH244,10.305498
IAH4_2022,W10010_0239/LH244,10.635789
IAH4_2022,W10010_0279/LH244,10.781129
IAH4_2022,W10010_0294/LH244,10.812446
IAH4_2022,W10010_0310/LH244,10.767771
IAH4_2022,W10010_0311/LH244,10.761906
IAH4_2022,W10010_0337/LH244,10.854308
IAH4_2022,W10010_0346/LH244,10.799719
IAH4_2022,W10010_0358/LH244,10.622994
IAH4_2022,W10010_0366/LH244,10.454741
IAH4_2022,W10010_0381/LH244,10.899021
IAH4_2022,W10010_0452/LH244,10.568217
IAH4_2022,W10010_0464/LH244,10.429816
IAH4_2022,W22/LH244,10.051494
ILH1_2022,B14A/OH43,9.619131
ILH1_2022,B37/H95,9.443879
ILH1_2022,B73/MO17,10.566968
ILH1_2022,B73/PHK76,10.407478
ILH1_2022,B73/PHN82,10.806332
ILH1_2022,B73/PHZ51,9.610625
ILH1_2022,B73/TX779,9.329921
ILH1_2022,B97/LH244,10.119087
ILH1_2022,BGEM-0039-N/LH244,9.573194
ILH1_2022,BGEM-0063-N/LH244,9.428827
ILH1_2022,BGEM-0089-N/LH244,9.89003
ILH1_2022,BGEM-0124-N/LH244,9.316323
ILH1_2022,BGEM-0129-N/LH244,9.60711
ILH1_2022,CG119/CG108,7.622293
ILH1_2022,CG44/CGR01,8.838414
ILH1_2022,DK3IIH6/LH244,10.046408
ILH1_2022,DK78010/LH244,9.585774
ILH1_2022,GEMN-0096/LH244,10.235233
ILH1_2022,GEMN-0096_LH212HT_0001/LH244,10.415183
ILH1_2022,GEMN-0096_LH212HT_0004/LH244,10.748661
ILH1_2022,GEMN-0096_LH212HT_0005/LH244,10.714243
ILH1_2022,GEMN-0096_LH212HT_0006/LH244,10.741291
ILH1_2022,GEMN-0096_LH212HT_0009/LH244,10.718315
ILH1_2022,GEMN-0096_LH212HT_0010/LH244,10.641259
ILH1_2022,GEMN-0096_LH212HT_0011/LH244,10.436088
ILH1_2022,GEMN-0096_LH212HT_0012/LH244,10.470576
ILH1_2022,GEMN-0096_LH212HT_0013/LH244,10.6257
ILH1_2022,GEMN-0096_LH212HT_0017/LH244,10.683852
ILH1_2022,GEMN-0096_LH212HT_0021/LH244,10.627217
ILH1_2022,GEMN-0096_PHJ89_0001/LH244,10.620244
ILH1_2022,GEMN-0096_PHJ89_0002/LH244,10.18768
ILH1_2022,GEMN-0096_PHJ89_0006/LH244,10.48091
ILH1_2022,GEMN-0096_PHJ89_0007/LH244,10.381296
ILH1_2022,GEMN-0096_PHJ89_0009/LH244,10.239092
ILH1_2022,GEMN-0096_PHJ89_0010/LH244,10.408757
ILH1_2022,GEMN-0096_PHJ89_0011/LH244,10.401087
ILH1_2022,GEMN-0096_PHJ89_0012/LH244,10.209958
ILH1_2022,GEMN-0096_PHJ89_0013/LH244,10.302306
ILH1_2022,GEMN-0096_PHJ89_0014/LH244,10.546274
ILH1_2022,GEMN-0096_PHJ89_0016/LH244,10.216124
ILH1_2022,GEMN-0096_PHJ89_0017/LH244,10.441642
ILH1_2022,GEMN-0096_PHK76_0001/LH244,10.67724
ILH1_2022,GEMN-0096_PHK76_0002/LH244,10.694033
ILH1_2022,GEMN-0096_PHK76_0003/LH244,10.6645355
ILH1_2022,GEMN-0096_PHK76_0004/LH244,10.584404
ILH1_2022,GEMN-0096_PHK76_0006/LH244,10.715982
ILH1_2022,GEMN-0096_PHK76_0007/LH244,10.639697
ILH1_2022,GEMN-0096_PHK76_0008/LH244,10.738685
ILH1_2022,GEMN-0096_PHK76_0009/LH244,10.681198
ILH1_2022,GEMN-0096_PHK76_0010/LH244,10.670336
ILH1_2022,GEMN-0096_PHK76_0013/LH244,10.630425
ILH1_2022,GEMN-0096_PHK76_0015/LH244,10.684936
ILH1_2022,GEMN-0096_PHK76_0016/LH244,10.542561
ILH1_2022,GEMN-0096_PHN46_0001/LH244,10.192343
ILH1_2022,GEMN-0096_PHN46_0002/LH244,9.979336
ILH1_2022,GEMN-0096_PHN46_0003/LH244,10.201342
ILH1_2022,GEMN-0096_PHN46_0004/LH244,10.190706
ILH1_2022,GEMN-0096_PHN46_0005/LH244,10.67683
ILH1_2022,GEMN-0096_PHN46_0007/LH244,10.392414
ILH1_2022,GEMN-0096_PHN46_0009/LH244,10.571454
ILH1_2022,GEMN-0096_PHN46_0010/LH244,10.691622
ILH1_2022,GEMN-0096_PHN46_0011/LH244,10.137935
ILH1_2022,GEMN-0096_PHN46_0012/LH244,10.3480215
ILH1_2022,GEMN-0096_PHN46_0013/LH244,10.2145605
ILH1_2022,GEMN-0096_PHN46_0014/LH244,9.993839
ILH1_2022,GEMN-0096_PHN46_0018/LH244,10.566631
ILH1_2022,GEMN-0096_PHN46_0020/LH244,10.513604
ILH1_2022,GEMN-0096_PHN46_0023/LH244,9.912689
ILH1_2022,GEMN-0096_PHP02_0001/LH244,10.404881
ILH1_2022,GEMN-0096_PHP02_0003/LH244,10.029156
ILH1_2022,GEMN-0096_PHP02_0005/LH244,10.719984
ILH1_2022,GEMN-0096_PHP02_0006/LH244,10.588561
ILH1_2022,GEMN-0096_PHP02_0007/LH244,10.233628
ILH1_2022,GEMN-0096_PHP02_0009/LH244,10.394817
ILH1_2022,GEMN-0096_PHP02_0011/LH244,10.623786
ILH1_2022,GEMN-0096_PHP02_0012/LH244,10.513261
ILH1_2022,GEMN-0096_PHP02_0015/LH244,10.104822
ILH1_2022,GEMN-0096_PHP02_0016/LH244,10.430103
ILH1_2022,GEMN-0096_PHP02_0017/LH244,10.11531
ILH1_2022,GEMN-0096_PHP02_0022/LH244,10.679002
ILH1_2022,GEMN-0096_PHP02_0025/LH244,10.359019
ILH1_2022,GEMN-0096_PHP02_0030/LH244,10.456094
ILH1_2022,GEMN-0097/LH244,10.6832285
ILH1_2022,GEMN-0097_LH212HT_0002/LH244,10.707187
ILH1_2022,GEMN-0097_LH212HT_0004/LH244,10.771686
ILH1_2022,GEMN-0097_LH212HT_0019/LH244,10.799813
ILH1_2022,GEMN-0097_LH212HT_0020/LH244,10.756671
ILH1_2022,GEMN-0097_LH212HT_0026/LH244,10.567319
ILH1_2022,GEMN-0097_LH212HT_0032/LH244,10.751632
ILH1_2022,GEMN-0097_LH212HT_0039/LH244,10.753999
ILH1_2022,GEMN-0097_LH212HT_0047/LH244,10.894768
ILH1_2022,GEMN-0097_LH212HT_0051/LH244,10.755628
ILH1_2022,GEMN-0097_LH212HT_0054/LH244,10.690205
ILH1_2022,GEMN-0097_LH212HT_0058/LH244,10.651554
ILH1_2022,GEMN-0097_LH212HT_0061/LH244,10.724592
ILH1_2022,GEMN-0097_LH212HT_0062/LH244,10.75219
ILH1_2022,GEMN-0097_LH212HT_0069/LH244,10.7761135
ILH1_2022,GEMN-0097_LH212HT_0074/LH244,10.627433
ILH1_2022,GEMN-0097_LH212HT_0078/LH244,10.791728
ILH1_2022,GEMN-0097_LH212HT_0085/LH244,10.766898
ILH1_2022,GEMN-0097_LH212HT_0090/LH244,10.706124
ILH1_2022,GEMN-0097_PHJ89_0001/LH244,10.185308
ILH1_2022,GEMN-0097_PHJ89_0002/LH244,10.645519
ILH1_2022,GEMN-0097_PHJ89_0003/LH244,10.209139
ILH1_2022,GEMN-0097_PHJ89_0005/LH244,10.4018545
ILH1_2022,GEMN-0097_PHJ89_0006/LH244,10.509015
ILH1_2022,GEMN-0097_PHJ89_0007/LH244,10.4228525
ILH1_2022,GEMN-0097_PHJ89_0008/LH244,10.212825
ILH1_2022,GEMN-0097_PHJ89_0010/LH244,10.553785
ILH1_2022,GEMN-0097_PHJ89_0011/LH244,10.260081
ILH1_2022,GEMN-0097_PHJ89_0012/LH244,10.362848
ILH1_2022,GEMN-0097_PHJ89_0013/LH244,10.71752
ILH1_2022,GEMN-0097_PHJ89_0016/LH244,10.455561
ILH1_2022,GEMN-0097_PHJ89_0020/LH244,10.635817
ILH1_2022,GEMN-0097_PHJ89_0025/LH244,10.715626
ILH1_2022,GEMN-0097_PHJ89_0026/LH244,10.523891
ILH1_2022,GEMN-0097_PHJ89_0027/LH244,10.528195
ILH1_2022,GEMN-0097_PHJ89_0028/LH244,10.434112
ILH1_2022,GEMN-0097_PHJ89_0029/LH244,10.434218
ILH1_2022,GEMN-0097_PHJ89_0033/LH244,10.686046
ILH1_2022,GEMN-0097_PHJ89_0036/LH244,10.582854
ILH1_2022,GEMN-0097_PHJ89_0039/LH244,10.397887
ILH1_2022,GEMN-0097_PHK76_0002/LH244,10.744739
ILH1_2022,GEMN-0097_PHK76_0003/LH244,10.225239
ILH1_2022,GEMN-0097_PHK76_0007/LH244,10.517255
ILH1_2022,GEMN-0097_PHK76_0009/LH244,10.402911
ILH1_2022,GEMN-0097_PHK76_0011/LH244,10.8237705
ILH1_2022,GEMN-0097_PHK76_0014/LH244,10.525455
ILH1_2022,GEMN-0097_PHK76_0015/LH244,10.657944
ILH1_2022,GEMN-0097_PHK76_0018/LH244,10.555904
ILH1_2022,GEMN-0097_PHK76_0021/LH244,10.209476
ILH1_2022,GEMN-0097_PHK76_0036/LH244,10.455908
ILH1_2022,GEMN-0097_PHK76_0037/LH244,10.855321
ILH1_2022,GEMN-0097_PHK76_0038/LH244,10.668924
ILH1_2022,GEMN-0097_PHK76_0039/LH244,10.029231
ILH1_2022,GEMN-0097_PHK76_0041/LH244,10.714907
ILH1_2022,GEMN-0097_PHK76_0048/LH244,10.678503
ILH1_2022,GEMN-0097_PHK76_0053/LH244,10.33995
ILH1_2022,GEMN-0097_PHK76_0055/LH244,10.705203
ILH1_2022,GEMN-0097_PHK76_0060/LH244,10.7301855
ILH1_2022,GEMN-0097_PHN46_0001/LH244,10.620845
ILH1_2022,GEMN-0097_PHN46_0003/LH244,10.371549
ILH1_2022,GEMN-0097_PHN46_0004/LH244,10.408058
ILH1_2022,GEMN-0097_PHN46_0005/LH244,10.200904
ILH1_2022,GEMN-0097_PHN46_0007/LH244,10.452128
ILH1_2022,GEMN-0097_PHN46_0008/LH244,10.329058
ILH1_2022,GEMN-0097_PHN46_0011/LH244,10.495091
ILH1_2022,GEMN-0097_PHN46_0013/LH244,10.70049
ILH1_2022,GEMN-0097_PHN46_0014/LH244,10.31633
ILH1_2022,GEMN-0097_PHN46_0016/LH244,10.297698
ILH1_2022,GEMN-0097_PHN46_0018/LH244,10.372551
ILH1_2022,GEMN-0097_PHP02_0001/LH244,10.475204
ILH1_2022,GEMN-0097_PHP02_0002/LH244,9.97556
ILH1_2022,GEMN-0097_PHP02_0003/LH244,10.393414
ILH1_2022,GEMN-0097_PHP02_0005/LH244,10.620959
ILH1_2022,GEMN-0097_PHP02_0006/LH244,10.492577
ILH1_2022,GEMN-0097_PHP02_0007/LH244,9.97949
ILH1_2022,GEMN-0098/LH244,10.670694
ILH1_2022,GEMN-0104/LH244,10.853419
ILH1_2022,GEMN-0124/LH244,10.544744
ILH1_2022,GEMN-0144/LH244,10.165026
ILH1_2022,GEMN-0157/LH244,10.346031
ILH1_2022,GEMN-0177/LH244,10.756256
ILH1_2022,GEMN-0178/LH244,10.752215
ILH1_2022,GEMN-0187/LH244,10.528696
ILH1_2022,GEMN-0192/LH244,10.273542
ILH1_2022,GEMN-0192_LH212HT_0001/LH244,10.665445
ILH1_2022,GEMN-0192_LH212HT_0006/LH244,10.317966
ILH1_2022,GEMN-0192_LH212HT_0008/LH244,10.544388
ILH1_2022,GEMN-0192_LH212HT_0010/LH244,10.226142
ILH1_2022,GEMN-0192_LH212HT_0011/LH244,10.121847
ILH1_2022,GEMN-0192_LH212HT_0012/LH244,10.222165
ILH1_2022,GEMN-0192_LH212HT_0013/LH244,10.389068
ILH1_2022,GEMN-0192_LH212HT_0014/LH244,10.551193
ILH1_2022,GEMN-0192_LH212HT_0015/LH244,10.337601
ILH1_2022,GEMN-0192_LH212HT_0016/LH244,10.248018
ILH1_2022,GEMN-0192_LH212HT_0018/LH244,10.742884
ILH1_2022,GEMN-0192_LH212HT_0021/LH244,10.62877
ILH1_2022,GEMN-0192_LH212HT_0023/LH244,10.702661
ILH1_2022,GEMN-0192_PHJ89_0001/LH244,10.492715
ILH1_2022,GEMN-0192_PHJ89_0002/LH244,10.452194
ILH1_2022,GEMN-0192_PHK76_0002/LH244,10.702936
ILH1_2022,GEMN-0192_PHK76_0004/LH244,10.625278
ILH1_2022,GEMN-0192_PHK76_0005/LH244,10.425799
ILH1_2022,GEMN-0192_PHK76_0006/LH244,10.615652
ILH1_2022,GEMN-0192_PHK76_0007/LH244,10.378343
ILH1_2022,GEMN-0192_PHK76_0008/LH244,10.4724245
ILH1_2022,GEMN-0192_PHK76_0009/LH244,10.541745
ILH1_2022,GEMN-0192_PHK76_0010/LH244,10.561345
ILH1_2022,GEMN-0192_PHK76_0011/LH244,10.559566
ILH1_2022,GEMN-0192_PHK76_0012/LH244,10.496911
ILH1_2022,GEMN-0192_PHK76_0013/LH244,10.471408
ILH1_2022,GEMN-0192_PHK76_0014/LH244,10.64874
ILH1_2022,GEMN-0192_PHK76_0015/LH244,10.782925
ILH1_2022,GEMN-0192_PHK76_0016/LH244,10.536857
ILH1_2022,GEMN-0192_PHK76_0017/LH244,10.200553
ILH1_2022,GEMN-0192_PHK76_0019/LH244,10.611808
ILH1_2022,GEMN-0192_PHK76_0021/LH244,10.270854
ILH1_2022,GEMN-0192_PHK76_0025/LH244,10.299574
ILH1_2022,GEMN-0192_PHK76_0027/LH244,10.573765
ILH1_2022,GEMN-0192_PHK76_0028/LH244,10.630822
ILH1_2022,GEMN-0192_PHK76_0030/LH244,10.64249
ILH1_2022,GEMN-0192_PHK76_0032/LH244,10.433032
ILH1_2022,GEMN-0192_PHK76_0033/LH244,10.67724
ILH1_2022,GEMN-0192_PHK76_0035/LH244,10.24323
ILH1_2022,GEMN-0192_PHK76_0036/LH244,10.305731
ILH1_2022,GEMN-0192_PHK76_0037/LH244,10.827826
ILH1_2022,GEMN-0192_PHK76_0041/LH244,10.722717
ILH1_2022,GEMN-0192_PHK76_0044/LH244,10.533076
ILH1_2022,GEMN-0192_PHK76_0045/LH244,10.333947
ILH1_2022,GEMN-0192_PHN46_0001/LH244,10.14119
ILH1_2022,GEMN-0192_PHN46_0002/LH244,10.397988
ILH1_2022,GEMN-0192_PHN46_0003/LH244,10.3564625
ILH1_2022,GEMN-0192_PHN46_0004/LH244,10.318545
ILH1_2022,GEMN-0192_PHN46_0005/LH244,9.869812
ILH1_2022,GEMN-0192_PHN46_0006/LH244,10.658435
ILH1_2022,GEMN-0192_PHN46_0008/LH244,10.497121
ILH1_2022,GEMN-0192_PHN46_0009/LH244,10.526317
ILH1_2022,GEMN-0192_PHN46_0010/LH244,10.246908
ILH1_2022,GEMN-0192_PHN46_0011/LH244,10.431629
ILH1_2022,GEMN-0192_PHN46_0012/LH244,10.067927
ILH1_2022,GEMN-0192_PHN46_0014/LH244,9.926769
ILH1_2022,GEMN-0192_PHN46_0015/LH244,10.643823
ILH1_2022,GEMN-0192_PHN46_0017/LH244,10.164939
ILH1_2022,GEMN-0192_PHN46_0018/LH244,10.398075
ILH1_2022,GEMN-0192_PHN46_0020/LH244,10.344531
ILH1_2022,GEMN-0192_PHN46_0025/LH244,9.943021
ILH1_2022,GEMN-0192_PHP02_0001/LH244,10.422174
ILH1_2022,GEMN-0192_PHP02_0003/LH244,10.474725
ILH1_2022,GEMN-0225/LH244,10.72792
ILH1_2022,GEMN-0225_LH212HT_0002/LH244,10.761559
ILH1_2022,GEMN-0225_LH212HT_0003/LH244,10.89133
ILH1_2022,GEMN-0225_LH212HT_0005/LH244,10.768108
ILH1_2022,GEMN-0225_LH212HT_0006/LH244,10.867371
ILH1_2022,GEMN-0225_LH212HT_0008/LH244,10.653624
ILH1_2022,GEMN-0225_LH212HT_0015/LH244,10.797289
ILH1_2022,GEMN-0225_LH212HT_0017/LH244,10.674151
ILH1_2022,GEMN-0225_LH212HT_0023/LH244,10.864711
ILH1_2022,GEMN-0225_LH212HT_0024/LH244,10.51222
ILH1_2022,GEMN-0225_LH212HT_0025/LH244,10.729803
ILH1_2022,GEMN-0225_LH212HT_0029/LH244,10.895231
ILH1_2022,GEMN-0225_LH212HT_0033/LH244,10.779321
ILH1_2022,GEMN-0225_LH212HT_0036/LH244,10.796176
ILH1_2022,GEMN-0225_LH212HT_0038/LH244,10.664221
ILH1_2022,GEMN-0225_LH212HT_0040/LH244,10.770989
ILH1_2022,GEMN-0225_LH212HT_0043/LH244,10.174644
ILH1_2022,GEMN-0225_PHJ89_0001/LH244,10.549072
ILH1_2022,GEMN-0225_PHJ89_0002/LH244,10.786428
ILH1_2022,GEMN-0225_PHJ89_0003/LH244,10.53714
ILH1_2022,GEMN-0225_PHJ89_0004/LH244,10.581994
ILH1_2022,GEMN-0225_PHJ89_0005/LH244,10.563513
ILH1_2022,GEMN-0225_PHJ89_0006/LH244,10.573423
ILH1_2022,GEMN-0225_PHJ89_0008/LH244,10.546162
ILH1_2022,GEMN-0225_PHJ89_0009/LH244,10.400175
ILH1_2022,GEMN-0225_PHJ89_0013/LH244,10.733843
ILH1_2022,GEMN-0225_PHJ89_0015/LH244,10.535993
ILH1_2022,GEMN-0225_PHJ89_0016/LH244,10.483544
ILH1_2022,GEMN-0225_PHJ89_0017/LH244,10.282459
ILH1_2022,GEMN-0225_PHJ89_0018/LH244,10.556159
ILH1_2022,GEMN-0225_PHJ89_0020/LH244,10.776715
ILH1_2022,GEMN-0225_PHJ89_0021/LH244,10.617211
ILH1_2022,GEMN-0225_PHJ89_0022/LH244,10.454742
ILH1_2022,GEMN-0225_PHJ89_0026/LH244,10.1836405
ILH1_2022,GEMN-0225_PHJ89_0032/LH244,10.65151
ILH1_2022,GEMN-0225_PHK76_0001/LH244,10.625966
ILH1_2022,GEMN-0225_PHK76_0002/LH244,10.691946
ILH1_2022,GEMN-0225_PHK76_0003/LH244,10.777226
ILH1_2022,GEMN-0225_PHK76_0004/LH244,10.847136
ILH1_2022,GEMN-0225_PHK76_0005/LH244,10.578651
ILH1_2022,GEMN-0225_PHK76_0007/LH244,10.849652
ILH1_2022,GEMN-0225_PHK76_0008/LH244,10.812741
ILH1_2022,GEMN-0225_PHK76_0012/LH244,10.82028
ILH1_2022,GEMN-0225_PHK76_0013/LH244,10.700179
ILH1_2022,GEMN-0225_PHK76_0014/LH244,10.854883
ILH1_2022,GEMN-0225_PHK76_0018/LH244,10.765842
ILH1_2022,GEMN-0225_PHK76_0019/LH244,10.64184
ILH1_2022,GEMN-0225_PHK76_0021/LH244,10.7919655
ILH1_2022,GEMN-0225_PHK76_0022/LH244,10.535753
ILH1_2022,GEMN-0225_PHK76_0027/LH244,10.70272
ILH1_2022,GEMN-0225_PHK76_0028/LH244,10.798362
ILH1_2022,GEMN-0225_PHK76_0031/LH244,10.316624
ILH1_2022,GEMN-0225_PHK76_0032/LH244,10.784295
ILH1_2022,GEMN-0225_PHN46_0001/LH244,10.84235
ILH1_2022,GEMN-0225_PHN46_0003/LH244,10.78106
ILH1_2022,GEMN-0225_PHN46_0004/LH244,10.475023
ILH1_2022,GEMN-0225_PHN46_0005/LH244,10.143728
ILH1_2022,GEMN-0225_PHN46_0006/LH244,10.58339
ILH1_2022,GEMN-0225_PHN46_0009/LH244,10.703096
ILH1_2022,GEMN-0225_PHN46_0014/LH244,10.8294935
ILH1_2022,GEMN-0225_PHN46_0021/LH244,10.738827
ILH1_2022,GEMN-0225_PHP02_0001/LH244,10.621679
ILH1_2022,GEMN-0225_PHP02_0002/LH244,10.604586
ILH1_2022,GEMN-0225_PHP02_0003/LH244,10.531258
ILH1_2022,GEMN-0225_PHP02_0005/LH244,10.302229
ILH1_2022,GEMN-0225_PHP02_0006/LH244,10.616466
ILH1_2022,GEMN-0225_PHP02_0007/LH244,10.585524
ILH1_2022,GEMN-0225_PHP02_0008/LH244,10.295771
ILH1_2022,GEMN-0225_PHP02_0009/LH244,10.674493
ILH1_2022,GEMN-0225_PHP02_0010/LH244,10.37556
ILH1_2022,GEMN-0225_PHP02_0012/LH244,10.388385
ILH1_2022,GEMN-0225_PHP02_0013/LH244,10.596091
ILH1_2022,GEMN-0225_PHP02_0014/LH244,10.528994
ILH1_2022,GEMN-0225_PHP02_0015/LH244,10.470475
ILH1_2022,GEMN-0225_PHP02_0017/LH244,10.308677
ILH1_2022,GEMN-0238/LH244,10.758792
ILH1_2022,GEMN-0257/LH244,10.557027
ILH1_2022,GEMN-0270/LH244,9.87408
ILH1_2022,GEMN-0271/LH244,9.824869
ILH1_2022,GEMN-0287/LH244,10.752706
ILH1_2022,LH145/LH82,7.613101
ILH1_2022,LH185/LH244,10.656779
ILH1_2022,LH195/MO17,10.668207
ILH1_2022,LH195/PHK76,10.557921
ILH1_2022,LH195/PHN82,10.800304
ILH1_2022,LH195/PHZ51,9.311004
ILH1_2022,LH213/LH244,10.594342
ILH1_2022,LH216/LH244,10.593133
ILH1_2022,LH244/MO17,10.695498
ILH1_2022,LH244/PHK76,10.803674
ILH1_2022,LH244/PHN82,10.924429
ILH1_2022,LH244/PHZ51,10.041493
ILH1_2022,LH283/LH244,9.594324
ILH1_2022,LH287/LH244,10.753072
ILH1_2022,LH82/LH244,9.494847
ILH1_2022,M162W/LH244,9.307751
ILH1_2022,MBUB/LH244,10.284139
ILH1_2022,MM501D/LH244,10.683086
ILH1_2022,MO17_PHW30-008-(2N)-01/LH244,10.653318
ILH1_2022,MO17_PHW30-200-(2N)-02/LH244,10.727639
ILH1_2022,MO17_PHW30-309-(2N)-01/LH244,10.674421
ILH1_2022,MO44/LH244,10.615375
ILH1_2022,MO44_LH145_0127/LH244,10.309611
ILH1_2022,MO44_LH145_0138/LH244,9.960358
ILH1_2022,MO44_PHG47_0072/LH244,9.737996
ILH1_2022,MO44_PHG47_0125/LH244,10.65341
ILH1_2022,MO44_PHW65_0025/LH244,10.983284
ILH1_2022,MO44_PHW65_0035/LH244,10.893695
ILH1_2022,MOG/LH244,10.3331175
ILH1_2022,MS71/LH244,9.987709
ILH1_2022,NC358/LH244,10.169196
ILH1_2022,NC366/LH244,9.829829
ILH1_2022,NC374/LH244,9.840928
ILH1_2022,NC388/LH244,10.364504
ILH1_2022,NC398/LH244,9.82851
ILH1_2022,NC438/LH244,9.94428
ILH1_2022,NC508/LH244,10.644712
ILH1_2022,NC512/LH244,10.047894
ILH1_2022,NC528/LH244,10.005367
ILH1_2022,NC542/LH244,9.77156
ILH1_2022,NC546/LH244,10.250838
ILH1_2022,NC548/LH244,9.740115
ILH1_2022,NKH8431/LH244,10.298004
ILH1_2022,OH43/LH244,10.216486
ILH1_2022,PH207/LH244,10.402245
ILH1_2022,PH24E/LH244,10.878587
ILH1_2022,PHAP9/LH244,10.784121
ILH1_2022,PHB47/LH244,8.970403
ILH1_2022,PHB47/MO17,9.589344
ILH1_2022,PHB47/PHK76,9.670233
ILH1_2022,PHB47/PHN82,10.592737
ILH1_2022,PHB47/PHZ51,9.158606
ILH1_2022,PHG29/PHG47,9.159753
ILH1_2022,PHG35/LH244,10.929194
ILH1_2022,PHG47/LH244,10.306498
ILH1_2022,PHJ40/PHAJ0,7.8755407
ILH1_2022,PHJ89/LH244,10.432823
ILH1_2022,PHJ89/PH207,9.269889
ILH1_2022,PHJ90/LH244,10.82114
ILH1_2022,PHK56/LH244,10.889349
ILH1_2022,PHKE6/LH244,10.41898
ILH1_2022,PHN11/LH244,10.755035
ILH1_2022,PHN11_LH145_0005/LH244,9.178765
ILH1_2022,PHN11_LH145_0028/LH244,9.523349
ILH1_2022,PHN11_LH145_0085/LH244,9.341801
ILH1_2022,PHN11_OH43_0001/LH244,10.184151
ILH1_2022,PHN11_OH43_0075/LH244,9.993747
ILH1_2022,PHN11_OH43_0088/LH244,10.476127
ILH1_2022,PHN11_PHG47_0251/LH244,10.39128
ILH1_2022,PHN11_PHG47_0287/LH244,9.926631
ILH1_2022,PHN11_PHW65_0312/LH244,10.854716
ILH1_2022,PHN11_PHW65_0323/LH244,10.9827
ILH1_2022,PHN11_PHW65_0359/LH244,10.985633
ILH1_2022,PHN46/LH244,9.913065
ILH1_2022,PHP02/LH244,10.948464
ILH1_2022,PHP55/LH244,10.57858
ILH1_2022,PHR03/LH244,10.749757
ILH1_2022,PHRE1/PHTD5,8.94215
ILH1_2022,PHW30/LH244,10.572057
ILH1_2022,PHW30_MO17-010-(2N)-01/LH244,10.406965
ILH1_2022,PHW30_MO17-032-(2N)-01/LH244,9.9122
ILH1_2022,PHW30_MO17-095-(2N)-01/LH244,10.630926
ILH1_2022,PHW30_MO17-129-(2N)-01/LH244,10.4492
ILH1_2022,PHW30_MO17-178-(2N)-01/LH244,10.728725
ILH1_2022,PHW30_MO17-234-(2N)-02/LH244,10.773888
ILH1_2022,PHW30_MO17-299-(2N)-01/LH244,10.623047
ILH1_2022,PHW52/PHM49,10.662498
ILH1_2022,PHW52/PHN82,10.757396
ILH1_2022,PHW65_MOG_0137/LH244,10.914625
ILH1_2022,PHW65_MOG_0176/LH244,10.870233
ILH1_2022,PHW65_MOG_0271/LH244,10.777496
ILH1_2022,TX714/PHZ51,9.72914
ILH1_2022,TX777/LH195,9.540553
ILH1_2022,TX779/LH195,10.054517
ILH1_2022,W10001_0003/LH244,9.398151
ILH1_2022,W10001_0007/LH244,9.682901
ILH1_2022,W10001_0009/LH244,9.170958
ILH1_2022,W10001_0011/LH244,8.742413
ILH1_2022,W10001_0012/LH244,9.190183
ILH1_2022,W10001_0013/LH244,9.920236
ILH1_2022,W10001_0014/LH244,9.326343
ILH1_2022,W10001_0016/LH244,9.661138
ILH1_2022,W10001_0017/LH244,9.806819
ILH1_2022,W10001_0019/LH244,9.311553
ILH1_2022,W10001_0021/LH244,8.9419775
ILH1_2022,W10001_0022/LH244,9.9056
ILH1_2022,W10001_0023/LH244,10.119651
ILH1_2022,W10001_0030/LH244,10.227672
ILH1_2022,W10001_0031/LH244,9.767429
ILH1_2022,W10001_0033/LH244,10.749757
ILH1_2022,W10001_0036/LH244,9.893885
ILH1_2022,W10001_0040/LH244,9.361532
ILH1_2022,W10001_0047/LH244,9.746247
ILH1_2022,W10002_0002/LH244,9.842403
ILH1_2022,W10005_0029/LH244,10.691062
ILH1_2022,W10005_0107/LH244,10.306781
ILH1_2022,W10005_0111/LH244,9.593704
ILH1_2022,W10005_0147/LH244,10.508489
ILH1_2022,W10005_0220/LH244,10.752869
ILH1_2022,W10010_0018/LH244,10.560185
ILH1_2022,W10010_0032/LH244,10.429002
ILH1_2022,W10010_0084/LH244,10.242424
ILH1_2022,W10010_0093/LH244,10.3783245
ILH1_2022,W10010_0101/LH244,10.809482
ILH1_2022,W10010_0118/LH244,10.634651
ILH1_2022,W10010_0124/LH244,10.42819
ILH1_2022,W10010_0148/LH244,10.480189
ILH1_2022,W10010_0170/LH244,10.284398
ILH1_2022,W10010_0188/LH244,10.538088
ILH1_2022,W10010_0189/LH244,10.756272
ILH1_2022,W10010_0215/LH244,10.262066
ILH1_2022,W10010_0279/LH244,10.714766
ILH1_2022,W10010_0294/LH244,10.7495775
ILH1_2022,W10010_0311/LH244,10.697694
ILH1_2022,W10010_0337/LH244,10.797
ILH1_2022,W10010_0346/LH244,10.731542
ILH1_2022,W10010_0358/LH244,10.578573
ILH1_2022,W10010_0366/LH244,10.406071
ILH1_2022,W10010_0381/LH244,10.8475685
ILH1_2022,W10010_0452/LH244,10.51891
INH1_2022,B14A/H95,9.722883
INH1_2022,B14A/MO17,9.638411
INH1_2022,B14A/OH43,9.739758
INH1_2022,B37/H95,9.581469
INH1_2022,B37/MO17,9.950807
INH1_2022,B37/OH43,9.743519
INH1_2022,B73/MO17,10.668899
INH1_2022,B73/PHK76,10.494114
INH1_2022,B73/PHM49,10.81412
INH1_2022,B73/PHN82,10.861775
INH1_2022,B73/PHZ51,9.692038
INH1_2022,B73/TX779,9.471756
INH1_2022,B97/LH244,10.187257
INH1_2022,BGEM-0039-N/LH244,9.676631
INH1_2022,BGEM-0063-N/LH244,9.581832
INH1_2022,BGEM-0089-N/LH244,9.966589
INH1_2022,BGEM-0124-N/LH244,9.46559
INH1_2022,BGEM-0129-N/LH244,9.703672
INH1_2022,CG119/CG108,7.7609
INH1_2022,CG44/CGR01,8.992054
INH1_2022,DK3IIH6/LH244,10.105125
INH1_2022,DK78010/LH244,9.683309
INH1_2022,F42/H95,10.220437
INH1_2022,F42/MO17,10.657461
INH1_2022,F42/OH43,10.1420965
INH1_2022,GEMN-0096/LH244,10.30498
INH1_2022,GEMN-0096_LH212HT_0001/LH244,10.499189
INH1_2022,GEMN-0096_LH212HT_0002/LH244,10.842225
INH1_2022,GEMN-0096_LH212HT_0004/LH244,10.857373
INH1_2022,GEMN-0096_LH212HT_0005/LH244,10.822762
INH1_2022,GEMN-0096_LH212HT_0006/LH244,10.847662
INH1_2022,GEMN-0096_LH212HT_0009/LH244,10.827613
INH1_2022,GEMN-0096_LH212HT_0010/LH244,10.750805
INH1_2022,GEMN-0096_LH212HT_0012/LH244,10.549896
INH1_2022,GEMN-0096_LH212HT_0013/LH244,10.730017
INH1_2022,GEMN-0096_LH212HT_0017/LH244,10.79524
INH1_2022,GEMN-0096_LH212HT_0021/LH244,10.731853
INH1_2022,GEMN-0096_PHJ89_0001/LH244,10.714972
INH1_2022,GEMN-0096_PHJ89_0002/LH244,10.253643
INH1_2022,GEMN-0096_PHJ89_0006/LH244,10.57335
INH1_2022,GEMN-0096_PHJ89_0007/LH244,10.46947
INH1_2022,GEMN-0096_PHJ89_0009/LH244,10.309567
INH1_2022,GEMN-0096_PHJ89_0010/LH244,10.494785
INH1_2022,GEMN-0096_PHJ89_0011/LH244,10.475154
INH1_2022,GEMN-0096_PHJ89_0012/LH244,10.275198
INH1_2022,GEMN-0096_PHJ89_0013/LH244,10.372463
INH1_2022,GEMN-0096_PHJ89_0014/LH244,10.640653
INH1_2022,GEMN-0096_PHJ89_0016/LH244,10.281876
INH1_2022,GEMN-0096_PHJ89_0017/LH244,10.526169
INH1_2022,GEMN-0096_PHK76_0001/LH244,10.77795
INH1_2022,GEMN-0096_PHK76_0002/LH244,10.798911
INH1_2022,GEMN-0096_PHK76_0003/LH244,10.763676
INH1_2022,GEMN-0096_PHK76_0004/LH244,10.670429
INH1_2022,GEMN-0096_PHK76_0006/LH244,10.820262
INH1_2022,GEMN-0096_PHK76_0007/LH244,10.734649
INH1_2022,GEMN-0096_PHK76_0008/LH244,10.845217
INH1_2022,GEMN-0096_PHK76_0009/LH244,10.78264
INH1_2022,GEMN-0096_PHK76_0010/LH244,10.774195
INH1_2022,GEMN-0096_PHK76_0013/LH244,10.723032
INH1_2022,GEMN-0096_PHK76_0015/LH244,10.789012
INH1_2022,GEMN-0096_PHK76_0016/LH244,10.6229
INH1_2022,GEMN-0096_PHN46_0001/LH244,10.257523
INH1_2022,GEMN-0096_PHN46_0002/LH244,10.045028
INH1_2022,GEMN-0096_PHN46_0003/LH244,10.263786
INH1_2022,GEMN-0096_PHN46_0004/LH244,10.253919
INH1_2022,GEMN-0096_PHN46_0005/LH244,10.772567
INH1_2022,GEMN-0096_PHN46_0007/LH244,10.4720545
INH1_2022,GEMN-0096_PHN46_0009/LH244,10.67028
INH1_2022,GEMN-0096_PHN46_0010/LH244,10.782438
INH1_2022,GEMN-0096_PHN46_0011/LH244,10.201814
INH1_2022,GEMN-0096_PHN46_0012/LH244,10.416118
INH1_2022,GEMN-0096_PHN46_0013/LH244,10.282848
INH1_2022,GEMN-0096_PHN46_0014/LH244,10.059319
INH1_2022,GEMN-0096_PHN46_0018/LH244,10.655463
INH1_2022,GEMN-0096_PHN46_0020/LH244,10.585626
INH1_2022,GEMN-0096_PHN46_0023/LH244,9.99497
INH1_2022,GEMN-0096_PHP02_0001/LH244,10.478865
INH1_2022,GEMN-0096_PHP02_0003/LH244,10.091296
INH1_2022,GEMN-0096_PHP02_0005/LH244,10.819266
INH1_2022,GEMN-0096_PHP02_0006/LH244,10.674854
INH1_2022,GEMN-0096_PHP02_0007/LH244,10.30144
INH1_2022,GEMN-0096_PHP02_0009/LH244,10.468515
INH1_2022,GEMN-0096_PHP02_0011/LH244,10.710462
INH1_2022,GEMN-0096_PHP02_0012/LH244,10.603302
INH1_2022,GEMN-0096_PHP02_0016/LH244,10.516147
INH1_2022,GEMN-0096_PHP02_0017/LH244,10.178225
INH1_2022,GEMN-0096_PHP02_0025/LH244,10.430821
INH1_2022,GEMN-0096_PHP02_0030/LH244,10.54024
INH1_2022,GEMN-0097/LH244,10.7857275
INH1_2022,GEMN-0097_LH212HT_0002/LH244,10.816306
INH1_2022,GEMN-0097_LH212HT_0004/LH244,10.875137
INH1_2022,GEMN-0097_LH212HT_0019/LH244,10.897836
INH1_2022,GEMN-0097_LH212HT_0020/LH244,10.863855
INH1_2022,GEMN-0097_LH212HT_0026/LH244,10.656005
INH1_2022,GEMN-0097_LH212HT_0032/LH244,10.857972
INH1_2022,GEMN-0097_LH212HT_0039/LH244,10.85997
INH1_2022,GEMN-0097_LH212HT_0047/LH244,10.920171
INH1_2022,GEMN-0097_LH212HT_0051/LH244,10.86403
INH1_2022,GEMN-0097_LH212HT_0054/LH244,10.79677
INH1_2022,GEMN-0097_LH212HT_0058/LH244,10.757441
INH1_2022,GEMN-0097_LH212HT_0061/LH244,10.832783
INH1_2022,GEMN-0097_LH212HT_0062/LH244,10.856265
INH1_2022,GEMN-0097_LH212HT_0069/LH244,10.86472
INH1_2022,GEMN-0097_LH212HT_0074/LH244,10.730564
INH1_2022,GEMN-0097_LH212HT_0085/LH244,10.873431
INH1_2022,GEMN-0097_PHJ89_0001/LH244,10.252399
INH1_2022,GEMN-0097_PHJ89_0002/LH244,10.738544
INH1_2022,GEMN-0097_PHJ89_0003/LH244,10.274676
INH1_2022,GEMN-0097_PHJ89_0004/LH244,10.590555
INH1_2022,GEMN-0097_PHJ89_0005/LH244,10.468404
INH1_2022,GEMN-0097_PHJ89_0006/LH244,10.605119
INH1_2022,GEMN-0097_PHJ89_0007/LH244,10.513288
INH1_2022,GEMN-0097_PHJ89_0008/LH244,10.277343
INH1_2022,GEMN-0097_PHJ89_0010/LH244,10.657541
INH1_2022,GEMN-0097_PHJ89_0011/LH244,10.330514
INH1_2022,GEMN-0097_PHJ89_0012/LH244,10.43327
INH1_2022,GEMN-0097_PHJ89_0013/LH244,10.8195505
INH1_2022,GEMN-0097_PHJ89_0016/LH244,10.550322
INH1_2022,GEMN-0097_PHJ89_0020/LH244,10.738863
INH1_2022,GEMN-0097_PHJ89_0023/LH244,10.4636755
INH1_2022,GEMN-0097_PHJ89_0025/LH244,10.822551
INH1_2022,GEMN-0097_PHJ89_0026/LH244,10.614335
INH1_2022,GEMN-0097_PHJ89_0027/LH244,10.612095
INH1_2022,GEMN-0097_PHJ89_0028/LH244,10.515947
INH1_2022,GEMN-0097_PHJ89_0029/LH244,10.516293
INH1_2022,GEMN-0097_PHJ89_0036/LH244,10.677111
INH1_2022,GEMN-0097_PHJ89_0039/LH244,10.480111
INH1_2022,GEMN-0097_PHK76_0003/LH244,10.289301
INH1_2022,GEMN-0097_PHK76_0007/LH244,10.603195
INH1_2022,GEMN-0097_PHK76_0009/LH244,10.47619
INH1_2022,GEMN-0097_PHK76_0011/LH244,10.899453
INH1_2022,GEMN-0097_PHK76_0014/LH244,10.610442
INH1_2022,GEMN-0097_PHK76_0015/LH244,10.752759
INH1_2022,GEMN-0097_PHK76_0018/LH244,10.637768
INH1_2022,GEMN-0097_PHK76_0021/LH244,10.273759
INH1_2022,GEMN-0097_PHK76_0036/LH244,10.528778
INH1_2022,GEMN-0097_PHK76_0037/LH244,10.911629
INH1_2022,GEMN-0097_PHK76_0038/LH244,10.774841
INH1_2022,GEMN-0097_PHK76_0039/LH244,10.089494
INH1_2022,GEMN-0097_PHK76_0041/LH244,10.814379
INH1_2022,GEMN-0097_PHK76_0048/LH244,10.783108
INH1_2022,GEMN-0097_PHK76_0053/LH244,10.405392
INH1_2022,GEMN-0097_PHK76_0055/LH244,10.811187
INH1_2022,GEMN-0097_PHK76_0060/LH244,10.830402
INH1_2022,GEMN-0097_PHN46_0001/LH244,10.711077
INH1_2022,GEMN-0097_PHN46_0003/LH244,10.440212
INH1_2022,GEMN-0097_PHN46_0004/LH244,10.480247
INH1_2022,GEMN-0097_PHN46_0005/LH244,10.264886
INH1_2022,GEMN-0097_PHN46_0007/LH244,10.52552
INH1_2022,GEMN-0097_PHN46_0008/LH244,10.398536
INH1_2022,GEMN-0097_PHN46_0010/LH244,10.853917
INH1_2022,GEMN-0097_PHN46_0011/LH244,10.571732
INH1_2022,GEMN-0097_PHN46_0013/LH244,10.802246
INH1_2022,GEMN-0097_PHN46_0014/LH244,10.383781
INH1_2022,GEMN-0097_PHN46_0016/LH244,10.364136
INH1_2022,GEMN-0097_PHN46_0018/LH244,10.460709
INH1_2022,GEMN-0097_PHP02_0001/LH244,10.553389
INH1_2022,GEMN-0097_PHP02_0002/LH244,10.0425
INH1_2022,GEMN-0097_PHP02_0003/LH244,10.473408
INH1_2022,GEMN-0097_PHP02_0005/LH244,10.710712
INH1_2022,GEMN-0097_PHP02_0006/LH244,10.570943
INH1_2022,GEMN-0097_PHP02_0007/LH244,10.045356
INH1_2022,GEMN-0098/LH244,10.767703
INH1_2022,GEMN-0104/LH244,10.908185
INH1_2022,GEMN-0124/LH244,10.626944
INH1_2022,GEMN-0135/LH244,10.582593
INH1_2022,GEMN-0144/LH244,10.229837
INH1_2022,GEMN-0157/LH244,10.421101
INH1_2022,GEMN-0177/LH244,10.853288
INH1_2022,GEMN-0178/LH244,10.853162
INH1_2022,GEMN-0187/LH244,10.613341
INH1_2022,GEMN-0192/LH244,10.3449335
INH1_2022,GEMN-0192_LH212HT_0001/LH244,10.765554
INH1_2022,GEMN-0192_LH212HT_0006/LH244,10.389988
INH1_2022,GEMN-0192_LH212HT_0008/LH244,10.626411
INH1_2022,GEMN-0192_LH212HT_0010/LH244,10.291141
INH1_2022,GEMN-0192_LH212HT_0011/LH244,10.188772
INH1_2022,GEMN-0192_LH212HT_0012/LH244,10.290197
INH1_2022,GEMN-0192_LH212HT_0013/LH244,10.463621
INH1_2022,GEMN-0192_LH212HT_0014/LH244,10.639629
INH1_2022,GEMN-0192_LH212HT_0015/LH244,10.412234
INH1_2022,GEMN-0192_LH212HT_0016/LH244,10.3158045
INH1_2022,GEMN-0192_LH212HT_0018/LH244,10.859134
INH1_2022,GEMN-0192_LH212HT_0021/LH244,10.744222
INH1_2022,GEMN-0192_LH212HT_0023/LH244,10.812459
INH1_2022,GEMN-0192_PHJ89_0001/LH244,10.575462
INH1_2022,GEMN-0192_PHJ89_0002/LH244,10.544741
INH1_2022,GEMN-0192_PHK76_0002/LH244,10.812339
INH1_2022,GEMN-0192_PHK76_0004/LH244,10.71539
INH1_2022,GEMN-0192_PHK76_0005/LH244,10.49942
INH1_2022,GEMN-0192_PHK76_0006/LH244,10.704552
INH1_2022,GEMN-0192_PHK76_0007/LH244,10.449435
INH1_2022,GEMN-0192_PHK76_0008/LH244,10.55321
INH1_2022,GEMN-0192_PHK76_0009/LH244,10.620031
INH1_2022,GEMN-0192_PHK76_0010/LH244,10.642324
INH1_2022,GEMN-0192_PHK76_0011/LH244,10.65145
INH1_2022,GEMN-0192_PHK76_0012/LH244,10.580048
INH1_2022,GEMN-0192_PHK76_0013/LH244,10.54582
INH1_2022,GEMN-0192_PHK76_0014/LH244,10.752224
INH1_2022,GEMN-0192_PHK76_0015/LH244,10.879592
INH1_2022,GEMN-0192_PHK76_0016/LH244,10.622464
INH1_2022,GEMN-0192_PHK76_0019/LH244,10.698754
INH1_2022,GEMN-0192_PHK76_0021/LH244,10.339701
INH1_2022,GEMN-0192_PHK76_0025/LH244,10.370295
INH1_2022,GEMN-0192_PHK76_0027/LH244,10.659764
INH1_2022,GEMN-0192_PHK76_0028/LH244,10.719209
INH1_2022,GEMN-0192_PHK76_0030/LH244,10.7343645
INH1_2022,GEMN-0192_PHK76_0032/LH244,10.506884
INH1_2022,GEMN-0192_PHK76_0033/LH244,10.777203
INH1_2022,GEMN-0192_PHK76_0035/LH244,10.306313
INH1_2022,GEMN-0192_PHK76_0036/LH244,10.37495
INH1_2022,GEMN-0192_PHK76_0037/LH244,10.897061
INH1_2022,GEMN-0192_PHK76_0041/LH244,10.829264
INH1_2022,GEMN-0192_PHK76_0044/LH244,10.625411
INH1_2022,GEMN-0192_PHK76_0045/LH244,10.40412
INH1_2022,GEMN-0192_PHN46_0001/LH244,10.200731
INH1_2022,GEMN-0192_PHN46_0002/LH244,10.490997
INH1_2022,GEMN-0192_PHN46_0003/LH244,10.419903
INH1_2022,GEMN-0192_PHN46_0004/LH244,10.391017
INH1_2022,GEMN-0192_PHN46_0005/LH244,9.945298
INH1_2022,GEMN-0192_PHN46_0006/LH244,10.74496
INH1_2022,GEMN-0192_PHN46_0008/LH244,10.589813
INH1_2022,GEMN-0192_PHN46_0009/LH244,10.607329
INH1_2022,GEMN-0192_PHN46_0010/LH244,10.312419
INH1_2022,GEMN-0192_PHN46_0011/LH244,10.505841
INH1_2022,GEMN-0192_PHN46_0012/LH244,10.125083
INH1_2022,GEMN-0192_PHN46_0014/LH244,10.013703
INH1_2022,GEMN-0192_PHN46_0015/LH244,10.733676
INH1_2022,GEMN-0192_PHN46_0017/LH244,10.225585
INH1_2022,GEMN-0192_PHN46_0018/LH244,10.481892
INH1_2022,GEMN-0192_PHN46_0020/LH244,10.424026
INH1_2022,GEMN-0192_PHN46_0025/LH244,10.006562
INH1_2022,GEMN-0192_PHP02_0001/LH244,10.494576
INH1_2022,GEMN-0192_PHP02_0003/LH244,10.5585165
INH1_2022,GEMN-0225/LH244,10.833162
INH1_2022,GEMN-0225_LH212HT_0002/LH244,10.867279
INH1_2022,GEMN-0225_LH212HT_0005/LH244,10.892219
INH1_2022,GEMN-0225_LH212HT_0006/LH244,10.915218
INH1_2022,GEMN-0225_LH212HT_0008/LH244,10.7487
INH1_2022,GEMN-0225_LH212HT_0009/LH244,10.818895
INH1_2022,GEMN-0225_LH212HT_0015/LH244,10.895388
INH1_2022,GEMN-0225_LH212HT_0017/LH244,10.7733965
INH1_2022,GEMN-0225_LH212HT_0022/LH244,10.908299
INH1_2022,GEMN-0225_LH212HT_0024/LH244,10.604161
INH1_2022,GEMN-0225_LH212HT_0025/LH244,10.857127
INH1_2022,GEMN-0225_LH212HT_0029/LH244,10.919407
INH1_2022,GEMN-0225_LH212HT_0033/LH244,10.885823
INH1_2022,GEMN-0225_LH212HT_0036/LH244,10.895385
INH1_2022,GEMN-0225_LH212HT_0040/LH244,10.881262
INH1_2022,GEMN-0225_LH212HT_0043/LH244,10.248085
INH1_2022,GEMN-0225_PHJ89_0001/LH244,10.63169
INH1_2022,GEMN-0225_PHJ89_0002/LH244,10.872497
INH1_2022,GEMN-0225_PHJ89_0003/LH244,10.624523
INH1_2022,GEMN-0225_PHJ89_0004/LH244,10.671157
INH1_2022,GEMN-0225_PHJ89_0005/LH244,10.648396
INH1_2022,GEMN-0225_PHJ89_0006/LH244,10.665837
INH1_2022,GEMN-0225_PHJ89_0008/LH244,10.634943
INH1_2022,GEMN-0225_PHJ89_0009/LH244,10.47353
INH1_2022,GEMN-0225_PHJ89_0013/LH244,10.837332
INH1_2022,GEMN-0225_PHJ89_0015/LH244,10.621449
INH1_2022,GEMN-0225_PHJ89_0016/LH244,10.584326
INH1_2022,GEMN-0225_PHJ89_0017/LH244,10.35232
INH1_2022,GEMN-0225_PHJ89_0018/LH244,10.652639
INH1_2022,GEMN-0225_PHJ89_0020/LH244,10.876026
INH1_2022,GEMN-0225_PHJ89_0021/LH244,10.713268
INH1_2022,GEMN-0225_PHJ89_0022/LH244,10.527795
INH1_2022,GEMN-0225_PHJ89_0026/LH244,10.251262
INH1_2022,GEMN-0225_PHJ89_0032/LH244,10.754002
INH1_2022,GEMN-0225_PHK76_0001/LH244,10.718123
INH1_2022,GEMN-0225_PHK76_0002/LH244,10.796332
INH1_2022,GEMN-0225_PHK76_0003/LH244,10.880956
INH1_2022,GEMN-0225_PHK76_0004/LH244,10.917615
INH1_2022,GEMN-0225_PHK76_0005/LH244,10.668584
INH1_2022,GEMN-0225_PHK76_0007/LH244,10.915712
INH1_2022,GEMN-0225_PHK76_0008/LH244,10.90109
INH1_2022,GEMN-0225_PHK76_0010/LH244,10.896254
INH1_2022,GEMN-0225_PHK76_0012/LH244,10.899582
INH1_2022,GEMN-0225_PHK76_0013/LH244,10.8103075
INH1_2022,GEMN-0225_PHK76_0014/LH244,10.902994
INH1_2022,GEMN-0225_PHK76_0018/LH244,10.886399
INH1_2022,GEMN-0225_PHK76_0019/LH244,10.734605
INH1_2022,GEMN-0225_PHK76_0021/LH244,10.875662
INH1_2022,GEMN-0225_PHK76_0022/LH244,10.613659
INH1_2022,GEMN-0225_PHK76_0027/LH244,10.810916
INH1_2022,GEMN-0225_PHK76_0028/LH244,10.883881
INH1_2022,GEMN-0225_PHK76_0031/LH244,10.38551
INH1_2022,GEMN-0225_PHK76_0032/LH244,10.878671
INH1_2022,GEMN-0225_PHN46_0001/LH244,10.895635
INH1_2022,GEMN-0225_PHN46_0003/LH244,10.854474
INH1_2022,GEMN-0225_PHN46_0004/LH244,10.5588875
INH1_2022,GEMN-0225_PHN46_0005/LH244,10.206728
INH1_2022,GEMN-0225_PHN46_0006/LH244,10.675646
INH1_2022,GEMN-0225_PHN46_0009/LH244,10.804362
INH1_2022,GEMN-0225_PHN46_0021/LH244,10.812966
INH1_2022,GEMN-0225_PHP02_0001/LH244,10.714361
INH1_2022,GEMN-0225_PHP02_0002/LH244,10.690673
INH1_2022,GEMN-0225_PHP02_0003/LH244,10.611767
INH1_2022,GEMN-0225_PHP02_0005/LH244,10.375156
INH1_2022,GEMN-0225_PHP02_0006/LH244,10.7082205
INH1_2022,GEMN-0225_PHP02_0007/LH244,10.664651
INH1_2022,GEMN-0225_PHP02_0008/LH244,10.366634
INH1_2022,GEMN-0225_PHP02_0009/LH244,10.780899
INH1_2022,GEMN-0225_PHP02_0010/LH244,10.4488125
INH1_2022,GEMN-0225_PHP02_0012/LH244,10.46097
INH1_2022,GEMN-0225_PHP02_0013/LH244,10.683761
INH1_2022,GEMN-0225_PHP02_0014/LH244,10.619846
INH1_2022,GEMN-0225_PHP02_0015/LH244,10.548439
INH1_2022,GEMN-0225_PHP02_0017/LH244,10.3783865
INH1_2022,GEMN-0232/LH244,10.763605
INH1_2022,GEMN-0238/LH244,10.860953
INH1_2022,GEMN-0257/LH244,10.643787
INH1_2022,GEMN-0271/LH244,9.923281
INH1_2022,GEMN-0287/LH244,10.857079
INH1_2022,LH145/LH82,7.7229238
INH1_2022,LH185/LH244,10.762076
INH1_2022,LH195/MO17,10.772954
INH1_2022,LH195/PHK76,10.646574
INH1_2022,LH195/PHN82,10.870535
INH1_2022,LH195/PHZ51,9.414606
INH1_2022,LH213/LH244,10.685086
INH1_2022,LH216/LH244,10.684893
INH1_2022,LH244/MO17,10.807766
INH1_2022,LH244/PHK76,10.88202
INH1_2022,LH244/PHN82,10.9262295
INH1_2022,LH244/PHZ51,10.13679
INH1_2022,LH283/LH244,9.7193985
INH1_2022,LH287/LH244,10.860217
INH1_2022,LH74/PHN82,10.52046
INH1_2022,LH82/LH244,9.608007
INH1_2022,M162W/LH244,9.494629
INH1_2022,MBUB/LH244,10.355133
INH1_2022,MM501D/LH244,10.78267
INH1_2022,MO17_PHW30-008-(2N)-01/LH244,10.759674
INH1_2022,MO17_PHW30-200-(2N)-02/LH244,10.8703165
INH1_2022,MO17_PHW30-309-(2N)-01/LH244,10.796951
INH1_2022,MO44_LH145_0127/LH244,10.3760805
INH1_2022,MO44_LH145_0138/LH244,10.020394
INH1_2022,MO44_PHG47_0072/LH244,9.835777
INH1_2022,MO44_PHG47_0125/LH244,10.746418
INH1_2022,MO44_PHW65_0025/LH244,10.930575
INH1_2022,MO44_PHW65_0035/LH244,10.911318
INH1_2022,MOG/LH244,10.428066
INH1_2022,MS71/LH244,10.046321
INH1_2022,NC358/LH244,10.236096
INH1_2022,NC360/LH244,10.355059
INH1_2022,NC366/LH244,9.935453
INH1_2022,NC374/LH244,9.902698
INH1_2022,NC386/LH244,10.736339
INH1_2022,NC388/LH244,10.437062
INH1_2022,NC398/LH244,9.941753
INH1_2022,NC406/LH244,9.746856
INH1_2022,NC426/LH244,10.281482
INH1_2022,NC428/LH244,10.447172
INH1_2022,NC438/LH244,10.044053
INH1_2022,NC458/LH244,9.868341
INH1_2022,NC512/LH244,10.111281
INH1_2022,NC528/LH244,10.070776
INH1_2022,NC542/LH244,9.8845415
INH1_2022,NC546/LH244,10.32066
INH1_2022,NC548/LH244,9.8470545
INH1_2022,NKH8431/LH244,10.388913
INH1_2022,OH43/LH244,10.2816305
INH1_2022,PH207/LH244,10.472817
INH1_2022,PH24E/LH244,10.911302
INH1_2022,PHAP9/LH244,10.8820305
INH1_2022,PHB47/LH244,9.13843
INH1_2022,PHB47/MO17,9.694948
INH1_2022,PHB47/PHK76,9.756135
INH1_2022,PHB47/PHN82,10.685257
INH1_2022,PHB47/PHZ51,9.264765
INH1_2022,PHG29/PHG47,9.347394
INH1_2022,PHG39/PHN82,10.744477
INH1_2022,PHG47/LH244,10.377735
INH1_2022,PHJ40/PHAJ0,7.961486
INH1_2022,PHJ89/LH244,10.52386
INH1_2022,PHJ89/PH207,9.451382
INH1_2022,PHJ90/LH244,10.895214
INH1_2022,PHK56/LH244,10.921932
INH1_2022,PHKE6/LH244,10.492548
INH1_2022,PHN11/LH244,10.8822365
INH1_2022,PHN11_LH145_0005/LH244,9.365349
INH1_2022,PHN11_LH145_0028/LH244,9.700248
INH1_2022,PHN11_LH145_0085/LH244,9.527667
INH1_2022,PHN11_OH43_0001/LH244,10.2478
INH1_2022,PHN11_OH43_0075/LH244,10.053285
INH1_2022,PHN11_OH43_0088/LH244,10.547705
INH1_2022,PHN11_PHG47_0251/LH244,10.460495
INH1_2022,PHN11_PHG47_0287/LH244,10.012529
INH1_2022,PHN11_PHW65_0312/LH244,10.922085
INH1_2022,PHN11_PHW65_0323/LH244,10.934896
INH1_2022,PHN11_PHW65_0359/LH244,10.933046
INH1_2022,PHP02/LH244,10.933073
INH1_2022,PHP55/LH244,10.664811
INH1_2022,PHR03/LH244,10.853917
INH1_2022,PHRE1/PHTD5,9.112658
INH1_2022,PHW30/LH244,10.655636
INH1_2022,PHW30_MO17-010-(2N)-01/LH244,10.479695
INH1_2022,PHW30_MO17-032-(2N)-01/LH244,10.010508
INH1_2022,PHW30_MO17-095-(2N)-01/LH244,10.731335
INH1_2022,PHW30_MO17-129-(2N)-01/LH244,10.522891
INH1_2022,PHW30_MO17-178-(2N)-01/LH244,10.842945
INH1_2022,PHW30_MO17-234-(2N)-02/LH244,10.88154
INH1_2022,PHW30_MO17-299-(2N)-01/LH244,10.724181
INH1_2022,PHW52/PHM49,10.749116
INH1_2022,PHW52/PHN82,10.862649
INH1_2022,PHW65/LH244,10.922322
INH1_2022,PHW65_MOG_0137/LH244,10.917478
INH1_2022,PHW65_MOG_0176/LH244,10.8903675
INH1_2022,PHW65_MOG_0271/LH244,10.87808
INH1_2022,TX714/PHZ51,9.807084
INH1_2022,TX714/TX779,9.592994
INH1_2022,TX777/LH195,9.668989
INH1_2022,TX779/LH195,10.116622
INH1_2022,TX951/LH195,9.626763
INH1_2022,W10001_0003/LH244,9.584785
INH1_2022,W10001_0007/LH244,9.809417
INH1_2022,W10001_0009/LH244,9.356933
INH1_2022,W10001_0012/LH244,9.377466
INH1_2022,W10001_0013/LH244,10.006986
INH1_2022,W10001_0014/LH244,9.509526
INH1_2022,W10001_0016/LH244,9.805783
INH1_2022,W10001_0017/LH244,9.906377
INH1_2022,W10001_0019/LH244,9.499374
INH1_2022,W10001_0021/LH244,9.104545
INH1_2022,W10001_0022/LH244,9.98951
INH1_2022,W10001_0023/LH244,10.176672
INH1_2022,W10001_0030/LH244,10.296147
INH1_2022,W10001_0031/LH244,9.877005
INH1_2022,W10001_0033/LH244,10.853917
INH1_2022,W10001_0036/LH244,9.976699
INH1_2022,W10001_0040/LH244,9.534717
INH1_2022,W10001_0047/LH244,9.811641
INH1_2022,W10002_0002/LH244,9.920861
INH1_2022,W10005_0029/LH244,10.794131
INH1_2022,W10005_0107/LH244,10.375723
INH1_2022,W10005_0111/LH244,9.745385
INH1_2022,W10005_0147/LH244,10.590286
INH1_2022,W10005_0220/LH244,10.868847
INH1_2022,W10010_0018/LH244,10.641013
INH1_2022,W10010_0084/LH244,10.30819
INH1_2022,W10010_0093/LH244,10.458023
INH1_2022,W10010_0101/LH244,10.910318
INH1_2022,W10010_0118/LH244,10.733818
INH1_2022,W10010_0124/LH244,10.514342
INH1_2022,W10010_0148/LH244,10.560589
INH1_2022,W10010_0170/LH244,10.354472
INH1_2022,W10010_0188/LH244,10.626946
INH1_2022,W10010_0189/LH244,10.858975
INH1_2022,W10010_0215/LH244,10.327521
INH1_2022,W10010_0279/LH244,10.82458
INH1_2022,W10010_0294/LH244,10.854159
INH1_2022,W10010_0310/LH244,10.810572
INH1_2022,W10010_0311/LH244,10.807787
INH1_2022,W10010_0337/LH244,10.895282
INH1_2022,W10010_0346/LH244,10.841867
INH1_2022,W10010_0358/LH244,10.670495
INH1_2022,W10010_0366/LH244,10.482625
INH1_2022,W10010_0452/LH244,10.599018
MIH1_2022,B14A/OH43,9.971542
MIH1_2022,B37/H95,9.790324
MIH1_2022,B73/MO17,10.688232
MIH1_2022,B73/PHN82,10.792388
MIH1_2022,B73/TX779,9.692406
MIH1_2022,B97/LH244,10.48643
MIH1_2022,BGEM-0039-N/LH244,9.926595
MIH1_2022,BGEM-0063-N/LH244,9.781933
MIH1_2022,BGEM-0089-N/LH244,10.244997
MIH1_2022,BGEM-0124-N/LH244,9.664699
MIH1_2022,BGEM-0129-N/LH244,9.959927
MIH1_2022,CG119/CG108,8.313792
MIH1_2022,CG44/CGR01,9.113204
MIH1_2022,DK3IIH6/LH244,10.383502
MIH1_2022,DK78010/LH244,9.927261
MIH1_2022,GEMN-0096/LH244,10.5279665
MIH1_2022,GEMN-0096_LH212HT_0001/LH244,10.641305
MIH1_2022,GEMN-0096_LH212HT_0002/LH244,10.852006
MIH1_2022,GEMN-0096_LH212HT_0003/LH244,10.762763
MIH1_2022,GEMN-0096_LH212HT_0004/LH244,10.862985
MIH1_2022,GEMN-0096_LH212HT_0005/LH244,10.83145
MIH1_2022,GEMN-0096_LH212HT_0006/LH244,10.861564
MIH1_2022,GEMN-0096_LH212HT_0008/LH244,10.484026
MIH1_2022,GEMN-0096_LH212HT_0009/LH244,10.838104
MIH1_2022,GEMN-0096_LH212HT_0010/LH244,10.764117
MIH1_2022,GEMN-0096_LH212HT_0011/LH244,10.664858
MIH1_2022,GEMN-0096_LH212HT_0012/LH244,10.699516
MIH1_2022,GEMN-0096_LH212HT_0013/LH244,10.769819
MIH1_2022,GEMN-0096_LH212HT_0017/LH244,10.813727
MIH1_2022,GEMN-0096_LH212HT_0020/LH244,10.666585
MIH1_2022,GEMN-0096_LH212HT_0021/LH244,10.787353
MIH1_2022,GEMN-0096_LH212HT_0027/LH244,10.696663
MIH1_2022,GEMN-0096_PHJ89_0001/LH244,10.71252
MIH1_2022,GEMN-0096_PHJ89_0002/LH244,10.482399
MIH1_2022,GEMN-0096_PHJ89_0006/LH244,10.633074
MIH1_2022,GEMN-0096_PHJ89_0007/LH244,10.566397
MIH1_2022,GEMN-0096_PHJ89_0009/LH244,10.488581
MIH1_2022,GEMN-0096_PHJ89_0010/LH244,10.59858
MIH1_2022,GEMN-0096_PHJ89_0011/LH244,10.60675
MIH1_2022,GEMN-0096_PHJ89_0012/LH244,10.468599
MIH1_2022,GEMN-0096_PHJ89_0013/LH244,10.574504
MIH1_2022,GEMN-0096_PHJ89_0014/LH244,10.670391
MIH1_2022,GEMN-0096_PHJ89_0016/LH244,10.503495
MIH1_2022,GEMN-0096_PHJ89_0017/LH244,10.6173725
MIH1_2022,GEMN-0096_PHK76_0001/LH244,10.792136
MIH1_2022,GEMN-0096_PHK76_0002/LH244,10.823675
MIH1_2022,GEMN-0096_PHK76_0003/LH244,10.812915
MIH1_2022,GEMN-0096_PHK76_0004/LH244,10.7433195
MIH1_2022,GEMN-0096_PHK76_0006/LH244,10.829326
MIH1_2022,GEMN-0096_PHK76_0007/LH244,10.777614
MIH1_2022,GEMN-0096_PHK76_0008/LH244,10.847136
MIH1_2022,GEMN-0096_PHK76_0009/LH244,10.800115
MIH1_2022,GEMN-0096_PHK76_0010/LH244,10.788908
MIH1_2022,GEMN-0096_PHK76_0013/LH244,10.7547865
MIH1_2022,GEMN-0096_PHK76_0015/LH244,10.798867
MIH1_2022,GEMN-0096_PHK76_0016/LH244,10.714774
MIH1_2022,GEMN-0096_PHN46_0001/LH244,10.45893
MIH1_2022,GEMN-0096_PHN46_0002/LH244,10.335528
MIH1_2022,GEMN-0096_PHN46_0003/LH244,10.525614
MIH1_2022,GEMN-0096_PHN46_0004/LH244,10.448924
MIH1_2022,GEMN-0096_PHN46_0005/LH244,10.736415
MIH1_2022,GEMN-0096_PHN46_0007/LH244,10.580603
MIH1_2022,GEMN-0096_PHN46_0008/LH244,10.571492
MIH1_2022,GEMN-0096_PHN46_0009/LH244,10.697722
MIH1_2022,GEMN-0096_PHN46_0010/LH244,10.769889
MIH1_2022,GEMN-0096_PHN46_0011/LH244,10.461138
MIH1_2022,GEMN-0096_PHN46_0012/LH244,10.562947
MIH1_2022,GEMN-0096_PHN46_0013/LH244,10.465662
MIH1_2022,GEMN-0096_PHN46_0014/LH244,10.329984
MIH1_2022,GEMN-0096_PHN46_0018/LH244,10.683751
MIH1_2022,GEMN-0096_PHN46_0020/LH244,10.676132
MIH1_2022,GEMN-0096_PHN46_0023/LH244,10.27596
MIH1_2022,GEMN-0096_PHP02_0001/LH244,10.622761
MIH1_2022,GEMN-0096_PHP02_0002/LH244,10.435734
MIH1_2022,GEMN-0096_PHP02_0003/LH244,10.37535
MIH1_2022,GEMN-0096_PHP02_0004/LH244,10.585513
MIH1_2022,GEMN-0096_PHP02_0005/LH244,10.789197
MIH1_2022,GEMN-0096_PHP02_0006/LH244,10.722379
MIH1_2022,GEMN-0096_PHP02_0007/LH244,10.525721
MIH1_2022,GEMN-0096_PHP02_0008/LH244,10.613025
MIH1_2022,GEMN-0096_PHP02_0009/LH244,10.589786
MIH1_2022,GEMN-0096_PHP02_0010/LH244,10.751233
MIH1_2022,GEMN-0096_PHP02_0011/LH244,10.725969
MIH1_2022,GEMN-0096_PHP02_0012/LH244,10.650489
MIH1_2022,GEMN-0096_PHP02_0015/LH244,10.429245
MIH1_2022,GEMN-0096_PHP02_0016/LH244,10.624369
MIH1_2022,GEMN-0096_PHP02_0017/LH244,10.467555
MIH1_2022,GEMN-0096_PHP02_0022/LH244,10.765441
MIH1_2022,GEMN-0096_PHP02_0025/LH244,10.599228
MIH1_2022,GEMN-0096_PHP02_0030/LH244,10.628021
MIH1_2022,GEMN-0097/LH244,10.75993
MIH1_2022,GEMN-0097_LH212HT_0002/LH244,10.810741
MIH1_2022,GEMN-0097_LH212HT_0004/LH244,10.831547
MIH1_2022,GEMN-0097_LH212HT_0017/LH244,10.594727
MIH1_2022,GEMN-0097_LH212HT_0018/LH244,10.815757
MIH1_2022,GEMN-0097_LH212HT_0019/LH244,10.890331
MIH1_2022,GEMN-0097_LH212HT_0020/LH244,10.860335
MIH1_2022,GEMN-0097_LH212HT_0023/LH244,10.865056
MIH1_2022,GEMN-0097_LH212HT_0026/LH244,10.761727
MIH1_2022,GEMN-0097_LH212HT_0032/LH244,10.841123
MIH1_2022,GEMN-0097_LH212HT_0034/LH244,10.769383
MIH1_2022,GEMN-0097_LH212HT_0039/LH244,10.829836
MIH1_2022,GEMN-0097_LH212HT_0046/LH244,10.628158
MIH1_2022,GEMN-0097_LH212HT_0047/LH244,10.864691
MIH1_2022,GEMN-0097_LH212HT_0051/LH244,10.856835
MIH1_2022,GEMN-0097_LH212HT_0054/LH244,10.778947
MIH1_2022,GEMN-0097_LH212HT_0058/LH244,10.75106
MIH1_2022,GEMN-0097_LH212HT_0061/LH244,10.840786
MIH1_2022,GEMN-0097_LH212HT_0062/LH244,10.811222
MIH1_2022,GEMN-0097_LH212HT_0069/LH244,10.830086
MIH1_2022,GEMN-0097_LH212HT_0074/LH244,10.797207
MIH1_2022,GEMN-0097_LH212HT_0078/LH244,10.862927
MIH1_2022,GEMN-0097_LH212HT_0085/LH244,10.838631
MIH1_2022,GEMN-0097_LH212HT_0090/LH244,10.782773
MIH1_2022,GEMN-0097_PHJ89_0001/LH244,10.472845
MIH1_2022,GEMN-0097_PHJ89_0002/LH244,10.767291
MIH1_2022,GEMN-0097_PHJ89_0003/LH244,10.5000725
MIH1_2022,GEMN-0097_PHJ89_0004/LH244,10.644589
MIH1_2022,GEMN-0097_PHJ89_0005/LH244,10.575497
MIH1_2022,GEMN-0097_PHJ89_0006/LH244,10.683994
MIH1_2022,GEMN-0097_PHJ89_0007/LH244,10.598758
MIH1_2022,GEMN-0097_PHJ89_0008/LH244,10.504055
MIH1_2022,GEMN-0097_PHJ89_0010/LH244,10.686752
MIH1_2022,GEMN-0097_PHJ89_0011/LH244,10.512184
MIH1_2022,GEMN-0097_PHJ89_0012/LH244,10.6138735
MIH1_2022,GEMN-0097_PHJ89_0013/LH244,10.785119
MIH1_2022,GEMN-0097_PHJ89_0016/LH244,10.600074
MIH1_2022,GEMN-0097_PHJ89_0020/LH244,10.763982
MIH1_2022,GEMN-0097_PHJ89_0023/LH244,10.579294
MIH1_2022,GEMN-0097_PHJ89_0025/LH244,10.812416
MIH1_2022,GEMN-0097_PHJ89_0026/LH244,10.689561
MIH1_2022,GEMN-0097_PHJ89_0027/LH244,10.691224
MIH1_2022,GEMN-0097_PHJ89_0028/LH244,10.633785
MIH1_2022,GEMN-0097_PHJ89_0029/LH244,10.620288
MIH1_2022,GEMN-0097_PHJ89_0033/LH244,10.791252
MIH1_2022,GEMN-0097_PHJ89_0036/LH244,10.7001915
MIH1_2022,GEMN-0097_PHJ89_0039/LH244,10.61046
MIH1_2022,GEMN-0097_PHK76_0002/LH244,10.847476
MIH1_2022,GEMN-0097_PHK76_0003/LH244,10.502212
MIH1_2022,GEMN-0097_PHK76_0007/LH244,10.674293
MIH1_2022,GEMN-0097_PHK76_0009/LH244,10.644373
MIH1_2022,GEMN-0097_PHK76_0010/LH244,10.653935
MIH1_2022,GEMN-0097_PHK76_0011/LH244,10.855977
MIH1_2022,GEMN-0097_PHK76_0012/LH244,10.713812
MIH1_2022,GEMN-0097_PHK76_0014/LH244,10.6932
MIH1_2022,GEMN-0097_PHK76_0015/LH244,10.762961
MIH1_2022,GEMN-0097_PHK76_0016/LH244,10.800341
MIH1_2022,GEMN-0097_PHK76_0017/LH244,10.850267
MIH1_2022,GEMN-0097_PHK76_0018/LH244,10.718793
MIH1_2022,GEMN-0097_PHK76_0021/LH244,10.510506
MIH1_2022,GEMN-0097_PHK76_0023/LH244,10.652389
MIH1_2022,GEMN-0097_PHK76_0032/LH244,10.817619
MIH1_2022,GEMN-0097_PHK76_0036/LH244,10.643747
MIH1_2022,GEMN-0097_PHK76_0037/LH244,10.881842
MIH1_2022,GEMN-0097_PHK76_0038/LH244,10.788521
MIH1_2022,GEMN-0097_PHK76_0039/LH244,10.334749
MIH1_2022,GEMN-0097_PHK76_0041/LH244,10.805787
MIH1_2022,GEMN-0097_PHK76_0048/LH244,10.819048
MIH1_2022,GEMN-0097_PHK76_0052/LH244,10.763598
MIH1_2022,GEMN-0097_PHK76_0053/LH244,10.543127
MIH1_2022,GEMN-0097_PHK76_0055/LH244,10.793991
MIH1_2022,GEMN-0097_PHK76_0060/LH244,10.81043
MIH1_2022,GEMN-0097_PHN46_0001/LH244,10.710877
MIH1_2022,GEMN-0097_PHN46_0002/LH244,10.645151
MIH1_2022,GEMN-0097_PHN46_0003/LH244,10.591126
MIH1_2022,GEMN-0097_PHN46_0004/LH244,10.610388
MIH1_2022,GEMN-0097_PHN46_0005/LH244,10.492843
MIH1_2022,GEMN-0097_PHN46_0006/LH244,10.66607
MIH1_2022,GEMN-0097_PHN46_0007/LH244,10.61084
MIH1_2022,GEMN-0097_PHN46_0008/LH244,10.5455885
MIH1_2022,GEMN-0097_PHN46_0009/LH244,10.534676
MIH1_2022,GEMN-0097_PHN46_0011/LH244,10.6473675
MIH1_2022,GEMN-0097_PHN46_0012/LH244,10.667675
MIH1_2022,GEMN-0097_PHN46_0013/LH244,10.764458
MIH1_2022,GEMN-0097_PHN46_0014/LH244,10.539598
MIH1_2022,GEMN-0097_PHN46_0016/LH244,10.574957
MIH1_2022,GEMN-0097_PHN46_0018/LH244,10.524429
MIH1_2022,GEMN-0097_PHP02_0001/LH244,10.636696
MIH1_2022,GEMN-0097_PHP02_0002/LH244,10.3331175
MIH1_2022,GEMN-0097_PHP02_0003/LH244,10.580493
MIH1_2022,GEMN-0097_PHP02_0005/LH244,10.729916
MIH1_2022,GEMN-0097_PHP02_0006/LH244,10.660966
MIH1_2022,GEMN-0097_PHP02_0007/LH244,10.336503
MIH1_2022,GEMN-0098/LH244,10.773744
MIH1_2022,GEMN-0104/LH244,10.8321085
MIH1_2022,GEMN-0124/LH244,10.7000885
MIH1_2022,GEMN-0135/LH244,10.670779
MIH1_2022,GEMN-0144/LH244,10.476648
MIH1_2022,GEMN-0157/LH244,10.596635
MIH1_2022,GEMN-0177/LH244,10.804507
MIH1_2022,GEMN-0178/LH244,10.8155775
MIH1_2022,GEMN-0187/LH244,10.697715
MIH1_2022,GEMN-0192/LH244,10.544562
MIH1_2022,GEMN-0192_LH212HT_0001/LH244,10.809665
MIH1_2022,GEMN-0192_LH212HT_0002/LH244,10.657776
MIH1_2022,GEMN-0192_LH212HT_0006/LH244,10.603747
MIH1_2022,GEMN-0192_LH212HT_0008/LH244,10.733843
MIH1_2022,GEMN-0192_LH212HT_0010/LH244,10.568292
MIH1_2022,GEMN-0192_LH212HT_0011/LH244,10.495254
MIH1_2022,GEMN-0192_LH212HT_0012/LH244,10.529722
MIH1_2022,GEMN-0192_LH212HT_0013/LH244,10.643746
MIH1_2022,GEMN-0192_LH212HT_0014/LH244,10.741217
MIH1_2022,GEMN-0192_LH212HT_0015/LH244,10.616559
MIH1_2022,GEMN-0192_LH212HT_0016/LH244,10.533836
MIH1_2022,GEMN-0192_LH212HT_0018/LH244,10.885909
MIH1_2022,GEMN-0192_LH212HT_0021/LH244,10.844032
MIH1_2022,GEMN-0192_LH212HT_0023/LH244,10.82104
MIH1_2022,GEMN-0192_LH212HT_0026/LH244,10.701024
MIH1_2022,GEMN-0192_PHJ89_0001/LH244,10.672549
MIH1_2022,GEMN-0192_PHJ89_0002/LH244,10.612636
MIH1_2022,GEMN-0192_PHK76_0002/LH244,10.822557
MIH1_2022,GEMN-0192_PHK76_0004/LH244,10.752192
MIH1_2022,GEMN-0192_PHK76_0005/LH244,10.630691
MIH1_2022,GEMN-0192_PHK76_0006/LH244,10.72837
MIH1_2022,GEMN-0192_PHK76_0007/LH244,10.578051
MIH1_2022,GEMN-0192_PHK76_0008/LH244,10.647738
MIH1_2022,GEMN-0192_PHK76_0009/LH244,10.688629
MIH1_2022,GEMN-0192_PHK76_0010/LH244,10.714702
MIH1_2022,GEMN-0192_PHK76_0011/LH244,10.702971
MIH1_2022,GEMN-0192_PHK76_0012/LH244,10.659368
MIH1_2022,GEMN-0192_PHK76_0013/LH244,10.703612
MIH1_2022,GEMN-0192_PHK76_0014/LH244,10.748108
MIH1_2022,GEMN-0192_PHK76_0015/LH244,10.85246
MIH1_2022,GEMN-0192_PHK76_0016/LH244,10.663775
MIH1_2022,GEMN-0192_PHK76_0017/LH244,10.515951
MIH1_2022,GEMN-0192_PHK76_0018/LH244,10.841564
MIH1_2022,GEMN-0192_PHK76_0019/LH244,10.72421
MIH1_2022,GEMN-0192_PHK76_0021/LH244,10.517189
MIH1_2022,GEMN-0192_PHK76_0025/LH244,10.542567
MIH1_2022,GEMN-0192_PHK76_0027/LH244,10.716663
MIH1_2022,GEMN-0192_PHK76_0028/LH244,10.74081
MIH1_2022,GEMN-0192_PHK76_0030/LH244,10.776497
MIH1_2022,GEMN-0192_PHK76_0032/LH244,10.6528225
MIH1_2022,GEMN-0192_PHK76_0033/LH244,10.784499
MIH1_2022,GEMN-0192_PHK76_0035/LH244,10.495209
MIH1_2022,GEMN-0192_PHK76_0036/LH244,10.591108
MIH1_2022,GEMN-0192_PHK76_0037/LH244,10.884361
MIH1_2022,GEMN-0192_PHK76_0041/LH244,10.810454
MIH1_2022,GEMN-0192_PHK76_0044/LH244,10.672076
MIH1_2022,GEMN-0192_PHK76_0045/LH244,10.557743
MIH1_2022,GEMN-0192_PHN46_0001/LH244,10.459525
MIH1_2022,GEMN-0192_PHN46_0002/LH244,10.560077
MIH1_2022,GEMN-0192_PHN46_0003/LH244,10.536257
MIH1_2022,GEMN-0192_PHN46_0004/LH244,10.515704
MIH1_2022,GEMN-0192_PHN46_0005/LH244,10.222954
MIH1_2022,GEMN-0192_PHN46_0006/LH244,10.730447
MIH1_2022,GEMN-0192_PHN46_0007/LH244,10.405591
MIH1_2022,GEMN-0192_PHN46_0008/LH244,10.631874
MIH1_2022,GEMN-0192_PHN46_0009/LH244,10.663098
MIH1_2022,GEMN-0192_PHN46_0010/LH244,10.515199
MIH1_2022,GEMN-0192_PHN46_0011/LH244,10.613151
MIH1_2022,GEMN-0192_PHN46_0012/LH244,10.397712
MIH1_2022,GEMN-0192_PHN46_0014/LH244,10.284842
MIH1_2022,GEMN-0192_PHN46_0015/LH244,10.705267
MIH1_2022,GEMN-0192_PHN46_0017/LH244,10.476675
MIH1_2022,GEMN-0192_PHN46_0018/LH244,10.566918
MIH1_2022,GEMN-0192_PHN46_0019/LH244,10.566726
MIH1_2022,GEMN-0192_PHN46_0020/LH244,10.553429
MIH1_2022,GEMN-0192_PHN46_0021/LH244,10.587275
MIH1_2022,GEMN-0192_PHN46_0025/LH244,10.272472
MIH1_2022,GEMN-0192_PHP02_0001/LH244,10.632121
MIH1_2022,GEMN-0192_PHP02_0003/LH244,10.641666
MIH1_2022,GEMN-0225/LH244,10.817602
MIH1_2022,GEMN-0225_LH212HT_0002/LH244,10.835652
MIH1_2022,GEMN-0225_LH212HT_0003/LH244,10.899824
MIH1_2022,GEMN-0225_LH212HT_0005/LH244,10.907925
MIH1_2022,GEMN-0225_LH212HT_0006/LH244,10.878052
MIH1_2022,GEMN-0225_LH212HT_0008/LH244,10.7865
MIH1_2022,GEMN-0225_LH212HT_0009/LH244,10.847561
MIH1_2022,GEMN-0225_LH212HT_0015/LH244,10.867374
MIH1_2022,GEMN-0225_LH212HT_0017/LH244,10.804446
MIH1_2022,GEMN-0225_LH212HT_0021/LH244,10.860116
MIH1_2022,GEMN-0225_LH212HT_0022/LH244,10.905915
MIH1_2022,GEMN-0225_LH212HT_0023/LH244,10.874172
MIH1_2022,GEMN-0225_LH212HT_0024/LH244,10.667634
MIH1_2022,GEMN-0225_LH212HT_0025/LH244,10.892692
MIH1_2022,GEMN-0225_LH212HT_0028/LH244,10.862152
MIH1_2022,GEMN-0225_LH212HT_0029/LH244,10.877815
MIH1_2022,GEMN-0225_LH212HT_0033/LH244,10.884614
MIH1_2022,GEMN-0225_LH212HT_0036/LH244,10.861947
MIH1_2022,GEMN-0225_LH212HT_0038/LH244,10.806916
MIH1_2022,GEMN-0225_LH212HT_0040/LH244,10.890947
MIH1_2022,GEMN-0225_LH212HT_0043/LH244,10.422247
MIH1_2022,GEMN-0225_PHJ89_0001/LH244,10.715627
MIH1_2022,GEMN-0225_PHJ89_0002/LH244,10.824624
MIH1_2022,GEMN-0225_PHJ89_0003/LH244,10.68418
MIH1_2022,GEMN-0225_PHJ89_0004/LH244,10.712583
MIH1_2022,GEMN-0225_PHJ89_0005/LH244,10.741659
MIH1_2022,GEMN-0225_PHJ89_0006/LH244,10.70232
MIH1_2022,GEMN-0225_PHJ89_0007/LH244,10.829874
MIH1_2022,GEMN-0225_PHJ89_0008/LH244,10.686811
MIH1_2022,GEMN-0225_PHJ89_0009/LH244,10.587654
MIH1_2022,GEMN-0225_PHJ89_0013/LH244,10.835823
MIH1_2022,GEMN-0225_PHJ89_0014/LH244,10.781492
MIH1_2022,GEMN-0225_PHJ89_0015/LH244,10.707685
MIH1_2022,GEMN-0225_PHJ89_0016/LH244,10.645386
MIH1_2022,GEMN-0225_PHJ89_0017/LH244,10.5352125
MIH1_2022,GEMN-0225_PHJ89_0018/LH244,10.707316
MIH1_2022,GEMN-0225_PHJ89_0019/LH244,10.658807
MIH1_2022,GEMN-0225_PHJ89_0020/LH244,10.852716
MIH1_2022,GEMN-0225_PHJ89_0021/LH244,10.717251
MIH1_2022,GEMN-0225_PHJ89_0022/LH244,10.642019
MIH1_2022,GEMN-0225_PHJ89_0025/LH244,10.692537
MIH1_2022,GEMN-0225_PHJ89_0026/LH244,10.488723
MIH1_2022,GEMN-0225_PHJ89_0027/LH244,10.768425
MIH1_2022,GEMN-0225_PHJ89_0032/LH244,10.778241
MIH1_2022,GEMN-0225_PHK76_0001/LH244,10.774762
MIH1_2022,GEMN-0225_PHK76_0002/LH244,10.815136
MIH1_2022,GEMN-0225_PHK76_0003/LH244,10.882107
MIH1_2022,GEMN-0225_PHK76_0004/LH244,10.918851
MIH1_2022,GEMN-0225_PHK76_0005/LH244,10.726034
MIH1_2022,GEMN-0225_PHK76_0007/LH244,10.899803
MIH1_2022,GEMN-0225_PHK76_0008/LH244,10.909471
MIH1_2022,GEMN-0225_PHK76_0010/LH244,10.881239
MIH1_2022,GEMN-0225_PHK76_0012/LH244,10.847114
MIH1_2022,GEMN-0225_PHK76_0013/LH244,10.833983
MIH1_2022,GEMN-0225_PHK76_0014/LH244,10.859965
MIH1_2022,GEMN-0225_PHK76_0018/LH244,10.904018
MIH1_2022,GEMN-0225_PHK76_0019/LH244,10.772356
MIH1_2022,GEMN-0225_PHK76_0021/LH244,10.821453
MIH1_2022,GEMN-0225_PHK76_0022/LH244,10.710289
MIH1_2022,GEMN-0225_PHK76_0027/LH244,10.812655
MIH1_2022,GEMN-0225_PHK76_0028/LH244,10.851357
MIH1_2022,GEMN-0225_PHK76_0031/LH244,10.60343
MIH1_2022,GEMN-0225_PHK76_0032/LH244,10.851108
MIH1_2022,GEMN-0225_PHK76_0039/LH244,10.780564
MIH1_2022,GEMN-0225_PHN46_0001/LH244,10.845979
MIH1_2022,GEMN-0225_PHN46_0003/LH244,10.787504
MIH1_2022,GEMN-0225_PHN46_0004/LH244,10.641869
MIH1_2022,GEMN-0225_PHN46_0005/LH244,10.43834
MIH1_2022,GEMN-0225_PHN46_0006/LH244,10.698229
MIH1_2022,GEMN-0225_PHN46_0008/LH244,10.750048
MIH1_2022,GEMN-0225_PHN46_0009/LH244,10.768825
MIH1_2022,GEMN-0225_PHN46_0014/LH244,10.8210535
MIH1_2022,GEMN-0225_PHN46_0021/LH244,10.751122
MIH1_2022,GEMN-0225_PHP02_0001/LH244,10.721603
MIH1_2022,GEMN-0225_PHP02_0002/LH244,10.736468
MIH1_2022,GEMN-0225_PHP02_0003/LH244,10.686475
MIH1_2022,GEMN-0225_PHP02_0005/LH244,10.509644
MIH1_2022,GEMN-0225_PHP02_0006/LH244,10.731074
MIH1_2022,GEMN-0225_PHP02_0007/LH244,10.739657
MIH1_2022,GEMN-0225_PHP02_0008/LH244,10.579425
MIH1_2022,GEMN-0225_PHP02_0009/LH244,10.778034
MIH1_2022,GEMN-0225_PHP02_0010/LH244,10.615256
MIH1_2022,GEMN-0225_PHP02_0012/LH244,10.602668
MIH1_2022,GEMN-0225_PHP02_0013/LH244,10.7395315
MIH1_2022,GEMN-0225_PHP02_0014/LH244,10.672124
MIH1_2022,GEMN-0225_PHP02_0015/LH244,10.6882925
MIH1_2022,GEMN-0225_PHP02_0017/LH244,10.582941
MIH1_2022,GEMN-0232/LH244,10.7737
MIH1_2022,GEMN-0238/LH244,10.865515
MIH1_2022,GEMN-0257/LH244,10.710229
MIH1_2022,GEMN-0270/LH244,10.237176
MIH1_2022,GEMN-0271/LH244,10.186703
MIH1_2022,GEMN-0287/LH244,10.828663
MIH1_2022,LH185/LH244,10.793213
MIH1_2022,LH195/PHZ51,9.626864
MIH1_2022,LH212HT/LH244,10.8380375
MIH1_2022,LH213/LH244,10.764468
MIH1_2022,LH216/LH244,10.726439
MIH1_2022,LH244/MO17,10.831331
MIH1_2022,LH244/PHK76,10.832861
MIH1_2022,LH244/PHZ51,10.242209
MIH1_2022,LH283/LH244,9.947855
MIH1_2022,LH287/LH244,10.83571
MIH1_2022,LH82/LH244,9.851724
MIH1_2022,M162W/LH244,9.630784
MIH1_2022,M37W/LH244,9.973936
MIH1_2022,MBUB/LH244,10.535278
MIH1_2022,MM501D/LH244,10.808322
MIH1_2022,MO17_PHW30-008-(2N)-01/LH244,10.836951
MIH1_2022,MO17_PHW30-200-(2N)-02/LH244,10.914267
MIH1_2022,MO17_PHW30-309-(2N)-01/LH244,10.865733
MIH1_2022,MO44/LH244,10.737411
MIH1_2022,MO44_LH145_0127/LH244,10.575597
MIH1_2022,MO44_LH145_0138/LH244,10.284089
MIH1_2022,MO44_PHG47_0072/LH244,10.08728
MIH1_2022,MO44_PHG47_0125/LH244,10.793452
MIH1_2022,MO44_PHW65_0025/LH244,10.824415
MIH1_2022,MO44_PHW65_0035/LH244,10.844246
MIH1_2022,MOG/LH244,10.5032835
MIH1_2022,MS71/LH244,10.3312645
MIH1_2022,NC350/LH244,10.331664
MIH1_2022,NC358/LH244,10.5106125
MIH1_2022,NC360/LH244,10.578376
MIH1_2022,NC366/LH244,10.192115
MIH1_2022,NC370/LH244,10.248042
MIH1_2022,NC374/LH244,10.127414
MIH1_2022,NC378/LH244,10.398461
MIH1_2022,NC386/LH244,10.775169
MIH1_2022,NC388/LH244,10.588655
MIH1_2022,NC398/LH244,10.191795
MIH1_2022,NC406/LH244,9.951083
MIH1_2022,NC426/LH244,10.546139
MIH1_2022,NC428/LH244,10.643111
MIH1_2022,NC438/LH244,10.308892
MIH1_2022,NC454/LH244,10.443924
MIH1_2022,NC456/LH244,10.300277
MIH1_2022,NC458/LH244,10.111691
MIH1_2022,NC508/LH244,10.810532
MIH1_2022,NC512/LH244,10.3984
MIH1_2022,NC524/LH244,9.996446
MIH1_2022,NC528/LH244,10.363545
MIH1_2022,NC540/LH244,10.513912
MIH1_2022,NC542/LH244,10.131875
MIH1_2022,NC546/LH244,10.562759
MIH1_2022,NC548/LH244,10.099513
MIH1_2022,NKH8431/LH244,10.431687
MIH1_2022,OH43/LH244,10.49669
MIH1_2022,PH207/LH244,10.650208
MIH1_2022,PH24E/LH244,10.906122
MIH1_2022,PHAP9/LH244,10.8683405
MIH1_2022,PHB47/LH244,9.283347
MIH1_2022,PHB47/PHN82,10.721299
MIH1_2022,PHB47/PHZ51,9.534749
MIH1_2022,PHG29/PHG47,9.43634
MIH1_2022,PHG35/LH244,10.851532
MIH1_2022,PHG39/PHN82,10.808495
MIH1_2022,PHG47/LH244,10.5472
MIH1_2022,PHJ40/PHAJ0,8.501062
MIH1_2022,PHJ89/LH244,10.586882
MIH1_2022,PHJ90/LH244,10.843634
MIH1_2022,PHK56/LH244,10.863747
MIH1_2022,PHKE6/LH244,10.643643
MIH1_2022,PHN11/LH244,10.906438
MIH1_2022,PHN11_LH145_0005/LH244,9.498122
MIH1_2022,PHN11_LH145_0028/LH244,9.885917
MIH1_2022,PHN11_LH145_0085/LH244,9.682967
MIH1_2022,PHN11_OH43_0001/LH244,10.521832
MIH1_2022,PHN11_OH43_0075/LH244,10.328385
MIH1_2022,PHN11_OH43_0088/LH244,10.700404
MIH1_2022,PHN11_PHG47_0251/LH244,10.625968
MIH1_2022,PHN11_PHG47_0287/LH244,10.28882
MIH1_2022,PHN11_PHW65_0312/LH244,10.878505
MIH1_2022,PHN11_PHW65_0323/LH244,10.838909
MIH1_2022,PHN11_PHW65_0359/LH244,10.827654
MIH1_2022,PHP02/LH244,10.895591
MIH1_2022,PHP55/LH244,10.752026
MIH1_2022,PHR03/LH244,10.850267
MIH1_2022,PHRE1/PHTD5,9.214855
MIH1_2022,PHW30/LH244,10.760085
MIH1_2022,PHW30_MO17-010-(2N)-01/LH244,10.631795
MIH1_2022,PHW30_MO17-032-(2N)-01/LH244,10.274473
MIH1_2022,PHW30_MO17-095-(2N)-01/LH244,10.802895
MIH1_2022,PHW30_MO17-129-(2N)-01/LH244,10.693982
MIH1_2022,PHW30_MO17-178-(2N)-01/LH244,10.874682
MIH1_2022,PHW30_MO17-234-(2N)-02/LH244,10.889889
MIH1_2022,PHW30_MO17-299-(2N)-01/LH244,10.810379
MIH1_2022,PHW52/PHM49,10.704093
MIH1_2022,PHW65/LH244,10.785621
MIH1_2022,PHW65_MOG_0137/LH244,10.760087
MIH1_2022,PHW65_MOG_0176/LH244,10.746895
MIH1_2022,PHW65_MOG_0271/LH244,10.825191
MIH1_2022,TX777/LH195,9.897614
MIH1_2022,TX779/LH195,10.36937
MIH1_2022,W10001_0003/LH244,9.755234
MIH1_2022,W10001_0007/LH244,10.04577
MIH1_2022,W10001_0008/LH244,9.795655
MIH1_2022,W10001_0009/LH244,9.462276
MIH1_2022,W10001_0010/LH244,10.456724
MIH1_2022,W10001_0011/LH244,8.998954
MIH1_2022,W10001_0012/LH244,9.489526
MIH1_2022,W10001_0013/LH244,10.2855835
MIH1_2022,W10001_0014/LH244,9.680643
MIH1_2022,W10001_0016/LH244,10.023057
MIH1_2022,W10001_0017/LH244,10.165532
MIH1_2022,W10001_0018/LH244,9.713548
MIH1_2022,W10001_0019/LH244,9.638819
MIH1_2022,W10001_0021/LH244,9.176398
MIH1_2022,W10001_0022/LH244,10.27107
MIH1_2022,W10001_0023/LH244,10.432254
MIH1_2022,W10001_0030/LH244,10.55082
MIH1_2022,W10001_0031/LH244,10.125383
MIH1_2022,W10001_0033/LH244,10.850267
MIH1_2022,W10001_0036/LH244,10.258705
MIH1_2022,W10001_0040/LH244,9.717495
MIH1_2022,W10001_0047/LH244,10.035163
MIH1_2022,W10002_0002/LH244,10.202747
MIH1_2022,W10005_0029/LH244,10.81812
MIH1_2022,W10005_0107/LH244,10.612119
MIH1_2022,W10005_0111/LH244,9.9517355
MIH1_2022,W10005_0147/LH244,10.745459
MIH1_2022,W10005_0220/LH244,10.892921
MIH1_2022,W10010_0018/LH244,10.734061
MIH1_2022,W10010_0032/LH244,10.638302
MIH1_2022,W10010_0084/LH244,10.5326605
MIH1_2022,W10010_0093/LH244,10.572649
MIH1_2022,W10010_0101/LH244,10.909472
MIH1_2022,W10010_0118/LH244,10.740222
MIH1_2022,W10010_0124/LH244,10.649816
MIH1_2022,W10010_0148/LH244,10.701505
MIH1_2022,W10010_0170/LH244,10.5648775
MIH1_2022,W10010_0188/LH244,10.673399
MIH1_2022,W10010_0189/LH244,10.828352
MIH1_2022,W10010_0215/LH244,10.55199
MIH1_2022,W10010_0239/LH244,10.710361
MIH1_2022,W10010_0279/LH244,10.817384
MIH1_2022,W10010_0294/LH244,10.827947
MIH1_2022,W10010_0310/LH244,10.803413
MIH1_2022,W10010_0311/LH244,10.803158
MIH1_2022,W10010_0337/LH244,10.845819
MIH1_2022,W10010_0346/LH244,10.833591
MIH1_2022,W10010_0358/LH244,10.6916065
MIH1_2022,W10010_0366/LH244,10.631383
MIH1_2022,W10010_0381/LH244,10.845228
MIH1_2022,W10010_0452/LH244,10.70075
MIH1_2022,W10010_0464/LH244,10.595679
MIH1_2022,W22/LH244,10.350676
MNH1_2022,B14A/OH43,9.974201
MNH1_2022,B37/H95,9.781357
MNH1_2022,B73/MO17,10.884914
MNH1_2022,B73/PHK76,10.7026415
MNH1_2022,B73/PHN82,10.971714
MNH1_2022,B73/PHZ51,9.93911
MNH1_2022,B73/TX779,9.700124
MNH1_2022,B97/LH244,10.535383
MNH1_2022,BGEM-0039-N/LH244,9.942146
MNH1_2022,BGEM-0063-N/LH244,9.77986
MNH1_2022,BGEM-0089-N/LH244,10.275602
MNH1_2022,BGEM-0124-N/LH244,9.654277
MNH1_2022,BGEM-0129-N/LH244,9.978827
MNH1_2022,CG119/CG108,8.183145
MNH1_2022,CG44/CGR01,9.058143
MNH1_2022,DK3IIH6/LH244,10.439836
MNH1_2022,DK78010/LH244,9.933236
MNH1_2022,GEMN-0096/LH244,10.625093
MNH1_2022,GEMN-0096_LH212HT_0001/LH244,10.805898
MNH1_2022,GEMN-0096_LH212HT_0004/LH244,11.053262
MNH1_2022,GEMN-0096_LH212HT_0005/LH244,11.023612
MNH1_2022,GEMN-0096_LH212HT_0006/LH244,11.052189
MNH1_2022,GEMN-0096_LH212HT_0009/LH244,11.030584
MNH1_2022,GEMN-0096_LH212HT_0010/LH244,10.964017
MNH1_2022,GEMN-0096_LH212HT_0011/LH244,10.81829
MNH1_2022,GEMN-0096_LH212HT_0012/LH244,10.8608055
MNH1_2022,GEMN-0096_LH212HT_0013/LH244,10.966957
MNH1_2022,GEMN-0096_LH212HT_0017/LH244,11.010092
MNH1_2022,GEMN-0096_LH212HT_0021/LH244,10.981031
MNH1_2022,GEMN-0096_PHJ89_0001/LH244,10.904832
MNH1_2022,GEMN-0096_PHJ89_0002/LH244,10.574306
MNH1_2022,GEMN-0096_PHJ89_0006/LH244,10.8033285
MNH1_2022,GEMN-0096_PHJ89_0007/LH244,10.719864
MNH1_2022,GEMN-0096_PHJ89_0009/LH244,10.614929
MNH1_2022,GEMN-0096_PHJ89_0010/LH244,10.754884
MNH1_2022,GEMN-0096_PHJ89_0011/LH244,10.752386
MNH1_2022,GEMN-0096_PHJ89_0012/LH244,10.581654
MNH1_2022,GEMN-0096_PHJ89_0013/LH244,10.691058
MNH1_2022,GEMN-0096_PHJ89_0014/LH244,10.852955
MNH1_2022,GEMN-0096_PHJ89_0016/LH244,10.600046
MNH1_2022,GEMN-0096_PHJ89_0017/LH244,10.773231
MNH1_2022,GEMN-0096_PHK76_0001/LH244,10.9841175
MNH1_2022,GEMN-0096_PHK76_0002/LH244,11.017542
MNH1_2022,GEMN-0096_PHK76_0003/LH244,10.995415
MNH1_2022,GEMN-0096_PHK76_0004/LH244,10.915075
MNH1_2022,GEMN-0096_PHK76_0006/LH244,11.019644
MNH1_2022,GEMN-0096_PHK76_0007/LH244,10.961523
MNH1_2022,GEMN-0096_PHK76_0008/LH244,11.036049
MNH1_2022,GEMN-0096_PHK76_0009/LH244,10.992245
MNH1_2022,GEMN-0096_PHK76_0010/LH244,10.983216
MNH1_2022,GEMN-0096_PHK76_0013/LH244,10.939595
MNH1_2022,GEMN-0096_PHK76_0015/LH244,10.991619
MNH1_2022,GEMN-0096_PHK76_0016/LH244,10.881912
MNH1_2022,GEMN-0096_PHN46_0001/LH244,10.567399
MNH1_2022,GEMN-0096_PHN46_0002/LH244,10.380317
MNH1_2022,GEMN-0096_PHN46_0003/LH244,10.589012
MNH1_2022,GEMN-0096_PHN46_0004/LH244,10.55556
MNH1_2022,GEMN-0096_PHN46_0005/LH244,10.924435
MNH1_2022,GEMN-0096_PHN46_0007/LH244,10.726706
MNH1_2022,GEMN-0096_PHN46_0009/LH244,10.890673
MNH1_2022,GEMN-0096_PHN46_0010/LH244,10.953315
MNH1_2022,GEMN-0096_PHN46_0011/LH244,10.534095
MNH1_2022,GEMN-0096_PHN46_0012/LH244,10.688822
MNH1_2022,GEMN-0096_PHN46_0013/LH244,10.589797
MNH1_2022,GEMN-0096_PHN46_0014/LH244,10.375711
MNH1_2022,GEMN-0096_PHN46_0018/LH244,10.860571
MNH1_2022,GEMN-0096_PHN46_0020/LH244,10.822711
MNH1_2022,GEMN-0096_PHN46_0023/LH244,10.298823
MNH1_2022,GEMN-0096_PHP02_0001/LH244,10.765745
MNH1_2022,GEMN-0096_PHP02_0003/LH244,10.422541
MNH1_2022,GEMN-0096_PHP02_0005/LH244,10.973352
MNH1_2022,GEMN-0096_PHP02_0006/LH244,10.899286
MNH1_2022,GEMN-0096_PHP02_0007/LH244,10.622287
MNH1_2022,GEMN-0096_PHP02_0009/LH244,10.731
MNH1_2022,GEMN-0096_PHP02_0011/LH244,10.908607
MNH1_2022,GEMN-0096_PHP02_0012/LH244,10.821571
MNH1_2022,GEMN-0096_PHP02_0016/LH244,10.785859
MNH1_2022,GEMN-0096_PHP02_0017/LH244,10.517694
MNH1_2022,GEMN-0096_PHP02_0025/LH244,10.732751
MNH1_2022,GEMN-0096_PHP02_0030/LH244,10.785177
MNH1_2022,GEMN-0097/LH244,10.949869
MNH1_2022,GEMN-0097_LH212HT_0002/LH244,11.002899
MNH1_2022,GEMN-0097_LH212HT_0004/LH244,11.01439
MNH1_2022,GEMN-0097_LH212HT_0019/LH244,11.074231
MNH1_2022,GEMN-0097_LH212HT_0020/LH244,11.048074
MNH1_2022,GEMN-0097_LH212HT_0026/LH244,10.927043
MNH1_2022,GEMN-0097_LH212HT_0032/LH244,11.027201
MNH1_2022,GEMN-0097_LH212HT_0039/LH244,11.015095
MNH1_2022,GEMN-0097_LH212HT_0047/LH244,11.045312
MNH1_2022,GEMN-0097_LH212HT_0051/LH244,11.044768
MNH1_2022,GEMN-0097_LH212HT_0054/LH244,10.970664
MNH1_2022,GEMN-0097_LH212HT_0058/LH244,10.946381
MNH1_2022,GEMN-0097_LH212HT_0061/LH244,11.0321245
MNH1_2022,GEMN-0097_LH212HT_0062/LH244,10.995015
MNH1_2022,GEMN-0097_LH212HT_0069/LH244,11.010625
MNH1_2022,GEMN-0097_LH212HT_0074/LH244,10.986314
MNH1_2022,GEMN-0097_LH212HT_0085/LH244,11.022899
MNH1_2022,GEMN-0097_LH212HT_0090/LH244,10.972145
MNH1_2022,GEMN-0097_PHJ89_0001/LH244,10.572015
MNH1_2022,GEMN-0097_PHJ89_0002/LH244,10.951861
MNH1_2022,GEMN-0097_PHJ89_0003/LH244,10.595426
MNH1_2022,GEMN-0097_PHJ89_0005/LH244,10.70613
MNH1_2022,GEMN-0097_PHJ89_0006/LH244,10.863539
MNH1_2022,GEMN-0097_PHJ89_0007/LH244,10.75894
MNH1_2022,GEMN-0097_PHJ89_0008/LH244,10.59546
MNH1_2022,GEMN-0097_PHJ89_0010/LH244,10.885251
MNH1_2022,GEMN-0097_PHJ89_0011/LH244,10.636642
MNH1_2022,GEMN-0097_PHJ89_0012/LH244,10.741597
MNH1_2022,GEMN-0097_PHJ89_0013/LH244,10.970948
MNH1_2022,GEMN-0097_PHJ89_0016/LH244,10.77022
MNH1_2022,GEMN-0097_PHJ89_0020/LH244,10.961896
MNH1_2022,GEMN-0097_PHJ89_0023/LH244,10.719824
MNH1_2022,GEMN-0097_PHJ89_0025/LH244,11.00241
MNH1_2022,GEMN-0097_PHJ89_0026/LH244,10.863825
MNH1_2022,GEMN-0097_PHJ89_0027/LH244,10.857482
MNH1_2022,GEMN-0097_PHJ89_0028/LH244,10.792835
MNH1_2022,GEMN-0097_PHJ89_0029/LH244,10.77569
MNH1_2022,GEMN-0097_PHJ89_0036/LH244,10.8880825
MNH1_2022,GEMN-0097_PHJ89_0039/LH244,10.767118
MNH1_2022,GEMN-0097_PHK76_0002/LH244,11.035494
MNH1_2022,GEMN-0097_PHK76_0003/LH244,10.602674
MNH1_2022,GEMN-0097_PHK76_0007/LH244,10.839763
MNH1_2022,GEMN-0097_PHK76_0009/LH244,10.782679
MNH1_2022,GEMN-0097_PHK76_0011/LH244,11.036009
MNH1_2022,GEMN-0097_PHK76_0014/LH244,10.860982
MNH1_2022,GEMN-0097_PHK76_0015/LH244,10.953183
MNH1_2022,GEMN-0097_PHK76_0018/LH244,10.887447
MNH1_2022,GEMN-0097_PHK76_0021/LH244,10.595544
MNH1_2022,GEMN-0097_PHK76_0032/LH244,11.004659
MNH1_2022,GEMN-0097_PHK76_0036/LH244,10.788657
MNH1_2022,GEMN-0097_PHK76_0037/LH244,11.062176
MNH1_2022,GEMN-0097_PHK76_0038/LH244,10.983726
MNH1_2022,GEMN-0097_PHK76_0039/LH244,10.407555
MNH1_2022,GEMN-0097_PHK76_0041/LH244,10.99183
MNH1_2022,GEMN-0097_PHK76_0048/LH244,11.014039
MNH1_2022,GEMN-0097_PHK76_0053/LH244,10.664673
MNH1_2022,GEMN-0097_PHK76_0055/LH244,10.983813
MNH1_2022,GEMN-0097_PHK76_0060/LH244,10.994596
MNH1_2022,GEMN-0097_PHN46_0001/LH244,10.899062
MNH1_2022,GEMN-0097_PHN46_0003/LH244,10.715851
MNH1_2022,GEMN-0097_PHN46_0004/LH244,10.750292
MNH1_2022,GEMN-0097_PHN46_0005/LH244,10.584061
MNH1_2022,GEMN-0097_PHN46_0007/LH244,10.752083
MNH1_2022,GEMN-0097_PHN46_0008/LH244,10.676346
MNH1_2022,GEMN-0097_PHN46_0011/LH244,10.797691
MNH1_2022,GEMN-0097_PHN46_0013/LH244,10.951315
MNH1_2022,GEMN-0097_PHN46_0014/LH244,10.663025
MNH1_2022,GEMN-0097_PHN46_0016/LH244,10.676309
MNH1_2022,GEMN-0097_PHN46_0018/LH244,10.678898
MNH1_2022,GEMN-0097_PHP02_0001/LH244,10.787551
MNH1_2022,GEMN-0097_PHP02_0002/LH244,10.372721
MNH1_2022,GEMN-0097_PHP02_0003/LH244,10.727235
MNH1_2022,GEMN-0097_PHP02_0005/LH244,10.915685
MNH1_2022,GEMN-0097_PHP02_0006/LH244,10.8168335
MNH1_2022,GEMN-0097_PHP02_0007/LH244,10.377987
MNH1_2022,GEMN-0098/LH244,10.963428
MNH1_2022,GEMN-0104/LH244,11.013188
MNH1_2022,GEMN-0124/LH244,10.864272
MNH1_2022,GEMN-0144/LH244,10.558193
MNH1_2022,GEMN-0157/LH244,10.731055
MNH1_2022,GEMN-0177/LH244,10.9855175
MNH1_2022,GEMN-0178/LH244,10.998759
MNH1_2022,GEMN-0187/LH244,10.866283
MNH1_2022,GEMN-0192/LH244,10.65996
MNH1_2022,GEMN-0192_LH212HT_0001/LH244,10.998098
MNH1_2022,GEMN-0192_LH212HT_0006/LH244,10.718095
MNH1_2022,GEMN-0192_LH212HT_0008/LH244,10.898591
MNH1_2022,GEMN-0192_LH212HT_0010/LH244,10.630684
MNH1_2022,GEMN-0192_LH212HT_0011/LH244,10.539744
MNH1_2022,GEMN-0192_LH212HT_0012/LH244,10.617395
MNH1_2022,GEMN-0192_LH212HT_0013/LH244,10.77959
MNH1_2022,GEMN-0192_LH212HT_0014/LH244,10.918801
MNH1_2022,GEMN-0192_LH212HT_0015/LH244,10.738071
MNH1_2022,GEMN-0192_LH212HT_0016/LH244,10.633033
MNH1_2022,GEMN-0192_LH212HT_0018/LH244,11.077226
MNH1_2022,GEMN-0192_LH212HT_0021/LH244,11.025981
MNH1_2022,GEMN-0192_LH212HT_0023/LH244,11.014406
MNH1_2022,GEMN-0192_PHJ89_0001/LH244,10.837051
MNH1_2022,GEMN-0192_PHJ89_0002/LH244,10.778845
MNH1_2022,GEMN-0192_PHK76_0002/LH244,11.015894
MNH1_2022,GEMN-0192_PHK76_0004/LH244,10.932793
MNH1_2022,GEMN-0192_PHK76_0005/LH244,10.77489
MNH1_2022,GEMN-0192_PHK76_0006/LH244,10.912183
MNH1_2022,GEMN-0192_PHK76_0007/LH244,10.715432
MNH1_2022,GEMN-0192_PHK76_0008/LH244,10.804301
MNH1_2022,GEMN-0192_PHK76_0009/LH244,10.846702
MNH1_2022,GEMN-0192_PHK76_0010/LH244,10.880271
MNH1_2022,GEMN-0192_PHK76_0011/LH244,10.883626
MNH1_2022,GEMN-0192_PHK76_0012/LH244,10.819212
MNH1_2022,GEMN-0192_PHK76_0013/LH244,10.847811
MNH1_2022,GEMN-0192_PHK76_0014/LH244,10.942909
MNH1_2022,GEMN-0192_PHK76_0015/LH244,11.034531
MNH1_2022,GEMN-0192_PHK76_0016/LH244,10.831108
MNH1_2022,GEMN-0192_PHK76_0017/LH244,10.588196
MNH1_2022,GEMN-0192_PHK76_0019/LH244,10.905644
MNH1_2022,GEMN-0192_PHK76_0021/LH244,10.641253
MNH1_2022,GEMN-0192_PHK76_0025/LH244,10.671074
MNH1_2022,GEMN-0192_PHK76_0027/LH244,10.890787
MNH1_2022,GEMN-0192_PHK76_0028/LH244,10.9228325
MNH1_2022,GEMN-0192_PHK76_0030/LH244,10.95664
MNH1_2022,GEMN-0192_PHK76_0032/LH244,10.79434
MNH1_2022,GEMN-0192_PHK76_0033/LH244,10.975563
MNH1_2022,GEMN-0192_PHK76_0035/LH244,10.601786
MNH1_2022,GEMN-0192_PHK76_0036/LH244,10.69826
MNH1_2022,GEMN-0192_PHK76_0037/LH244,11.065413
MNH1_2022,GEMN-0192_PHK76_0041/LH244,10.99937
MNH1_2022,GEMN-0192_PHK76_0044/LH244,10.849639
MNH1_2022,GEMN-0192_PHK76_0045/LH244,10.687907
MNH1_2022,GEMN-0192_PHN46_0001/LH244,10.524774
MNH1_2022,GEMN-0192_PHN46_0002/LH244,10.721006
MNH1_2022,GEMN-0192_PHN46_0003/LH244,10.660375
MNH1_2022,GEMN-0192_PHN46_0004/LH244,10.649032
MNH1_2022,GEMN-0192_PHN46_0005/LH244,10.253558
MNH1_2022,GEMN-0192_PHN46_0006/LH244,10.914651
MNH1_2022,GEMN-0192_PHN46_0008/LH244,10.804685
MNH1_2022,GEMN-0192_PHN46_0009/LH244,10.822352
MNH1_2022,GEMN-0192_PHN46_0010/LH244,10.623311
MNH1_2022,GEMN-0192_PHN46_0011/LH244,10.757279
MNH1_2022,GEMN-0192_PHN46_0012/LH244,10.459575
MNH1_2022,GEMN-0192_PHN46_0014/LH244,10.299409
MNH1_2022,GEMN-0192_PHN46_0015/LH244,10.890365
MNH1_2022,GEMN-0192_PHN46_0017/LH244,10.550188
MNH1_2022,GEMN-0192_PHN46_0018/LH244,10.715341
MNH1_2022,GEMN-0192_PHN46_0020/LH244,10.697816
MNH1_2022,GEMN-0192_PHN46_0025/LH244,10.315522
MNH1_2022,GEMN-0192_PHP02_0001/LH244,10.770879
MNH1_2022,GEMN-0192_PHP02_0003/LH244,10.800382
MNH1_2022,GEMN-0225/LH244,11.005295
MNH1_2022,GEMN-0225_LH212HT_0002/LH244,11.02011
MNH1_2022,GEMN-0225_LH212HT_0003/LH244,11.084152
MNH1_2022,GEMN-0225_LH212HT_0005/LH244,11.096181
MNH1_2022,GEMN-0225_LH212HT_0006/LH244,11.057761
MNH1_2022,GEMN-0225_LH212HT_0008/LH244,10.970254
MNH1_2022,GEMN-0225_LH212HT_0015/LH244,11.050332
MNH1_2022,GEMN-0225_LH212HT_0017/LH244,10.993554
MNH1_2022,GEMN-0225_LH212HT_0024/LH244,10.842615
MNH1_2022,GEMN-0225_LH212HT_0025/LH244,11.085802
MNH1_2022,GEMN-0225_LH212HT_0028/LH244,11.058098
MNH1_2022,GEMN-0225_LH212HT_0029/LH244,11.057137
MNH1_2022,GEMN-0225_LH212HT_0033/LH244,11.071418
MNH1_2022,GEMN-0225_LH212HT_0036/LH244,11.045012
MNH1_2022,GEMN-0225_LH212HT_0040/LH244,11.078964
MNH1_2022,GEMN-0225_LH212HT_0043/LH244,10.548378
MNH1_2022,GEMN-0225_PHJ89_0001/LH244,10.885321
MNH1_2022,GEMN-0225_PHJ89_0002/LH244,11.005181
MNH1_2022,GEMN-0225_PHJ89_0003/LH244,10.85504
MNH1_2022,GEMN-0225_PHJ89_0004/LH244,10.892883
MNH1_2022,GEMN-0225_PHJ89_0005/LH244,10.913137
MNH1_2022,GEMN-0225_PHJ89_0006/LH244,10.886733
MNH1_2022,GEMN-0225_PHJ89_0008/LH244,10.860355
MNH1_2022,GEMN-0225_PHJ89_0009/LH244,10.727906
MNH1_2022,GEMN-0225_PHJ89_0013/LH244,11.023448
MNH1_2022,GEMN-0225_PHJ89_0015/LH244,10.879907
MNH1_2022,GEMN-0225_PHJ89_0016/LH244,10.829233
MNH1_2022,GEMN-0225_PHJ89_0017/LH244,10.65939
MNH1_2022,GEMN-0225_PHJ89_0018/LH244,10.895397
MNH1_2022,GEMN-0225_PHJ89_0020/LH244,11.035329
MNH1_2022,GEMN-0225_PHJ89_0021/LH244,10.911524
MNH1_2022,GEMN-0225_PHJ89_0022/LH244,10.787765
MNH1_2022,GEMN-0225_PHJ89_0026/LH244,10.578908
MNH1_2022,GEMN-0225_PHJ89_0032/LH244,10.974191
MNH1_2022,GEMN-0225_PHK76_0002/LH244,11.00818
MNH1_2022,GEMN-0225_PHK76_0003/LH244,11.06777
MNH1_2022,GEMN-0225_PHK76_0004/LH244,11.105095
MNH1_2022,GEMN-0225_PHK76_0005/LH244,10.905533
MNH1_2022,GEMN-0225_PHK76_0007/LH244,11.0820265
MNH1_2022,GEMN-0225_PHK76_0008/LH244,11.093266
MNH1_2022,GEMN-0225_PHK76_0012/LH244,11.027126
MNH1_2022,GEMN-0225_PHK76_0013/LH244,11.029509
MNH1_2022,GEMN-0225_PHK76_0014/LH244,11.038396
MNH1_2022,GEMN-0225_PHK76_0018/LH244,11.091661
MNH1_2022,GEMN-0225_PHK76_0019/LH244,10.9546995
MNH1_2022,GEMN-0225_PHK76_0021/LH244,11.000886
MNH1_2022,GEMN-0225_PHK76_0022/LH244,10.873916
MNH1_2022,GEMN-0225_PHK76_0027/LH244,11.004854
MNH1_2022,GEMN-0225_PHK76_0028/LH244,11.032782
MNH1_2022,GEMN-0225_PHK76_0031/LH244,10.710366
MNH1_2022,GEMN-0225_PHN46_0001/LH244,11.024127
MNH1_2022,GEMN-0225_PHN46_0003/LH244,10.967524
MNH1_2022,GEMN-0225_PHN46_0004/LH244,10.800376
MNH1_2022,GEMN-0225_PHN46_0005/LH244,10.526632
MNH1_2022,GEMN-0225_PHN46_0006/LH244,10.883193
MNH1_2022,GEMN-0225_PHN46_0009/LH244,10.956058
MNH1_2022,GEMN-0225_PHN46_0021/LH244,10.932626
MNH1_2022,GEMN-0225_PHP02_0001/LH244,10.913282
MNH1_2022,GEMN-0225_PHP02_0002/LH244,10.911522
MNH1_2022,GEMN-0225_PHP02_0003/LH244,10.848024
MNH1_2022,GEMN-0225_PHP02_0005/LH244,10.643305
MNH1_2022,GEMN-0225_PHP02_0006/LH244,10.918723
MNH1_2022,GEMN-0225_PHP02_0008/LH244,10.690724
MNH1_2022,GEMN-0225_PHP02_0009/LH244,10.972284
MNH1_2022,GEMN-0225_PHP02_0010/LH244,10.755168
MNH1_2022,GEMN-0225_PHP02_0012/LH244,10.742044
MNH1_2022,GEMN-0225_PHP02_0013/LH244,10.915316
MNH1_2022,GEMN-0225_PHP02_0014/LH244,10.846778
MNH1_2022,GEMN-0225_PHP02_0015/LH244,10.843985
MNH1_2022,GEMN-0225_PHP02_0017/LH244,10.697218
MNH1_2022,GEMN-0238/LH244,11.051354
MNH1_2022,GEMN-0257/LH244,10.883264
MNH1_2022,GEMN-0271/LH244,10.21044
MNH1_2022,GEMN-0287/LH244,11.013061
MNH1_2022,LH145/LH82,8.162453
MNH1_2022,LH185/LH244,10.990813
MNH1_2022,LH195/MO17,10.950583
MNH1_2022,LH195/PHK76,10.818598
MNH1_2022,LH195/PHN82,11.005938
MNH1_2022,LH195/PHZ51,9.62516
MNH1_2022,LH213/LH244,10.940092
MNH1_2022,LH216/LH244,10.910734
MNH1_2022,LH244/MO17,11.028362
MNH1_2022,LH244/PHK76,11.012104
MNH1_2022,LH244/PHN82,11.083948
MNH1_2022,LH244/PHZ51,10.379321
MNH1_2022,LH283/LH244,9.95058
MNH1_2022,LH287/LH244,11.022216
MNH1_2022,LH82/LH244,9.864711
MNH1_2022,M162W/LH244,9.613076
MNH1_2022,MBUB/LH244,10.661815
MNH1_2022,MM501D/LH244,10.998202
MNH1_2022,MO17_PHW30-008-(2N)-01/LH244,11.0204525
MNH1_2022,MO17_PHW30-200-(2N)-02/LH244,11.105723
MNH1_2022,MO17_PHW30-309-(2N)-01/LH244,11.053114
MNH1_2022,MO44_LH145_0127/LH244,10.680514
MNH1_2022,MO44_LH145_0138/LH244,10.346045
MNH1_2022,MO44_PHG47_0072/LH244,10.088596
MNH1_2022,MO44_PHG47_0125/LH244,10.967987
MNH1_2022,MO44_PHW65_0025/LH244,11.029158
MNH1_2022,MO44_PHW65_0035/LH244,11.02567
MNH1_2022,MOG/LH244,10.661278
MNH1_2022,MS71/LH244,10.380879
MNH1_2022,NC358/LH244,10.558547
MNH1_2022,NC360/LH244,10.681611
MNH1_2022,NC366/LH244,10.202271
MNH1_2022,NC374/LH244,10.181413
MNH1_2022,NC388/LH244,10.725891
MNH1_2022,NC398/LH244,10.196332
MNH1_2022,NC426/LH244,10.621431
MNH1_2022,NC454/LH244,10.49005
MNH1_2022,NC458/LH244,10.119945
MNH1_2022,NC512/LH244,10.446665
MNH1_2022,NC528/LH244,10.408556
MNH1_2022,NC542/LH244,10.13321
MNH1_2022,NC546/LH244,10.653611
MNH1_2022,NKH8431/LH244,10.589934
MNH1_2022,OH43/LH244,10.599459
MNH1_2022,PH207/LH244,10.779755
MNH1_2022,PH24E/LH244,11.091463
MNH1_2022,PHAP9/LH244,11.05137
MNH1_2022,PHB47/LH244,9.214469
MNH1_2022,PHB47/MO17,9.979085
MNH1_2022,PHB47/PHK76,10.031688
MNH1_2022,PHB47/PHN82,10.908242
MNH1_2022,PHB47/PHZ51,9.500852
MNH1_2022,PHG29/PHG47,9.419402
MNH1_2022,PHG39/PHN82,11.005539
MNH1_2022,PHG47/LH244,10.678651
MNH1_2022,PHJ40/PHAJ0,8.358768
MNH1_2022,PHJ89/LH244,10.7485485
MNH1_2022,PHJ89/PH207,9.595781
MNH1_2022,PHJ90/LH244,11.023057
MNH1_2022,PHK56/LH244,11.044229
MNH1_2022,PHKE6/LH244,10.783124
MNH1_2022,PHN11/LH244,11.095234
MNH1_2022,PHN11_LH145_0005/LH244,9.475993
MNH1_2022,PHN11_LH145_0028/LH244,9.885018
MNH1_2022,PHN11_LH145_0085/LH244,9.660879
MNH1_2022,PHN11_OH43_0075/LH244,10.378875
MNH1_2022,PHN11_OH43_0088/LH244,10.832622
MNH1_2022,PHN11_PHG47_0251/LH244,10.748914
MNH1_2022,PHN11_PHG47_0287/LH244,10.327167
MNH1_2022,PHN11_PHW65_0312/LH244,11.0596285
MNH1_2022,PHN11_PHW65_0323/LH244,11.048899
MNH1_2022,PHN11_PHW65_0359/LH244,11.0345545
MNH1_2022,PHP02/LH244,11.108956
MNH1_2022,PHP55/LH244,10.920591
MNH1_2022,PHR03/LH244,11.036828
MNH1_2022,PHRE1/PHTD5,9.164126
MNH1_2022,PHW30/LH244,10.911663
MNH1_2022,PHW30_MO17-010-(2N)-01/LH244,10.768624
MNH1_2022,PHW30_MO17-032-(2N)-01/LH244,10.300936
MNH1_2022,PHW30_MO17-095-(2N)-01/LH244,10.985619
MNH1_2022,PHW30_MO17-129-(2N)-01/LH244,10.834565
MNH1_2022,PHW30_MO17-178-(2N)-01/LH244,11.068696
MNH1_2022,PHW30_MO17-234-(2N)-02/LH244,11.076746
MNH1_2022,PHW30_MO17-299-(2N)-01/LH244,10.991072
MNH1_2022,PHW52/PHM49,10.891547
MNH1_2022,PHW65/LH244,10.989802
MNH1_2022,PHW65_MOG_0137/LH244,10.951192
MNH1_2022,PHW65_MOG_0176/LH244,10.935871
MNH1_2022,PHW65_MOG_0271/LH244,11.005661
MNH1_2022,TX714/PHZ51,10.074514
MNH1_2022,TX777/LH195,9.908816
MNH1_2022,TX779/LH195,10.453133
MNH1_2022,W10001_0003/LH244,9.740782
MNH1_2022,W10001_0007/LH244,10.075165
MNH1_2022,W10001_0008/LH244,9.777892
MNH1_2022,W10001_0009/LH244,9.428022
MNH1_2022,W10001_0012/LH244,9.475626
MNH1_2022,W10001_0013/LH244,10.312945
MNH1_2022,W10001_0014/LH244,9.664259
MNH1_2022,W10001_0016/LH244,10.028761
MNH1_2022,W10001_0017/LH244,10.185913
MNH1_2022,W10001_0019/LH244,9.620436
MNH1_2022,W10001_0021/LH244,9.139485
MNH1_2022,W10001_0022/LH244,10.292653
MNH1_2022,W10001_0023/LH244,10.502977
MNH1_2022,W10001_0030/LH244,10.629434
MNH1_2022,W10001_0031/LH244,10.139501
MNH1_2022,W10001_0033/LH244,11.036828
MNH1_2022,W10001_0040/LH244,9.696408
MNH1_2022,W10001_0047/LH244,10.075234
MNH1_2022,W10002_0002/LH244,10.2397585
MNH1_2022,W10005_0029/LH244,11.010776
MNH1_2022,W10005_0107/LH244,10.7076025
MNH1_2022,W10005_0111/LH244,9.943907
MNH1_2022,W10005_0147/LH244,10.894687
MNH1_2022,W10005_0220/LH244,11.079937
MNH1_2022,W10010_0018/LH244,10.8985615
MNH1_2022,W10010_0032/LH244,10.7900305
MNH1_2022,W10010_0084/LH244,10.627377
MNH1_2022,W10010_0093/LH244,10.718377
MNH1_2022,W10010_0101/LH244,11.093872
MNH1_2022,W10010_0118/LH244,10.93461
MNH1_2022,W10010_0124/LH244,10.817874
MNH1_2022,W10010_0148/LH244,10.868459
MNH1_2022,W10010_0170/LH244,10.67439
MNH1_2022,W10010_0189/LH244,11.012118
MNH1_2022,W10010_0279/LH244,11.009468
MNH1_2022,W10010_0294/LH244,11.013131
MNH1_2022,W10010_0311/LH244,10.996709
MNH1_2022,W10010_0337/LH244,11.02861
MNH1_2022,W10010_0346/LH244,11.0241165
MNH1_2022,W10010_0358/LH244,10.876179
MNH1_2022,W10010_0381/LH244,11.024719
MNH1_2022,W10010_0452/LH244,10.866016
MOH2_2022,B14A/H95,7.4769077
MOH2_2022,B14A/MO17,7.4000707
MOH2_2022,B14A/OH43,7.486019
MOH2_2022,B37/H95,7.367988
MOH2_2022,B37/MO17,7.6983347
MOH2_2022,B37/OH43,7.51873
MOH2_2022,B73/MO17,8.239975
MOH2_2022,B73/PHK76,8.117114
MOH2_2022,B73/PHM49,8.463957
MOH2_2022,B73/PHN82,8.502082
MOH2_2022,B73/PHZ51,7.525501
MOH2_2022,B73/TX779,7.32115
MOH2_2022,B97/LH244,7.8710933
MOH2_2022,BGEM-0039-N/LH244,7.478526
MOH2_2022,BGEM-0063-N/LH244,7.3607283
MOH2_2022,BGEM-0089-N/LH244,7.690671
MOH2_2022,BGEM-0124-N/LH244,7.2855673
MOH2_2022,BGEM-0129-N/LH244,7.502355
MOH2_2022,CG119/CG108,6.3025208
MOH2_2022,CG44/CGR01,6.957039
MOH2_2022,DK3IIH6/LH244,7.799521
MOH2_2022,DK78010/LH244,7.4695377
MOH2_2022,F42/H95,7.9185658
MOH2_2022,F42/MO17,8.230684
MOH2_2022,F42/OH43,7.8550253
MOH2_2022,GEMN-0096/LH244,7.953678
MOH2_2022,GEMN-0096_LH212HT_0001/LH244,8.102039
MOH2_2022,GEMN-0096_LH212HT_0002/LH244,8.451361
MOH2_2022,GEMN-0096_LH212HT_0003/LH244,8.2963085
MOH2_2022,GEMN-0096_LH212HT_0004/LH244,8.472162
MOH2_2022,GEMN-0096_LH212HT_0005/LH244,8.429288
MOH2_2022,GEMN-0096_LH212HT_0006/LH244,8.463399
MOH2_2022,GEMN-0096_LH212HT_0009/LH244,8.435436
MOH2_2022,GEMN-0096_LH212HT_0010/LH244,8.333064
MOH2_2022,GEMN-0096_LH212HT_0011/LH244,8.099428
MOH2_2022,GEMN-0096_LH212HT_0012/LH244,8.133527
MOH2_2022,GEMN-0096_LH212HT_0013/LH244,8.31458
MOH2_2022,GEMN-0096_LH212HT_0017/LH244,8.3946705
MOH2_2022,GEMN-0096_LH212HT_0021/LH244,8.3250475
MOH2_2022,GEMN-0096_PHJ89_0001/LH244,8.282034
MOH2_2022,GEMN-0096_PHJ89_0002/LH244,7.918568
MOH2_2022,GEMN-0096_PHJ89_0006/LH244,8.1661825
MOH2_2022,GEMN-0096_PHJ89_0007/LH244,8.091526
MOH2_2022,GEMN-0096_PHJ89_0009/LH244,7.9718604
MOH2_2022,GEMN-0096_PHJ89_0010/LH244,8.106687
MOH2_2022,GEMN-0096_PHJ89_0011/LH244,8.086568
MOH2_2022,GEMN-0096_PHJ89_0012/LH244,7.9438853
MOH2_2022,GEMN-0096_PHJ89_0013/LH244,7.9983644
MOH2_2022,GEMN-0096_PHJ89_0014/LH244,8.218664
MOH2_2022,GEMN-0096_PHJ89_0016/LH244,7.9370403
MOH2_2022,GEMN-0096_PHJ89_0017/LH244,8.129519
MOH2_2022,GEMN-0096_PHK76_0001/LH244,8.371073
MOH2_2022,GEMN-0096_PHK76_0002/LH244,8.40322
MOH2_2022,GEMN-0096_PHK76_0003/LH244,8.353782
MOH2_2022,GEMN-0096_PHK76_0004/LH244,8.250183
MOH2_2022,GEMN-0096_PHK76_0006/LH244,8.426994
MOH2_2022,GEMN-0096_PHK76_0007/LH244,8.322762
MOH2_2022,GEMN-0096_PHK76_0008/LH244,8.457668
MOH2_2022,GEMN-0096_PHK76_0009/LH244,8.378278
MOH2_2022,GEMN-0096_PHK76_0010/LH244,8.365718
MOH2_2022,GEMN-0096_PHK76_0013/LH244,8.303032
MOH2_2022,GEMN-0096_PHK76_0015/LH244,8.384323
MOH2_2022,GEMN-0096_PHK76_0016/LH244,8.202712
MOH2_2022,GEMN-0096_PHN46_0001/LH244,7.929933
MOH2_2022,GEMN-0096_PHN46_0002/LH244,7.760009
MOH2_2022,GEMN-0096_PHN46_0003/LH244,7.908281
MOH2_2022,GEMN-0096_PHN46_0004/LH244,7.929875
MOH2_2022,GEMN-0096_PHN46_0005/LH244,8.349492
MOH2_2022,GEMN-0096_PHN46_0007/LH244,8.092639
MOH2_2022,GEMN-0096_PHN46_0009/LH244,8.238451
MOH2_2022,GEMN-0096_PHN46_0010/LH244,8.367652
MOH2_2022,GEMN-0096_PHN46_0011/LH244,7.8824987
MOH2_2022,GEMN-0096_PHN46_0012/LH244,8.043579
MOH2_2022,GEMN-0096_PHN46_0013/LH244,7.955197
MOH2_2022,GEMN-0096_PHN46_0014/LH244,7.7641253
MOH2_2022,GEMN-0096_PHN46_0018/LH244,8.228836
MOH2_2022,GEMN-0096_PHN46_0020/LH244,8.1652355
MOH2_2022,GEMN-0096_PHN46_0023/LH244,7.695616
MOH2_2022,GEMN-0096_PHP02_0001/LH244,8.082254
MOH2_2022,GEMN-0096_PHP02_0002/LH244,7.871618
MOH2_2022,GEMN-0096_PHP02_0003/LH244,7.78834
MOH2_2022,GEMN-0096_PHP02_0005/LH244,8.411081
MOH2_2022,GEMN-0096_PHP02_0006/LH244,8.245461
MOH2_2022,GEMN-0096_PHP02_0007/LH244,7.948381
MOH2_2022,GEMN-0096_PHP02_0009/LH244,8.087029
MOH2_2022,GEMN-0096_PHP02_0011/LH244,8.28065
MOH2_2022,GEMN-0096_PHP02_0012/LH244,8.189374
MOH2_2022,GEMN-0096_PHP02_0015/LH244,7.851003
MOH2_2022,GEMN-0096_PHP02_0016/LH244,8.119727
MOH2_2022,GEMN-0096_PHP02_0017/LH244,7.8539186
MOH2_2022,GEMN-0096_PHP02_0022/LH244,8.366108
MOH2_2022,GEMN-0096_PHP02_0025/LH244,8.04373
MOH2_2022,GEMN-0096_PHP02_0030/LH244,8.138414
MOH2_2022,GEMN-0097/LH244,8.367298
MOH2_2022,GEMN-0097_LH212HT_0002/LH244,8.412396
MOH2_2022,GEMN-0097_LH212HT_0004/LH244,8.477089
MOH2_2022,GEMN-0097_LH212HT_0019/LH244,8.519592
MOH2_2022,GEMN-0097_LH212HT_0020/LH244,8.478551
MOH2_2022,GEMN-0097_LH212HT_0023/LH244,8.479881
MOH2_2022,GEMN-0097_LH212HT_0026/LH244,8.230169
MOH2_2022,GEMN-0097_LH212HT_0032/LH244,8.466168
MOH2_2022,GEMN-0097_LH212HT_0039/LH244,8.461957
MOH2_2022,GEMN-0097_LH212HT_0047/LH244,8.619633
MOH2_2022,GEMN-0097_LH212HT_0051/LH244,8.475797
MOH2_2022,GEMN-0097_LH212HT_0054/LH244,8.381794
MOH2_2022,GEMN-0097_LH212HT_0058/LH244,8.333874
MOH2_2022,GEMN-0097_LH212HT_0061/LH244,8.442289
MOH2_2022,GEMN-0097_LH212HT_0062/LH244,8.450521
MOH2_2022,GEMN-0097_LH212HT_0069/LH244,8.48514
MOH2_2022,GEMN-0097_LH212HT_0074/LH244,8.320624
MOH2_2022,GEMN-0097_LH212HT_0085/LH244,8.476894
MOH2_2022,GEMN-0097_PHJ89_0001/LH244,7.922491
MOH2_2022,GEMN-0097_PHJ89_0002/LH244,8.322594
MOH2_2022,GEMN-0097_PHJ89_0003/LH244,7.9323235
MOH2_2022,GEMN-0097_PHJ89_0005/LH244,8.09045
MOH2_2022,GEMN-0097_PHJ89_0006/LH244,8.183873
MOH2_2022,GEMN-0097_PHJ89_0007/LH244,8.12043
MOH2_2022,GEMN-0097_PHJ89_0008/LH244,7.93108
MOH2_2022,GEMN-0097_PHJ89_0010/LH244,8.22926
MOH2_2022,GEMN-0097_PHJ89_0011/LH244,7.9820895
MOH2_2022,GEMN-0097_PHJ89_0012/LH244,8.038684
MOH2_2022,GEMN-0097_PHJ89_0013/LH244,8.409289
MOH2_2022,GEMN-0097_PHJ89_0016/LH244,8.154367
MOH2_2022,GEMN-0097_PHJ89_0020/LH244,8.321458
MOH2_2022,GEMN-0097_PHJ89_0023/LH244,8.086338
MOH2_2022,GEMN-0097_PHJ89_0025/LH244,8.42121
MOH2_2022,GEMN-0097_PHJ89_0026/LH244,8.1914015
MOH2_2022,GEMN-0097_PHJ89_0027/LH244,8.187068
MOH2_2022,GEMN-0097_PHJ89_0028/LH244,8.117873
MOH2_2022,GEMN-0097_PHJ89_0029/LH244,8.12103
MOH2_2022,GEMN-0097_PHJ89_0036/LH244,8.244073
MOH2_2022,GEMN-0097_PHJ89_0039/LH244,8.092146
MOH2_2022,GEMN-0097_PHK76_0002/LH244,8.462969
MOH2_2022,GEMN-0097_PHK76_0003/LH244,7.942889
MOH2_2022,GEMN-0097_PHK76_0007/LH244,8.182107
MOH2_2022,GEMN-0097_PHK76_0009/LH244,8.06887
MOH2_2022,GEMN-0097_PHK76_0011/LH244,8.542869
MOH2_2022,GEMN-0097_PHK76_0014/LH244,8.187232
MOH2_2022,GEMN-0097_PHK76_0015/LH244,8.334563
MOH2_2022,GEMN-0097_PHK76_0018/LH244,8.216535
MOH2_2022,GEMN-0097_PHK76_0021/LH244,7.924996
MOH2_2022,GEMN-0097_PHK76_0036/LH244,8.12301
MOH2_2022,GEMN-0097_PHK76_0037/LH244,8.578958
MOH2_2022,GEMN-0097_PHK76_0038/LH244,8.365173
MOH2_2022,GEMN-0097_PHK76_0039/LH244,7.817639
MOH2_2022,GEMN-0097_PHK76_0041/LH244,8.41168
MOH2_2022,GEMN-0097_PHK76_0048/LH244,8.384894
MOH2_2022,GEMN-0097_PHK76_0053/LH244,8.041421
MOH2_2022,GEMN-0097_PHK76_0055/LH244,8.402818
MOH2_2022,GEMN-0097_PHK76_0060/LH244,8.429241
MOH2_2022,GEMN-0097_PHN46_0001/LH244,8.282113
MOH2_2022,GEMN-0097_PHN46_0003/LH244,8.054417
MOH2_2022,GEMN-0097_PHN46_0004/LH244,8.088851
MOH2_2022,GEMN-0097_PHN46_0005/LH244,7.9237685
MOH2_2022,GEMN-0097_PHN46_0007/LH244,8.131047
MOH2_2022,GEMN-0097_PHN46_0008/LH244,8.035123
MOH2_2022,GEMN-0097_PHN46_0011/LH244,8.161686
MOH2_2022,GEMN-0097_PHN46_0013/LH244,8.383952
MOH2_2022,GEMN-0097_PHN46_0014/LH244,8.021453
MOH2_2022,GEMN-0097_PHN46_0016/LH244,7.9855947
MOH2_2022,GEMN-0097_PHN46_0018/LH244,8.092283
MOH2_2022,GEMN-0097_PHP02_0001/LH244,8.148641
MOH2_2022,GEMN-0097_PHP02_0002/LH244,7.75171
MOH2_2022,GEMN-0097_PHP02_0003/LH244,8.092826
MOH2_2022,GEMN-0097_PHP02_0005/LH244,8.282119
MOH2_2022,GEMN-0097_PHP02_0006/LH244,8.158942
MOH2_2022,GEMN-0097_PHP02_0007/LH244,7.7555346
MOH2_2022,GEMN-0098/LH244,8.353232
MOH2_2022,GEMN-0104/LH244,8.56317
MOH2_2022,GEMN-0124/LH244,8.198515
MOH2_2022,GEMN-0144/LH244,7.899426
MOH2_2022,GEMN-0157/LH244,8.037328
MOH2_2022,GEMN-0177/LH244,8.451192
MOH2_2022,GEMN-0178/LH244,8.45388
MOH2_2022,GEMN-0187/LH244,8.1936035
MOH2_2022,GEMN-0192/LH244,7.98582
MOH2_2022,GEMN-0192_LH212HT_0001/LH244,8.361586
MOH2_2022,GEMN-0192_LH212HT_0006/LH244,8.007355
MOH2_2022,GEMN-0192_LH212HT_0008/LH244,8.203174
MOH2_2022,GEMN-0192_LH212HT_0010/LH244,7.919555
MOH2_2022,GEMN-0192_LH212HT_0011/LH244,7.857084
MOH2_2022,GEMN-0192_LH212HT_0012/LH244,7.939838
MOH2_2022,GEMN-0192_LH212HT_0013/LH244,8.058823
MOH2_2022,GEMN-0192_LH212HT_0014/LH244,8.228265
MOH2_2022,GEMN-0192_LH212HT_0015/LH244,8.026987
MOH2_2022,GEMN-0192_LH212HT_0016/LH244,7.9582195
MOH2_2022,GEMN-0192_LH212HT_0018/LH244,8.47173
MOH2_2022,GEMN-0192_LH212HT_0021/LH244,8.334481
MOH2_2022,GEMN-0192_LH212HT_0023/LH244,8.41452
MOH2_2022,GEMN-0192_PHJ89_0001/LH244,8.16008
MOH2_2022,GEMN-0192_PHJ89_0002/LH244,8.145365
MOH2_2022,GEMN-0192_PHK76_0002/LH244,8.415533
MOH2_2022,GEMN-0192_PHK76_0004/LH244,8.293956
MOH2_2022,GEMN-0192_PHK76_0005/LH244,8.099464
MOH2_2022,GEMN-0192_PHK76_0006/LH244,8.27529
MOH2_2022,GEMN-0192_PHK76_0007/LH244,8.072939
MOH2_2022,GEMN-0192_PHK76_0008/LH244,8.147185
MOH2_2022,GEMN-0192_PHK76_0009/LH244,8.193888
MOH2_2022,GEMN-0192_PHK76_0010/LH244,8.216074
MOH2_2022,GEMN-0192_PHK76_0011/LH244,8.221586
MOH2_2022,GEMN-0192_PHK76_0012/LH244,8.166022
MOH2_2022,GEMN-0192_PHK76_0013/LH244,8.1151285
MOH2_2022,GEMN-0192_PHK76_0014/LH244,8.328537
MOH2_2022,GEMN-0192_PHK76_0015/LH244,8.500304
MOH2_2022,GEMN-0192_PHK76_0016/LH244,8.203814
MOH2_2022,GEMN-0192_PHK76_0017/LH244,7.9124002
MOH2_2022,GEMN-0192_PHK76_0019/LH244,8.26822
MOH2_2022,GEMN-0192_PHK76_0021/LH244,7.988647
MOH2_2022,GEMN-0192_PHK76_0025/LH244,8.0081
MOH2_2022,GEMN-0192_PHK76_0027/LH244,8.231751
MOH2_2022,GEMN-0192_PHK76_0028/LH244,8.293822
MOH2_2022,GEMN-0192_PHK76_0030/LH244,8.322123
MOH2_2022,GEMN-0192_PHK76_0032/LH244,8.095606
MOH2_2022,GEMN-0192_PHK76_0033/LH244,8.367129
MOH2_2022,GEMN-0192_PHK76_0035/LH244,7.961598
MOH2_2022,GEMN-0192_PHK76_0036/LH244,7.9930167
MOH2_2022,GEMN-0192_PHK76_0041/LH244,8.425744
MOH2_2022,GEMN-0192_PHK76_0044/LH244,8.203719
MOH2_2022,GEMN-0192_PHK76_0045/LH244,8.035206
MOH2_2022,GEMN-0192_PHN46_0001/LH244,7.8703804
MOH2_2022,GEMN-0192_PHN46_0002/LH244,8.1103
MOH2_2022,GEMN-0192_PHN46_0003/LH244,8.056059
MOH2_2022,GEMN-0192_PHN46_0004/LH244,8.037961
MOH2_2022,GEMN-0192_PHN46_0005/LH244,7.6787896
MOH2_2022,GEMN-0192_PHN46_0006/LH244,8.316361
MOH2_2022,GEMN-0192_PHN46_0008/LH244,8.182229
MOH2_2022,GEMN-0192_PHN46_0009/LH244,8.1894
MOH2_2022,GEMN-0192_PHN46_0010/LH244,7.9609056
MOH2_2022,GEMN-0192_PHN46_0011/LH244,8.114208
MOH2_2022,GEMN-0192_PHN46_0012/LH244,7.817621
MOH2_2022,GEMN-0192_PHN46_0014/LH244,7.698597
MOH2_2022,GEMN-0192_PHN46_0015/LH244,8.310935
MOH2_2022,GEMN-0192_PHN46_0017/LH244,7.8910007
MOH2_2022,GEMN-0192_PHN46_0018/LH244,8.101079
MOH2_2022,GEMN-0192_PHN46_0025/LH244,7.734846
MOH2_2022,GEMN-0192_PHP02_0001/LH244,8.09257
MOH2_2022,GEMN-0192_PHP02_0003/LH244,8.151348
MOH2_2022,GEMN-0225/LH244,8.434833
MOH2_2022,GEMN-0225_LH212HT_0002/LH244,8.471408
MOH2_2022,GEMN-0225_LH212HT_0003/LH244,8.63614
MOH2_2022,GEMN-0225_LH212HT_0005/LH244,8.504852
MOH2_2022,GEMN-0225_LH212HT_0006/LH244,8.593416
MOH2_2022,GEMN-0225_LH212HT_0008/LH244,8.3393345
MOH2_2022,GEMN-0225_LH212HT_0009/LH244,8.43045
MOH2_2022,GEMN-0225_LH212HT_0015/LH244,8.519414
MOH2_2022,GEMN-0225_LH212HT_0017/LH244,8.371061
MOH2_2022,GEMN-0225_LH212HT_0023/LH244,8.590648
MOH2_2022,GEMN-0225_LH212HT_0024/LH244,8.184317
MOH2_2022,GEMN-0225_LH212HT_0025/LH244,8.4661875
MOH2_2022,GEMN-0225_LH212HT_0028/LH244,8.437737
MOH2_2022,GEMN-0225_LH212HT_0029/LH244,8.619819
MOH2_2022,GEMN-0225_LH212HT_0033/LH244,8.500702
MOH2_2022,GEMN-0225_LH212HT_0036/LH244,8.515683
MOH2_2022,GEMN-0225_LH212HT_0040/LH244,8.495954
MOH2_2022,GEMN-0225_LH212HT_0043/LH244,7.9379926
MOH2_2022,GEMN-0225_PHJ89_0001/LH244,8.213382
MOH2_2022,GEMN-0225_PHJ89_0002/LH244,8.490749
MOH2_2022,GEMN-0225_PHJ89_0003/LH244,8.199065
MOH2_2022,GEMN-0225_PHJ89_0004/LH244,8.238688
MOH2_2022,GEMN-0225_PHJ89_0005/LH244,8.233219
MOH2_2022,GEMN-0225_PHJ89_0006/LH244,8.232262
MOH2_2022,GEMN-0225_PHJ89_0008/LH244,8.208577
MOH2_2022,GEMN-0225_PHJ89_0009/LH244,8.093122
MOH2_2022,GEMN-0225_PHJ89_0013/LH244,8.446263
MOH2_2022,GEMN-0225_PHJ89_0015/LH244,8.206134
MOH2_2022,GEMN-0225_PHJ89_0016/LH244,8.172436
MOH2_2022,GEMN-0225_PHJ89_0017/LH244,7.994163
MOH2_2022,GEMN-0225_PHJ89_0018/LH244,8.22957
MOH2_2022,GEMN-0225_PHJ89_0020/LH244,8.494115
MOH2_2022,GEMN-0225_PHJ89_0021/LH244,8.27984
MOH2_2022,GEMN-0225_PHJ89_0022/LH244,8.123048
MOH2_2022,GEMN-0225_PHJ89_0026/LH244,7.9235992
MOH2_2022,GEMN-0225_PHJ89_0032/LH244,8.3410635
MOH2_2022,GEMN-0225_PHK76_0001/LH244,8.303652
MOH2_2022,GEMN-0225_PHK76_0002/LH244,8.397024
MOH2_2022,GEMN-0225_PHK76_0003/LH244,8.496904
MOH2_2022,GEMN-0225_PHK76_0004/LH244,8.594915
MOH2_2022,GEMN-0225_PHK76_0005/LH244,8.244647
MOH2_2022,GEMN-0225_PHK76_0007/LH244,8.576084
MOH2_2022,GEMN-0225_PHK76_0008/LH244,8.546201
MOH2_2022,GEMN-0225_PHK76_0010/LH244,8.520582
MOH2_2022,GEMN-0225_PHK76_0012/LH244,8.535127
MOH2_2022,GEMN-0225_PHK76_0013/LH244,8.417787
MOH2_2022,GEMN-0225_PHK76_0014/LH244,8.576867
MOH2_2022,GEMN-0225_PHK76_0018/LH244,8.500422
MOH2_2022,GEMN-0225_PHK76_0019/LH244,8.320333
MOH2_2022,GEMN-0225_PHK76_0021/LH244,8.4945345
MOH2_2022,GEMN-0225_PHK76_0022/LH244,8.189283
MOH2_2022,GEMN-0225_PHK76_0027/LH244,8.410464
MOH2_2022,GEMN-0225_PHK76_0028/LH244,8.515672
MOH2_2022,GEMN-0225_PHK76_0031/LH244,7.998014
MOH2_2022,GEMN-0225_PHK76_0032/LH244,8.50127
MOH2_2022,GEMN-0225_PHN46_0001/LH244,8.55906
MOH2_2022,GEMN-0225_PHN46_0003/LH244,8.469568
MOH2_2022,GEMN-0225_PHN46_0004/LH244,8.151873
MOH2_2022,GEMN-0225_PHN46_0005/LH244,7.889377
MOH2_2022,GEMN-0225_PHN46_0006/LH244,8.243603
MOH2_2022,GEMN-0225_PHN46_0008/LH244,8.355424
MOH2_2022,GEMN-0225_PHN46_0021/LH244,8.412937
MOH2_2022,GEMN-0225_PHP02_0001/LH244,8.2814045
MOH2_2022,GEMN-0225_PHP02_0002/LH244,8.263735
MOH2_2022,GEMN-0225_PHP02_0003/LH244,8.187349
MOH2_2022,GEMN-0225_PHP02_0005/LH244,8.02633
MOH2_2022,GEMN-0225_PHP02_0006/LH244,8.279813
MOH2_2022,GEMN-0225_PHP02_0008/LH244,7.9926257
MOH2_2022,GEMN-0225_PHP02_0009/LH244,8.368413
MOH2_2022,GEMN-0225_PHP02_0010/LH244,8.05601
MOH2_2022,GEMN-0225_PHP02_0012/LH244,8.07323
MOH2_2022,GEMN-0225_PHP02_0013/LH244,8.260575
MOH2_2022,GEMN-0225_PHP02_0014/LH244,8.19842
MOH2_2022,GEMN-0225_PHP02_0015/LH244,8.125562
MOH2_2022,GEMN-0225_PHP02_0017/LH244,8.000124
MOH2_2022,GEMN-0238/LH244,8.470038
MOH2_2022,GEMN-0257/LH244,8.218843
MOH2_2022,GEMN-0271/LH244,7.631901
MOH2_2022,GEMN-0287/LH244,8.461237
MOH2_2022,LH145/LH82,6.269629
MOH2_2022,LH185/LH244,8.355384
MOH2_2022,LH195/MO17,8.352739
MOH2_2022,LH195/PHK76,8.236143
MOH2_2022,LH195/PHN82,8.510582
MOH2_2022,LH195/PHZ51,7.288683
MOH2_2022,LH213/LH244,8.26746
MOH2_2022,LH216/LH244,8.256338
MOH2_2022,LH244/MO17,8.411945
MOH2_2022,LH244/PHK76,8.51326
MOH2_2022,LH244/PHN82,8.673311
MOH2_2022,LH244/PHZ51,7.852779
MOH2_2022,LH283/LH244,7.4683137
MOH2_2022,LH287/LH244,8.463904
MOH2_2022,LH74/PHN82,8.117312
MOH2_2022,LH82/LH244,7.429225
MOH2_2022,M162W/LH244,7.235363
MOH2_2022,MBUB/LH244,7.9986243
MOH2_2022,MM501D/LH244,8.380573
MOH2_2022,MO17_PHW30-008-(2N)-01/LH244,8.3458185
MOH2_2022,MO17_PHW30-200-(2N)-02/LH244,8.479388
MOH2_2022,MO17_PHW30-309-(2N)-01/LH244,8.392439
MOH2_2022,MO44_LH145_0127/LH244,7.9946914
MOH2_2022,MO44_LH145_0138/LH244,7.7709565
MOH2_2022,MO44_PHG47_0072/LH244,7.558252
MOH2_2022,MO44_PHG47_0125/LH244,8.332187
MOH2_2022,MO44_PHW65_0025/LH244,8.721107
MOH2_2022,MO44_PHW65_0035/LH244,8.613155
MOH2_2022,MOG/LH244,8.06809
MOH2_2022,MS71/LH244,7.7795014
MOH2_2022,NC358/LH244,7.8733644
MOH2_2022,NC366/LH244,7.620953
MOH2_2022,NC374/LH244,7.671593
MOH2_2022,NC378/LH244,7.8345976
MOH2_2022,NC386/LH244,8.322812
MOH2_2022,NC388/LH244,8.055273
MOH2_2022,NC398/LH244,7.611165
MOH2_2022,NC426/LH244,7.9329433
MOH2_2022,NC454/LH244,7.8248487
MOH2_2022,NC458/LH244,7.570807
MOH2_2022,NC512/LH244,7.79566
MOH2_2022,NC528/LH244,7.7746515
MOH2_2022,NC546/LH244,7.960293
MOH2_2022,NC548/LH244,7.5753727
MOH2_2022,NKH8431/LH244,8.045899
MOH2_2022,OH43/LH244,7.9424124
MOH2_2022,PH207/LH244,8.061198
MOH2_2022,PH24E/LH244,8.615165
MOH2_2022,PHAP9/LH244,8.506005
MOH2_2022,PHB47/LH244,7.03227
MOH2_2022,PHB47/MO17,7.5070286
MOH2_2022,PHB47/PHK76,7.5385723
MOH2_2022,PHB47/PHN82,8.255158
MOH2_2022,PHB47/PHZ51,7.2172623
MOH2_2022,PHG29/PHG47,7.122578
MOH2_2022,PHG35/LH244,8.651423
MOH2_2022,PHG47/LH244,8.014804
MOH2_2022,PHJ40/PHAJ0,6.39647
MOH2_2022,PHJ89/LH244,8.133154
MOH2_2022,PHJ89/PH207,7.2512565
MOH2_2022,PHJ90/LH244,8.535334
MOH2_2022,PHK56/LH244,8.612888
MOH2_2022,PHKE6/LH244,8.084905
MOH2_2022,PHN11/LH244,8.492205
MOH2_2022,PHN11_LH145_0005/LH244,7.173575
MOH2_2022,PHN11_LH145_0028/LH244,7.402016
MOH2_2022,PHN11_LH145_0085/LH244,7.265694
MOH2_2022,PHN11_OH43_0001/LH244,7.8840375
MOH2_2022,PHN11_OH43_0075/LH244,7.770324
MOH2_2022,PHN11_OH43_0088/LH244,8.112683
MOH2_2022,PHN11_PHG47_0251/LH244,8.05771
MOH2_2022,PHN11_PHG47_0287/LH244,7.707932
MOH2_2022,PHN11_PHW65_0312/LH244,8.580861
MOH2_2022,PHN11_PHW65_0323/LH244,8.733276
MOH2_2022,PHN11_PHW65_0359/LH244,8.726806
MOH2_2022,PHN46/LH244,7.710024
MOH2_2022,PHP02/LH244,8.726985
MOH2_2022,PHP55/LH244,8.242925
MOH2_2022,PHR03/LH244,8.469159
MOH2_2022,PHRE1/PHTD5,7.0112147
MOH2_2022,PHW30/LH244,8.220417
MOH2_2022,PHW30_MO17-010-(2N)-01/LH244,8.077281
MOH2_2022,PHW30_MO17-032-(2N)-01/LH244,7.68066
MOH2_2022,PHW30_MO17-095-(2N)-01/LH244,8.31746
MOH2_2022,PHW30_MO17-129-(2N)-01/LH244,8.093141
MOH2_2022,PHW30_MO17-178-(2N)-01/LH244,8.454692
MOH2_2022,PHW30_MO17-234-(2N)-02/LH244,8.495184
MOH2_2022,PHW52/PHM49,8.3406925
MOH2_2022,PHW52/PHN82,8.473384
MOH2_2022,PHW65_MOG_0137/LH244,8.601208
MOH2_2022,PHW65_MOG_0176/LH244,8.549501
MOH2_2022,PHW65_MOG_0271/LH244,8.479053
MOH2_2022,TX714/PHZ51,7.610228
MOH2_2022,TX714/TX779,7.40327
MOH2_2022,TX777/LH195,7.443395
MOH2_2022,TX779/LH195,7.840935
MOH2_2022,TX951/LH195,7.362534
MOH2_2022,W10001_0003/LH244,7.3161006
MOH2_2022,W10001_0007/LH244,7.53832
MOH2_2022,W10001_0008/LH244,7.3402195
MOH2_2022,W10001_0009/LH244,7.129408
MOH2_2022,W10001_0011/LH244,6.8668714
MOH2_2022,W10001_0012/LH244,7.1644597
MOH2_2022,W10001_0013/LH244,7.691207
MOH2_2022,W10001_0014/LH244,7.2825084
MOH2_2022,W10001_0016/LH244,7.5013614
MOH2_2022,W10001_0017/LH244,7.618246
MOH2_2022,W10001_0019/LH244,7.244343
MOH2_2022,W10001_0021/LH244,6.9812255
MOH2_2022,W10001_0022/LH244,7.6873927
MOH2_2022,W10001_0023/LH244,7.856607
MOH2_2022,W10001_0031/LH244,7.58557
MOH2_2022,W10001_0033/LH244,8.469159
MOH2_2022,W10001_0036/LH244,7.6923704
MOH2_2022,W10001_0040/LH244,7.2952013
MOH2_2022,W10001_0047/LH244,7.6003885
MOH2_2022,W10002_0002/LH244,7.666564
MOH2_2022,W10005_0029/LH244,8.395786
MOH2_2022,W10005_0107/LH244,7.984754
MOH2_2022,W10005_0111/LH244,7.448561
MOH2_2022,W10005_0147/LH244,8.159149
MOH2_2022,W10005_0220/LH244,8.471822
MOH2_2022,W10010_0032/LH244,8.103063
MOH2_2022,W10010_0084/LH244,7.9508204
MOH2_2022,W10010_0093/LH244,8.081976
MOH2_2022,W10010_0118/LH244,8.307177
MOH2_2022,W10010_0124/LH244,8.114609
MOH2_2022,W10010_0148/LH244,8.150351
MOH2_2022,W10010_0170/LH244,7.984781
MOH2_2022,W10010_0189/LH244,8.464072
MOH2_2022,W10010_0279/LH244,8.421693
MOH2_2022,W10010_0294/LH244,8.458114
MOH2_2022,W10010_0310/LH244,8.404785
MOH2_2022,W10010_0311/LH244,8.399997
MOH2_2022,W10010_0337/LH244,8.508103
MOH2_2022,W10010_0346/LH244,8.444185
MOH2_2022,W10010_0358/LH244,8.239924
MOH2_2022,W10010_0381/LH244,8.56203
MOH2_2022,W10010_0452/LH244,8.1777315
NCH1_2022,B14A/H95,7.252765
NCH1_2022,B14A/MO17,7.174689
NCH1_2022,B14A/OH43,7.2539425
NCH1_2022,B37/H95,7.1674123
NCH1_2022,B37/MO17,7.445591
NCH1_2022,B37/OH43,7.287977
NCH1_2022,B73/MO17,8.128467
NCH1_2022,B73/PHK76,7.9034524
NCH1_2022,B73/PHM49,8.247993
NCH1_2022,B73/PHN82,8.3332615
NCH1_2022,B73/PHZ51,7.312916
NCH1_2022,B73/TX779,7.1299305
NCH1_2022,B97/LH244,7.6973696
NCH1_2022,BGEM-0039-N/LH244,7.2600746
NCH1_2022,BGEM-0063-N/LH244,7.154096
NCH1_2022,BGEM-0089-N/LH244,7.4320073
NCH1_2022,BGEM-0124-N/LH244,7.102148
NCH1_2022,BGEM-0129-N/LH244,7.2796583
NCH1_2022,CG119/CG108,5.797035
NCH1_2022,CG44/CGR01,6.7508974
NCH1_2022,DK3IIH6/LH244,7.5591955
NCH1_2022,DK78010/LH244,7.2580595
NCH1_2022,F42/H95,7.631807
NCH1_2022,F42/MO17,8.116201
NCH1_2022,F42/OH43,7.587793
NCH1_2022,GEMN-0096/LH244,7.784759
NCH1_2022,GEMN-0096_LH212HT_0001/LH244,8.000975
NCH1_2022,GEMN-0096_LH212HT_0002/LH244,8.3279705
NCH1_2022,GEMN-0096_LH212HT_0003/LH244,8.20355
NCH1_2022,GEMN-0096_LH212HT_0004/LH244,8.332357
NCH1_2022,GEMN-0096_LH212HT_0005/LH244,8.308584
NCH1_2022,GEMN-0096_LH212HT_0006/LH244,8.322099
NCH1_2022,GEMN-0096_LH212HT_0008/LH244,7.6699176
NCH1_2022,GEMN-0096_LH212HT_0009/LH244,8.313043
NCH1_2022,GEMN-0096_LH212HT_0010/LH244,8.236715
NCH1_2022,GEMN-0096_LH212HT_0011/LH244,8.000205
NCH1_2022,GEMN-0096_LH212HT_0012/LH244,8.045684
NCH1_2022,GEMN-0096_LH212HT_0013/LH244,8.21868
NCH1_2022,GEMN-0096_LH212HT_0014/LH244,8.154018
NCH1_2022,GEMN-0096_LH212HT_0017/LH244,8.288172
NCH1_2022,GEMN-0096_LH212HT_0020/LH244,7.99025
NCH1_2022,GEMN-0096_LH212HT_0021/LH244,8.227897
NCH1_2022,GEMN-0096_LH212HT_0027/LH244,8.089898
NCH1_2022,GEMN-0096_PHJ89_0001/LH244,8.169466
NCH1_2022,GEMN-0096_PHJ89_0002/LH244,7.719025
NCH1_2022,GEMN-0096_PHJ89_0006/LH244,8.022133
NCH1_2022,GEMN-0096_PHJ89_0007/LH244,7.9121532
NCH1_2022,GEMN-0096_PHJ89_0009/LH244,7.7684774
NCH1_2022,GEMN-0096_PHJ89_0010/LH244,7.952533
NCH1_2022,GEMN-0096_PHJ89_0011/LH244,7.939906
NCH1_2022,GEMN-0096_PHJ89_0012/LH244,7.721044
NCH1_2022,GEMN-0096_PHJ89_0013/LH244,7.848563
NCH1_2022,GEMN-0096_PHJ89_0014/LH244,8.090961
NCH1_2022,GEMN-0096_PHJ89_0016/LH244,7.7403235
NCH1_2022,GEMN-0096_PHJ89_0017/LH244,7.9758983
NCH1_2022,GEMN-0096_PHK76_0001/LH244,8.254591
NCH1_2022,GEMN-0096_PHK76_0002/LH244,8.287906
NCH1_2022,GEMN-0096_PHK76_0003/LH244,8.244079
NCH1_2022,GEMN-0096_PHK76_0004/LH244,8.148298
NCH1_2022,GEMN-0096_PHK76_0006/LH244,8.30117
NCH1_2022,GEMN-0096_PHK76_0007/LH244,8.21297
NCH1_2022,GEMN-0096_PHK76_0008/LH244,8.321208
NCH1_2022,GEMN-0096_PHK76_0009/LH244,8.2615
NCH1_2022,GEMN-0096_PHK76_0010/LH244,8.254944
NCH1_2022,GEMN-0096_PHK76_0013/LH244,8.19317
NCH1_2022,GEMN-0096_PHK76_0015/LH244,8.268935
NCH1_2022,GEMN-0096_PHK76_0016/LH244,8.097804
NCH1_2022,GEMN-0096_PHN46_0001/LH244,7.7055883
NCH1_2022,GEMN-0096_PHN46_0002/LH244,7.5206566
NCH1_2022,GEMN-0096_PHN46_0003/LH244,7.707609
NCH1_2022,GEMN-0096_PHN46_0004/LH244,7.6908107
NCH1_2022,GEMN-0096_PHN46_0005/LH244,8.22651
NCH1_2022,GEMN-0096_PHN46_0007/LH244,7.916643
NCH1_2022,GEMN-0096_PHN46_0008/LH244,7.925547
NCH1_2022,GEMN-0096_PHN46_0009/LH244,8.133767
NCH1_2022,GEMN-0096_PHN46_0010/LH244,8.234873
NCH1_2022,GEMN-0096_PHN46_0011/LH244,7.6822066
NCH1_2022,GEMN-0096_PHN46_0012/LH244,7.857301
NCH1_2022,GEMN-0096_PHN46_0013/LH244,7.735639
NCH1_2022,GEMN-0096_PHN46_0014/LH244,7.4968634
NCH1_2022,GEMN-0096_PHN46_0018/LH244,8.103127
NCH1_2022,GEMN-0096_PHN46_0020/LH244,8.030648
NCH1_2022,GEMN-0096_PHN46_0023/LH244,7.432397
NCH1_2022,GEMN-0096_PHP02_0001/LH244,7.9492803
NCH1_2022,GEMN-0096_PHP02_0002/LH244,7.65931
NCH1_2022,GEMN-0096_PHP02_0003/LH244,7.5495563
NCH1_2022,GEMN-0096_PHP02_0004/LH244,7.967198
NCH1_2022,GEMN-0096_PHP02_0005/LH244,8.277929
NCH1_2022,GEMN-0096_PHP02_0006/LH244,8.141075
NCH1_2022,GEMN-0096_PHP02_0007/LH244,7.7736907
NCH1_2022,GEMN-0096_PHP02_0009/LH244,7.91826
NCH1_2022,GEMN-0096_PHP02_0011/LH244,8.165948
NCH1_2022,GEMN-0096_PHP02_0012/LH244,8.049423
NCH1_2022,GEMN-0096_PHP02_0015/LH244,7.634011
NCH1_2022,GEMN-0096_PHP02_0016/LH244,7.987674
NCH1_2022,GEMN-0096_PHP02_0017/LH244,7.6573052
NCH1_2022,GEMN-0096_PHP02_0022/LH244,8.251509
NCH1_2022,GEMN-0096_PHP02_0025/LH244,7.897489
NCH1_2022,GEMN-0096_PHP02_0030/LH244,7.9913225
NCH1_2022,GEMN-0097/LH244,8.248192
NCH1_2022,GEMN-0097_LH212HT_0002/LH244,8.296619
NCH1_2022,GEMN-0097_LH212HT_0004/LH244,8.338306
NCH1_2022,GEMN-0097_LH212HT_0017/LH244,7.839891
NCH1_2022,GEMN-0097_LH212HT_0018/LH244,8.271369
NCH1_2022,GEMN-0097_LH212HT_0019/LH244,8.337066
NCH1_2022,GEMN-0097_LH212HT_0020/LH244,8.333373
NCH1_2022,GEMN-0097_LH212HT_0023/LH244,8.335868
NCH1_2022,GEMN-0097_LH212HT_0026/LH244,8.134395
NCH1_2022,GEMN-0097_LH212HT_0032/LH244,8.32777
NCH1_2022,GEMN-0097_LH212HT_0034/LH244,8.263187
NCH1_2022,GEMN-0097_LH212HT_0039/LH244,8.328416
NCH1_2022,GEMN-0097_LH212HT_0047/LH244,8.396788
NCH1_2022,GEMN-0097_LH212HT_0051/LH244,8.33585
NCH1_2022,GEMN-0097_LH212HT_0054/LH244,8.26673
NCH1_2022,GEMN-0097_LH212HT_0058/LH244,8.227143
NCH1_2022,GEMN-0097_LH212HT_0061/LH244,8.315482
NCH1_2022,GEMN-0097_LH212HT_0062/LH244,8.315525
NCH1_2022,GEMN-0097_LH212HT_0069/LH244,8.333424
NCH1_2022,GEMN-0097_LH212HT_0074/LH244,8.229025
NCH1_2022,GEMN-0097_LH212HT_0078/LH244,8.357249
NCH1_2022,GEMN-0097_LH212HT_0085/LH244,8.339857
NCH1_2022,GEMN-0097_LH212HT_0090/LH244,8.276787
NCH1_2022,GEMN-0097_PHJ89_0001/LH244,7.726959
NCH1_2022,GEMN-0097_PHJ89_0002/LH244,8.208481
NCH1_2022,GEMN-0097_PHJ89_0003/LH244,7.738056
NCH1_2022,GEMN-0097_PHJ89_0004/LH244,8.042686
NCH1_2022,GEMN-0097_PHJ89_0005/LH244,7.886785
NCH1_2022,GEMN-0097_PHJ89_0006/LH244,8.085202
NCH1_2022,GEMN-0097_PHJ89_0007/LH244,7.962892
NCH1_2022,GEMN-0097_PHJ89_0008/LH244,7.7260566
NCH1_2022,GEMN-0097_PHJ89_0010/LH244,8.124578
NCH1_2022,GEMN-0097_PHJ89_0011/LH244,7.795138
NCH1_2022,GEMN-0097_PHJ89_0012/LH244,7.889721
NCH1_2022,GEMN-0097_PHJ89_0013/LH244,8.280285
NCH1_2022,GEMN-0097_PHJ89_0016/LH244,7.9879866
NCH1_2022,GEMN-0097_PHJ89_0020/LH244,8.221229
NCH1_2022,GEMN-0097_PHJ89_0023/LH244,7.907151
NCH1_2022,GEMN-0097_PHJ89_0025/LH244,8.299468
NCH1_2022,GEMN-0097_PHJ89_0026/LH244,8.086933
NCH1_2022,GEMN-0097_PHJ89_0027/LH244,8.075471
NCH1_2022,GEMN-0097_PHJ89_0028/LH244,7.9924927
NCH1_2022,GEMN-0097_PHJ89_0029/LH244,7.97617
NCH1_2022,GEMN-0097_PHJ89_0033/LH244,8.27395
NCH1_2022,GEMN-0097_PHJ89_0036/LH244,8.134996
NCH1_2022,GEMN-0097_PHJ89_0039/LH244,7.9598923
NCH1_2022,GEMN-0097_PHK76_0002/LH244,8.325196
NCH1_2022,GEMN-0097_PHK76_0003/LH244,7.731458
NCH1_2022,GEMN-0097_PHK76_0007/LH244,8.059086
NCH1_2022,GEMN-0097_PHK76_0009/LH244,7.941595
NCH1_2022,GEMN-0097_PHK76_0010/LH244,8.033843
NCH1_2022,GEMN-0097_PHK76_0011/LH244,8.367561
NCH1_2022,GEMN-0097_PHK76_0012/LH244,8.125074
NCH1_2022,GEMN-0097_PHK76_0014/LH244,8.078287
NCH1_2022,GEMN-0097_PHK76_0015/LH244,8.217934
NCH1_2022,GEMN-0097_PHK76_0016/LH244,8.248639
NCH1_2022,GEMN-0097_PHK76_0018/LH244,8.110545
NCH1_2022,GEMN-0097_PHK76_0021/LH244,7.7243037
NCH1_2022,GEMN-0097_PHK76_0023/LH244,7.88985
NCH1_2022,GEMN-0097_PHK76_0029/LH244,8.324453
NCH1_2022,GEMN-0097_PHK76_0032/LH244,8.2522135
NCH1_2022,GEMN-0097_PHK76_0036/LH244,7.9827385
NCH1_2022,GEMN-0097_PHK76_0037/LH244,8.370971
NCH1_2022,GEMN-0097_PHK76_0038/LH244,8.25714
NCH1_2022,GEMN-0097_PHK76_0039/LH244,7.5649786
NCH1_2022,GEMN-0097_PHK76_0041/LH244,8.281193
NCH1_2022,GEMN-0097_PHK76_0048/LH244,8.274903
NCH1_2022,GEMN-0097_PHK76_0053/LH244,7.831366
NCH1_2022,GEMN-0097_PHK76_0055/LH244,8.282618
NCH1_2022,GEMN-0097_PHK76_0060/LH244,8.294265
NCH1_2022,GEMN-0097_PHN46_0001/LH244,8.158367
NCH1_2022,GEMN-0097_PHN46_0002/LH244,7.9891386
NCH1_2022,GEMN-0097_PHN46_0003/LH244,7.883236
NCH1_2022,GEMN-0097_PHN46_0004/LH244,7.9356823
NCH1_2022,GEMN-0097_PHN46_0005/LH244,7.7142944
NCH1_2022,GEMN-0097_PHN46_0006/LH244,8.019813
NCH1_2022,GEMN-0097_PHN46_0007/LH244,7.9510765
NCH1_2022,GEMN-0097_PHN46_0008/LH244,7.8454065
NCH1_2022,GEMN-0097_PHN46_0009/LH244,7.7970285
NCH1_2022,GEMN-0097_PHN46_0010/LH244,8.324453
NCH1_2022,GEMN-0097_PHN46_0011/LH244,8.008663
NCH1_2022,GEMN-0097_PHN46_0013/LH244,8.258197
NCH1_2022,GEMN-0097_PHN46_0014/LH244,7.824968
NCH1_2022,GEMN-0097_PHN46_0016/LH244,7.807368
NCH1_2022,GEMN-0097_PHN46_0018/LH244,7.871539
NCH1_2022,GEMN-0097_PHP02_0001/LH244,7.993673
NCH1_2022,GEMN-0097_PHP02_0002/LH244,7.503478
NCH1_2022,GEMN-0097_PHP02_0003/LH244,7.919479
NCH1_2022,GEMN-0097_PHP02_0005/LH244,8.171852
NCH1_2022,GEMN-0097_PHP02_0006/LH244,8.024747
NCH1_2022,GEMN-0097_PHP02_0007/LH244,7.5097313
NCH1_2022,GEMN-0098/LH244,8.234517
NCH1_2022,GEMN-0104/LH244,8.384631
NCH1_2022,GEMN-0124/LH244,8.087783
NCH1_2022,GEMN-0135/LH244,8.059426
NCH1_2022,GEMN-0144/LH244,7.703203
NCH1_2022,GEMN-0157/LH244,7.908967
NCH1_2022,GEMN-0177/LH244,8.310821
NCH1_2022,GEMN-0178/LH244,8.316143
NCH1_2022,GEMN-0187/LH244,8.084156
NCH1_2022,GEMN-0192/LH244,7.829669
NCH1_2022,GEMN-0192_LH212HT_0001/LH244,8.253725
NCH1_2022,GEMN-0192_LH212HT_0002/LH244,8.009813
NCH1_2022,GEMN-0192_LH212HT_0006/LH244,7.879532
NCH1_2022,GEMN-0192_LH212HT_0007/LH244,7.779885
NCH1_2022,GEMN-0192_LH212HT_0008/LH244,8.10915
NCH1_2022,GEMN-0192_LH212HT_0009/LH244,8.314735
NCH1_2022,GEMN-0192_LH212HT_0010/LH244,7.756712
NCH1_2022,GEMN-0192_LH212HT_0011/LH244,7.680563
NCH1_2022,GEMN-0192_LH212HT_0012/LH244,7.7691917
NCH1_2022,GEMN-0192_LH212HT_0013/LH244,7.945435
NCH1_2022,GEMN-0192_LH212HT_0014/LH244,8.138349
NCH1_2022,GEMN-0192_LH212HT_0015/LH244,7.9099946
NCH1_2022,GEMN-0192_LH212HT_0016/LH244,7.781352
NCH1_2022,GEMN-0192_LH212HT_0018/LH244,8.31644
NCH1_2022,GEMN-0192_LH212HT_0021/LH244,8.229938
NCH1_2022,GEMN-0192_LH212HT_0023/LH244,8.300307
NCH1_2022,GEMN-0192_PHJ89_0001/LH244,8.047823
NCH1_2022,GEMN-0192_PHJ89_0002/LH244,7.991257
NCH1_2022,GEMN-0192_PHK76_0002/LH244,8.300961
NCH1_2022,GEMN-0192_PHK76_0004/LH244,8.183364
NCH1_2022,GEMN-0192_PHK76_0005/LH244,7.9631004
NCH1_2022,GEMN-0192_PHK76_0006/LH244,8.165918
NCH1_2022,GEMN-0192_PHK76_0007/LH244,7.898691
NCH1_2022,GEMN-0192_PHK76_0008/LH244,8.010143
NCH1_2022,GEMN-0192_PHK76_0009/LH244,8.071068
NCH1_2022,GEMN-0192_PHK76_0010/LH244,8.107798
NCH1_2022,GEMN-0192_PHK76_0011/LH244,8.11933
NCH1_2022,GEMN-0192_PHK76_0012/LH244,8.031993
NCH1_2022,GEMN-0192_PHK76_0013/LH244,8.007967
NCH1_2022,GEMN-0192_PHK76_0014/LH244,8.221076
NCH1_2022,GEMN-0192_PHK76_0015/LH244,8.34402
NCH1_2022,GEMN-0192_PHK76_0016/LH244,8.064902
NCH1_2022,GEMN-0192_PHK76_0017/LH244,7.7102056
NCH1_2022,GEMN-0192_PHK76_0018/LH244,8.320036
NCH1_2022,GEMN-0192_PHK76_0019/LH244,8.158056
NCH1_2022,GEMN-0192_PHK76_0021/LH244,7.79806
NCH1_2022,GEMN-0192_PHK76_0025/LH244,7.8345823
NCH1_2022,GEMN-0192_PHK76_0027/LH244,8.127278
NCH1_2022,GEMN-0192_PHK76_0028/LH244,8.17902
NCH1_2022,GEMN-0192_PHK76_0030/LH244,8.208237
NCH1_2022,GEMN-0192_PHK76_0032/LH244,7.970336
NCH1_2022,GEMN-0192_PHK76_0033/LH244,8.249719
NCH1_2022,GEMN-0192_PHK76_0035/LH244,7.739245
NCH1_2022,GEMN-0192_PHK76_0036/LH244,7.844937
NCH1_2022,GEMN-0192_PHK76_0037/LH244,8.343
NCH1_2022,GEMN-0192_PHK76_0041/LH244,8.301944
NCH1_2022,GEMN-0192_PHK76_0044/LH244,8.081325
NCH1_2022,GEMN-0192_PHK76_0045/LH244,7.858356
NCH1_2022,GEMN-0192_PHN46_0001/LH244,7.63467
NCH1_2022,GEMN-0192_PHN46_0002/LH244,7.9235215
NCH1_2022,GEMN-0192_PHN46_0003/LH244,7.8280234
NCH1_2022,GEMN-0192_PHN46_0004/LH244,7.8192277
NCH1_2022,GEMN-0192_PHN46_0005/LH244,7.4222784
NCH1_2022,GEMN-0192_PHN46_0006/LH244,8.189248
NCH1_2022,GEMN-0192_PHN46_0007/LH244,7.601767
NCH1_2022,GEMN-0192_PHN46_0008/LH244,8.03046
NCH1_2022,GEMN-0192_PHN46_0009/LH244,8.050299
NCH1_2022,GEMN-0192_PHN46_0010/LH244,7.7605066
NCH1_2022,GEMN-0192_PHN46_0011/LH244,7.9514856
NCH1_2022,GEMN-0192_PHN46_0012/LH244,7.5763874
NCH1_2022,GEMN-0192_PHN46_0014/LH244,7.4278793
NCH1_2022,GEMN-0192_PHN46_0015/LH244,8.169561
NCH1_2022,GEMN-0192_PHN46_0017/LH244,7.6681285
NCH1_2022,GEMN-0192_PHN46_0018/LH244,7.909424
NCH1_2022,GEMN-0192_PHN46_0019/LH244,7.889363
NCH1_2022,GEMN-0192_PHN46_0020/LH244,7.8795376
NCH1_2022,GEMN-0192_PHN46_0025/LH244,7.4783635
NCH1_2022,GEMN-0192_PHP02_0001/LH244,7.9542336
NCH1_2022,GEMN-0192_PHP02_0003/LH244,8.009887
NCH1_2022,GEMN-0207/LH244,7.868751
NCH1_2022,GEMN-0225/LH244,8.306817
NCH1_2022,GEMN-0225_LH212HT_0002/LH244,8.334897
NCH1_2022,GEMN-0225_LH212HT_0003/LH244,8.392599
NCH1_2022,GEMN-0225_LH212HT_0005/LH244,8.330722
NCH1_2022,GEMN-0225_LH212HT_0006/LH244,8.382828
NCH1_2022,GEMN-0225_LH212HT_0008/LH244,8.225291
NCH1_2022,GEMN-0225_LH212HT_0009/LH244,8.311167
NCH1_2022,GEMN-0225_LH212HT_0015/LH244,8.35512
NCH1_2022,GEMN-0225_LH212HT_0017/LH244,8.254832
NCH1_2022,GEMN-0225_LH212HT_0021/LH244,8.359575
NCH1_2022,GEMN-0225_LH212HT_0022/LH244,8.3554125
NCH1_2022,GEMN-0225_LH212HT_0023/LH244,8.38187
NCH1_2022,GEMN-0225_LH212HT_0024/LH244,8.067105
NCH1_2022,GEMN-0225_LH212HT_0025/LH244,8.3116665
NCH1_2022,GEMN-0225_LH212HT_0028/LH244,8.310527
NCH1_2022,GEMN-0225_LH212HT_0029/LH244,8.389444
NCH1_2022,GEMN-0225_LH212HT_0033/LH244,8.33789
NCH1_2022,GEMN-0225_LH212HT_0036/LH244,8.360138
NCH1_2022,GEMN-0225_LH212HT_0038/LH244,8.257302
NCH1_2022,GEMN-0225_LH212HT_0040/LH244,8.331108
NCH1_2022,GEMN-0225_LH212HT_0043/LH244,7.6953335
NCH1_2022,GEMN-0225_PHJ89_0001/LH244,8.105977
NCH1_2022,GEMN-0225_PHJ89_0002/LH244,8.3419895
NCH1_2022,GEMN-0225_PHJ89_0003/LH244,8.084686
NCH1_2022,GEMN-0225_PHJ89_0004/LH244,8.136019
NCH1_2022,GEMN-0225_PHJ89_0005/LH244,8.134129
NCH1_2022,GEMN-0225_PHJ89_0006/LH244,8.129417
NCH1_2022,GEMN-0225_PHJ89_0008/LH244,8.093234
NCH1_2022,GEMN-0225_PHJ89_0009/LH244,7.916542
NCH1_2022,GEMN-0225_PHJ89_0013/LH244,8.311186
NCH1_2022,GEMN-0225_PHJ89_0014/LH244,8.227117
NCH1_2022,GEMN-0225_PHJ89_0015/LH244,8.099663
NCH1_2022,GEMN-0225_PHJ89_0016/LH244,8.053845
NCH1_2022,GEMN-0225_PHJ89_0017/LH244,7.8212085
NCH1_2022,GEMN-0225_PHJ89_0018/LH244,8.130129
NCH1_2022,GEMN-0225_PHJ89_0019/LH244,8.034995
NCH1_2022,GEMN-0225_PHJ89_0020/LH244,8.341172
NCH1_2022,GEMN-0225_PHJ89_0021/LH244,8.173426
NCH1_2022,GEMN-0225_PHJ89_0022/LH244,7.982442
NCH1_2022,GEMN-0225_PHJ89_0025/LH244,8.104262
NCH1_2022,GEMN-0225_PHJ89_0026/LH244,7.74153
NCH1_2022,GEMN-0225_PHJ89_0027/LH244,8.250437
NCH1_2022,GEMN-0225_PHJ89_0032/LH244,8.235357
NCH1_2022,GEMN-0225_PHK76_0001/LH244,8.197655
NCH1_2022,GEMN-0225_PHK76_0002/LH244,8.28061
NCH1_2022,GEMN-0225_PHK76_0003/LH244,8.328623
NCH1_2022,GEMN-0225_PHK76_0004/LH244,8.365458
NCH1_2022,GEMN-0225_PHK76_0005/LH244,8.143028
NCH1_2022,GEMN-0225_PHK76_0007/LH244,8.366541
NCH1_2022,GEMN-0225_PHK76_0008/LH244,8.339597
NCH1_2022,GEMN-0225_PHK76_0010/LH244,8.346775
NCH1_2022,GEMN-0225_PHK76_0012/LH244,8.367853
NCH1_2022,GEMN-0225_PHK76_0013/LH244,8.303963
NCH1_2022,GEMN-0225_PHK76_0014/LH244,8.37745
NCH1_2022,GEMN-0225_PHK76_0018/LH244,8.324126
NCH1_2022,GEMN-0225_PHK76_0019/LH244,8.207609
NCH1_2022,GEMN-0225_PHK76_0021/LH244,8.343095
NCH1_2022,GEMN-0225_PHK76_0022/LH244,8.086154
NCH1_2022,GEMN-0225_PHK76_0027/LH244,8.293818
NCH1_2022,GEMN-0225_PHK76_0028/LH244,8.353661
NCH1_2022,GEMN-0225_PHK76_0031/LH244,7.852838
NCH1_2022,GEMN-0225_PHK76_0032/LH244,8.344886
NCH1_2022,GEMN-0225_PHK76_0039/LH244,8.224793
NCH1_2022,GEMN-0225_PHN46_0001/LH244,8.374804
NCH1_2022,GEMN-0225_PHN46_0003/LH244,8.316264
NCH1_2022,GEMN-0225_PHN46_0004/LH244,8.009506
NCH1_2022,GEMN-0225_PHN46_0005/LH244,7.661587
NCH1_2022,GEMN-0225_PHN46_0006/LH244,8.130522
NCH1_2022,GEMN-0225_PHN46_0008/LH244,8.238761
NCH1_2022,GEMN-0225_PHN46_0009/LH244,8.26352
NCH1_2022,GEMN-0225_PHN46_0014/LH244,8.367132
NCH1_2022,GEMN-0225_PHN46_0021/LH244,8.2642565
NCH1_2022,GEMN-0225_PHP02_0001/LH244,8.171392
NCH1_2022,GEMN-0225_PHP02_0002/LH244,8.155696
NCH1_2022,GEMN-0225_PHP02_0003/LH244,8.068092
NCH1_2022,GEMN-0225_PHP02_0005/LH244,7.8105707
NCH1_2022,GEMN-0225_PHP02_0006/LH244,8.173326
NCH1_2022,GEMN-0225_PHP02_0007/LH244,8.131201
NCH1_2022,GEMN-0225_PHP02_0008/LH244,7.8508906
NCH1_2022,GEMN-0225_PHP02_0009/LH244,8.258691
NCH1_2022,GEMN-0225_PHP02_0010/LH244,7.9250813
NCH1_2022,GEMN-0225_PHP02_0012/LH244,7.9236226
NCH1_2022,GEMN-0225_PHP02_0013/LH244,8.155563
NCH1_2022,GEMN-0225_PHP02_0014/LH244,8.076431
NCH1_2022,GEMN-0225_PHP02_0015/LH244,8.031763
NCH1_2022,GEMN-0225_PHP02_0017/LH244,7.8498435
NCH1_2022,GEMN-0232/LH244,8.247241
NCH1_2022,GEMN-0238/LH244,8.3103075
NCH1_2022,GEMN-0257/LH244,8.114187
NCH1_2022,GEMN-0270/LH244,7.404887
NCH1_2022,GEMN-0271/LH244,7.371231
NCH1_2022,GEMN-0287/LH244,8.324959
NCH1_2022,LH145/LH82,5.8123913
NCH1_2022,LH185/LH244,8.251121
NCH1_2022,LH195/MO17,8.24103
NCH1_2022,LH195/PHK76,8.068453
NCH1_2022,LH195/PHN82,8.340362
NCH1_2022,LH195/PHZ51,7.11048
NCH1_2022,LH212HT/LH244,8.329097
NCH1_2022,LH213/LH244,8.173647
NCH1_2022,LH216/LH244,8.155693
NCH1_2022,LH244/MO17,8.305454
NCH1_2022,LH244/PHK76,8.351294
NCH1_2022,LH244/PHN82,8.399764
NCH1_2022,LH244/PHZ51,7.599785
NCH1_2022,LH283/LH244,7.2400136
NCH1_2022,LH287/LH244,8.33295
NCH1_2022,LH74/PHN82,7.9637856
NCH1_2022,LH82/LH244,7.221827
NCH1_2022,M162W/LH244,7.0177593
NCH1_2022,M37W/LH244,7.251413
NCH1_2022,MBUB/LH244,7.828805
NCH1_2022,MM501D/LH244,8.262204
NCH1_2022,MO17_PHW30-008-(2N)-01/LH244,8.240238
NCH1_2022,MO17_PHW30-200-(2N)-02/LH244,8.307543
NCH1_2022,MO17_PHW30-309-(2N)-01/LH244,8.2639065
NCH1_2022,MO44/LH244,8.188498
NCH1_2022,MO44_LH145_0127/LH244,7.806168
NCH1_2022,MO44_LH145_0138/LH244,7.514434
NCH1_2022,MO44_PHG47_0072/LH244,7.3128076
NCH1_2022,MO44_PHG47_0125/LH244,8.216773
NCH1_2022,MO44_PHW65_0025/LH244,8.450395
NCH1_2022,MO44_PHW65_0035/LH244,8.39497
NCH1_2022,MOG/LH244,7.850149
NCH1_2022,MS71/LH244,7.5377197
NCH1_2022,NC350/LH244,7.4941506
NCH1_2022,NC358/LH244,7.662078
NCH1_2022,NC360/LH244,7.8367963
NCH1_2022,NC366/LH244,7.3576055
NCH1_2022,NC370/LH244,7.432309
NCH1_2022,NC374/LH244,7.428166
NCH1_2022,NC378/LH244,7.573724
NCH1_2022,NC386/LH244,8.220691
NCH1_2022,NC388/LH244,7.902696
NCH1_2022,NC398/LH244,7.345563
NCH1_2022,NC406/LH244,7.203589
NCH1_2022,NC426/LH244,7.772973
NCH1_2022,NC428/LH244,7.9417
NCH1_2022,NC438/LH244,7.4692106
NCH1_2022,NC454/LH244,7.586126
NCH1_2022,NC456/LH244,7.409754
NCH1_2022,NC458/LH244,7.3152843
NCH1_2022,NC508/LH244,8.2401085
NCH1_2022,NC512/LH244,7.567368
NCH1_2022,NC524/LH244,7.2310333
NCH1_2022,NC528/LH244,7.5441766
NCH1_2022,NC540/LH244,7.732656
NCH1_2022,NC542/LH244,7.3152018
NCH1_2022,NC546/LH244,7.808745
NCH1_2022,NC548/LH244,7.3237686
NCH1_2022,NKH8431/LH244,7.7762594
NCH1_2022,OH43/LH244,7.746635
NCH1_2022,PH207/LH244,7.9223394
NCH1_2022,PH24E/LH244,8.366263
NCH1_2022,PHAP9/LH244,8.337185
NCH1_2022,PHB47/LH244,6.8708625
NCH1_2022,PHB47/MO17,7.279867
NCH1_2022,PHB47/PHK76,7.3130684
NCH1_2022,PHB47/PHN82,8.154483
NCH1_2022,PHB47/PHZ51,7.0593085
NCH1_2022,PHG29/PHG47,6.9193845
NCH1_2022,PHG35/LH244,8.428676
NCH1_2022,PHG39/PHN82,8.253039
NCH1_2022,PHG47/LH244,7.845801
NCH1_2022,PHJ40/PHAJ0,6.023524
NCH1_2022,PHJ89/LH244,7.958299
NCH1_2022,PHJ89/PH207,7.0507073
NCH1_2022,PHJ90/LH244,8.365411
NCH1_2022,PHK56/LH244,8.400823
NCH1_2022,PHKE6/LH244,7.955143
NCH1_2022,PHN11/LH244,8.316284
NCH1_2022,PHN11_LH145_0005/LH244,6.9845243
NCH1_2022,PHN11_LH145_0028/LH244,7.160635
NCH1_2022,PHN11_LH145_0085/LH244,7.0465975
NCH1_2022,PHN11_OH43_0001/LH244,7.677985
NCH1_2022,PHN11_OH43_0075/LH244,7.5131493
NCH1_2022,PHN11_OH43_0088/LH244,7.983642
NCH1_2022,PHN11_PHG47_0251/LH244,7.896963
NCH1_2022,PHN11_PHG47_0287/LH244,7.468434
NCH1_2022,PHN11_PHW65_0312/LH244,8.386778
NCH1_2022,PHN11_PHW65_0323/LH244,8.446288
NCH1_2022,PHN11_PHW65_0359/LH244,8.451239
NCH1_2022,PHP02/LH244,8.40993
NCH1_2022,PHP55/LH244,8.1475315
NCH1_2022,PHR03/LH244,8.324453
NCH1_2022,PHRE1/PHTD5,6.8196206
NCH1_2022,PHW30/LH244,8.109525
NCH1_2022,PHW30_MO17-010-(2N)-01/LH244,7.939522
NCH1_2022,PHW30_MO17-032-(2N)-01/LH244,7.435054
NCH1_2022,PHW30_MO17-095-(2N)-01/LH244,8.223198
NCH1_2022,PHW30_MO17-129-(2N)-01/LH244,7.982983
NCH1_2022,PHW30_MO17-178-(2N)-01/LH244,8.314843
NCH1_2022,PHW30_MO17-234-(2N)-02/LH244,8.325384
NCH1_2022,PHW30_MO17-299-(2N)-01/LH244,8.217167
NCH1_2022,PHW52/PHM49,8.1978855
NCH1_2022,PHW52/PHN82,8.330522
NCH1_2022,PHW65/LH244,8.45213
NCH1_2022,PHW65_MOG_0137/LH244,8.385402
NCH1_2022,PHW65_MOG_0176/LH244,8.3480425
NCH1_2022,PHW65_MOG_0271/LH244,8.336911
NCH1_2022,TX714/PHZ51,7.387219
NCH1_2022,TX714/TX779,7.1906796
NCH1_2022,TX777/LH195,7.2163763
NCH1_2022,TX779/LH195,7.6127987
NCH1_2022,TX951/LH195,7.1460905
NCH1_2022,W10001_0003/LH244,7.0909586
NCH1_2022,W10001_0007/LH244,7.288631
NCH1_2022,W10001_0008/LH244,7.1164703
NCH1_2022,W10001_0009/LH244,6.9357457
NCH1_2022,W10001_0010/LH244,7.6835604
NCH1_2022,W10001_0011/LH244,6.61256
NCH1_2022,W10001_0012/LH244,6.962041
NCH1_2022,W10001_0013/LH244,7.4296474
NCH1_2022,W10001_0014/LH244,7.0705175
NCH1_2022,W10001_0016/LH244,7.24946
NCH1_2022,W10001_0017/LH244,7.3603334
NCH1_2022,W10001_0018/LH244,7.076655
NCH1_2022,W10001_0019/LH244,7.0288143
NCH1_2022,W10001_0021/LH244,6.7646065
NCH1_2022,W10001_0022/LH244,7.42055
NCH1_2022,W10001_0023/LH244,7.6086454
NCH1_2022,W10001_0030/LH244,7.778173
NCH1_2022,W10001_0031/LH244,7.330031
NCH1_2022,W10001_0033/LH244,8.324453
NCH1_2022,W10001_0036/LH244,7.4376726
NCH1_2022,W10001_0040/LH244,7.0866475
NCH1_2022,W10001_0047/LH244,7.3700023
NCH1_2022,W10002_0002/LH244,7.4107375
NCH1_2022,W10002_0004/LH244,7.6520047
NCH1_2022,W10005_0029/LH244,8.278578
NCH1_2022,W10005_0107/LH244,7.845838
NCH1_2022,W10005_0111/LH244,7.2067175
NCH1_2022,W10005_0147/LH244,8.052034
NCH1_2022,W10005_0220/LH244,8.296709
NCH1_2022,W10010_0018/LH244,8.117184
NCH1_2022,W10010_0032/LH244,7.9817038
NCH1_2022,W10010_0084/LH244,7.766113
NCH1_2022,W10010_0093/LH244,7.907182
NCH1_2022,W10010_0101/LH244,8.343723
NCH1_2022,W10010_0118/LH244,8.200446
NCH1_2022,W10010_0124/LH244,8.016968
NCH1_2022,W10010_0148/LH244,8.066454
NCH1_2022,W10010_0170/LH244,7.831959
NCH1_2022,W10010_0175/LH244,8.350236
NCH1_2022,W10010_0188/LH244,8.079193
NCH1_2022,W10010_0189/LH244,8.326283
NCH1_2022,W10010_0215/LH244,7.771307
NCH1_2022,W10010_0239/LH244,8.155155
NCH1_2022,W10010_0279/LH244,8.3055525
NCH1_2022,W10010_0294/LH244,8.3236265
NCH1_2022,W10010_0310/LH244,8.289911
NCH1_2022,W10010_0311/LH244,8.288511
NCH1_2022,W10010_0337/LH244,8.363551
NCH1_2022,W10010_0346/LH244,8.323223
NCH1_2022,W10010_0358/LH244,8.123616
NCH1_2022,W10010_0366/LH244,7.9666295
NCH1_2022,W10010_0381/LH244,8.384865
NCH1_2022,W10010_0452/LH244,8.076937
NCH1_2022,W10010_0464/LH244,7.931501
NCH1_2022,W22/LH244,7.533501
NEH1_2022,B14A/H95,8.8509865
NEH1_2022,B14A/MO17,8.727384
NEH1_2022,B14A/OH43,8.862756
NEH1_2022,B37/H95,8.689616
NEH1_2022,B37/MO17,9.114259
NEH1_2022,B37/OH43,8.881276
NEH1_2022,B73/MO17,9.890959
NEH1_2022,B73/PHK76,9.706018
NEH1_2022,B73/PHM49,10.073728
NEH1_2022,B73/PHN82,10.134187
NEH1_2022,B73/PHZ51,8.846888
NEH1_2022,B73/TX779,8.570027
NEH1_2022,B97/LH244,9.3644085
NEH1_2022,BGEM-0039-N/LH244,8.818748
NEH1_2022,BGEM-0063-N/LH244,8.678934
NEH1_2022,BGEM-0089-N/LH244,9.123861
NEH1_2022,BGEM-0129-N/LH244,8.849704
NEH1_2022,CG119/CG108,7.336579
NEH1_2022,CG44/CGR01,8.127943
NEH1_2022,DK3IIH6/LH244,9.28311
NEH1_2022,DK78010/LH244,8.819753
NEH1_2022,F42/H95,9.405126
NEH1_2022,F42/MO17,9.879293
NEH1_2022,F42/OH43,9.324413
NEH1_2022,GEMN-0096/LH244,9.491765
NEH1_2022,GEMN-0096_LH212HT_0001/LH244,9.696046
NEH1_2022,GEMN-0096_LH212HT_0004/LH244,10.091686
NEH1_2022,GEMN-0096_LH212HT_0005/LH244,10.057497
NEH1_2022,GEMN-0096_LH212HT_0006/LH244,10.083532
NEH1_2022,GEMN-0096_LH212HT_0009/LH244,10.061913
NEH1_2022,GEMN-0096_LH212HT_0013/LH244,9.95581
NEH1_2022,GEMN-0096_LH212HT_0017/LH244,10.026667
NEH1_2022,GEMN-0096_PHJ89_0001/LH244,9.945906
NEH1_2022,GEMN-0096_PHJ89_0002/LH244,9.440909
NEH1_2022,GEMN-0096_PHJ89_0006/LH244,9.791656
NEH1_2022,GEMN-0096_PHJ89_0007/LH244,9.67531
NEH1_2022,GEMN-0096_PHJ89_0009/LH244,9.500916
NEH1_2022,GEMN-0096_PHJ89_0010/LH244,9.6993265
NEH1_2022,GEMN-0096_PHJ89_0011/LH244,9.6758
NEH1_2022,GEMN-0096_PHJ89_0012/LH244,9.466607
NEH1_2022,GEMN-0096_PHJ89_0013/LH244,9.564892
NEH1_2022,GEMN-0096_PHJ89_0014/LH244,9.865349
NEH1_2022,GEMN-0096_PHJ89_0016/LH244,9.471437
NEH1_2022,GEMN-0096_PHK76_0001/LH244,10.013414
NEH1_2022,GEMN-0096_PHK76_0002/LH244,10.031453
NEH1_2022,GEMN-0096_PHK76_0003/LH244,9.984931
NEH1_2022,GEMN-0096_PHK76_0004/LH244,9.883538
NEH1_2022,GEMN-0096_PHK76_0006/LH244,10.057828
NEH1_2022,GEMN-0096_PHK76_0007/LH244,9.95919
NEH1_2022,GEMN-0096_PHK76_0013/LH244,9.953185
NEH1_2022,GEMN-0096_PHK76_0016/LH244,9.832025
NEH1_2022,GEMN-0096_PHN46_0001/LH244,9.447747
NEH1_2022,GEMN-0096_PHN46_0002/LH244,9.21523
NEH1_2022,GEMN-0096_PHN46_0003/LH244,9.451279
NEH1_2022,GEMN-0096_PHN46_0004/LH244,9.442624
NEH1_2022,GEMN-0096_PHN46_0005/LH244,10.005912
NEH1_2022,GEMN-0096_PHN46_0007/LH244,9.676807
NEH1_2022,GEMN-0096_PHN46_0010/LH244,10.021086
NEH1_2022,GEMN-0096_PHN46_0012/LH244,9.616809
NEH1_2022,GEMN-0096_PHN46_0013/LH244,9.473823
NEH1_2022,GEMN-0096_PHN46_0014/LH244,9.229889
NEH1_2022,GEMN-0096_PHN46_0020/LH244,9.79735
NEH1_2022,GEMN-0096_PHP02_0001/LH244,9.67868
NEH1_2022,GEMN-0096_PHP02_0003/LH244,9.265832
NEH1_2022,GEMN-0096_PHP02_0005/LH244,10.056143
NEH1_2022,GEMN-0096_PHP02_0006/LH244,9.89776
NEH1_2022,GEMN-0096_PHP02_0007/LH244,9.489857
NEH1_2022,GEMN-0096_PHP02_0011/LH244,9.944446
NEH1_2022,GEMN-0096_PHP02_0012/LH244,9.827014
NEH1_2022,GEMN-0096_PHP02_0016/LH244,9.719731
NEH1_2022,GEMN-0096_PHP02_0025/LH244,9.627385
NEH1_2022,GEMN-0096_PHP02_0030/LH244,9.748867
NEH1_2022,GEMN-0097/LH244,10.017097
NEH1_2022,GEMN-0097_LH212HT_0004/LH244,10.112114
NEH1_2022,GEMN-0097_LH212HT_0019/LH244,10.145522
NEH1_2022,GEMN-0097_LH212HT_0020/LH244,10.101599
NEH1_2022,GEMN-0097_LH212HT_0026/LH244,9.864646
NEH1_2022,GEMN-0097_LH212HT_0032/LH244,10.095653
NEH1_2022,GEMN-0097_LH212HT_0047/LH244,10.238119
NEH1_2022,GEMN-0097_LH212HT_0054/LH244,10.027223
NEH1_2022,GEMN-0097_LH212HT_0058/LH244,9.986076
NEH1_2022,GEMN-0097_LH212HT_0062/LH244,10.089848
NEH1_2022,GEMN-0097_LH212HT_0069/LH244,10.120384
NEH1_2022,GEMN-0097_LH212HT_0085/LH244,10.109283
NEH1_2022,GEMN-0097_PHJ89_0001/LH244,9.4393
NEH1_2022,GEMN-0097_PHJ89_0002/LH244,9.969533
NEH1_2022,GEMN-0097_PHJ89_0003/LH244,9.463812
NEH1_2022,GEMN-0097_PHJ89_0005/LH244,9.669809
NEH1_2022,GEMN-0097_PHJ89_0006/LH244,9.814262
NEH1_2022,GEMN-0097_PHJ89_0007/LH244,9.721006
NEH1_2022,GEMN-0097_PHJ89_0008/LH244,9.466906
NEH1_2022,GEMN-0097_PHJ89_0010/LH244,9.876588
NEH1_2022,GEMN-0097_PHJ89_0011/LH244,9.521595
NEH1_2022,GEMN-0097_PHJ89_0012/LH244,9.629651
NEH1_2022,GEMN-0097_PHJ89_0013/LH244,10.053929
NEH1_2022,GEMN-0097_PHJ89_0016/LH244,9.7687235
NEH1_2022,GEMN-0097_PHJ89_0020/LH244,9.96688
NEH1_2022,GEMN-0097_PHJ89_0025/LH244,10.056333
NEH1_2022,GEMN-0097_PHJ89_0026/LH244,9.825192
NEH1_2022,GEMN-0097_PHJ89_0027/LH244,9.823389
NEH1_2022,GEMN-0097_PHJ89_0028/LH244,9.718168
NEH1_2022,GEMN-0097_PHJ89_0029/LH244,9.721586
NEH1_2022,GEMN-0097_PHJ89_0036/LH244,9.904041
NEH1_2022,GEMN-0097_PHJ89_0039/LH244,9.679361
NEH1_2022,GEMN-0097_PHK76_0003/LH244,9.48041
NEH1_2022,GEMN-0097_PHK76_0007/LH244,9.816019
NEH1_2022,GEMN-0097_PHK76_0009/LH244,9.674031
NEH1_2022,GEMN-0097_PHK76_0011/LH244,10.170614
NEH1_2022,GEMN-0097_PHK76_0018/LH244,9.849097
NEH1_2022,GEMN-0097_PHK76_0021/LH244,9.4625435
NEH1_2022,GEMN-0097_PHK76_0037/LH244,10.205996
NEH1_2022,GEMN-0097_PHK76_0038/LH244,10.006854
NEH1_2022,GEMN-0097_PHK76_0039/LH244,9.272577
NEH1_2022,GEMN-0097_PHK76_0041/LH244,10.052651
NEH1_2022,GEMN-0097_PHK76_0048/LH244,10.010328
NEH1_2022,GEMN-0097_PHK76_0055/LH244,10.044075
NEH1_2022,GEMN-0097_PHK76_0060/LH244,10.069056
NEH1_2022,GEMN-0097_PHN46_0001/LH244,9.943072
NEH1_2022,GEMN-0097_PHN46_0003/LH244,9.640866
NEH1_2022,GEMN-0097_PHN46_0004/LH244,9.682985
NEH1_2022,GEMN-0097_PHN46_0005/LH244,9.454094
NEH1_2022,GEMN-0097_PHN46_0008/LH244,9.597494
NEH1_2022,GEMN-0097_PHN46_0011/LH244,9.784482
NEH1_2022,GEMN-0097_PHN46_0014/LH244,9.582576
NEH1_2022,GEMN-0097_PHN46_0018/LH244,9.669891
NEH1_2022,GEMN-0097_PHP02_0002/LH244,9.210493
NEH1_2022,GEMN-0097_PHP02_0003/LH244,9.678072
NEH1_2022,GEMN-0097_PHP02_0005/LH244,9.942785
NEH1_2022,GEMN-0097_PHP02_0006/LH244,9.780406
NEH1_2022,GEMN-0097_PHP02_0007/LH244,9.214576
NEH1_2022,GEMN-0098/LH244,10.004316
NEH1_2022,GEMN-0124/LH244,9.840286
NEH1_2022,GEMN-0144/LH244,9.415482
NEH1_2022,GEMN-0157/LH244,9.614156
NEH1_2022,GEMN-0177/LH244,10.088929
NEH1_2022,GEMN-0178/LH244,10.092238
NEH1_2022,GEMN-0187/LH244,9.8231945
NEH1_2022,GEMN-0192_LH212HT_0001/LH244,9.988843
NEH1_2022,GEMN-0192_LH212HT_0006/LH244,9.580959
NEH1_2022,GEMN-0192_LH212HT_0010/LH244,9.477647
NEH1_2022,GEMN-0192_LH212HT_0011/LH244,9.367467
NEH1_2022,GEMN-0192_LH212HT_0012/LH244,9.47663
NEH1_2022,GEMN-0192_LH212HT_0013/LH244,9.6592865
NEH1_2022,GEMN-0192_LH212HT_0014/LH244,9.846166
NEH1_2022,GEMN-0192_LH212HT_0018/LH244,10.091791
NEH1_2022,GEMN-0192_LH212HT_0021/LH244,9.953202
NEH1_2022,GEMN-0192_LH212HT_0023/LH244,10.045575
NEH1_2022,GEMN-0192_PHJ89_0001/LH244,9.782427
NEH1_2022,GEMN-0192_PHK76_0002/LH244,10.045824
NEH1_2022,GEMN-0192_PHK76_0004/LH244,9.942932
NEH1_2022,GEMN-0192_PHK76_0005/LH244,9.701855
NEH1_2022,GEMN-0192_PHK76_0006/LH244,9.936214
NEH1_2022,GEMN-0192_PHK76_0007/LH244,9.651568
NEH1_2022,GEMN-0192_PHK76_0008/LH244,9.761364
NEH1_2022,GEMN-0192_PHK76_0009/LH244,9.834262
NEH1_2022,GEMN-0192_PHK76_0010/LH244,9.855785
NEH1_2022,GEMN-0192_PHK76_0011/LH244,9.873075
NEH1_2022,GEMN-0192_PHK76_0012/LH244,9.791164
NEH1_2022,GEMN-0192_PHK76_0013/LH244,9.746766
NEH1_2022,GEMN-0192_PHK76_0014/LH244,9.981859
NEH1_2022,GEMN-0192_PHK76_0015/LH244,10.129176
NEH1_2022,GEMN-0192_PHK76_0016/LH244,9.848456
NEH1_2022,GEMN-0192_PHK76_0019/LH244,9.930615
NEH1_2022,GEMN-0192_PHK76_0021/LH244,9.533214
NEH1_2022,GEMN-0192_PHK76_0025/LH244,9.564025
NEH1_2022,GEMN-0192_PHK76_0028/LH244,9.95342
NEH1_2022,GEMN-0192_PHK76_0030/LH244,9.958889
NEH1_2022,GEMN-0192_PHK76_0032/LH244,9.707625
NEH1_2022,GEMN-0192_PHK76_0033/LH244,10.012908
NEH1_2022,GEMN-0192_PHK76_0035/LH244,9.499974
NEH1_2022,GEMN-0192_PHK76_0036/LH244,9.567096
NEH1_2022,GEMN-0192_PHK76_0044/LH244,9.848489
NEH1_2022,GEMN-0192_PHK76_0045/LH244,9.602104
NEH1_2022,GEMN-0192_PHN46_0002/LH244,9.705853
NEH1_2022,GEMN-0192_PHN46_0003/LH244,9.616196
NEH1_2022,GEMN-0192_PHN46_0004/LH244,9.59114
NEH1_2022,GEMN-0192_PHN46_0005/LH244,9.103487
NEH1_2022,GEMN-0192_PHN46_0006/LH244,9.979572
NEH1_2022,GEMN-0192_PHN46_0008/LH244,9.812078
NEH1_2022,GEMN-0192_PHN46_0009/LH244,9.826845
NEH1_2022,GEMN-0192_PHN46_0010/LH244,9.50454
NEH1_2022,GEMN-0192_PHN46_0011/LH244,9.712405
NEH1_2022,GEMN-0192_PHN46_0012/LH244,9.306991
NEH1_2022,GEMN-0192_PHN46_0014/LH244,9.158661
NEH1_2022,GEMN-0192_PHN46_0015/LH244,9.962032
NEH1_2022,GEMN-0192_PHN46_0025/LH244,9.179437
NEH1_2022,GEMN-0192_PHP02_0001/LH244,9.696801
NEH1_2022,GEMN-0192_PHP02_0003/LH244,9.76841
NEH1_2022,GEMN-0225/LH244,10.0694685
NEH1_2022,GEMN-0225_LH212HT_0002/LH244,10.104014
NEH1_2022,GEMN-0225_LH212HT_0005/LH244,10.126652
NEH1_2022,GEMN-0225_LH212HT_0006/LH244,10.217375
NEH1_2022,GEMN-0225_LH212HT_0008/LH244,9.975156
NEH1_2022,GEMN-0225_LH212HT_0015/LH244,10.144735
NEH1_2022,GEMN-0225_LH212HT_0017/LH244,10.002608
NEH1_2022,GEMN-0225_LH212HT_0024/LH244,9.82043
NEH1_2022,GEMN-0225_LH212HT_0029/LH244,10.2427845
NEH1_2022,GEMN-0225_LH212HT_0036/LH244,10.142428
NEH1_2022,GEMN-0225_LH212HT_0043/LH244,9.440004
NEH1_2022,GEMN-0225_PHJ89_0001/LH244,9.842027
NEH1_2022,GEMN-0225_PHJ89_0002/LH244,10.125666
NEH1_2022,GEMN-0225_PHJ89_0003/LH244,9.842481
NEH1_2022,GEMN-0225_PHJ89_0004/LH244,9.897319
NEH1_2022,GEMN-0225_PHJ89_0005/LH244,9.857305
NEH1_2022,GEMN-0225_PHJ89_0008/LH244,9.856553
NEH1_2022,GEMN-0225_PHJ89_0009/LH244,9.6784115
NEH1_2022,GEMN-0225_PHJ89_0015/LH244,9.830776
NEH1_2022,GEMN-0225_PHJ89_0016/LH244,9.798171
NEH1_2022,GEMN-0225_PHJ89_0017/LH244,9.545038
NEH1_2022,GEMN-0225_PHJ89_0020/LH244,10.122503
NEH1_2022,GEMN-0225_PHJ89_0021/LH244,9.942466
NEH1_2022,GEMN-0225_PHJ89_0022/LH244,9.733662
NEH1_2022,GEMN-0225_PHJ89_0032/LH244,9.9846325
NEH1_2022,GEMN-0225_PHK76_0002/LH244,10.031398
NEH1_2022,GEMN-0225_PHK76_0003/LH244,10.120923
NEH1_2022,GEMN-0225_PHK76_0004/LH244,10.220924
NEH1_2022,GEMN-0225_PHK76_0005/LH244,9.887303
NEH1_2022,GEMN-0225_PHK76_0007/LH244,10.201711
NEH1_2022,GEMN-0225_PHK76_0008/LH244,10.172708
NEH1_2022,GEMN-0225_PHK76_0012/LH244,10.163578
NEH1_2022,GEMN-0225_PHK76_0013/LH244,10.043507
NEH1_2022,GEMN-0225_PHK76_0014/LH244,10.202283
NEH1_2022,GEMN-0225_PHK76_0018/LH244,10.122934
NEH1_2022,GEMN-0225_PHK76_0019/LH244,9.961044
NEH1_2022,GEMN-0225_PHK76_0021/LH244,10.127804
NEH1_2022,GEMN-0225_PHK76_0022/LH244,9.822544
NEH1_2022,GEMN-0225_PHK76_0028/LH244,10.145622
NEH1_2022,GEMN-0225_PHK76_0031/LH244,9.578085
NEH1_2022,GEMN-0225_PHN46_0001/LH244,10.186421
NEH1_2022,GEMN-0225_PHN46_0003/LH244,10.106336
NEH1_2022,GEMN-0225_PHN46_0005/LH244,9.393921
NEH1_2022,GEMN-0225_PHN46_0006/LH244,9.903874
NEH1_2022,GEMN-0225_PHN46_0021/LH244,10.056487
NEH1_2022,GEMN-0225_PHP02_0001/LH244,9.945716
NEH1_2022,GEMN-0225_PHP02_0003/LH244,9.824164
NEH1_2022,GEMN-0225_PHP02_0005/LH244,9.575101
NEH1_2022,GEMN-0225_PHP02_0006/LH244,9.938661
NEH1_2022,GEMN-0225_PHP02_0008/LH244,9.557259
NEH1_2022,GEMN-0225_PHP02_0009/LH244,10.01174
NEH1_2022,GEMN-0225_PHP02_0010/LH244,9.645691
NEH1_2022,GEMN-0225_PHP02_0012/LH244,9.661084
NEH1_2022,GEMN-0225_PHP02_0013/LH244,9.902452
NEH1_2022,GEMN-0225_PHP02_0014/LH244,9.841234
NEH1_2022,GEMN-0225_PHP02_0015/LH244,9.749371
NEH1_2022,GEMN-0225_PHP02_0017/LH244,9.571297
NEH1_2022,GEMN-0238/LH244,10.099585
NEH1_2022,GEMN-0271/LH244,9.058572
NEH1_2022,GEMN-0287/LH244,10.095078
NEH1_2022,LH145/LH82,7.301617
NEH1_2022,LH195/MO17,10.002451
NEH1_2022,LH195/PHK76,9.870282
NEH1_2022,LH195/PHN82,10.141539
NEH1_2022,LH195/PHZ51,8.511654
NEH1_2022,LH216/LH244,9.910979
NEH1_2022,LH244/MO17,10.038142
NEH1_2022,LH244/PHK76,10.1442795
NEH1_2022,LH244/PHN82,10.297442
NEH1_2022,LH244/PHZ51,9.317733
NEH1_2022,LH283/LH244,8.839864
NEH1_2022,LH287/LH244,10.095479
NEH1_2022,LH74/PHN82,9.7272
NEH1_2022,LH82/LH244,8.742604
NEH1_2022,M162W/LH244,8.552674
NEH1_2022,MBUB/LH244,9.547294
NEH1_2022,MM501D/LH244,10.01368
NEH1_2022,MO17_PHW30-008-(2N)-01/LH244,9.973333
NEH1_2022,MO17_PHW30-200-(2N)-02/LH244,10.087512
NEH1_2022,MO17_PHW30-309-(2N)-01/LH244,10.012327
NEH1_2022,MO44_LH145_0127/LH244,9.570425
NEH1_2022,MO44_LH145_0138/LH244,9.1983795
NEH1_2022,MO44_PHG47_0072/LH244,8.968378
NEH1_2022,MO44_PHG47_0125/LH244,9.96853
NEH1_2022,MO44_PHW65_0025/LH244,10.329543
NEH1_2022,MO44_PHW65_0035/LH244,10.231756
NEH1_2022,MOG/LH244,9.635449
NEH1_2022,NC358/LH244,9.413591
NEH1_2022,NKH8431/LH244,9.586007
NEH1_2022,OH43/LH244,9.472314
NEH1_2022,PH207/LH244,9.670871
NEH1_2022,PH24E/LH244,10.246929
NEH1_2022,PHAP9/LH244,10.131444
NEH1_2022,PHB47/LH244,8.196382
NEH1_2022,PHB47/MO17,8.836678
NEH1_2022,PHB47/PHK76,8.906058
NEH1_2022,PHB47/PHN82,9.911733
NEH1_2022,PHB47/PHZ51,8.36742
NEH1_2022,PHG29/PHG47,8.414918
NEH1_2022,PHG47/LH244,9.571773
NEH1_2022,PHJ40/PHAJ0,7.5305943
NEH1_2022,PHJ89/LH244,9.7410345
NEH1_2022,PHJ89/PH207,8.511641
NEH1_2022,PHJ90/LH244,10.164151
NEH1_2022,PHK56/LH244,10.232765
NEH1_2022,PHKE6/LH244,9.692282
NEH1_2022,PHN11/LH244,10.114737
NEH1_2022,PHN11_LH145_0005/LH244,8.423745
NEH1_2022,PHN11_LH145_0028/LH244,8.774181
NEH1_2022,PHN11_LH145_0085/LH244,8.581506
NEH1_2022,PHN11_OH43_0075/LH244,9.230512
NEH1_2022,PHN11_OH43_0088/LH244,9.750432
NEH1_2022,PHN11_PHG47_0251/LH244,9.659556
NEH1_2022,PHN11_PHG47_0287/LH244,9.161872
NEH1_2022,PHN11_PHW65_0312/LH244,10.204533
NEH1_2022,PHN11_PHW65_0323/LH244,10.342292
NEH1_2022,PHN11_PHW65_0359/LH244,10.334559
NEH1_2022,PHN46/LH244,9.145187
NEH1_2022,PHP02/LH244,10.350187
NEH1_2022,PHP55/LH244,9.87591
NEH1_2022,PHR03/LH244,10.094877
NEH1_2022,PHRE1/PHTD5,8.194876
NEH1_2022,PHW30/LH244,9.866308
NEH1_2022,PHW30_MO17-010-(2N)-01/LH244,9.679416
NEH1_2022,PHW30_MO17-032-(2N)-01/LH244,9.145991
NEH1_2022,PHW30_MO17-095-(2N)-01/LH244,9.945318
NEH1_2022,PHW30_MO17-129-(2N)-01/LH244,9.722261
NEH1_2022,PHW30_MO17-178-(2N)-01/LH244,10.072864
NEH1_2022,PHW30_MO17-234-(2N)-02/LH244,10.119192
NEH1_2022,PHW52/PHM49,9.983764
NEH1_2022,PHW52/PHN82,10.101898
NEH1_2022,PHW65_MOG_0137/LH244,10.215783
NEH1_2022,PHW65_MOG_0176/LH244,10.170753
NEH1_2022,PHW65_MOG_0271/LH244,10.111874
NEH1_2022,TX714/PHZ51,8.969303
NEH1_2022,TX714/TX779,8.700904
NEH1_2022,TX777/LH195,8.788822
NEH1_2022,TX779/LH195,9.298292
NEH1_2022,TX951/LH195,8.719532
NEH1_2022,W10001_0003/LH244,8.64741
NEH1_2022,W10001_0007/LH244,8.9244995
NEH1_2022,W10001_0009/LH244,8.411824
NEH1_2022,W10001_0012/LH244,8.442402
NEH1_2022,W10001_0014/LH244,8.572463
NEH1_2022,W10001_0016/LH244,8.903586
NEH1_2022,W10001_0017/LH244,9.040212
NEH1_2022,W10001_0019/LH244,8.553607
NEH1_2022,W10001_0021/LH244,8.208674
NEH1_2022,W10001_0022/LH244,9.137783
NEH1_2022,W10001_0023/LH244,9.362861
NEH1_2022,W10001_0031/LH244,9.002256
NEH1_2022,W10001_0040/LH244,8.606641
NEH1_2022,W10001_0047/LH244,8.965046
NEH1_2022,W10005_0029/LH244,10.027306
NEH1_2022,W10005_0107/LH244,9.566595
NEH1_2022,W10005_0111/LH244,8.839902
NEH1_2022,W10005_0147/LH244,9.792602
NEH1_2022,W10005_0220/LH244,10.103321
NEH1_2022,W10010_0084/LH244,9.498588
NEH1_2022,W10010_0093/LH244,9.661065
NEH1_2022,W10010_0118/LH244,9.963954
NEH1_2022,W10010_0124/LH244,9.712231
NEH1_2022,W10010_0148/LH244,9.760054
NEH1_2022,W10010_0170/LH244,9.545171
NEH1_2022,W10010_0189/LH244,10.098406
NEH1_2022,W10010_0279/LH244,10.055408
NEH1_2022,W10010_0294/LH244,10.091712
NEH1_2022,W10010_0311/LH244,10.038187
NEH1_2022,W10010_0337/LH244,10.13965
NEH1_2022,W10010_0346/LH244,10.074224
NEH1_2022,W10010_0358/LH244,9.898751
NEH2_2022,B14A/H95,9.687705
NEH2_2022,B14A/MO17,9.547066
NEH2_2022,B14A/OH43,9.701208
NEH2_2022,B37/H95,9.50631
NEH2_2022,B37/MO17,9.979858
NEH2_2022,B37/OH43,9.7221155
NEH2_2022,B73/MO17,10.687405
NEH2_2022,B73/PHM49,10.815708
NEH2_2022,B73/PHN82,10.874544
NEH2_2022,B73/TX779,9.382537
NEH2_2022,B97/LH244,10.247464
NEH2_2022,BGEM-0039-N/LH244,9.649623
NEH2_2022,BGEM-0063-N/LH244,9.493914
NEH2_2022,BGEM-0089-N/LH244,9.988386
NEH2_2022,BGEM-0124-N/LH244,9.368418
NEH2_2022,BGEM-0129-N/LH244,9.685618
NEH2_2022,CG119/CG108,7.7743
NEH2_2022,CG44/CGR01,8.819515
NEH2_2022,DK3IIH6/LH244,10.157291
NEH2_2022,DK78010/LH244,9.658867
NEH2_2022,F42/H95,10.262402
NEH2_2022,F42/MO17,10.677078
NEH2_2022,F42/OH43,10.188269
NEH2_2022,GEMN-0096/LH244,10.360845
NEH2_2022,GEMN-0096_LH212HT_0001/LH244,10.534593
NEH2_2022,GEMN-0096_LH212HT_0004/LH244,10.887759
NEH2_2022,GEMN-0096_LH212HT_0005/LH244,10.850611
NEH2_2022,GEMN-0096_LH212HT_0006/LH244,10.880805
NEH2_2022,GEMN-0096_LH212HT_0009/LH244,10.855289
NEH2_2022,GEMN-0096_LH212HT_0012/LH244,10.596792
NEH2_2022,GEMN-0096_LH212HT_0013/LH244,10.752285
NEH2_2022,GEMN-0096_LH212HT_0017/LH244,10.817886
NEH2_2022,GEMN-0096_PHJ89_0001/LH244,10.732556
NEH2_2022,GEMN-0096_PHJ89_0002/LH244,10.309164
NEH2_2022,GEMN-0096_PHJ89_0006/LH244,10.598939
NEH2_2022,GEMN-0096_PHJ89_0007/LH244,10.499925
NEH2_2022,GEMN-0096_PHJ89_0009/LH244,10.35448
NEH2_2022,GEMN-0096_PHJ89_0010/LH244,10.527281
NEH2_2022,GEMN-0096_PHJ89_0011/LH244,10.519661
NEH2_2022,GEMN-0096_PHJ89_0012/LH244,10.328713
NEH2_2022,GEMN-0096_PHJ89_0013/LH244,10.435182
NEH2_2022,GEMN-0096_PHJ89_0014/LH244,10.664209
NEH2_2022,GEMN-0096_PHK76_0001/LH244,10.80658
NEH2_2022,GEMN-0096_PHK76_0002/LH244,10.828714
NEH2_2022,GEMN-0096_PHK76_0003/LH244,10.799142
NEH2_2022,GEMN-0096_PHK76_0004/LH244,10.705745
NEH2_2022,GEMN-0096_PHK76_0007/LH244,10.766586
NEH2_2022,GEMN-0096_PHK76_0013/LH244,10.753187
NEH2_2022,GEMN-0096_PHK76_0016/LH244,10.660234
NEH2_2022,GEMN-0096_PHN46_0001/LH244,10.309711
NEH2_2022,GEMN-0096_PHN46_0002/LH244,10.087068
NEH2_2022,GEMN-0096_PHN46_0003/LH244,10.332924
NEH2_2022,GEMN-0096_PHN46_0004/LH244,10.307482
NEH2_2022,GEMN-0096_PHN46_0005/LH244,10.783871
NEH2_2022,GEMN-0096_PHN46_0007/LH244,10.510695
NEH2_2022,GEMN-0096_PHN46_0010/LH244,10.81259
NEH2_2022,GEMN-0096_PHN46_0012/LH244,10.471569
NEH2_2022,GEMN-0096_PHN46_0013/LH244,10.328461
NEH2_2022,GEMN-0096_PHN46_0014/LH244,10.099899
NEH2_2022,GEMN-0096_PHN46_0020/LH244,10.633478
NEH2_2022,GEMN-0096_PHP02_0001/LH244,10.528983
NEH2_2022,GEMN-0096_PHP02_0003/LH244,10.139443
NEH2_2022,GEMN-0096_PHP02_0005/LH244,10.837553
NEH2_2022,GEMN-0096_PHP02_0006/LH244,10.705759
NEH2_2022,GEMN-0096_PHP02_0007/LH244,10.36088
NEH2_2022,GEMN-0096_PHP02_0011/LH244,10.740849
NEH2_2022,GEMN-0096_PHP02_0012/LH244,10.6308975
NEH2_2022,GEMN-0096_PHP02_0016/LH244,10.548666
NEH2_2022,GEMN-0096_PHP02_0025/LH244,10.488421
NEH2_2022,GEMN-0097/LH244,10.797672
NEH2_2022,GEMN-0097_LH212HT_0004/LH244,10.891704
NEH2_2022,GEMN-0097_LH212HT_0019/LH244,10.935118
NEH2_2022,GEMN-0097_LH212HT_0020/LH244,10.896319
NEH2_2022,GEMN-0097_LH212HT_0026/LH244,10.701512
NEH2_2022,GEMN-0097_LH212HT_0047/LH244,10.966188
NEH2_2022,GEMN-0097_LH212HT_0054/LH244,10.812086
NEH2_2022,GEMN-0097_LH212HT_0058/LH244,10.770713
NEH2_2022,GEMN-0097_LH212HT_0062/LH244,10.870047
NEH2_2022,GEMN-0097_LH212HT_0069/LH244,10.883668
NEH2_2022,GEMN-0097_LH212HT_0085/LH244,10.894435
NEH2_2022,GEMN-0097_PHJ89_0001/LH244,10.3033905
NEH2_2022,GEMN-0097_PHJ89_0002/LH244,10.770093
NEH2_2022,GEMN-0097_PHJ89_0003/LH244,10.334151
NEH2_2022,GEMN-0097_PHJ89_0005/LH244,10.519283
NEH2_2022,GEMN-0097_PHJ89_0006/LH244,10.627633
NEH2_2022,GEMN-0097_PHJ89_0007/LH244,10.541165
NEH2_2022,GEMN-0097_PHJ89_0008/LH244,10.340038
NEH2_2022,GEMN-0097_PHJ89_0010/LH244,10.674691
NEH2_2022,GEMN-0097_PHJ89_0011/LH244,10.380948
NEH2_2022,GEMN-0097_PHJ89_0012/LH244,10.498189
NEH2_2022,GEMN-0097_PHJ89_0013/LH244,10.835463
NEH2_2022,GEMN-0097_PHJ89_0016/LH244,10.57414
NEH2_2022,GEMN-0097_PHJ89_0020/LH244,10.760935
NEH2_2022,GEMN-0097_PHJ89_0025/LH244,10.846308
NEH2_2022,GEMN-0097_PHJ89_0026/LH244,10.641817
NEH2_2022,GEMN-0097_PHJ89_0027/LH244,10.64586
NEH2_2022,GEMN-0097_PHJ89_0028/LH244,10.552588
NEH2_2022,GEMN-0097_PHJ89_0029/LH244,10.5524025
NEH2_2022,GEMN-0097_PHJ89_0036/LH244,10.700366
NEH2_2022,GEMN-0097_PHK76_0003/LH244,10.352238
NEH2_2022,GEMN-0097_PHK76_0007/LH244,10.634866
NEH2_2022,GEMN-0097_PHK76_0009/LH244,10.535606
NEH2_2022,GEMN-0097_PHK76_0011/LH244,10.928773
NEH2_2022,GEMN-0097_PHK76_0014/LH244,10.643388
NEH2_2022,GEMN-0097_PHK76_0015/LH244,10.781446
NEH2_2022,GEMN-0097_PHK76_0018/LH244,10.673432
NEH2_2022,GEMN-0097_PHK76_0021/LH244,10.338352
NEH2_2022,GEMN-0097_PHK76_0037/LH244,10.961076
NEH2_2022,GEMN-0097_PHK76_0038/LH244,10.79791
NEH2_2022,GEMN-0097_PHK76_0039/LH244,10.133747
NEH2_2022,GEMN-0097_PHK76_0041/LH244,10.844863
NEH2_2022,GEMN-0097_PHK76_0048/LH244,10.81193
NEH2_2022,GEMN-0097_PHK76_0053/LH244,10.461347
NEH2_2022,GEMN-0097_PHK76_0055/LH244,10.829714
NEH2_2022,GEMN-0097_PHK76_0060/LH244,10.856628
NEH2_2022,GEMN-0097_PHN46_0001/LH244,10.7338085
NEH2_2022,GEMN-0097_PHN46_0003/LH244,10.499886
NEH2_2022,GEMN-0097_PHN46_0004/LH244,10.529411
NEH2_2022,GEMN-0097_PHN46_0005/LH244,10.326556
NEH2_2022,GEMN-0097_PHN46_0008/LH244,10.44861
NEH2_2022,GEMN-0097_PHN46_0011/LH244,10.612093
NEH2_2022,GEMN-0097_PHN46_0014/LH244,10.439159
NEH2_2022,GEMN-0097_PHN46_0018/LH244,10.490273
NEH2_2022,GEMN-0097_PHP02_0002/LH244,10.081616
NEH2_2022,GEMN-0097_PHP02_0003/LH244,10.511535
NEH2_2022,GEMN-0097_PHP02_0005/LH244,10.739062
NEH2_2022,GEMN-0097_PHP02_0006/LH244,10.610087
NEH2_2022,GEMN-0097_PHP02_0007/LH244,10.086099
NEH2_2022,GEMN-0098/LH244,10.796306
NEH2_2022,GEMN-0124/LH244,10.662246
NEH2_2022,GEMN-0144/LH244,10.286927
NEH2_2022,GEMN-0157/LH244,10.471521
NEH2_2022,GEMN-0177/LH244,10.864741
NEH2_2022,GEMN-0178/LH244,10.8684845
NEH2_2022,GEMN-0187/LH244,10.646474
NEH2_2022,GEMN-0192/LH244,10.39976
NEH2_2022,GEMN-0192_LH212HT_0001/LH244,10.797184
NEH2_2022,GEMN-0192_LH212HT_0006/LH244,10.452762
NEH2_2022,GEMN-0192_LH212HT_0010/LH244,10.363237
NEH2_2022,GEMN-0192_LH212HT_0011/LH244,10.251298
NEH2_2022,GEMN-0192_LH212HT_0012/LH244,10.350344
NEH2_2022,GEMN-0192_LH212HT_0013/LH244,10.520917
NEH2_2022,GEMN-0192_LH212HT_0014/LH244,10.673302
NEH2_2022,GEMN-0192_LH212HT_0018/LH244,10.895692
NEH2_2022,GEMN-0192_LH212HT_0021/LH244,10.788704
NEH2_2022,GEMN-0192_LH212HT_0023/LH244,10.837877
NEH2_2022,GEMN-0192_PHJ89_0001/LH244,10.610652
NEH2_2022,GEMN-0192_PHJ89_0002/LH244,10.570389
NEH2_2022,GEMN-0192_PHK76_0002/LH244,10.838366
NEH2_2022,GEMN-0192_PHK76_0004/LH244,10.74737
NEH2_2022,GEMN-0192_PHK76_0005/LH244,10.548146
NEH2_2022,GEMN-0192_PHK76_0006/LH244,10.733551
NEH2_2022,GEMN-0192_PHK76_0007/LH244,10.496617
NEH2_2022,GEMN-0192_PHK76_0008/LH244,10.590363
NEH2_2022,GEMN-0192_PHK76_0009/LH244,10.658647
NEH2_2022,GEMN-0192_PHK76_0010/LH244,10.67863
NEH2_2022,GEMN-0192_PHK76_0011/LH244,10.677332
NEH2_2022,GEMN-0192_PHK76_0012/LH244,10.614552
NEH2_2022,GEMN-0192_PHK76_0013/LH244,10.60728
NEH2_2022,GEMN-0192_PHK76_0014/LH244,10.767191
NEH2_2022,GEMN-0192_PHK76_0015/LH244,10.904375
NEH2_2022,GEMN-0192_PHK76_0016/LH244,10.65407
NEH2_2022,GEMN-0192_PHK76_0019/LH244,10.72884
NEH2_2022,GEMN-0192_PHK76_0021/LH244,10.39417
NEH2_2022,GEMN-0192_PHK76_0025/LH244,10.423895
NEH2_2022,GEMN-0192_PHK76_0028/LH244,10.750534
NEH2_2022,GEMN-0192_PHK76_0030/LH244,10.768719
NEH2_2022,GEMN-0192_PHK76_0032/LH244,10.561789
NEH2_2022,GEMN-0192_PHK76_0035/LH244,10.369183
NEH2_2022,GEMN-0192_PHK76_0036/LH244,10.443224
NEH2_2022,GEMN-0192_PHK76_0044/LH244,10.650858
NEH2_2022,GEMN-0192_PHK76_0045/LH244,10.456624
NEH2_2022,GEMN-0192_PHN46_0002/LH244,10.516266
NEH2_2022,GEMN-0192_PHN46_0003/LH244,10.4744625
NEH2_2022,GEMN-0192_PHN46_0004/LH244,10.434474
NEH2_2022,GEMN-0192_PHN46_0005/LH244,9.966763
NEH2_2022,GEMN-0192_PHN46_0006/LH244,10.769947
NEH2_2022,GEMN-0192_PHN46_0008/LH244,10.614935
NEH2_2022,GEMN-0192_PHN46_0009/LH244,10.643292
NEH2_2022,GEMN-0192_PHN46_0010/LH244,10.374415
NEH2_2022,GEMN-0192_PHN46_0011/LH244,10.549466
NEH2_2022,GEMN-0192_PHN46_0012/LH244,10.181684
NEH2_2022,GEMN-0192_PHN46_0014/LH244,10.02388
NEH2_2022,GEMN-0192_PHN46_0015/LH244,10.74843
NEH2_2022,GEMN-0192_PHN46_0025/LH244,10.047011
NEH2_2022,GEMN-0192_PHP02_0001/LH244,10.548029
NEH2_2022,GEMN-0225/LH244,10.858497
NEH2_2022,GEMN-0225_LH212HT_0002/LH244,10.887837
NEH2_2022,GEMN-0225_LH212HT_0005/LH244,10.931495
NEH2_2022,GEMN-0225_LH212HT_0008/LH244,10.78164
NEH2_2022,GEMN-0225_LH212HT_0015/LH244,10.923846
NEH2_2022,GEMN-0225_LH212HT_0017/LH244,10.805459
NEH2_2022,GEMN-0225_LH212HT_0024/LH244,10.630099
NEH2_2022,GEMN-0225_LH212HT_0029/LH244,10.973086
NEH2_2022,GEMN-0225_LH212HT_0036/LH244,10.921179
NEH2_2022,GEMN-0225_LH212HT_0043/LH244,10.284756
NEH2_2022,GEMN-0225_PHJ89_0001/LH244,10.666673
NEH2_2022,GEMN-0225_PHJ89_0002/LH244,10.889182
NEH2_2022,GEMN-0225_PHJ89_0003/LH244,10.654641
NEH2_2022,GEMN-0225_PHJ89_0004/LH244,10.699287
NEH2_2022,GEMN-0225_PHJ89_0005/LH244,10.686567
NEH2_2022,GEMN-0225_PHJ89_0006/LH244,10.690887
NEH2_2022,GEMN-0225_PHJ89_0008/LH244,10.66375
NEH2_2022,GEMN-0225_PHJ89_0009/LH244,10.518072
NEH2_2022,GEMN-0225_PHJ89_0013/LH244,10.87104
NEH2_2022,GEMN-0225_PHJ89_0015/LH244,10.653855
NEH2_2022,GEMN-0225_PHJ89_0016/LH244,10.6034775
NEH2_2022,GEMN-0225_PHJ89_0017/LH244,10.408204
NEH2_2022,GEMN-0225_PHJ89_0020/LH244,10.900992
NEH2_2022,GEMN-0225_PHJ89_0021/LH244,10.731481
NEH2_2022,GEMN-0225_PHJ89_0022/LH244,10.574924
NEH2_2022,GEMN-0225_PHJ89_0026/LH244,10.304328
NEH2_2022,GEMN-0225_PHJ89_0032/LH244,10.778687
NEH2_2022,GEMN-0225_PHK76_0002/LH244,10.825608
NEH2_2022,GEMN-0225_PHK76_0003/LH244,10.917133
NEH2_2022,GEMN-0225_PHK76_0004/LH244,10.991714
NEH2_2022,GEMN-0225_PHK76_0005/LH244,10.697061
NEH2_2022,GEMN-0225_PHK76_0007/LH244,10.970206
NEH2_2022,GEMN-0225_PHK76_0008/LH244,10.957544
NEH2_2022,GEMN-0225_PHK76_0012/LH244,10.923254
NEH2_2022,GEMN-0225_PHK76_0013/LH244,10.836414
NEH2_2022,GEMN-0225_PHK76_0014/LH244,10.944747
NEH2_2022,GEMN-0225_PHK76_0018/LH244,10.927583
NEH2_2022,GEMN-0225_PHK76_0019/LH244,10.767313
NEH2_2022,GEMN-0225_PHK76_0021/LH244,10.891006
NEH2_2022,GEMN-0225_PHK76_0022/LH244,10.653481
NEH2_2022,GEMN-0225_PHK76_0028/LH244,10.910882
NEH2_2022,GEMN-0225_PHK76_0031/LH244,10.456572
NEH2_2022,GEMN-0225_PHN46_0001/LH244,10.928871
NEH2_2022,GEMN-0225_PHN46_0003/LH244,10.863315
NEH2_2022,GEMN-0225_PHN46_0005/LH244,10.260361
NEH2_2022,GEMN-0225_PHP02_0001/LH244,10.737064
NEH2_2022,GEMN-0225_PHP02_0002/LH244,10.723953
NEH2_2022,GEMN-0225_PHP02_0003/LH244,10.648457
NEH2_2022,GEMN-0225_PHP02_0005/LH244,10.418507
NEH2_2022,GEMN-0225_PHP02_0006/LH244,10.735052
NEH2_2022,GEMN-0225_PHP02_0008/LH244,10.42855
NEH2_2022,GEMN-0225_PHP02_0009/LH244,10.798225
NEH2_2022,GEMN-0225_PHP02_0010/LH244,10.503856
NEH2_2022,GEMN-0225_PHP02_0012/LH244,10.51127
NEH2_2022,GEMN-0225_PHP02_0013/LH244,10.716388
NEH2_2022,GEMN-0225_PHP02_0014/LH244,10.646727
NEH2_2022,GEMN-0225_PHP02_0015/LH244,10.596404
NEH2_2022,GEMN-0238/LH244,10.899962
NEH2_2022,GEMN-0271/LH244,9.918291
NEH2_2022,GEMN-0287/LH244,10.876943
NEH2_2022,LH195/PHZ51,9.346674
NEH2_2022,LH216/LH244,10.71143
NEH2_2022,LH244/PHK76,10.901953
NEH2_2022,LH244/PHZ51,10.1490135
NEH2_2022,LH283/LH244,9.675149
NEH2_2022,LH287/LH244,10.886295
NEH2_2022,LH74/PHN82,10.573855
NEH2_2022,LH82/LH244,9.564773
NEH2_2022,M162W/LH244,9.360695
NEH2_2022,MBUB/LH244,10.4082155
NEH2_2022,MM501D/LH244,10.814842
NEH2_2022,MO17_PHW30-008-(2N)-01/LH244,10.797885
NEH2_2022,MO17_PHW30-200-(2N)-02/LH244,10.91142
NEH2_2022,MO17_PHW30-309-(2N)-01/LH244,10.835622
NEH2_2022,MO44_LH145_0127/LH244,10.447825
NEH2_2022,MO44_LH145_0138/LH244,10.060602
NEH2_2022,MO44_PHG47_0072/LH244,9.820658
NEH2_2022,MO44_PHG47_0125/LH244,10.785865
NEH2_2022,MO44_PHW65_0025/LH244,10.975853
NEH2_2022,MO44_PHW65_0035/LH244,10.949498
NEH2_2022,MOG/LH244,10.45243
NEH2_2022,NC358/LH244,10.293409
NEH2_2022,NC528/LH244,10.1158905
NEH2_2022,NKH8431/LH244,10.413749
NEH2_2022,OH43/LH244,10.34112
NEH2_2022,PH207/LH244,10.54107
NEH2_2022,PH24E/LH244,10.989388
NEH2_2022,PHAP9/LH244,10.913599
NEH2_2022,PHB47/LH244,8.981515
NEH2_2022,PHB47/PHN82,10.710235
NEH2_2022,PHB47/PHZ51,9.179446
NEH2_2022,PHG29/PHG47,9.195439
NEH2_2022,PHG47/LH244,10.430246
NEH2_2022,PHJ40/PHAJ0,7.954155
NEH2_2022,PHJ89/LH244,10.5507965
NEH2_2022,PHJ90/LH244,10.919469
NEH2_2022,PHK56/LH244,10.96507
NEH2_2022,PHKE6/LH244,10.548226
NEH2_2022,PHN11/LH244,10.92291
NEH2_2022,PHN11_LH145_0005/LH244,9.218423
NEH2_2022,PHN11_LH145_0028/LH244,9.597335
NEH2_2022,PHN11_LH145_0085/LH244,9.397485
NEH2_2022,PHN11_OH43_0075/LH244,10.1016245
NEH2_2022,PHN11_OH43_0088/LH244,10.616074
NEH2_2022,PHN11_PHG47_0251/LH244,10.528108
NEH2_2022,PHN11_PHG47_0287/LH244,10.029559
NEH2_2022,PHN11_PHW65_0312/LH244,10.963686
NEH2_2022,PHN11_PHW65_0323/LH244,10.994055
NEH2_2022,PHN11_PHW65_0359/LH244,10.981976
NEH2_2022,PHN46/LH244,10.013481
NEH2_2022,PHP02/LH244,11.027682
NEH2_2022,PHP55/LH244,10.705132
NEH2_2022,PHR03/LH244,10.88682
NEH2_2022,PHRE1/PHTD5,8.953498
NEH2_2022,PHW30/LH244,10.711907
NEH2_2022,PHW30_MO17-010-(2N)-01/LH244,10.536124
NEH2_2022,PHW30_MO17-032-(2N)-01/LH244,10.011919
NEH2_2022,PHW30_MO17-095-(2N)-01/LH244,10.7657385
NEH2_2022,PHW30_MO17-129-(2N)-01/LH244,10.587425
NEH2_2022,PHW30_MO17-234-(2N)-02/LH244,10.920451
NEH2_2022,PHW52/PHM49,10.762541
NEH2_2022,PHW52/PHN82,10.889572
NEH2_2022,PHW65_MOG_0137/LH244,10.892084
NEH2_2022,PHW65_MOG_0176/LH244,10.875683
NEH2_2022,PHW65_MOG_0271/LH244,10.891985
NEH2_2022,TX714/TX779,9.520954
NEH2_2022,TX777/LH195,9.612992
NEH2_2022,TX779/LH195,10.160474
NEH2_2022,TX951/LH195,9.536362
NEH2_2022,W10001_0003/LH244,9.462056
NEH2_2022,W10001_0007/LH244,9.774699
NEH2_2022,W10001_0009/LH244,9.209763
NEH2_2022,W10001_0012/LH244,9.230488
NEH2_2022,W10001_0014/LH244,9.3808155
NEH2_2022,W10001_0016/LH244,9.750517
NEH2_2022,W10001_0017/LH244,9.898288
NEH2_2022,W10001_0019/LH244,9.367443
NEH2_2022,W10001_0021/LH244,8.927359
NEH2_2022,W10001_0022/LH244,10.002952
NEH2_2022,W10001_0023/LH244,10.238479
NEH2_2022,W10001_0031/LH244,9.85727
NEH2_2022,W10001_0040/LH244,9.416999
NEH2_2022,W10001_0047/LH244,9.837165
NEH2_2022,W10005_0029/LH244,10.825177
NEH2_2022,W10005_0107/LH244,10.448591
NEH2_2022,W10005_0111/LH244,9.674796
NEH2_2022,W10005_0147/LH244,10.65242
NEH2_2022,W10005_0220/LH244,10.9122505
NEH2_2022,W10010_0084/LH244,10.373382
NEH2_2022,W10010_0093/LH244,10.496652
NEH2_2022,W10010_0118/LH244,10.753838
NEH2_2022,W10010_0124/LH244,10.547573
NEH2_2022,W10010_0148/LH244,10.602947
NEH2_2022,W10010_0170/LH244,10.416189
NEH2_2022,W10010_0189/LH244,10.877449
NEH2_2022,W10010_0279/LH244,10.847378
NEH2_2022,W10010_0294/LH244,10.874767
NEH2_2022,W10010_0311/LH244,10.828231
NEH2_2022,W10010_0337/LH244,10.914973
NEH2_2022,W10010_0346/LH244,10.8672695
NEH2_2022,W10010_0358/LH244,10.6957655
NEH3_2022,B14A/H95,9.474047
NEH3_2022,B14A/MO17,9.335863
NEH3_2022,B14A/OH43,9.492835
NEH3_2022,B37/H95,9.277611
NEH3_2022,B37/MO17,9.784754
NEH3_2022,B37/OH43,9.511887
NEH3_2022,B73/MO17,10.438858
NEH3_2022,B73/PHM49,10.558747
NEH3_2022,B73/PHN82,10.632397
NEH3_2022,B73/TX779,9.160077
NEH3_2022,B97/LH244,10.026385
NEH3_2022,BGEM-0039-N/LH244,9.4347105
NEH3_2022,BGEM-0063-N/LH244,9.27617
NEH3_2022,BGEM-0089-N/LH244,9.79942
NEH3_2022,BGEM-0124-N/LH244,9.135268
NEH3_2022,BGEM-0129-N/LH244,9.474863
NEH3_2022,CG119/CG108,7.814667
NEH3_2022,CG44/CGR01,8.606773
NEH3_2022,DK3IIH6/LH244,9.952933
NEH3_2022,DK78010/LH244,9.425793
NEH3_2022,F42/H95,10.007975
NEH3_2022,F42/MO17,10.429658
NEH3_2022,F42/OH43,9.950713
NEH3_2022,GEMN-0096/LH244,10.12855
NEH3_2022,GEMN-0096_LH212HT_0001/LH244,10.302151
NEH3_2022,GEMN-0096_LH212HT_0004/LH244,10.647337
NEH3_2022,GEMN-0096_LH212HT_0005/LH244,10.607636
NEH3_2022,GEMN-0096_LH212HT_0006/LH244,10.639515
NEH3_2022,GEMN-0096_LH212HT_0009/LH244,10.613483
NEH3_2022,GEMN-0096_LH212HT_0012/LH244,10.361816
NEH3_2022,GEMN-0096_LH212HT_0017/LH244,10.576843
NEH3_2022,GEMN-0096_PHJ89_0001/LH244,10.4834585
NEH3_2022,GEMN-0096_PHJ89_0002/LH244,10.080061
NEH3_2022,GEMN-0096_PHJ89_0006/LH244,10.356459
NEH3_2022,GEMN-0096_PHJ89_0007/LH244,10.260933
NEH3_2022,GEMN-0096_PHJ89_0009/LH244,10.11725
NEH3_2022,GEMN-0096_PHJ89_0010/LH244,10.295248
NEH3_2022,GEMN-0096_PHJ89_0011/LH244,10.285288
NEH3_2022,GEMN-0096_PHJ89_0012/LH244,10.089542
NEH3_2022,GEMN-0096_PHJ89_0013/LH244,10.198698
NEH3_2022,GEMN-0096_PHJ89_0014/LH244,10.414078
NEH3_2022,GEMN-0096_PHJ89_0016/LH244,10.110909
NEH3_2022,GEMN-0096_PHK76_0001/LH244,10.563615
NEH3_2022,GEMN-0096_PHK76_0002/LH244,10.588244
NEH3_2022,GEMN-0096_PHK76_0003/LH244,10.56389
NEH3_2022,GEMN-0096_PHK76_0004/LH244,10.470368
NEH3_2022,GEMN-0096_PHK76_0006/LH244,10.6083765
NEH3_2022,GEMN-0096_PHK76_0007/LH244,10.527932
NEH3_2022,GEMN-0096_PHK76_0013/LH244,10.511728
NEH3_2022,GEMN-0096_PHK76_0016/LH244,10.426314
NEH3_2022,GEMN-0096_PHN46_0001/LH244,10.07042
NEH3_2022,GEMN-0096_PHN46_0002/LH244,9.886773
NEH3_2022,GEMN-0096_PHN46_0003/LH244,10.109375
NEH3_2022,GEMN-0096_PHN46_0004/LH244,10.06465
NEH3_2022,GEMN-0096_PHN46_0005/LH244,10.530991
NEH3_2022,GEMN-0096_PHN46_0007/LH244,10.271169
NEH3_2022,GEMN-0096_PHN46_0010/LH244,10.55778
NEH3_2022,GEMN-0096_PHN46_0012/LH244,10.2272005
NEH3_2022,GEMN-0096_PHN46_0013/LH244,10.090703
NEH3_2022,GEMN-0096_PHN46_0014/LH244,9.897518
NEH3_2022,GEMN-0096_PHN46_0020/LH244,10.393904
NEH3_2022,GEMN-0096_PHP02_0001/LH244,10.294273
NEH3_2022,GEMN-0096_PHP02_0003/LH244,9.934179
NEH3_2022,GEMN-0096_PHP02_0005/LH244,10.589039
NEH3_2022,GEMN-0096_PHP02_0006/LH244,10.465518
NEH3_2022,GEMN-0096_PHP02_0011/LH244,10.490547
NEH3_2022,GEMN-0096_PHP02_0012/LH244,10.383027
NEH3_2022,GEMN-0096_PHP02_0016/LH244,10.316379
NEH3_2022,GEMN-0096_PHP02_0025/LH244,10.252682
NEH3_2022,GEMN-0096_PHP02_0030/LH244,10.337745
NEH3_2022,GEMN-0097/LH244,10.551986
NEH3_2022,GEMN-0097_LH212HT_0004/LH244,10.648514
NEH3_2022,GEMN-0097_LH212HT_0019/LH244,10.702015
NEH3_2022,GEMN-0097_LH212HT_0020/LH244,10.653161
NEH3_2022,GEMN-0097_LH212HT_0026/LH244,10.468771
NEH3_2022,GEMN-0097_LH212HT_0047/LH244,10.735582
NEH3_2022,GEMN-0097_LH212HT_0054/LH244,10.566977
NEH3_2022,GEMN-0097_LH212HT_0058/LH244,10.526383
NEH3_2022,GEMN-0097_LH212HT_0062/LH244,10.623984
NEH3_2022,GEMN-0097_LH212HT_0069/LH244,10.651747
NEH3_2022,GEMN-0097_LH212HT_0085/LH244,10.650586
NEH3_2022,GEMN-0097_PHJ89_0001/LH244,10.073556
NEH3_2022,GEMN-0097_PHJ89_0002/LH244,10.528989
NEH3_2022,GEMN-0097_PHJ89_0005/LH244,10.267136
NEH3_2022,GEMN-0097_PHJ89_0006/LH244,10.392935
NEH3_2022,GEMN-0097_PHJ89_0007/LH244,10.304961
NEH3_2022,GEMN-0097_PHJ89_0008/LH244,10.110022
NEH3_2022,GEMN-0097_PHJ89_0010/LH244,10.427743
NEH3_2022,GEMN-0097_PHJ89_0011/LH244,10.144836
NEH3_2022,GEMN-0097_PHJ89_0012/LH244,10.2623005
NEH3_2022,GEMN-0097_PHJ89_0013/LH244,10.586654
NEH3_2022,GEMN-0097_PHJ89_0016/LH244,10.324199
NEH3_2022,GEMN-0097_PHJ89_0020/LH244,10.518805
NEH3_2022,GEMN-0097_PHJ89_0025/LH244,10.602707
NEH3_2022,GEMN-0097_PHJ89_0026/LH244,10.405377
NEH3_2022,GEMN-0097_PHJ89_0027/LH244,10.410251
NEH3_2022,GEMN-0097_PHJ89_0028/LH244,10.319408
NEH3_2022,GEMN-0097_PHJ89_0029/LH244,10.319378
NEH3_2022,GEMN-0097_PHJ89_0036/LH244,10.45289
NEH3_2022,GEMN-0097_PHJ89_0039/LH244,10.283919
NEH3_2022,GEMN-0097_PHK76_0003/LH244,10.117844
NEH3_2022,GEMN-0097_PHK76_0007/LH244,10.397721
NEH3_2022,GEMN-0097_PHK76_0009/LH244,10.300804
NEH3_2022,GEMN-0097_PHK76_0011/LH244,10.700266
NEH3_2022,GEMN-0097_PHK76_0014/LH244,10.408812
NEH3_2022,GEMN-0097_PHK76_0015/LH244,10.534717
NEH3_2022,GEMN-0097_PHK76_0018/LH244,10.438518
NEH3_2022,GEMN-0097_PHK76_0021/LH244,10.109372
NEH3_2022,GEMN-0097_PHK76_0037/LH244,10.7348995
NEH3_2022,GEMN-0097_PHK76_0038/LH244,10.555486
NEH3_2022,GEMN-0097_PHK76_0039/LH244,9.908422
NEH3_2022,GEMN-0097_PHK76_0041/LH244,10.595747
NEH3_2022,GEMN-0097_PHK76_0048/LH244,10.574148
NEH3_2022,GEMN-0097_PHK76_0053/LH244,10.21369
NEH3_2022,GEMN-0097_PHK76_0055/LH244,10.584564
NEH3_2022,GEMN-0097_PHK76_0060/LH244,10.607566
NEH3_2022,GEMN-0097_PHN46_0001/LH244,10.478756
NEH3_2022,GEMN-0097_PHN46_0003/LH244,10.258196
NEH3_2022,GEMN-0097_PHN46_0004/LH244,10.293099
NEH3_2022,GEMN-0097_PHN46_0005/LH244,10.096978
NEH3_2022,GEMN-0097_PHN46_0008/LH244,10.20558
NEH3_2022,GEMN-0097_PHN46_0011/LH244,10.36862
NEH3_2022,GEMN-0097_PHN46_0014/LH244,10.19418
NEH3_2022,GEMN-0097_PHN46_0018/LH244,10.231666
NEH3_2022,GEMN-0097_PHP02_0003/LH244,10.274351
NEH3_2022,GEMN-0097_PHP02_0005/LH244,10.4924
NEH3_2022,GEMN-0097_PHP02_0006/LH244,10.375374
NEH3_2022,GEMN-0097_PHP02_0007/LH244,9.889422
NEH3_2022,GEMN-0098/LH244,10.548804
NEH3_2022,GEMN-0124/LH244,10.425048
NEH3_2022,GEMN-0144/LH244,10.060214
NEH3_2022,GEMN-0157/LH244,10.236796
NEH3_2022,GEMN-0177/LH244,10.619892
NEH3_2022,GEMN-0178/LH244,10.626278
NEH3_2022,GEMN-0187/LH244,10.411141
NEH3_2022,GEMN-0192/LH244,10.164106
NEH3_2022,GEMN-0192_LH212HT_0001/LH244,10.560305
NEH3_2022,GEMN-0192_LH212HT_0006/LH244,10.217302
NEH3_2022,GEMN-0192_LH212HT_0010/LH244,10.140478
NEH3_2022,GEMN-0192_LH212HT_0011/LH244,10.041046
NEH3_2022,GEMN-0192_LH212HT_0012/LH244,10.119802
NEH3_2022,GEMN-0192_LH212HT_0013/LH244,10.285553
NEH3_2022,GEMN-0192_LH212HT_0014/LH244,10.440177
NEH3_2022,GEMN-0192_LH212HT_0018/LH244,10.657403
NEH3_2022,GEMN-0192_LH212HT_0021/LH244,10.558773
NEH3_2022,GEMN-0192_LH212HT_0023/LH244,10.595077
NEH3_2022,GEMN-0192_PHJ89_0001/LH244,10.3772955
NEH3_2022,GEMN-0192_PHJ89_0002/LH244,10.328912
NEH3_2022,GEMN-0192_PHK76_0002/LH244,10.595503
NEH3_2022,GEMN-0192_PHK76_0004/LH244,10.507
NEH3_2022,GEMN-0192_PHK76_0005/LH244,10.313648
NEH3_2022,GEMN-0192_PHK76_0006/LH244,10.487737
NEH3_2022,GEMN-0192_PHK76_0007/LH244,10.257281
NEH3_2022,GEMN-0192_PHK76_0008/LH244,10.356371
NEH3_2022,GEMN-0192_PHK76_0009/LH244,10.4182205
NEH3_2022,GEMN-0192_PHK76_0010/LH244,10.442456
NEH3_2022,GEMN-0192_PHK76_0011/LH244,10.437303
NEH3_2022,GEMN-0192_PHK76_0012/LH244,10.376884
NEH3_2022,GEMN-0192_PHK76_0013/LH244,10.373032
NEH3_2022,GEMN-0192_PHK76_0014/LH244,10.52334
NEH3_2022,GEMN-0192_PHK76_0015/LH244,10.669406
NEH3_2022,GEMN-0192_PHK76_0016/LH244,10.40127
NEH3_2022,GEMN-0192_PHK76_0019/LH244,10.482555
NEH3_2022,GEMN-0192_PHK76_0021/LH244,10.156824
NEH3_2022,GEMN-0192_PHK76_0028/LH244,10.5032425
NEH3_2022,GEMN-0192_PHK76_0030/LH244,10.530107
NEH3_2022,GEMN-0192_PHK76_0032/LH244,10.32735
NEH3_2022,GEMN-0192_PHK76_0033/LH244,10.56089
NEH3_2022,GEMN-0192_PHK76_0036/LH244,10.207793
NEH3_2022,GEMN-0192_PHK76_0044/LH244,10.407238
NEH3_2022,GEMN-0192_PHK76_0045/LH244,10.217907
NEH3_2022,GEMN-0192_PHN46_0002/LH244,10.269562
NEH3_2022,GEMN-0192_PHN46_0003/LH244,10.2185755
NEH3_2022,GEMN-0192_PHN46_0004/LH244,10.187087
NEH3_2022,GEMN-0192_PHN46_0005/LH244,9.777306
NEH3_2022,GEMN-0192_PHN46_0006/LH244,10.513072
NEH3_2022,GEMN-0192_PHN46_0008/LH244,10.364242
NEH3_2022,GEMN-0192_PHN46_0009/LH244,10.394557
NEH3_2022,GEMN-0192_PHN46_0010/LH244,10.139492
NEH3_2022,GEMN-0192_PHN46_0011/LH244,10.309319
NEH3_2022,GEMN-0192_PHN46_0012/LH244,9.972287
NEH3_2022,GEMN-0192_PHN46_0014/LH244,9.833454
NEH3_2022,GEMN-0192_PHN46_0015/LH244,10.48982
NEH3_2022,GEMN-0192_PHN46_0025/LH244,9.835739
NEH3_2022,GEMN-0192_PHP02_0001/LH244,10.313643
NEH3_2022,GEMN-0192_PHP02_0003/LH244,10.355698
NEH3_2022,GEMN-0225/LH244,10.614277
NEH3_2022,GEMN-0225_LH212HT_0005/LH244,10.694966
NEH3_2022,GEMN-0225_LH212HT_0006/LH244,10.736832
NEH3_2022,GEMN-0225_LH212HT_0008/LH244,10.542969
NEH3_2022,GEMN-0225_LH212HT_0015/LH244,10.689096
NEH3_2022,GEMN-0225_LH212HT_0024/LH244,10.391315
NEH3_2022,GEMN-0225_LH212HT_0029/LH244,10.745263
NEH3_2022,GEMN-0225_LH212HT_0036/LH244,10.686215
NEH3_2022,GEMN-0225_LH212HT_0043/LH244,10.046701
NEH3_2022,GEMN-0225_PHJ89_0001/LH244,10.431825
NEH3_2022,GEMN-0225_PHJ89_0002/LH244,10.657257
NEH3_2022,GEMN-0225_PHJ89_0003/LH244,10.415323
NEH3_2022,GEMN-0225_PHJ89_0004/LH244,10.457786
NEH3_2022,GEMN-0225_PHJ89_0005/LH244,10.453061
NEH3_2022,GEMN-0225_PHJ89_0006/LH244,10.447979
NEH3_2022,GEMN-0225_PHJ89_0008/LH244,10.421154
NEH3_2022,GEMN-0225_PHJ89_0009/LH244,10.276399
NEH3_2022,GEMN-0225_PHJ89_0013/LH244,10.625548
NEH3_2022,GEMN-0225_PHJ89_0015/LH244,10.41955
NEH3_2022,GEMN-0225_PHJ89_0016/LH244,10.363619
NEH3_2022,GEMN-0225_PHJ89_0017/LH244,10.171132
NEH3_2022,GEMN-0225_PHJ89_0020/LH244,10.665216
NEH3_2022,GEMN-0225_PHJ89_0021/LH244,10.4849415
NEH3_2022,GEMN-0225_PHJ89_0022/LH244,10.340136
NEH3_2022,GEMN-0225_PHJ89_0026/LH244,10.075626
NEH3_2022,GEMN-0225_PHJ89_0032/LH244,10.537458
NEH3_2022,GEMN-0225_PHK76_0002/LH244,10.584284
NEH3_2022,GEMN-0225_PHK76_0003/LH244,10.676835
NEH3_2022,GEMN-0225_PHK76_0004/LH244,10.780776
NEH3_2022,GEMN-0225_PHK76_0005/LH244,10.4587555
NEH3_2022,GEMN-0225_PHK76_0007/LH244,10.753024
NEH3_2022,GEMN-0225_PHK76_0008/LH244,10.736214
NEH3_2022,GEMN-0225_PHK76_0012/LH244,10.693028
NEH3_2022,GEMN-0225_PHK76_0013/LH244,10.596425
NEH3_2022,GEMN-0225_PHK76_0014/LH244,10.712926
NEH3_2022,GEMN-0225_PHK76_0018/LH244,10.689587
NEH3_2022,GEMN-0225_PHK76_0019/LH244,10.528025
NEH3_2022,GEMN-0225_PHK76_0021/LH244,10.657872
NEH3_2022,GEMN-0225_PHK76_0022/LH244,10.419275
NEH3_2022,GEMN-0225_PHK76_0028/LH244,10.682345
NEH3_2022,GEMN-0225_PHK76_0031/LH244,10.221173
NEH3_2022,GEMN-0225_PHN46_0001/LH244,10.695627
NEH3_2022,GEMN-0225_PHN46_0003/LH244,10.623687
NEH3_2022,GEMN-0225_PHN46_0005/LH244,10.028483
NEH3_2022,GEMN-0225_PHN46_0006/LH244,10.451549
NEH3_2022,GEMN-0225_PHN46_0021/LH244,10.57568
NEH3_2022,GEMN-0225_PHP02_0001/LH244,10.487076
NEH3_2022,GEMN-0225_PHP02_0003/LH244,10.411758
NEH3_2022,GEMN-0225_PHP02_0005/LH244,10.173751
NEH3_2022,GEMN-0225_PHP02_0006/LH244,10.491058
NEH3_2022,GEMN-0225_PHP02_0008/LH244,10.193272
NEH3_2022,GEMN-0225_PHP02_0009/LH244,10.55543
NEH3_2022,GEMN-0225_PHP02_0010/LH244,10.268882
NEH3_2022,GEMN-0225_PHP02_0012/LH244,10.27633
NEH3_2022,GEMN-0225_PHP02_0013/LH244,10.478146
NEH3_2022,GEMN-0225_PHP02_0014/LH244,10.404686
NEH3_2022,GEMN-0225_PHP02_0015/LH244,10.3616085
NEH3_2022,GEMN-0225_PHP02_0017/LH244,10.207325
NEH3_2022,GEMN-0238/LH244,10.655975
NEH3_2022,GEMN-0271/LH244,9.726391
NEH3_2022,GEMN-0287/LH244,10.635405
NEH3_2022,LH195/PHZ51,9.101302
NEH3_2022,LH216/LH244,10.470699
NEH3_2022,LH244/PHK76,10.6708
NEH3_2022,LH244/PHZ51,9.898026
NEH3_2022,LH283/LH244,9.466283
NEH3_2022,LH287/LH244,10.641979
NEH3_2022,LH74/PHN82,10.335579
NEH3_2022,LH82/LH244,9.342434
NEH3_2022,M162W/LH244,9.131693
NEH3_2022,MBUB/LH244,10.170953
NEH3_2022,MM501D/LH244,10.575119
NEH3_2022,MO17_PHW30-008-(2N)-01/LH244,10.568335
NEH3_2022,MO17_PHW30-200-(2N)-02/LH244,10.677608
NEH3_2022,MO17_PHW30-309-(2N)-01/LH244,10.60502
NEH3_2022,MO44_LH145_0127/LH244,10.2084
NEH3_2022,MO44_LH145_0138/LH244,9.84655
NEH3_2022,MO44_PHG47_0072/LH244,9.61669
NEH3_2022,MO44_PHG47_0125/LH244,10.550777
NEH3_2022,MO44_PHW65_0025/LH244,10.741524
NEH3_2022,MO44_PHW65_0035/LH244,10.715674
NEH3_2022,MOG/LH244,10.200357
NEH3_2022,NKH8431/LH244,10.142234
NEH3_2022,OH43/LH244,10.109889
NEH3_2022,PH207/LH244,10.306511
NEH3_2022,PH24E/LH244,10.772792
NEH3_2022,PHAP9/LH244,10.678592
NEH3_2022,PHB47/LH244,8.745948
NEH3_2022,PHB47/PHN82,10.468141
NEH3_2022,PHB47/PHZ51,8.948182
NEH3_2022,PHG29/PHG47,8.947285
NEH3_2022,PHG47/LH244,10.193219
NEH3_2022,PHJ40/PHAJ0,7.9754305
NEH3_2022,PHJ89/LH244,10.303606
NEH3_2022,PHJ90/LH244,10.688477
NEH3_2022,PHK56/LH244,10.734246
NEH3_2022,PHKE6/LH244,10.313686
NEH3_2022,PHN11/LH244,10.685175
NEH3_2022,PHN11_LH145_0005/LH244,8.9895525
NEH3_2022,PHN11_LH145_0028/LH244,9.389728
NEH3_2022,PHN11_LH145_0085/LH244,9.179283
NEH3_2022,PHN11_OH43_0075/LH244,9.893973
NEH3_2022,PHN11_OH43_0088/LH244,10.382501
NEH3_2022,PHN11_PHG47_0251/LH244,10.291326
NEH3_2022,PHN11_PHG47_0287/LH244,9.841226
NEH3_2022,PHN11_PHW65_0312/LH244,10.7369375
NEH3_2022,PHN11_PHW65_0323/LH244,10.761564
NEH3_2022,PHN11_PHW65_0359/LH244,10.747839
NEH3_2022,PHN46/LH244,9.8033495
NEH3_2022,PHP02/LH244,10.817704
NEH3_2022,PHP55/LH244,10.472746
NEH3_2022,PHR03/LH244,10.642828
NEH3_2022,PHRE1/PHTD5,8.699715
NEH3_2022,PHW30/LH244,10.4808445
NEH3_2022,PHW30_MO17-010-(2N)-01/LH244,10.301446
NEH3_2022,PHW30_MO17-032-(2N)-01/LH244,9.825173
NEH3_2022,PHW30_MO17-095-(2N)-01/LH244,10.5329
NEH3_2022,PHW30_MO17-129-(2N)-01/LH244,10.352914
NEH3_2022,PHW30_MO17-178-(2N)-01/LH244,10.638409
NEH3_2022,PHW30_MO17-234-(2N)-02/LH244,10.6793165
NEH3_2022,PHW52/PHM49,10.5036335
NEH3_2022,PHW52/PHN82,10.648672
NEH3_2022,PHW65_MOG_0137/LH244,10.658798
NEH3_2022,PHW65_MOG_0176/LH244,10.63213
NEH3_2022,PHW65_MOG_0271/LH244,10.64615
NEH3_2022,TX714/TX779,9.308869
NEH3_2022,TX777/LH195,9.404545
NEH3_2022,TX779/LH195,9.940376
NEH3_2022,TX951/LH195,9.322174
NEH3_2022,W10001_0003/LH244,9.251841
NEH3_2022,W10001_0007/LH244,9.565048
NEH3_2022,W10001_0009/LH244,8.95804
NEH3_2022,W10001_0012/LH244,8.99713
NEH3_2022,W10001_0013/LH244,9.834167
NEH3_2022,W10001_0014/LH244,9.170618
NEH3_2022,W10001_0017/LH244,9.705196
NEH3_2022,W10001_0019/LH244,9.140753
NEH3_2022,W10001_0021/LH244,8.69273
NEH3_2022,W10001_0022/LH244,9.818082
NEH3_2022,W10001_0023/LH244,10.017922
NEH3_2022,W10001_0031/LH244,9.660156
NEH3_2022,W10001_0040/LH244,9.204193
NEH3_2022,W10001_0047/LH244,9.583608
NEH3_2022,W10005_0029/LH244,10.584642
NEH3_2022,W10005_0107/LH244,10.215001
NEH3_2022,W10005_0111/LH244,9.46892
NEH3_2022,W10005_0147/LH244,10.418243
NEH3_2022,W10005_0220/LH244,10.673928
NEH3_2022,W10010_0084/LH244,10.141757
NEH3_2022,W10010_0093/LH244,10.259994
NEH3_2022,W10010_0118/LH244,10.508391
NEH3_2022,W10010_0124/LH244,10.315437
NEH3_2022,W10010_0148/LH244,10.368629
NEH3_2022,W10010_0170/LH244,10.180651
NEH3_2022,W10010_0189/LH244,10.637543
NEH3_2022,W10010_0279/LH244,10.60469
NEH3_2022,W10010_0294/LH244,10.634412
NEH3_2022,W10010_0311/LH244,10.5853195
NEH3_2022,W10010_0337/LH244,10.679078
NEH3_2022,W10010_0346/LH244,10.624884
NEH3_2022,W10010_0358/LH244,10.446064
NYH2_2022,B14A/OH43,9.443432
NYH2_2022,B37/H95,9.249274
NYH2_2022,B73/MO17,10.457077
NYH2_2022,B73/PHK76,10.285143
NYH2_2022,B73/PHN82,10.630215
NYH2_2022,B73/PHZ51,9.446473
NYH2_2022,B73/TX779,9.123921
NYH2_2022,B97/LH244,10.004706
NYH2_2022,BGEM-0039-N/LH244,9.392811
NYH2_2022,BGEM-0063-N/LH244,9.23675
NYH2_2022,BGEM-0089-N/LH244,9.742236
NYH2_2022,BGEM-0124-N/LH244,9.116766
NYH2_2022,BGEM-0129-N/LH244,9.428652
NYH2_2022,CG119/CG108,7.7183022
NYH2_2022,CG44/CGR01,8.586106
NYH2_2022,DK3IIH6/LH244,9.910807
NYH2_2022,DK78010/LH244,9.402136
NYH2_2022,GEMN-0096/LH244,10.120056
NYH2_2022,GEMN-0096_LH212HT_0001/LH244,10.29974
NYH2_2022,GEMN-0096_LH212HT_0002/LH244,10.626418
NYH2_2022,GEMN-0096_LH212HT_0004/LH244,10.643928
NYH2_2022,GEMN-0096_LH212HT_0005/LH244,10.614314
NYH2_2022,GEMN-0096_LH212HT_0006/LH244,10.641639
NYH2_2022,GEMN-0096_LH212HT_0009/LH244,10.6178
NYH2_2022,GEMN-0096_LH212HT_0010/LH244,10.537945
NYH2_2022,GEMN-0096_LH212HT_0012/LH244,10.360093
NYH2_2022,GEMN-0096_LH212HT_0013/LH244,10.521538
NYH2_2022,GEMN-0096_LH212HT_0017/LH244,10.586789
NYH2_2022,GEMN-0096_LH212HT_0020/LH244,10.307697
NYH2_2022,GEMN-0096_LH212HT_0021/LH244,10.524767
NYH2_2022,GEMN-0096_PHJ89_0001/LH244,10.504443
NYH2_2022,GEMN-0096_PHJ89_0002/LH244,10.067701
NYH2_2022,GEMN-0096_PHJ89_0006/LH244,10.364363
NYH2_2022,GEMN-0096_PHJ89_0007/LH244,10.261373
NYH2_2022,GEMN-0096_PHJ89_0009/LH244,10.114748
NYH2_2022,GEMN-0096_PHJ89_0010/LH244,10.289505
NYH2_2022,GEMN-0096_PHJ89_0011/LH244,10.278791
NYH2_2022,GEMN-0096_PHJ89_0012/LH244,10.086651
NYH2_2022,GEMN-0096_PHJ89_0013/LH244,10.186797
NYH2_2022,GEMN-0096_PHJ89_0014/LH244,10.432398
NYH2_2022,GEMN-0096_PHJ89_0016/LH244,10.095866
NYH2_2022,GEMN-0096_PHJ89_0017/LH244,10.321471
NYH2_2022,GEMN-0096_PHK76_0001/LH244,10.570349
NYH2_2022,GEMN-0096_PHK76_0002/LH244,10.594279
NYH2_2022,GEMN-0096_PHK76_0003/LH244,10.563711
NYH2_2022,GEMN-0096_PHK76_0004/LH244,10.47046
NYH2_2022,GEMN-0096_PHK76_0006/LH244,10.613359
NYH2_2022,GEMN-0096_PHK76_0007/LH244,10.532626
NYH2_2022,GEMN-0096_PHK76_0008/LH244,10.636328
NYH2_2022,GEMN-0096_PHK76_0009/LH244,10.575083
NYH2_2022,GEMN-0096_PHK76_0010/LH244,10.566366
NYH2_2022,GEMN-0096_PHK76_0013/LH244,10.519787
NYH2_2022,GEMN-0096_PHK76_0015/LH244,10.580269
NYH2_2022,GEMN-0096_PHK76_0016/LH244,10.424151
NYH2_2022,GEMN-0096_PHN46_0001/LH244,10.068931
NYH2_2022,GEMN-0096_PHN46_0002/LH244,9.840704
NYH2_2022,GEMN-0096_PHN46_0003/LH244,10.080324
NYH2_2022,GEMN-0096_PHN46_0004/LH244,10.0653305
NYH2_2022,GEMN-0096_PHN46_0005/LH244,10.546647
NYH2_2022,GEMN-0096_PHN46_0007/LH244,10.269892
NYH2_2022,GEMN-0096_PHN46_0009/LH244,10.460408
NYH2_2022,GEMN-0096_PHN46_0010/LH244,10.56813
NYH2_2022,GEMN-0096_PHN46_0011/LH244,10.018426
NYH2_2022,GEMN-0096_PHN46_0012/LH244,10.227076
NYH2_2022,GEMN-0096_PHN46_0013/LH244,10.089287
NYH2_2022,GEMN-0096_PHN46_0014/LH244,9.853513
NYH2_2022,GEMN-0096_PHN46_0018/LH244,10.450193
NYH2_2022,GEMN-0096_PHN46_0020/LH244,10.392286
NYH2_2022,GEMN-0096_PHN46_0023/LH244,9.76509
NYH2_2022,GEMN-0096_PHP02_0001/LH244,10.287083
NYH2_2022,GEMN-0096_PHP02_0003/LH244,9.892987
NYH2_2022,GEMN-0096_PHP02_0004/LH244,10.318756
NYH2_2022,GEMN-0096_PHP02_0005/LH244,10.60194
NYH2_2022,GEMN-0096_PHP02_0006/LH244,10.471755
NYH2_2022,GEMN-0096_PHP02_0007/LH244,10.116285
NYH2_2022,GEMN-0096_PHP02_0009/LH244,10.270808
NYH2_2022,GEMN-0096_PHP02_0011/LH244,10.504066
NYH2_2022,GEMN-0096_PHP02_0012/LH244,10.396133
NYH2_2022,GEMN-0096_PHP02_0015/LH244,9.98042
NYH2_2022,GEMN-0096_PHP02_0016/LH244,10.312153
NYH2_2022,GEMN-0096_PHP02_0017/LH244,9.993657
NYH2_2022,GEMN-0096_PHP02_0025/LH244,10.242821
NYH2_2022,GEMN-0096_PHP02_0030/LH244,10.335789
NYH2_2022,GEMN-0097/LH244,10.568936
NYH2_2022,GEMN-0097_LH212HT_0002/LH244,10.598865
NYH2_2022,GEMN-0097_LH212HT_0004/LH244,10.645972
NYH2_2022,GEMN-0097_LH212HT_0018/LH244,10.565555
NYH2_2022,GEMN-0097_LH212HT_0019/LH244,10.690634
NYH2_2022,GEMN-0097_LH212HT_0020/LH244,10.649821
NYH2_2022,GEMN-0097_LH212HT_0023/LH244,10.649042
NYH2_2022,GEMN-0097_LH212HT_0026/LH244,10.465026
NYH2_2022,GEMN-0097_LH212HT_0032/LH244,10.641264
NYH2_2022,GEMN-0097_LH212HT_0039/LH244,10.636494
NYH2_2022,GEMN-0097_LH212HT_0047/LH244,10.717979
NYH2_2022,GEMN-0097_LH212HT_0051/LH244,10.646145
NYH2_2022,GEMN-0097_LH212HT_0054/LH244,10.576341
NYH2_2022,GEMN-0097_LH212HT_0058/LH244,10.542329
NYH2_2022,GEMN-0097_LH212HT_0061/LH244,10.62385
NYH2_2022,GEMN-0097_LH212HT_0062/LH244,10.627289
NYH2_2022,GEMN-0097_LH212HT_0069/LH244,10.655285
NYH2_2022,GEMN-0097_LH212HT_0074/LH244,10.525446
NYH2_2022,GEMN-0097_LH212HT_0078/LH244,10.672059
NYH2_2022,GEMN-0097_LH212HT_0085/LH244,10.646315
NYH2_2022,GEMN-0097_PHJ89_0001/LH244,10.066523
NYH2_2022,GEMN-0097_PHJ89_0002/LH244,10.533681
NYH2_2022,GEMN-0097_PHJ89_0003/LH244,10.089232
NYH2_2022,GEMN-0097_PHJ89_0005/LH244,10.274798
NYH2_2022,GEMN-0097_PHJ89_0006/LH244,10.395949
NYH2_2022,GEMN-0097_PHJ89_0007/LH244,10.304205
NYH2_2022,GEMN-0097_PHJ89_0008/LH244,10.091324
NYH2_2022,GEMN-0097_PHJ89_0010/LH244,10.44435
NYH2_2022,GEMN-0097_PHJ89_0011/LH244,10.138994
NYH2_2022,GEMN-0097_PHJ89_0012/LH244,10.245937
NYH2_2022,GEMN-0097_PHJ89_0013/LH244,10.599816
NYH2_2022,GEMN-0097_PHJ89_0016/LH244,10.339337
NYH2_2022,GEMN-0097_PHJ89_0020/LH244,10.530298
NYH2_2022,GEMN-0097_PHJ89_0025/LH244,10.607744
NYH2_2022,GEMN-0097_PHJ89_0026/LH244,10.407993
NYH2_2022,GEMN-0097_PHJ89_0027/LH244,10.409593
NYH2_2022,GEMN-0097_PHJ89_0028/LH244,10.3152685
NYH2_2022,GEMN-0097_PHJ89_0029/LH244,10.31391
NYH2_2022,GEMN-0097_PHJ89_0033/LH244,10.5803995
NYH2_2022,GEMN-0097_PHJ89_0036/LH244,10.469927
NYH2_2022,GEMN-0097_PHJ89_0039/LH244,10.279344
NYH2_2022,GEMN-0097_PHK76_0002/LH244,10.639747
NYH2_2022,GEMN-0097_PHK76_0003/LH244,10.102352
NYH2_2022,GEMN-0097_PHK76_0007/LH244,10.398421
NYH2_2022,GEMN-0097_PHK76_0009/LH244,10.288473
NYH2_2022,GEMN-0097_PHK76_0011/LH244,10.688754
NYH2_2022,GEMN-0097_PHK76_0012/LH244,10.436984
NYH2_2022,GEMN-0097_PHK76_0014/LH244,10.40781
NYH2_2022,GEMN-0097_PHK76_0015/LH244,10.54238
NYH2_2022,GEMN-0097_PHK76_0018/LH244,10.4375515
NYH2_2022,GEMN-0097_PHK76_0021/LH244,10.088594
NYH2_2022,GEMN-0097_PHK76_0036/LH244,10.334992
NYH2_2022,GEMN-0097_PHK76_0037/LH244,10.717549
NYH2_2022,GEMN-0097_PHK76_0038/LH244,10.564927
NYH2_2022,GEMN-0097_PHK76_0039/LH244,9.899394
NYH2_2022,GEMN-0097_PHK76_0041/LH244,10.601004
NYH2_2022,GEMN-0097_PHK76_0048/LH244,10.57854
NYH2_2022,GEMN-0097_PHK76_0053/LH244,10.2167425
NYH2_2022,GEMN-0097_PHK76_0055/LH244,10.593368
NYH2_2022,GEMN-0097_PHK76_0060/LH244,10.614643
NYH2_2022,GEMN-0097_PHN46_0001/LH244,10.497537
NYH2_2022,GEMN-0097_PHN46_0003/LH244,10.251562
NYH2_2022,GEMN-0097_PHN46_0004/LH244,10.286578
NYH2_2022,GEMN-0097_PHN46_0005/LH244,10.078946
NYH2_2022,GEMN-0097_PHN46_0007/LH244,10.325911
NYH2_2022,GEMN-0097_PHN46_0008/LH244,10.204796
NYH2_2022,GEMN-0097_PHN46_0011/LH244,10.370999
NYH2_2022,GEMN-0097_PHN46_0013/LH244,10.576952
NYH2_2022,GEMN-0097_PHN46_0014/LH244,10.194666
NYH2_2022,GEMN-0097_PHN46_0016/LH244,10.177868
NYH2_2022,GEMN-0097_PHN46_0018/LH244,10.250191
NYH2_2022,GEMN-0097_PHP02_0001/LH244,10.352076
NYH2_2022,GEMN-0097_PHP02_0002/LH244,9.835262
NYH2_2022,GEMN-0097_PHP02_0003/LH244,10.270813
NYH2_2022,GEMN-0097_PHP02_0005/LH244,10.505153
NYH2_2022,GEMN-0097_PHP02_0006/LH244,10.370978
NYH2_2022,GEMN-0097_PHP02_0007/LH244,9.839738
NYH2_2022,GEMN-0098/LH244,10.5559
NYH2_2022,GEMN-0104/LH244,10.68456
NYH2_2022,GEMN-0124/LH244,10.425319
NYH2_2022,GEMN-0144/LH244,10.04552
NYH2_2022,GEMN-0157/LH244,10.2309475
NYH2_2022,GEMN-0177/LH244,10.6276
NYH2_2022,GEMN-0178/LH244,10.632497
NYH2_2022,GEMN-0187/LH244,10.41105
NYH2_2022,GEMN-0192/LH244,10.158351
NYH2_2022,GEMN-0192_LH212HT_0001/LH244,10.562968
NYH2_2022,GEMN-0192_LH212HT_0006/LH244,10.205842
NYH2_2022,GEMN-0192_LH212HT_0008/LH244,10.432602
NYH2_2022,GEMN-0192_LH212HT_0010/LH244,10.1103945
NYH2_2022,GEMN-0192_LH212HT_0011/LH244,10.004689
NYH2_2022,GEMN-0192_LH212HT_0012/LH244,10.106294
NYH2_2022,GEMN-0192_LH212HT_0013/LH244,10.277178
NYH2_2022,GEMN-0192_LH212HT_0014/LH244,10.4398775
NYH2_2022,GEMN-0192_LH212HT_0015/LH244,10.228034
NYH2_2022,GEMN-0192_LH212HT_0016/LH244,10.130029
NYH2_2022,GEMN-0192_LH212HT_0018/LH244,10.656542
NYH2_2022,GEMN-0192_LH212HT_0021/LH244,10.552701
NYH2_2022,GEMN-0192_LH212HT_0023/LH244,10.602271
NYH2_2022,GEMN-0192_PHJ89_0001/LH244,10.374143
NYH2_2022,GEMN-0192_PHJ89_0002/LH244,10.334946
NYH2_2022,GEMN-0192_PHK76_0002/LH244,10.603594
NYH2_2022,GEMN-0192_PHK76_0004/LH244,10.512114
NYH2_2022,GEMN-0192_PHK76_0005/LH244,10.306358
NYH2_2022,GEMN-0192_PHK76_0006/LH244,10.499728
NYH2_2022,GEMN-0192_PHK76_0007/LH244,10.253269
NYH2_2022,GEMN-0192_PHK76_0008/LH244,10.351918
NYH2_2022,GEMN-0192_PHK76_0009/LH244,10.419488
NYH2_2022,GEMN-0192_PHK76_0010/LH244,10.4417715
NYH2_2022,GEMN-0192_PHK76_0011/LH244,10.4451
NYH2_2022,GEMN-0192_PHK76_0012/LH244,10.376722
NYH2_2022,GEMN-0192_PHK76_0013/LH244,10.3583355
NYH2_2022,GEMN-0192_PHK76_0014/LH244,10.53939
NYH2_2022,GEMN-0192_PHK76_0015/LH244,10.667668
NYH2_2022,GEMN-0192_PHK76_0016/LH244,10.417894
NYH2_2022,GEMN-0192_PHK76_0017/LH244,10.079192
NYH2_2022,GEMN-0192_PHK76_0019/LH244,10.4946785
NYH2_2022,GEMN-0192_PHK76_0021/LH244,10.150001
NYH2_2022,GEMN-0192_PHK76_0025/LH244,10.179831
NYH2_2022,GEMN-0192_PHK76_0027/LH244,10.456459
NYH2_2022,GEMN-0192_PHK76_0028/LH244,10.51243
NYH2_2022,GEMN-0192_PHK76_0030/LH244,10.533317
NYH2_2022,GEMN-0192_PHK76_0032/LH244,10.318244
NYH2_2022,GEMN-0192_PHK76_0033/LH244,10.567112
NYH2_2022,GEMN-0192_PHK76_0035/LH244,10.117949
NYH2_2022,GEMN-0192_PHK76_0036/LH244,10.19021
NYH2_2022,GEMN-0192_PHK76_0041/LH244,10.610038
NYH2_2022,GEMN-0192_PHK76_0044/LH244,10.41794
NYH2_2022,GEMN-0192_PHK76_0045/LH244,10.212213
NYH2_2022,GEMN-0192_PHN46_0001/LH244,10.015991
NYH2_2022,GEMN-0192_PHN46_0002/LH244,10.279291
NYH2_2022,GEMN-0192_PHN46_0003/LH244,10.229969
NYH2_2022,GEMN-0192_PHN46_0004/LH244,10.191294
NYH2_2022,GEMN-0192_PHN46_0005/LH244,9.720667
NYH2_2022,GEMN-0192_PHN46_0006/LH244,10.530386
NYH2_2022,GEMN-0192_PHN46_0008/LH244,10.380916
NYH2_2022,GEMN-0192_PHN46_0009/LH244,10.404588
NYH2_2022,GEMN-0192_PHN46_0010/LH244,10.125184
NYH2_2022,GEMN-0192_PHN46_0011/LH244,10.307691
NYH2_2022,GEMN-0192_PHN46_0012/LH244,9.935163
NYH2_2022,GEMN-0192_PHN46_0014/LH244,9.777648
NYH2_2022,GEMN-0192_PHN46_0015/LH244,10.513257
NYH2_2022,GEMN-0192_PHN46_0017/LH244,10.041024
NYH2_2022,GEMN-0192_PHN46_0018/LH244,10.275056
NYH2_2022,GEMN-0192_PHN46_0019/LH244,10.246207
NYH2_2022,GEMN-0192_PHN46_0020/LH244,10.222438
NYH2_2022,GEMN-0192_PHN46_0025/LH244,9.80073
NYH2_2022,GEMN-0192_PHP02_0001/LH244,10.30539
NYH2_2022,GEMN-0192_PHP02_0003/LH244,10.354431
NYH2_2022,GEMN-0225/LH244,10.619463
NYH2_2022,GEMN-0225_LH212HT_0002/LH244,10.643832
NYH2_2022,GEMN-0225_LH212HT_0003/LH244,10.74787
NYH2_2022,GEMN-0225_LH212HT_0005/LH244,10.682837
NYH2_2022,GEMN-0225_LH212HT_0006/LH244,10.719068
NYH2_2022,GEMN-0225_LH212HT_0008/LH244,10.545426
NYH2_2022,GEMN-0225_LH212HT_0009/LH244,10.613557
NYH2_2022,GEMN-0225_LH212HT_0015/LH244,10.679307
NYH2_2022,GEMN-0225_LH212HT_0017/LH244,10.569947
NYH2_2022,GEMN-0225_LH212HT_0024/LH244,10.39648
NYH2_2022,GEMN-0225_LH212HT_0025/LH244,10.654755
NYH2_2022,GEMN-0225_LH212HT_0029/LH244,10.726428
NYH2_2022,GEMN-0225_LH212HT_0033/LH244,10.6709585
NYH2_2022,GEMN-0225_LH212HT_0036/LH244,10.675516
NYH2_2022,GEMN-0225_LH212HT_0040/LH244,10.67173
NYH2_2022,GEMN-0225_LH212HT_0043/LH244,10.04827
NYH2_2022,GEMN-0225_PHJ89_0001/LH244,10.4311285
NYH2_2022,GEMN-0225_PHJ89_0002/LH244,10.653845
NYH2_2022,GEMN-0225_PHJ89_0003/LH244,10.419509
NYH2_2022,GEMN-0225_PHJ89_0004/LH244,10.466443
NYH2_2022,GEMN-0225_PHJ89_0005/LH244,10.451243
NYH2_2022,GEMN-0225_PHJ89_0006/LH244,10.45935
NYH2_2022,GEMN-0225_PHJ89_0008/LH244,10.429482
NYH2_2022,GEMN-0225_PHJ89_0009/LH244,10.275326
NYH2_2022,GEMN-0225_PHJ89_0013/LH244,10.628227
NYH2_2022,GEMN-0225_PHJ89_0014/LH244,10.55169
NYH2_2022,GEMN-0225_PHJ89_0015/LH244,10.419254
NYH2_2022,GEMN-0225_PHJ89_0016/LH244,10.371837
NYH2_2022,GEMN-0225_PHJ89_0017/LH244,10.164033
NYH2_2022,GEMN-0225_PHJ89_0018/LH244,10.443466
NYH2_2022,GEMN-0225_PHJ89_0020/LH244,10.6631975
NYH2_2022,GEMN-0225_PHJ89_0021/LH244,10.504389
NYH2_2022,GEMN-0225_PHJ89_0022/LH244,10.333266
NYH2_2022,GEMN-0225_PHJ89_0026/LH244,10.067515
NYH2_2022,GEMN-0225_PHJ89_0032/LH244,10.547292
NYH2_2022,GEMN-0225_PHK76_0002/LH244,10.58916
NYH2_2022,GEMN-0225_PHK76_0003/LH244,10.6723585
NYH2_2022,GEMN-0225_PHK76_0004/LH244,10.752428
NYH2_2022,GEMN-0225_PHK76_0005/LH244,10.464205
NYH2_2022,GEMN-0225_PHK76_0007/LH244,10.729111
NYH2_2022,GEMN-0225_PHK76_0008/LH244,10.722851
NYH2_2022,GEMN-0225_PHK76_0010/LH244,10.684898
NYH2_2022,GEMN-0225_PHK76_0012/LH244,10.681122
NYH2_2022,GEMN-0225_PHK76_0013/LH244,10.604009
NYH2_2022,GEMN-0225_PHK76_0014/LH244,10.703043
NYH2_2022,GEMN-0225_PHK76_0018/LH244,10.68282
NYH2_2022,GEMN-0225_PHK76_0019/LH244,10.531661
NYH2_2022,GEMN-0225_PHK76_0021/LH244,10.653357
NYH2_2022,GEMN-0225_PHK76_0022/LH244,10.416475
NYH2_2022,GEMN-0225_PHK76_0027/LH244,10.599882
NYH2_2022,GEMN-0225_PHK76_0028/LH244,10.677082
NYH2_2022,GEMN-0225_PHK76_0031/LH244,10.201084
NYH2_2022,GEMN-0225_PHN46_0001/LH244,10.689259
NYH2_2022,GEMN-0225_PHN46_0003/LH244,10.620594
NYH2_2022,GEMN-0225_PHN46_0004/LH244,10.354801
NYH2_2022,GEMN-0225_PHN46_0005/LH244,10.020029
NYH2_2022,GEMN-0225_PHN46_0006/LH244,10.469304
NYH2_2022,GEMN-0225_PHN46_0014/LH244,10.666387
NYH2_2022,GEMN-0225_PHN46_0021/LH244,10.576496
NYH2_2022,GEMN-0225_PHP02_0001/LH244,10.503537
NYH2_2022,GEMN-0225_PHP02_0002/LH244,10.489238
NYH2_2022,GEMN-0225_PHP02_0003/LH244,10.410425
NYH2_2022,GEMN-0225_PHP02_0005/LH244,10.175748
NYH2_2022,GEMN-0225_PHP02_0006/LH244,10.503151
NYH2_2022,GEMN-0225_PHP02_0008/LH244,10.181919
NYH2_2022,GEMN-0225_PHP02_0009/LH244,10.569273
NYH2_2022,GEMN-0225_PHP02_0010/LH244,10.261225
NYH2_2022,GEMN-0225_PHP02_0012/LH244,10.268357
NYH2_2022,GEMN-0225_PHP02_0013/LH244,10.481938
NYH2_2022,GEMN-0225_PHP02_0014/LH244,10.41291
NYH2_2022,GEMN-0225_PHP02_0015/LH244,10.3577795
NYH2_2022,GEMN-0225_PHP02_0017/LH244,10.19285
NYH2_2022,GEMN-0232/LH244,10.552848
NYH2_2022,GEMN-0238/LH244,10.652844
NYH2_2022,GEMN-0257/LH244,10.439882
NYH2_2022,GEMN-0271/LH244,9.672278
NYH2_2022,GEMN-0287/LH244,10.638437
NYH2_2022,LH145/LH82,7.683404
NYH2_2022,LH185/LH244,10.555164
NYH2_2022,LH195/MO17,10.557995
NYH2_2022,LH195/PHK76,10.4366
NYH2_2022,LH195/PHN82,10.65922
NYH2_2022,LH195/PHZ51,9.091834
NYH2_2022,LH212HT/LH244,10.640269
NYH2_2022,LH213/LH244,10.486026
NYH2_2022,LH216/LH244,10.479536
NYH2_2022,LH244/MO17,10.598493
NYH2_2022,LH244/PHK76,10.666203
NYH2_2022,LH244/PHN82,10.755183
NYH2_2022,LH244/PHZ51,9.913779
NYH2_2022,LH283/LH244,9.417782
NYH2_2022,LH287/LH244,10.637568
NYH2_2022,LH82/LH244,9.308355
NYH2_2022,M162W/LH244,9.070575
NYH2_2022,MBUB/LH244,10.164801
NYH2_2022,MM501D/LH244,10.5758505
NYH2_2022,MO17_PHW30-008-(2N)-01/LH244,10.562476
NYH2_2022,MO17_PHW30-200-(2N)-02/LH244,10.673815
NYH2_2022,MO17_PHW30-309-(2N)-01/LH244,10.599554
NYH2_2022,MO44_LH145_0127/LH244,10.18826
NYH2_2022,MO44_LH145_0138/LH244,9.824238
NYH2_2022,MO44_PHG47_0072/LH244,9.569956
NYH2_2022,MO44_PHG47_0125/LH244,10.549834
NYH2_2022,MO44_PHW65_0025/LH244,10.709607
NYH2_2022,MO44_PHW65_0035/LH244,10.69941
NYH2_2022,MOG/LH244,10.213623
NYH2_2022,MS71/LH244,9.851191
NYH2_2022,NC350/LH244,9.834092
NYH2_2022,NC358/LH244,10.046761
NYH2_2022,NC366/LH244,9.67506
NYH2_2022,NC374/LH244,9.690329
NYH2_2022,NC378/LH244,9.955828
NYH2_2022,NC388/LH244,10.244986
NYH2_2022,NC398/LH244,9.671904
NYH2_2022,NC426/LH244,10.100012
NYH2_2022,NC512/LH244,9.914065
NYH2_2022,NC528/LH244,9.869474
NYH2_2022,NC542/LH244,9.611108
NYH2_2022,NC546/LH244,10.137703
NYH2_2022,NC548/LH244,9.578592
NYH2_2022,NKH8431/LH244,10.169801
NYH2_2022,OH43/LH244,10.095879
NYH2_2022,PH207/LH244,10.285628
NYH2_2022,PH24E/LH244,10.751099
NYH2_2022,PHAP9/LH244,10.674053
NYH2_2022,PHB47/LH244,8.726798
NYH2_2022,PHB47/MO17,9.413515
NYH2_2022,PHB47/PHK76,9.497086
NYH2_2022,PHB47/PHN82,10.478886
NYH2_2022,PHB47/PHZ51,8.940511
NYH2_2022,PHG29/PHG47,8.899051
NYH2_2022,PHG47/LH244,10.186369
NYH2_2022,PHJ40/PHAJ0,7.867357
NYH2_2022,PHJ89/LH244,10.3139715
NYH2_2022,PHJ89/PH207,9.060353
NYH2_2022,PHJ90/LH244,10.679465
NYH2_2022,PHK56/LH244,10.715747
NYH2_2022,PHKE6/LH244,10.303905
NYH2_2022,PHN11/LH244,10.678569
NYH2_2022,PHN11_LH145_0005/LH244,8.951582
NYH2_2022,PHN11_LH145_0028/LH244,9.339661
NYH2_2022,PHN11_LH145_0085/LH244,9.126633
NYH2_2022,PHN11_OH43_0001/LH244,10.06224
NYH2_2022,PHN11_OH43_0075/LH244,9.855233
NYH2_2022,PHN11_OH43_0088/LH244,10.35908
NYH2_2022,PHN11_PHG47_0251/LH244,10.271848
NYH2_2022,PHN11_PHG47_0287/LH244,9.783314
NYH2_2022,PHN11_PHW65_0312/LH244,10.71371
NYH2_2022,PHN11_PHW65_0323/LH244,10.729621
NYH2_2022,PHN11_PHW65_0359/LH244,10.71547
NYH2_2022,PHP02/LH244,10.777886
NYH2_2022,PHP55/LH244,10.468939
NYH2_2022,PHR03/LH244,10.646589
NYH2_2022,PHRE1/PHTD5,8.684313
NYH2_2022,PHW30/LH244,10.467084
NYH2_2022,PHW30_MO17-010-(2N)-01/LH244,10.29105
NYH2_2022,PHW30_MO17-032-(2N)-01/LH244,9.76481
NYH2_2022,PHW30_MO17-095-(2N)-01/LH244,10.530994
NYH2_2022,PHW30_MO17-129-(2N)-01/LH244,10.335885
NYH2_2022,PHW30_MO17-178-(2N)-01/LH244,10.639614
NYH2_2022,PHW30_MO17-234-(2N)-02/LH244,10.673667
NYH2_2022,PHW52/PHM49,10.519603
NYH2_2022,PHW52/PHN82,10.647708
NYH2_2022,PHW65_MOG_0137/LH244,10.620335
NYH2_2022,PHW65_MOG_0176/LH244,10.604392
NYH2_2022,PHW65_MOG_0271/LH244,10.646525
NYH2_2022,TX714/PHZ51,9.585298
NYH2_2022,TX777/LH195,9.355246
NYH2_2022,TX779/LH195,9.929958
NYH2_2022,W10001_0003/LH244,9.202919
NYH2_2022,W10001_0007/LH244,9.516282
NYH2_2022,W10001_0009/LH244,8.908631
NYH2_2022,W10001_0012/LH244,8.937031
NYH2_2022,W10001_0013/LH244,9.773163
NYH2_2022,W10001_0014/LH244,9.124274
NYH2_2022,W10001_0016/LH244,9.492395
NYH2_2022,W10001_0017/LH244,9.652375
NYH2_2022,W10001_0019/LH244,9.083372
NYH2_2022,W10001_0021/LH244,8.667662
NYH2_2022,W10001_0022/LH244,9.756766
NYH2_2022,W10001_0023/LH244,9.991886
NYH2_2022,W10001_0031/LH244,9.610232
NYH2_2022,W10001_0033/LH244,10.646589
NYH2_2022,W10001_0036/LH244,9.748037
NYH2_2022,W10001_0040/LH244,9.160251
NYH2_2022,W10001_0047/LH244,9.5857
NYH2_2022,W10002_0002/LH244,9.693528
NYH2_2022,W10005_0029/LH244,10.587714
NYH2_2022,W10005_0107/LH244,10.192479
NYH2_2022,W10005_0111/LH244,9.416778
NYH2_2022,W10005_0147/LH244,10.402926
NYH2_2022,W10005_0220/LH244,10.667438
NYH2_2022,W10010_0032/LH244,10.309894
NYH2_2022,W10010_0084/LH244,10.122974
NYH2_2022,W10010_0093/LH244,10.255901
NYH2_2022,W10010_0101/LH244,10.712884
NYH2_2022,W10010_0118/LH244,10.522796
NYH2_2022,W10010_0124/LH244,10.313523
NYH2_2022,W10010_0148/LH244,10.367703
NYH2_2022,W10010_0170/LH244,10.169053
NYH2_2022,W10010_0188/LH244,10.421101
NYH2_2022,W10010_0189/LH244,10.640616
NYH2_2022,W10010_0215/LH244,10.141744
NYH2_2022,W10010_0279/LH244,10.604814
NYH2_2022,W10010_0294/LH244,10.636227
NYH2_2022,W10010_0311/LH244,10.588132
NYH2_2022,W10010_0337/LH244,10.667293
NYH2_2022,W10010_0346/LH244,10.621239
NYH2_2022,W10010_0358/LH244,10.464091
NYH2_2022,W10010_0381/LH244,10.689657
NYH2_2022,W10010_0452/LH244,10.400703
NYH3_2022,B14A/OH43,9.443435
NYH3_2022,B37/H95,9.249278
NYH3_2022,B73/MO17,10.457079
NYH3_2022,B73/PHK76,10.285145
NYH3_2022,B73/PHN82,10.630217
NYH3_2022,B73/PHZ51,9.446475
NYH3_2022,B73/TX779,9.123924
NYH3_2022,B97/LH244,10.004709
NYH3_2022,BGEM-0039-N/LH244,9.392814
NYH3_2022,BGEM-0063-N/LH244,9.2367525
NYH3_2022,BGEM-0089-N/LH244,9.74224
NYH3_2022,BGEM-0124-N/LH244,9.116769
NYH3_2022,BGEM-0129-N/LH244,9.428656
NYH3_2022,CG119/CG108,7.7183037
NYH3_2022,CG44/CGR01,8.586108
NYH3_2022,DK3IIH6/LH244,9.91081
NYH3_2022,DK78010/LH244,9.40214
NYH3_2022,GEMN-0096/LH244,10.120058
NYH3_2022,GEMN-0096_LH212HT_0001/LH244,10.299742
NYH3_2022,GEMN-0096_LH212HT_0002/LH244,10.626422
NYH3_2022,GEMN-0096_LH212HT_0004/LH244,10.64393
NYH3_2022,GEMN-0096_LH212HT_0005/LH244,10.614316
NYH3_2022,GEMN-0096_LH212HT_0006/LH244,10.641643
NYH3_2022,GEMN-0096_LH212HT_0009/LH244,10.617804
NYH3_2022,GEMN-0096_LH212HT_0010/LH244,10.537948
NYH3_2022,GEMN-0096_LH212HT_0012/LH244,10.360096
NYH3_2022,GEMN-0096_LH212HT_0013/LH244,10.52154
NYH3_2022,GEMN-0096_LH212HT_0017/LH244,10.586791
NYH3_2022,GEMN-0096_LH212HT_0021/LH244,10.52477
NYH3_2022,GEMN-0096_PHJ89_0001/LH244,10.504445
NYH3_2022,GEMN-0096_PHJ89_0002/LH244,10.067704
NYH3_2022,GEMN-0096_PHJ89_0006/LH244,10.364366
NYH3_2022,GEMN-0096_PHJ89_0007/LH244,10.261375
NYH3_2022,GEMN-0096_PHJ89_0009/LH244,10.114749
NYH3_2022,GEMN-0096_PHJ89_0010/LH244,10.289508
NYH3_2022,GEMN-0096_PHJ89_0011/LH244,10.278793
NYH3_2022,GEMN-0096_PHJ89_0012/LH244,10.086653
NYH3_2022,GEMN-0096_PHJ89_0013/LH244,10.1868
NYH3_2022,GEMN-0096_PHJ89_0014/LH244,10.4324
NYH3_2022,GEMN-0096_PHJ89_0016/LH244,10.09587
NYH3_2022,GEMN-0096_PHJ89_0017/LH244,10.321472
NYH3_2022,GEMN-0096_PHK76_0001/LH244,10.570352
NYH3_2022,GEMN-0096_PHK76_0002/LH244,10.594282
NYH3_2022,GEMN-0096_PHK76_0003/LH244,10.563713
NYH3_2022,GEMN-0096_PHK76_0004/LH244,10.470463
NYH3_2022,GEMN-0096_PHK76_0006/LH244,10.613362
NYH3_2022,GEMN-0096_PHK76_0007/LH244,10.532628
NYH3_2022,GEMN-0096_PHK76_0008/LH244,10.636331
NYH3_2022,GEMN-0096_PHK76_0009/LH244,10.575087
NYH3_2022,GEMN-0096_PHK76_0010/LH244,10.566369
NYH3_2022,GEMN-0096_PHK76_0013/LH244,10.519791
NYH3_2022,GEMN-0096_PHK76_0015/LH244,10.580274
NYH3_2022,GEMN-0096_PHK76_0016/LH244,10.424154
NYH3_2022,GEMN-0096_PHN46_0001/LH244,10.0689335
NYH3_2022,GEMN-0096_PHN46_0002/LH244,9.840708
NYH3_2022,GEMN-0096_PHN46_0003/LH244,10.080326
NYH3_2022,GEMN-0096_PHN46_0004/LH244,10.065333
NYH3_2022,GEMN-0096_PHN46_0005/LH244,10.54665
NYH3_2022,GEMN-0096_PHN46_0007/LH244,10.269894
NYH3_2022,GEMN-0096_PHN46_0009/LH244,10.460411
NYH3_2022,GEMN-0096_PHN46_0010/LH244,10.568132
NYH3_2022,GEMN-0096_PHN46_0011/LH244,10.018427
NYH3_2022,GEMN-0096_PHN46_0012/LH244,10.2270775
NYH3_2022,GEMN-0096_PHN46_0013/LH244,10.08929
NYH3_2022,GEMN-0096_PHN46_0014/LH244,9.853516
NYH3_2022,GEMN-0096_PHN46_0018/LH244,10.450196
NYH3_2022,GEMN-0096_PHN46_0020/LH244,10.392289
NYH3_2022,GEMN-0096_PHN46_0023/LH244,9.765094
NYH3_2022,GEMN-0096_PHP02_0001/LH244,10.287085
NYH3_2022,GEMN-0096_PHP02_0003/LH244,9.892991
NYH3_2022,GEMN-0096_PHP02_0004/LH244,10.318759
NYH3_2022,GEMN-0096_PHP02_0005/LH244,10.601944
NYH3_2022,GEMN-0096_PHP02_0006/LH244,10.471757
NYH3_2022,GEMN-0096_PHP02_0007/LH244,10.116288
NYH3_2022,GEMN-0096_PHP02_0009/LH244,10.270809
NYH3_2022,GEMN-0096_PHP02_0011/LH244,10.50407
NYH3_2022,GEMN-0096_PHP02_0012/LH244,10.396135
NYH3_2022,GEMN-0096_PHP02_0015/LH244,9.980424
NYH3_2022,GEMN-0096_PHP02_0016/LH244,10.312154
NYH3_2022,GEMN-0096_PHP02_0017/LH244,9.993659
NYH3_2022,GEMN-0096_PHP02_0025/LH244,10.242823
NYH3_2022,GEMN-0096_PHP02_0030/LH244,10.335791
NYH3_2022,GEMN-0097/LH244,10.56894
NYH3_2022,GEMN-0097_LH212HT_0004/LH244,10.645976
NYH3_2022,GEMN-0097_LH212HT_0019/LH244,10.690638
NYH3_2022,GEMN-0097_LH212HT_0020/LH244,10.649825
NYH3_2022,GEMN-0097_LH212HT_0026/LH244,10.465028
NYH3_2022,GEMN-0097_LH212HT_0032/LH244,10.641268
NYH3_2022,GEMN-0097_LH212HT_0047/LH244,10.717984
NYH3_2022,GEMN-0097_LH212HT_0051/LH244,10.646149
NYH3_2022,GEMN-0097_LH212HT_0054/LH244,10.576344
NYH3_2022,GEMN-0097_LH212HT_0058/LH244,10.542333
NYH3_2022,GEMN-0097_LH212HT_0061/LH244,10.623854
NYH3_2022,GEMN-0097_LH212HT_0062/LH244,10.627291
NYH3_2022,GEMN-0097_LH212HT_0069/LH244,10.65529
NYH3_2022,GEMN-0097_LH212HT_0074/LH244,10.525448
NYH3_2022,GEMN-0097_LH212HT_0078/LH244,10.672064
NYH3_2022,GEMN-0097_LH212HT_0085/LH244,10.646318
NYH3_2022,GEMN-0097_LH212HT_0090/LH244,10.587454
NYH3_2022,GEMN-0097_PHJ89_0001/LH244,10.0665245
NYH3_2022,GEMN-0097_PHJ89_0002/LH244,10.533685
NYH3_2022,GEMN-0097_PHJ89_0003/LH244,10.089233
NYH3_2022,GEMN-0097_PHJ89_0005/LH244,10.2748
NYH3_2022,GEMN-0097_PHJ89_0006/LH244,10.39595
NYH3_2022,GEMN-0097_PHJ89_0007/LH244,10.304208
NYH3_2022,GEMN-0097_PHJ89_0008/LH244,10.091327
NYH3_2022,GEMN-0097_PHJ89_0010/LH244,10.444352
NYH3_2022,GEMN-0097_PHJ89_0011/LH244,10.138996
NYH3_2022,GEMN-0097_PHJ89_0012/LH244,10.24594
NYH3_2022,GEMN-0097_PHJ89_0013/LH244,10.59982
NYH3_2022,GEMN-0097_PHJ89_0016/LH244,10.339339
NYH3_2022,GEMN-0097_PHJ89_0020/LH244,10.5303
NYH3_2022,GEMN-0097_PHJ89_0023/LH244,10.264773
NYH3_2022,GEMN-0097_PHJ89_0025/LH244,10.607749
NYH3_2022,GEMN-0097_PHJ89_0026/LH244,10.407995
NYH3_2022,GEMN-0097_PHJ89_0027/LH244,10.409595
NYH3_2022,GEMN-0097_PHJ89_0028/LH244,10.31527
NYH3_2022,GEMN-0097_PHJ89_0029/LH244,10.313911
NYH3_2022,GEMN-0097_PHJ89_0036/LH244,10.469929
NYH3_2022,GEMN-0097_PHJ89_0039/LH244,10.2793455
NYH3_2022,GEMN-0097_PHK76_0002/LH244,10.63975
NYH3_2022,GEMN-0097_PHK76_0003/LH244,10.102355
NYH3_2022,GEMN-0097_PHK76_0007/LH244,10.398422
NYH3_2022,GEMN-0097_PHK76_0009/LH244,10.288475
NYH3_2022,GEMN-0097_PHK76_0011/LH244,10.688758
NYH3_2022,GEMN-0097_PHK76_0014/LH244,10.407812
NYH3_2022,GEMN-0097_PHK76_0015/LH244,10.542384
NYH3_2022,GEMN-0097_PHK76_0018/LH244,10.437553
NYH3_2022,GEMN-0097_PHK76_0021/LH244,10.088596
NYH3_2022,GEMN-0097_PHK76_0032/LH244,10.562948
NYH3_2022,GEMN-0097_PHK76_0036/LH244,10.334994
NYH3_2022,GEMN-0097_PHK76_0037/LH244,10.717552
NYH3_2022,GEMN-0097_PHK76_0038/LH244,10.564931
NYH3_2022,GEMN-0097_PHK76_0039/LH244,9.899397
NYH3_2022,GEMN-0097_PHK76_0041/LH244,10.601006
NYH3_2022,GEMN-0097_PHK76_0048/LH244,10.578543
NYH3_2022,GEMN-0097_PHK76_0053/LH244,10.216745
NYH3_2022,GEMN-0097_PHK76_0055/LH244,10.593371
NYH3_2022,GEMN-0097_PHK76_0060/LH244,10.614647
NYH3_2022,GEMN-0097_PHN46_0001/LH244,10.49754
NYH3_2022,GEMN-0097_PHN46_0003/LH244,10.251564
NYH3_2022,GEMN-0097_PHN46_0004/LH244,10.28658
NYH3_2022,GEMN-0097_PHN46_0005/LH244,10.078948
NYH3_2022,GEMN-0097_PHN46_0007/LH244,10.325913
NYH3_2022,GEMN-0097_PHN46_0008/LH244,10.204799
NYH3_2022,GEMN-0097_PHN46_0011/LH244,10.371002
NYH3_2022,GEMN-0097_PHN46_0013/LH244,10.576956
NYH3_2022,GEMN-0097_PHN46_0014/LH244,10.194668
NYH3_2022,GEMN-0097_PHN46_0016/LH244,10.177871
NYH3_2022,GEMN-0097_PHN46_0018/LH244,10.250194
NYH3_2022,GEMN-0097_PHP02_0001/LH244,10.3520775
NYH3_2022,GEMN-0097_PHP02_0002/LH244,9.835266
NYH3_2022,GEMN-0097_PHP02_0003/LH244,10.270816
NYH3_2022,GEMN-0097_PHP02_0005/LH244,10.505155
NYH3_2022,GEMN-0097_PHP02_0006/LH244,10.370981
NYH3_2022,GEMN-0097_PHP02_0007/LH244,9.839741
NYH3_2022,GEMN-0098/LH244,10.555904
NYH3_2022,GEMN-0104/LH244,10.684563
NYH3_2022,GEMN-0124/LH244,10.425321
NYH3_2022,GEMN-0144/LH244,10.045524
NYH3_2022,GEMN-0157/LH244,10.23095
NYH3_2022,GEMN-0177/LH244,10.627603
NYH3_2022,GEMN-0178/LH244,10.6325
NYH3_2022,GEMN-0187/LH244,10.411053
NYH3_2022,GEMN-0192/LH244,10.158355
NYH3_2022,GEMN-0192_LH212HT_0001/LH244,10.562971
NYH3_2022,GEMN-0192_LH212HT_0002/LH244,10.331483
NYH3_2022,GEMN-0192_LH212HT_0006/LH244,10.205845
NYH3_2022,GEMN-0192_LH212HT_0008/LH244,10.432605
NYH3_2022,GEMN-0192_LH212HT_0010/LH244,10.110397
NYH3_2022,GEMN-0192_LH212HT_0011/LH244,10.004693
NYH3_2022,GEMN-0192_LH212HT_0012/LH244,10.106297
NYH3_2022,GEMN-0192_LH212HT_0013/LH244,10.27718
NYH3_2022,GEMN-0192_LH212HT_0014/LH244,10.43988
NYH3_2022,GEMN-0192_LH212HT_0015/LH244,10.228037
NYH3_2022,GEMN-0192_LH212HT_0016/LH244,10.130031
NYH3_2022,GEMN-0192_LH212HT_0018/LH244,10.656546
NYH3_2022,GEMN-0192_LH212HT_0021/LH244,10.552704
NYH3_2022,GEMN-0192_LH212HT_0023/LH244,10.602275
NYH3_2022,GEMN-0192_PHJ89_0001/LH244,10.374144
NYH3_2022,GEMN-0192_PHJ89_0002/LH244,10.334948
NYH3_2022,GEMN-0192_PHK76_0002/LH244,10.603598
NYH3_2022,GEMN-0192_PHK76_0004/LH244,10.512117
NYH3_2022,GEMN-0192_PHK76_0005/LH244,10.30636
NYH3_2022,GEMN-0192_PHK76_0006/LH244,10.499731
NYH3_2022,GEMN-0192_PHK76_0007/LH244,10.253272
NYH3_2022,GEMN-0192_PHK76_0008/LH244,10.351919
NYH3_2022,GEMN-0192_PHK76_0009/LH244,10.41949
NYH3_2022,GEMN-0192_PHK76_0010/LH244,10.441774
NYH3_2022,GEMN-0192_PHK76_0011/LH244,10.445103
NYH3_2022,GEMN-0192_PHK76_0012/LH244,10.376725
NYH3_2022,GEMN-0192_PHK76_0013/LH244,10.358337
NYH3_2022,GEMN-0192_PHK76_0014/LH244,10.539392
NYH3_2022,GEMN-0192_PHK76_0015/LH244,10.667672
NYH3_2022,GEMN-0192_PHK76_0016/LH244,10.417895
NYH3_2022,GEMN-0192_PHK76_0017/LH244,10.079195
NYH3_2022,GEMN-0192_PHK76_0019/LH244,10.494681
NYH3_2022,GEMN-0192_PHK76_0021/LH244,10.150003
NYH3_2022,GEMN-0192_PHK76_0025/LH244,10.1798315
NYH3_2022,GEMN-0192_PHK76_0027/LH244,10.456461
NYH3_2022,GEMN-0192_PHK76_0028/LH244,10.512434
NYH3_2022,GEMN-0192_PHK76_0030/LH244,10.53332
NYH3_2022,GEMN-0192_PHK76_0032/LH244,10.318246
NYH3_2022,GEMN-0192_PHK76_0033/LH244,10.567114
NYH3_2022,GEMN-0192_PHK76_0035/LH244,10.11795
NYH3_2022,GEMN-0192_PHK76_0036/LH244,10.190212
NYH3_2022,GEMN-0192_PHK76_0037/LH244,10.710694
NYH3_2022,GEMN-0192_PHK76_0041/LH244,10.610042
NYH3_2022,GEMN-0192_PHK76_0044/LH244,10.417941
NYH3_2022,GEMN-0192_PHK76_0045/LH244,10.212214
NYH3_2022,GEMN-0192_PHN46_0001/LH244,10.015993
NYH3_2022,GEMN-0192_PHN46_0002/LH244,10.279293
NYH3_2022,GEMN-0192_PHN46_0003/LH244,10.229971
NYH3_2022,GEMN-0192_PHN46_0004/LH244,10.191295
NYH3_2022,GEMN-0192_PHN46_0005/LH244,9.720669
NYH3_2022,GEMN-0192_PHN46_0006/LH244,10.53039
NYH3_2022,GEMN-0192_PHN46_0008/LH244,10.3809185
NYH3_2022,GEMN-0192_PHN46_0009/LH244,10.40459
NYH3_2022,GEMN-0192_PHN46_0010/LH244,10.125186
NYH3_2022,GEMN-0192_PHN46_0011/LH244,10.307693
NYH3_2022,GEMN-0192_PHN46_0012/LH244,9.935165
NYH3_2022,GEMN-0192_PHN46_0014/LH244,9.777651
NYH3_2022,GEMN-0192_PHN46_0015/LH244,10.513261
NYH3_2022,GEMN-0192_PHN46_0017/LH244,10.041026
NYH3_2022,GEMN-0192_PHN46_0018/LH244,10.275057
NYH3_2022,GEMN-0192_PHN46_0025/LH244,9.800733
NYH3_2022,GEMN-0192_PHP02_0001/LH244,10.305394
NYH3_2022,GEMN-0192_PHP02_0003/LH244,10.354434
NYH3_2022,GEMN-0207/LH244,10.2174
NYH3_2022,GEMN-0225/LH244,10.619467
NYH3_2022,GEMN-0225_LH212HT_0002/LH244,10.643836
NYH3_2022,GEMN-0225_LH212HT_0003/LH244,10.747875
NYH3_2022,GEMN-0225_LH212HT_0005/LH244,10.68284
NYH3_2022,GEMN-0225_LH212HT_0006/LH244,10.719071
NYH3_2022,GEMN-0225_LH212HT_0008/LH244,10.545429
NYH3_2022,GEMN-0225_LH212HT_0015/LH244,10.679311
NYH3_2022,GEMN-0225_LH212HT_0017/LH244,10.569951
NYH3_2022,GEMN-0225_LH212HT_0023/LH244,10.715437
NYH3_2022,GEMN-0225_LH212HT_0024/LH244,10.396481
NYH3_2022,GEMN-0225_LH212HT_0025/LH244,10.654758
NYH3_2022,GEMN-0225_LH212HT_0028/LH244,10.622164
NYH3_2022,GEMN-0225_LH212HT_0029/LH244,10.726433
NYH3_2022,GEMN-0225_LH212HT_0033/LH244,10.670961
NYH3_2022,GEMN-0225_LH212HT_0036/LH244,10.67552
NYH3_2022,GEMN-0225_LH212HT_0040/LH244,10.671734
NYH3_2022,GEMN-0225_LH212HT_0043/LH244,10.048272
NYH3_2022,GEMN-0225_PHJ89_0001/LH244,10.43113
NYH3_2022,GEMN-0225_PHJ89_0002/LH244,10.653849
NYH3_2022,GEMN-0225_PHJ89_0003/LH244,10.41951
NYH3_2022,GEMN-0225_PHJ89_0004/LH244,10.466446
NYH3_2022,GEMN-0225_PHJ89_0005/LH244,10.451246
NYH3_2022,GEMN-0225_PHJ89_0006/LH244,10.459351
NYH3_2022,GEMN-0225_PHJ89_0008/LH244,10.429485
NYH3_2022,GEMN-0225_PHJ89_0009/LH244,10.275328
NYH3_2022,GEMN-0225_PHJ89_0013/LH244,10.628229
NYH3_2022,GEMN-0225_PHJ89_0014/LH244,10.551693
NYH3_2022,GEMN-0225_PHJ89_0015/LH244,10.419255
NYH3_2022,GEMN-0225_PHJ89_0016/LH244,10.37184
NYH3_2022,GEMN-0225_PHJ89_0017/LH244,10.164034
NYH3_2022,GEMN-0225_PHJ89_0018/LH244,10.443467
NYH3_2022,GEMN-0225_PHJ89_0020/LH244,10.663199
NYH3_2022,GEMN-0225_PHJ89_0021/LH244,10.50439
NYH3_2022,GEMN-0225_PHJ89_0022/LH244,10.333267
NYH3_2022,GEMN-0225_PHJ89_0026/LH244,10.067519
NYH3_2022,GEMN-0225_PHJ89_0032/LH244,10.547293
NYH3_2022,GEMN-0225_PHK76_0002/LH244,10.589164
NYH3_2022,GEMN-0225_PHK76_0003/LH244,10.67236
NYH3_2022,GEMN-0225_PHK76_0004/LH244,10.752432
NYH3_2022,GEMN-0225_PHK76_0005/LH244,10.464207
NYH3_2022,GEMN-0225_PHK76_0007/LH244,10.729115
NYH3_2022,GEMN-0225_PHK76_0008/LH244,10.722855
NYH3_2022,GEMN-0225_PHK76_0010/LH244,10.684902
NYH3_2022,GEMN-0225_PHK76_0012/LH244,10.681126
NYH3_2022,GEMN-0225_PHK76_0013/LH244,10.604012
NYH3_2022,GEMN-0225_PHK76_0014/LH244,10.703048
NYH3_2022,GEMN-0225_PHK76_0018/LH244,10.682824
NYH3_2022,GEMN-0225_PHK76_0019/LH244,10.531664
NYH3_2022,GEMN-0225_PHK76_0021/LH244,10.653361
NYH3_2022,GEMN-0225_PHK76_0022/LH244,10.416477
NYH3_2022,GEMN-0225_PHK76_0027/LH244,10.599886
NYH3_2022,GEMN-0225_PHK76_0028/LH244,10.677086
NYH3_2022,GEMN-0225_PHK76_0031/LH244,10.201087
NYH3_2022,GEMN-0225_PHK76_0032/LH244,10.6686125
NYH3_2022,GEMN-0225_PHN46_0001/LH244,10.689263
NYH3_2022,GEMN-0225_PHN46_0003/LH244,10.620598
NYH3_2022,GEMN-0225_PHN46_0004/LH244,10.354803
NYH3_2022,GEMN-0225_PHN46_0005/LH244,10.020031
NYH3_2022,GEMN-0225_PHN46_0006/LH244,10.469306
NYH3_2022,GEMN-0225_PHN46_0008/LH244,10.55921
NYH3_2022,GEMN-0225_PHN46_0021/LH244,10.576499
NYH3_2022,GEMN-0225_PHP02_0001/LH244,10.503541
NYH3_2022,GEMN-0225_PHP02_0002/LH244,10.489239
NYH3_2022,GEMN-0225_PHP02_0003/LH244,10.410427
NYH3_2022,GEMN-0225_PHP02_0005/LH244,10.175749
NYH3_2022,GEMN-0225_PHP02_0006/LH244,10.503152
NYH3_2022,GEMN-0225_PHP02_0008/LH244,10.18192
NYH3_2022,GEMN-0225_PHP02_0009/LH244,10.569277
NYH3_2022,GEMN-0225_PHP02_0010/LH244,10.261228
NYH3_2022,GEMN-0225_PHP02_0012/LH244,10.26836
NYH3_2022,GEMN-0225_PHP02_0013/LH244,10.481941
NYH3_2022,GEMN-0225_PHP02_0014/LH244,10.412911
NYH3_2022,GEMN-0225_PHP02_0015/LH244,10.357781
NYH3_2022,GEMN-0225_PHP02_0017/LH244,10.192852
NYH3_2022,GEMN-0232/LH244,10.552851
NYH3_2022,GEMN-0238/LH244,10.652848
NYH3_2022,GEMN-0257/LH244,10.439884
NYH3_2022,GEMN-0270/LH244,9.725199
NYH3_2022,GEMN-0271/LH244,9.672282
NYH3_2022,GEMN-0287/LH244,10.63844
NYH3_2022,LH145/LH82,7.6834054
NYH3_2022,LH185/LH244,10.555165
NYH3_2022,LH195/MO17,10.557999
NYH3_2022,LH195/PHK76,10.436603
NYH3_2022,LH195/PHN82,10.659223
NYH3_2022,LH195/PHZ51,9.091837
NYH3_2022,LH213/LH244,10.486028
NYH3_2022,LH216/LH244,10.479537
NYH3_2022,LH244/MO17,10.598494
NYH3_2022,LH244/PHK76,10.666207
NYH3_2022,LH244/PHN82,10.755187
NYH3_2022,LH244/PHZ51,9.913782
NYH3_2022,LH283/LH244,9.417786
NYH3_2022,LH287/LH244,10.637571
NYH3_2022,LH82/LH244,9.308358
NYH3_2022,M162W/LH244,9.070579
NYH3_2022,MBUB/LH244,10.1648035
NYH3_2022,MM501D/LH244,10.575854
NYH3_2022,MO17_PHW30-008-(2N)-01/LH244,10.562478
NYH3_2022,MO17_PHW30-200-(2N)-02/LH244,10.673819
NYH3_2022,MO17_PHW30-309-(2N)-01/LH244,10.599556
NYH3_2022,MO44/LH244,10.505532
NYH3_2022,MO44_LH145_0127/LH244,10.188262
NYH3_2022,MO44_LH145_0138/LH244,9.824242
NYH3_2022,MO44_PHG47_0072/LH244,9.569959
NYH3_2022,MO44_PHG47_0125/LH244,10.549836
NYH3_2022,MO44_PHW65_0025/LH244,10.709611
NYH3_2022,MO44_PHW65_0035/LH244,10.699414
NYH3_2022,MOG/LH244,10.213626
NYH3_2022,MS71/LH244,9.851194
NYH3_2022,NC358/LH244,10.046764
NYH3_2022,NC360/LH244,10.170749
NYH3_2022,NC366/LH244,9.675063
NYH3_2022,NC374/LH244,9.690331
NYH3_2022,NC388/LH244,10.244988
NYH3_2022,NC398/LH244,9.671906
NYH3_2022,NC406/LH244,9.409292
NYH3_2022,NC426/LH244,10.100014
NYH3_2022,NC428/LH244,10.262456
NYH3_2022,NC512/LH244,9.914069
NYH3_2022,NC528/LH244,9.869478
NYH3_2022,NC542/LH244,9.611112
NYH3_2022,NC546/LH244,10.137705
NYH3_2022,NKH8431/LH244,10.169803
NYH3_2022,OH43/LH244,10.095881
NYH3_2022,PH207/LH244,10.285629
NYH3_2022,PH24E/LH244,10.7511015
NYH3_2022,PHAP9/LH244,10.674057
NYH3_2022,PHB47/LH244,8.726801
NYH3_2022,PHB47/MO17,9.413518
NYH3_2022,PHB47/PHK76,9.497088
NYH3_2022,PHB47/PHN82,10.4788885
NYH3_2022,PHB47/PHZ51,8.940513
NYH3_2022,PHG29/PHG47,8.899053
NYH3_2022,PHG47/LH244,10.186372
NYH3_2022,PHJ40/PHAJ0,7.867359
NYH3_2022,PHJ89/LH244,10.313973
NYH3_2022,PHJ89/PH207,9.060356
NYH3_2022,PHJ90/LH244,10.67947
NYH3_2022,PHK56/LH244,10.715752
NYH3_2022,PHKE6/LH244,10.303907
NYH3_2022,PHN11/LH244,10.678573
NYH3_2022,PHN11_LH145_0005/LH244,8.951586
NYH3_2022,PHN11_LH145_0028/LH244,9.339664
NYH3_2022,PHN11_LH145_0085/LH244,9.126637
NYH3_2022,PHN11_OH43_0001/LH244,10.062242
NYH3_2022,PHN11_OH43_0075/LH244,9.855236
NYH3_2022,PHN11_OH43_0088/LH244,10.359083
NYH3_2022,PHN11_PHG47_0251/LH244,10.27185
NYH3_2022,PHN11_PHG47_0287/LH244,9.783318
NYH3_2022,PHN11_PHW65_0312/LH244,10.713713
NYH3_2022,PHN11_PHW65_0323/LH244,10.729625
NYH3_2022,PHN11_PHW65_0359/LH244,10.715473
NYH3_2022,PHP02/LH244,10.777891
NYH3_2022,PHP55/LH244,10.46894
NYH3_2022,PHR03/LH244,10.646593
NYH3_2022,PHRE1/PHTD5,8.684315
NYH3_2022,PHW30/LH244,10.467085
NYH3_2022,PHW30_MO17-010-(2N)-01/LH244,10.291052
NYH3_2022,PHW30_MO17-032-(2N)-01/LH244,9.764812
NYH3_2022,PHW30_MO17-095-(2N)-01/LH244,10.530997
NYH3_2022,PHW30_MO17-129-(2N)-01/LH244,10.335887
NYH3_2022,PHW30_MO17-178-(2N)-01/LH244,10.639617
NYH3_2022,PHW30_MO17-234-(2N)-02/LH244,10.67367
NYH3_2022,PHW30_MO17-299-(2N)-01/LH244,10.527287
NYH3_2022,PHW52/PHM49,10.519607
NYH3_2022,PHW52/PHN82,10.64771
NYH3_2022,PHW65_MOG_0137/LH244,10.620339
NYH3_2022,PHW65_MOG_0176/LH244,10.604396
NYH3_2022,PHW65_MOG_0271/LH244,10.646529
NYH3_2022,TX714/PHZ51,9.5853
NYH3_2022,TX777/LH195,9.355249
NYH3_2022,TX779/LH195,9.92996
NYH3_2022,W10001_0003/LH244,9.202923
NYH3_2022,W10001_0007/LH244,9.516286
NYH3_2022,W10001_0009/LH244,8.908634
NYH3_2022,W10001_0012/LH244,8.937033
NYH3_2022,W10001_0013/LH244,9.773166
NYH3_2022,W10001_0014/LH244,9.124277
NYH3_2022,W10001_0016/LH244,9.492398
NYH3_2022,W10001_0017/LH244,9.652378
NYH3_2022,W10001_0019/LH244,9.083376
NYH3_2022,W10001_0021/LH244,8.667664
NYH3_2022,W10001_0022/LH244,9.75677
NYH3_2022,W10001_0023/LH244,9.991888
NYH3_2022,W10001_0030/LH244,10.1134
NYH3_2022,W10001_0031/LH244,9.610236
NYH3_2022,W10001_0033/LH244,10.646593
NYH3_2022,W10001_0036/LH244,9.74804
NYH3_2022,W10001_0040/LH244,9.160254
NYH3_2022,W10001_0047/LH244,9.585704
NYH3_2022,W10002_0002/LH244,9.693531
NYH3_2022,W10005_0029/LH244,10.587716
NYH3_2022,W10005_0107/LH244,10.192482
NYH3_2022,W10005_0111/LH244,9.4167795
NYH3_2022,W10005_0147/LH244,10.402929
NYH3_2022,W10005_0220/LH244,10.667441
NYH3_2022,W10010_0018/LH244,10.445292
NYH3_2022,W10010_0032/LH244,10.3098955
NYH3_2022,W10010_0084/LH244,10.122978
NYH3_2022,W10010_0093/LH244,10.255903
NYH3_2022,W10010_0118/LH244,10.5227995
NYH3_2022,W10010_0124/LH244,10.313526
NYH3_2022,W10010_0148/LH244,10.367705
NYH3_2022,W10010_0170/LH244,10.169055
NYH3_2022,W10010_0188/LH244,10.421102
NYH3_2022,W10010_0189/LH244,10.64062
NYH3_2022,W10010_0215/LH244,10.1417465
NYH3_2022,W10010_0279/LH244,10.604817
NYH3_2022,W10010_0294/LH244,10.63623
NYH3_2022,W10010_0311/LH244,10.588135
NYH3_2022,W10010_0337/LH244,10.667295
NYH3_2022,W10010_0346/LH244,10.621243
NYH3_2022,W10010_0358/LH244,10.464092
NYH3_2022,W10010_0366/LH244,10.289327
NYH3_2022,W10010_0381/LH244,10.689661
NYH3_2022,W10010_0452/LH244,10.400704
NYH3_2022,W10010_0464/LH244,10.2589445
OHH1_2022,B14A/OH43,9.799945
OHH1_2022,B37/H95,9.592949
OHH1_2022,B73/MO17,10.825139
OHH1_2022,B73/PHN82,10.93952
OHH1_2022,B73/TX779,9.471726
OHH1_2022,B97/LH244,10.38377
OHH1_2022,BGEM-0039-N/LH244,9.765452
OHH1_2022,BGEM-0063-N/LH244,9.574767
OHH1_2022,BGEM-0089-N/LH244,10.133461
OHH1_2022,BGEM-0124-N/LH244,9.453683
OHH1_2022,BGEM-0129-N/LH244,9.804178
OHH1_2022,CG119/CG108,7.8706346
OHH1_2022,CG44/CGR01,8.8749695
OHH1_2022,DK3IIH6/LH244,10.292737
OHH1_2022,DK78010/LH244,9.770985
OHH1_2022,GEMN-0096/LH244,10.498638
OHH1_2022,GEMN-0096_LH212HT_0001/LH244,10.690888
OHH1_2022,GEMN-0096_LH212HT_0002/LH244,10.989549
OHH1_2022,GEMN-0096_LH212HT_0003/LH244,10.873871
OHH1_2022,GEMN-0096_LH212HT_0004/LH244,10.998817
OHH1_2022,GEMN-0096_LH212HT_0005/LH244,10.972105
OHH1_2022,GEMN-0096_LH212HT_0006/LH244,10.995902
OHH1_2022,GEMN-0096_LH212HT_0009/LH244,10.977683
OHH1_2022,GEMN-0096_LH212HT_0010/LH244,10.909655
OHH1_2022,GEMN-0096_LH212HT_0012/LH244,10.73812
OHH1_2022,GEMN-0096_LH212HT_0013/LH244,10.893226
OHH1_2022,GEMN-0096_LH212HT_0017/LH244,10.952972
OHH1_2022,GEMN-0096_LH212HT_0020/LH244,10.686542
OHH1_2022,GEMN-0096_LH212HT_0021/LH244,10.898591
OHH1_2022,GEMN-0096_PHJ89_0001/LH244,10.859603
OHH1_2022,GEMN-0096_PHJ89_0002/LH244,10.446262
OHH1_2022,GEMN-0096_PHJ89_0006/LH244,10.741143
OHH1_2022,GEMN-0096_PHJ89_0007/LH244,10.646733
OHH1_2022,GEMN-0096_PHJ89_0009/LH244,10.497086
OHH1_2022,GEMN-0096_PHJ89_0010/LH244,10.677567
OHH1_2022,GEMN-0096_PHJ89_0011/LH244,10.661939
OHH1_2022,GEMN-0096_PHJ89_0012/LH244,10.457864
OHH1_2022,GEMN-0096_PHJ89_0013/LH244,10.565182
OHH1_2022,GEMN-0096_PHJ89_0014/LH244,10.799212
OHH1_2022,GEMN-0096_PHJ89_0016/LH244,10.4740095
OHH1_2022,GEMN-0096_PHJ89_0017/LH244,10.701305
OHH1_2022,GEMN-0096_PHK76_0001/LH244,10.931676
OHH1_2022,GEMN-0096_PHK76_0002/LH244,10.959406
OHH1_2022,GEMN-0096_PHK76_0003/LH244,10.922777
OHH1_2022,GEMN-0096_PHK76_0004/LH244,10.837479
OHH1_2022,GEMN-0096_PHK76_0006/LH244,10.967783
OHH1_2022,GEMN-0096_PHK76_0007/LH244,10.897529
OHH1_2022,GEMN-0096_PHK76_0008/LH244,10.986432
OHH1_2022,GEMN-0096_PHK76_0009/LH244,10.938129
OHH1_2022,GEMN-0096_PHK76_0010/LH244,10.930732
OHH1_2022,GEMN-0096_PHK76_0013/LH244,10.886057
OHH1_2022,GEMN-0096_PHK76_0015/LH244,10.940611
OHH1_2022,GEMN-0096_PHK76_0016/LH244,10.796069
OHH1_2022,GEMN-0096_PHN46_0001/LH244,10.439099
OHH1_2022,GEMN-0096_PHN46_0002/LH244,10.229679
OHH1_2022,GEMN-0096_PHN46_0003/LH244,10.454237
OHH1_2022,GEMN-0096_PHN46_0004/LH244,10.432012
OHH1_2022,GEMN-0096_PHN46_0005/LH244,10.885286
OHH1_2022,GEMN-0096_PHN46_0007/LH244,10.65125
OHH1_2022,GEMN-0096_PHN46_0008/LH244,10.651475
OHH1_2022,GEMN-0096_PHN46_0009/LH244,10.830538
OHH1_2022,GEMN-0096_PHN46_0010/LH244,10.906425
OHH1_2022,GEMN-0096_PHN46_0011/LH244,10.396858
OHH1_2022,GEMN-0096_PHN46_0012/LH244,10.597818
OHH1_2022,GEMN-0096_PHN46_0013/LH244,10.468768
OHH1_2022,GEMN-0096_PHN46_0014/LH244,10.234355
OHH1_2022,GEMN-0096_PHN46_0018/LH244,10.811902
OHH1_2022,GEMN-0096_PHN46_0020/LH244,10.751386
OHH1_2022,GEMN-0096_PHN46_0023/LH244,10.1509495
OHH1_2022,GEMN-0096_PHP02_0001/LH244,10.667355
OHH1_2022,GEMN-0096_PHP02_0002/LH244,10.376529
OHH1_2022,GEMN-0096_PHP02_0003/LH244,10.277818
OHH1_2022,GEMN-0096_PHP02_0005/LH244,10.9333515
OHH1_2022,GEMN-0096_PHP02_0006/LH244,10.841964
OHH1_2022,GEMN-0096_PHP02_0007/LH244,10.494809
OHH1_2022,GEMN-0096_PHP02_0009/LH244,10.650413
OHH1_2022,GEMN-0096_PHP02_0011/LH244,10.862355
OHH1_2022,GEMN-0096_PHP02_0012/LH244,10.76599
OHH1_2022,GEMN-0096_PHP02_0015/LH244,10.359847
OHH1_2022,GEMN-0096_PHP02_0016/LH244,10.700185
OHH1_2022,GEMN-0096_PHP02_0017/LH244,10.373447
OHH1_2022,GEMN-0096_PHP02_0025/LH244,10.621057
OHH1_2022,GEMN-0096_PHP02_0030/LH244,10.716303
OHH1_2022,GEMN-0097/LH244,10.911949
OHH1_2022,GEMN-0097_LH212HT_0002/LH244,10.956017
OHH1_2022,GEMN-0097_LH212HT_0004/LH244,10.973082
OHH1_2022,GEMN-0097_LH212HT_0019/LH244,11.025391
OHH1_2022,GEMN-0097_LH212HT_0020/LH244,10.998414
OHH1_2022,GEMN-0097_LH212HT_0026/LH244,10.826344
OHH1_2022,GEMN-0097_LH212HT_0032/LH244,10.982469
OHH1_2022,GEMN-0097_LH212HT_0039/LH244,10.972301
OHH1_2022,GEMN-0097_LH212HT_0047/LH244,11.015648
OHH1_2022,GEMN-0097_LH212HT_0051/LH244,10.995928
OHH1_2022,GEMN-0097_LH212HT_0054/LH244,10.928276
OHH1_2022,GEMN-0097_LH212HT_0058/LH244,10.903182
OHH1_2022,GEMN-0097_LH212HT_0061/LH244,10.980213
OHH1_2022,GEMN-0097_LH212HT_0062/LH244,10.955391
OHH1_2022,GEMN-0097_LH212HT_0069/LH244,10.975811
OHH1_2022,GEMN-0097_LH212HT_0074/LH244,10.894421
OHH1_2022,GEMN-0097_LH212HT_0085/LH244,10.97979
OHH1_2022,GEMN-0097_PHJ89_0001/LH244,10.445081
OHH1_2022,GEMN-0097_PHJ89_0002/LH244,10.899911
OHH1_2022,GEMN-0097_PHJ89_0003/LH244,10.467386
OHH1_2022,GEMN-0097_PHJ89_0005/LH244,10.638442
OHH1_2022,GEMN-0097_PHJ89_0006/LH244,10.777951
OHH1_2022,GEMN-0097_PHJ89_0007/LH244,10.69034
OHH1_2022,GEMN-0097_PHJ89_0008/LH244,10.46823
OHH1_2022,GEMN-0097_PHJ89_0010/LH244,10.819671
OHH1_2022,GEMN-0097_PHJ89_0011/LH244,10.520246
OHH1_2022,GEMN-0097_PHJ89_0012/LH244,10.623609
OHH1_2022,GEMN-0097_PHJ89_0013/LH244,10.933031
OHH1_2022,GEMN-0097_PHJ89_0016/LH244,10.713908
OHH1_2022,GEMN-0097_PHJ89_0020/LH244,10.900278
OHH1_2022,GEMN-0097_PHJ89_0023/LH244,10.644931
OHH1_2022,GEMN-0097_PHJ89_0025/LH244,10.95789
OHH1_2022,GEMN-0097_PHJ89_0026/LH244,10.7885275
OHH1_2022,GEMN-0097_PHJ89_0027/LH244,10.782368
OHH1_2022,GEMN-0097_PHJ89_0028/LH244,10.701453
OHH1_2022,GEMN-0097_PHJ89_0029/LH244,10.697468
OHH1_2022,GEMN-0097_PHJ89_0036/LH244,10.835481
OHH1_2022,GEMN-0097_PHJ89_0039/LH244,10.670277
OHH1_2022,GEMN-0097_PHK76_0003/LH244,10.4762535
OHH1_2022,GEMN-0097_PHK76_0007/LH244,10.772744
OHH1_2022,GEMN-0097_PHK76_0009/LH244,10.6664915
OHH1_2022,GEMN-0097_PHK76_0011/LH244,11.002526
OHH1_2022,GEMN-0097_PHK76_0014/LH244,10.780695
OHH1_2022,GEMN-0097_PHK76_0015/LH244,10.901339
OHH1_2022,GEMN-0097_PHK76_0018/LH244,10.807134
OHH1_2022,GEMN-0097_PHK76_0021/LH244,10.466277
OHH1_2022,GEMN-0097_PHK76_0036/LH244,10.706308
OHH1_2022,GEMN-0097_PHK76_0037/LH244,11.0250025
OHH1_2022,GEMN-0097_PHK76_0038/LH244,10.931065
OHH1_2022,GEMN-0097_PHK76_0039/LH244,10.276549
OHH1_2022,GEMN-0097_PHK76_0041/LH244,10.94475
OHH1_2022,GEMN-0097_PHK76_0048/LH244,10.943435
OHH1_2022,GEMN-0097_PHK76_0053/LH244,10.583264
OHH1_2022,GEMN-0097_PHK76_0055/LH244,10.941157
OHH1_2022,GEMN-0097_PHK76_0060/LH244,10.950493
OHH1_2022,GEMN-0097_PHN46_0001/LH244,10.850858
OHH1_2022,GEMN-0097_PHN46_0003/LH244,10.623684
OHH1_2022,GEMN-0097_PHN46_0004/LH244,10.663452
OHH1_2022,GEMN-0097_PHN46_0005/LH244,10.455588
OHH1_2022,GEMN-0097_PHN46_0007/LH244,10.69312
OHH1_2022,GEMN-0097_PHN46_0008/LH244,10.582508
OHH1_2022,GEMN-0097_PHN46_0011/LH244,10.738777
OHH1_2022,GEMN-0097_PHN46_0013/LH244,10.913991
OHH1_2022,GEMN-0097_PHN46_0014/LH244,10.565218
OHH1_2022,GEMN-0097_PHN46_0016/LH244,10.555096
OHH1_2022,GEMN-0097_PHN46_0018/LH244,10.626474
OHH1_2022,GEMN-0097_PHP02_0001/LH244,10.723585
OHH1_2022,GEMN-0097_PHP02_0002/LH244,10.221869
OHH1_2022,GEMN-0097_PHP02_0003/LH244,10.655319
OHH1_2022,GEMN-0097_PHP02_0005/LH244,10.868397
OHH1_2022,GEMN-0097_PHP02_0006/LH244,10.7446995
OHH1_2022,GEMN-0097_PHP02_0007/LH244,10.226575
OHH1_2022,GEMN-0098/LH244,10.912847
OHH1_2022,GEMN-0104/LH244,10.9864435
OHH1_2022,GEMN-0124/LH244,10.791831
OHH1_2022,GEMN-0144/LH244,10.423942
OHH1_2022,GEMN-0157/LH244,10.612928
OHH1_2022,GEMN-0177/LH244,10.948569
OHH1_2022,GEMN-0178/LH244,10.959324
OHH1_2022,GEMN-0187/LH244,10.787134
OHH1_2022,GEMN-0192/LH244,10.537756
OHH1_2022,GEMN-0192_LH212HT_0001/LH244,10.926362
OHH1_2022,GEMN-0192_LH212HT_0006/LH244,10.584415
OHH1_2022,GEMN-0192_LH212HT_0008/LH244,10.800095
OHH1_2022,GEMN-0192_LH212HT_0010/LH244,10.48215
OHH1_2022,GEMN-0192_LH212HT_0011/LH244,10.378737
OHH1_2022,GEMN-0192_LH212HT_0012/LH244,10.484873
OHH1_2022,GEMN-0192_LH212HT_0013/LH244,10.655698
OHH1_2022,GEMN-0192_LH212HT_0014/LH244,10.815797
OHH1_2022,GEMN-0192_LH212HT_0015/LH244,10.606595
OHH1_2022,GEMN-0192_LH212HT_0018/LH244,11.011421
OHH1_2022,GEMN-0192_LH212HT_0021/LH244,10.914114
OHH1_2022,GEMN-0192_LH212HT_0023/LH244,10.963265
OHH1_2022,GEMN-0192_PHJ89_0001/LH244,10.753726
OHH1_2022,GEMN-0192_PHJ89_0002/LH244,10.714706
OHH1_2022,GEMN-0192_PHK76_0002/LH244,10.964355
OHH1_2022,GEMN-0192_PHK76_0004/LH244,10.87771
OHH1_2022,GEMN-0192_PHK76_0005/LH244,10.6834135
OHH1_2022,GEMN-0192_PHK76_0006/LH244,10.864833
OHH1_2022,GEMN-0192_PHK76_0007/LH244,10.634763
OHH1_2022,GEMN-0192_PHK76_0008/LH244,10.7275915
OHH1_2022,GEMN-0192_PHK76_0009/LH244,10.785178
OHH1_2022,GEMN-0192_PHK76_0010/LH244,10.808065
OHH1_2022,GEMN-0192_PHK76_0011/LH244,10.818112
OHH1_2022,GEMN-0192_PHK76_0012/LH244,10.750856
OHH1_2022,GEMN-0192_PHK76_0013/LH244,10.731605
OHH1_2022,GEMN-0192_PHK76_0014/LH244,10.899154
OHH1_2022,GEMN-0192_PHK76_0015/LH244,10.99483
OHH1_2022,GEMN-0192_PHK76_0016/LH244,10.781362
OHH1_2022,GEMN-0192_PHK76_0017/LH244,10.455927
OHH1_2022,GEMN-0192_PHK76_0019/LH244,10.859463
OHH1_2022,GEMN-0192_PHK76_0021/LH244,10.528478
OHH1_2022,GEMN-0192_PHK76_0025/LH244,10.560497
OHH1_2022,GEMN-0192_PHK76_0027/LH244,10.827041
OHH1_2022,GEMN-0192_PHK76_0028/LH244,10.875065
OHH1_2022,GEMN-0192_PHK76_0030/LH244,10.895468
OHH1_2022,GEMN-0192_PHK76_0032/LH244,10.691966
OHH1_2022,GEMN-0192_PHK76_0033/LH244,10.925821
OHH1_2022,GEMN-0192_PHK76_0035/LH244,10.487461
OHH1_2022,GEMN-0192_PHK76_0036/LH244,10.568166
OHH1_2022,GEMN-0192_PHK76_0037/LH244,11.024313
OHH1_2022,GEMN-0192_PHK76_0041/LH244,10.955945
OHH1_2022,GEMN-0192_PHK76_0044/LH244,10.789776
OHH1_2022,GEMN-0192_PHK76_0045/LH244,10.591534
OHH1_2022,GEMN-0192_PHN46_0001/LH244,10.385196
OHH1_2022,GEMN-0192_PHN46_0002/LH244,10.660976
OHH1_2022,GEMN-0192_PHN46_0003/LH244,10.590279
OHH1_2022,GEMN-0192_PHN46_0004/LH244,10.570875
OHH1_2022,GEMN-0192_PHN46_0005/LH244,10.114397
OHH1_2022,GEMN-0192_PHN46_0006/LH244,10.868916
OHH1_2022,GEMN-0192_PHN46_0008/LH244,10.750617
OHH1_2022,GEMN-0192_PHN46_0009/LH244,10.771059
OHH1_2022,GEMN-0192_PHN46_0010/LH244,10.500564
OHH1_2022,GEMN-0192_PHN46_0011/LH244,10.681403
OHH1_2022,GEMN-0192_PHN46_0012/LH244,10.316286
OHH1_2022,GEMN-0192_PHN46_0014/LH244,10.153286
OHH1_2022,GEMN-0192_PHN46_0015/LH244,10.849753
OHH1_2022,GEMN-0192_PHN46_0017/LH244,10.416971
OHH1_2022,GEMN-0192_PHN46_0018/LH244,10.655493
OHH1_2022,GEMN-0192_PHN46_0019/LH244,10.629496
OHH1_2022,GEMN-0192_PHN46_0020/LH244,10.613832
OHH1_2022,GEMN-0192_PHN46_0025/LH244,10.186191
OHH1_2022,GEMN-0192_PHP02_0001/LH244,10.677841
OHH1_2022,GEMN-0192_PHP02_0003/LH244,10.731791
OHH1_2022,GEMN-0225/LH244,10.962372
OHH1_2022,GEMN-0225_LH212HT_0002/LH244,10.977497
OHH1_2022,GEMN-0225_LH212HT_0003/LH244,11.040509
OHH1_2022,GEMN-0225_LH212HT_0005/LH244,11.030094
OHH1_2022,GEMN-0225_LH212HT_0006/LH244,11.023032
OHH1_2022,GEMN-0225_LH212HT_0008/LH244,10.908576
OHH1_2022,GEMN-0225_LH212HT_0015/LH244,11.009874
OHH1_2022,GEMN-0225_LH212HT_0017/LH244,10.933807
OHH1_2022,GEMN-0225_LH212HT_0024/LH244,10.776508
OHH1_2022,GEMN-0225_LH212HT_0025/LH244,11.010572
OHH1_2022,GEMN-0225_LH212HT_0028/LH244,10.985497
OHH1_2022,GEMN-0225_LH212HT_0029/LH244,11.024372
OHH1_2022,GEMN-0225_LH212HT_0033/LH244,11.01608
OHH1_2022,GEMN-0225_LH212HT_0036/LH244,11.005172
OHH1_2022,GEMN-0225_LH212HT_0040/LH244,11.018359
OHH1_2022,GEMN-0225_LH212HT_0043/LH244,10.432216
OHH1_2022,GEMN-0225_PHJ89_0001/LH244,10.8034725
OHH1_2022,GEMN-0225_PHJ89_0002/LH244,10.973018
OHH1_2022,GEMN-0225_PHJ89_0003/LH244,10.793735
OHH1_2022,GEMN-0225_PHJ89_0004/LH244,10.836459
OHH1_2022,GEMN-0225_PHJ89_0005/LH244,10.8224125
OHH1_2022,GEMN-0225_PHJ89_0006/LH244,10.830809
OHH1_2022,GEMN-0225_PHJ89_0008/LH244,10.799329
OHH1_2022,GEMN-0225_PHJ89_0009/LH244,10.652907
OHH1_2022,GEMN-0225_PHJ89_0013/LH244,10.975144
OHH1_2022,GEMN-0225_PHJ89_0014/LH244,10.914534
OHH1_2022,GEMN-0225_PHJ89_0015/LH244,10.795547
OHH1_2022,GEMN-0225_PHJ89_0016/LH244,10.7547455
OHH1_2022,GEMN-0225_PHJ89_0017/LH244,10.543229
OHH1_2022,GEMN-0225_PHJ89_0018/LH244,10.82218
OHH1_2022,GEMN-0225_PHJ89_0020/LH244,10.993789
OHH1_2022,GEMN-0225_PHJ89_0021/LH244,10.865134
OHH1_2022,GEMN-0225_PHJ89_0022/LH244,10.706074
OHH1_2022,GEMN-0225_PHJ89_0026/LH244,10.446075
OHH1_2022,GEMN-0225_PHJ89_0032/LH244,10.913588
OHH1_2022,GEMN-0225_PHK76_0001/LH244,10.8809805
OHH1_2022,GEMN-0225_PHK76_0002/LH244,10.952559
OHH1_2022,GEMN-0225_PHK76_0003/LH244,11.013645
OHH1_2022,GEMN-0225_PHK76_0004/LH244,11.050895
OHH1_2022,GEMN-0225_PHK76_0005/LH244,10.836831
OHH1_2022,GEMN-0225_PHK76_0007/LH244,11.036633
OHH1_2022,GEMN-0225_PHK76_0008/LH244,11.04038
OHH1_2022,GEMN-0225_PHK76_0010/LH244,11.019876
OHH1_2022,GEMN-0225_PHK76_0012/LH244,10.994618
OHH1_2022,GEMN-0225_PHK76_0013/LH244,10.970197
OHH1_2022,GEMN-0225_PHK76_0014/LH244,11.008116
OHH1_2022,GEMN-0225_PHK76_0018/LH244,11.026258
OHH1_2022,GEMN-0225_PHK76_0019/LH244,10.895598
OHH1_2022,GEMN-0225_PHK76_0021/LH244,10.970499
OHH1_2022,GEMN-0225_PHK76_0022/LH244,10.785655
OHH1_2022,GEMN-0225_PHK76_0027/LH244,10.956746
OHH1_2022,GEMN-0225_PHK76_0028/LH244,10.997906
OHH1_2022,GEMN-0225_PHK76_0031/LH244,10.578761
OHH1_2022,GEMN-0225_PHK76_0032/LH244,10.994454
OHH1_2022,GEMN-0225_PHN46_0001/LH244,10.995383
OHH1_2022,GEMN-0225_PHN46_0003/LH244,10.937674
OHH1_2022,GEMN-0225_PHN46_0004/LH244,10.73111
OHH1_2022,GEMN-0225_PHN46_0005/LH244,10.39254
OHH1_2022,GEMN-0225_PHN46_0006/LH244,10.833325
OHH1_2022,GEMN-0225_PHN46_0009/LH244,10.919494
OHH1_2022,GEMN-0225_PHN46_0021/LH244,10.892491
OHH1_2022,GEMN-0225_PHP02_0001/LH244,10.8639345
OHH1_2022,GEMN-0225_PHP02_0002/LH244,10.853422
OHH1_2022,GEMN-0225_PHP02_0003/LH244,10.781112
OHH1_2022,GEMN-0225_PHP02_0005/LH244,10.557355
OHH1_2022,GEMN-0225_PHP02_0006/LH244,10.869283
OHH1_2022,GEMN-0225_PHP02_0008/LH244,10.560499
OHH1_2022,GEMN-0225_PHP02_0009/LH244,10.927026
OHH1_2022,GEMN-0225_PHP02_0010/LH244,10.639675
OHH1_2022,GEMN-0225_PHP02_0012/LH244,10.650089
OHH1_2022,GEMN-0225_PHP02_0013/LH244,10.849855
OHH1_2022,GEMN-0225_PHP02_0014/LH244,10.785594
OHH1_2022,GEMN-0225_PHP02_0015/LH244,10.732543
OHH1_2022,GEMN-0225_PHP02_0017/LH244,10.570985
OHH1_2022,GEMN-0232/LH244,10.920176
OHH1_2022,GEMN-0238/LH244,10.996924
OHH1_2022,GEMN-0257/LH244,10.813221
OHH1_2022,GEMN-0270/LH244,10.10713
OHH1_2022,GEMN-0271/LH244,10.046069
OHH1_2022,GEMN-0287/LH244,10.971291
OHH1_2022,LH185/LH244,10.925097
OHH1_2022,LH195/PHZ51,9.468382
OHH1_2022,LH212HT/LH244,10.980176
OHH1_2022,LH213/LH244,10.852335
OHH1_2022,LH216/LH244,10.849211
OHH1_2022,LH244/PHK76,10.981349
OHH1_2022,LH244/PHZ51,10.289013
OHH1_2022,LH283/LH244,9.773293
OHH1_2022,LH287/LH244,10.978208
OHH1_2022,LH82/LH244,9.677612
OHH1_2022,M162W/LH244,9.393479
OHH1_2022,MBUB/LH244,10.546402
OHH1_2022,MM501D/LH244,10.939739
OHH1_2022,MO17_PHW30-008-(2N)-01/LH244,10.92094
OHH1_2022,MO17_PHW30-200-(2N)-02/LH244,11.023388
OHH1_2022,MO17_PHW30-309-(2N)-01/LH244,10.957829
OHH1_2022,MO44/LH244,10.876347
OHH1_2022,MO44_LH145_0127/LH244,10.560445
OHH1_2022,MO44_LH145_0138/LH244,10.214405
OHH1_2022,MO44_PHG47_0072/LH244,9.936741
OHH1_2022,MO44_PHG47_0125/LH244,10.905247
OHH1_2022,MO44_PHW65_0025/LH244,11.004406
OHH1_2022,MO44_PHW65_0035/LH244,11.000069
OHH1_2022,MOG/LH244,10.599169
OHH1_2022,MS71/LH244,10.242288
OHH1_2022,NC358/LH244,10.412907
OHH1_2022,NC366/LH244,10.046189
OHH1_2022,NC378/LH244,10.3247795
OHH1_2022,NC386/LH244,10.9003725
OHH1_2022,NC388/LH244,10.6271305
OHH1_2022,NC398/LH244,10.036983
OHH1_2022,NC426/LH244,10.477476
OHH1_2022,NC428/LH244,10.640988
OHH1_2022,NC438/LH244,10.1726675
OHH1_2022,NC454/LH244,10.339509
OHH1_2022,NC528/LH244,10.254138
OHH1_2022,NC542/LH244,9.97012
OHH1_2022,NC546/LH244,10.516289
OHH1_2022,NC548/LH244,9.9419365
OHH1_2022,NKH8431/LH244,10.545596
OHH1_2022,OH43/LH244,10.47389
OHH1_2022,PH207/LH244,10.662746
OHH1_2022,PH24E/LH244,11.043872
OHH1_2022,PHAP9/LH244,11.008343
OHH1_2022,PHB47/LH244,9.034402
OHH1_2022,PHB47/PHN82,10.849199
OHH1_2022,PHB47/PHZ51,9.312746
OHH1_2022,PHG29/PHG47,9.196867
OHH1_2022,PHG39/PHN82,10.90986
OHH1_2022,PHG47/LH244,10.5682955
OHH1_2022,PHJ40/PHAJ0,8.02758
OHH1_2022,PHJ89/LH244,10.69237
OHH1_2022,PHJ90/LH244,10.991763
OHH1_2022,PHK56/LH244,11.01428
OHH1_2022,PHKE6/LH244,10.679427
OHH1_2022,PHN11/LH244,11.027458
OHH1_2022,PHN11_LH145_0005/LH244,9.263426
OHH1_2022,PHN11_LH145_0028/LH244,9.665846
OHH1_2022,PHN11_LH145_0085/LH244,9.446138
OHH1_2022,PHN11_OH43_0001/LH244,10.428012
OHH1_2022,PHN11_OH43_0075/LH244,10.242726
OHH1_2022,PHN11_OH43_0088/LH244,10.726224
OHH1_2022,PHN11_PHG47_0251/LH244,10.64734
OHH1_2022,PHN11_PHG47_0287/LH244,10.164411
OHH1_2022,PHN11_PHW65_0312/LH244,11.023885
OHH1_2022,PHN11_PHW65_0323/LH244,11.024227
OHH1_2022,PHN11_PHW65_0359/LH244,11.009832
OHH1_2022,PHN46/LH244,10.1494055
OHH1_2022,PHP02/LH244,11.052951
OHH1_2022,PHP55/LH244,10.83402
OHH1_2022,PHR03/LH244,10.989777
OHH1_2022,PHRE1/PHTD5,8.972594
OHH1_2022,PHW30/LH244,10.823622
OHH1_2022,PHW30_MO17-010-(2N)-01/LH244,10.666435
OHH1_2022,PHW30_MO17-032-(2N)-01/LH244,10.141795
OHH1_2022,PHW30_MO17-095-(2N)-01/LH244,10.894972
OHH1_2022,PHW30_MO17-129-(2N)-01/LH244,10.711401
OHH1_2022,PHW30_MO17-178-(2N)-01/LH244,10.998835
OHH1_2022,PHW30_MO17-234-(2N)-02/LH244,11.018173
OHH1_2022,PHW30_MO17-299-(2N)-01/LH244,10.890408
OHH1_2022,PHW52/PHM49,10.851829
OHH1_2022,PHW65_MOG_0137/LH244,10.921679
OHH1_2022,PHW65_MOG_0176/LH244,10.905777
OHH1_2022,PHW65_MOG_0271/LH244,10.967131
OHH1_2022,TX777/LH195,9.70729
OHH1_2022,TX779/LH195,10.31194
OHH1_2022,W10001_0003/LH244,9.5231
OHH1_2022,W10001_0007/LH244,9.865862
OHH1_2022,W10001_0009/LH244,9.227551
OHH1_2022,W10001_0010/LH244,10.379291
OHH1_2022,W10001_0012/LH244,9.253189
OHH1_2022,W10001_0013/LH244,10.15425
OHH1_2022,W10001_0014/LH244,9.439188
OHH1_2022,W10001_0016/LH244,9.833767
OHH1_2022,W10001_0017/LH244,10.0254
OHH1_2022,W10001_0019/LH244,9.403749
OHH1_2022,W10001_0021/LH244,8.951927
OHH1_2022,W10001_0022/LH244,10.141734
OHH1_2022,W10001_0023/LH244,10.361624
OHH1_2022,W10001_0030/LH244,10.49198
OHH1_2022,W10001_0031/LH244,9.972055
OHH1_2022,W10001_0033/LH244,10.989777
OHH1_2022,W10001_0040/LH244,9.484125
OHH1_2022,W10001_0047/LH244,9.965711
OHH1_2022,W10002_0002/LH244,10.087005
OHH1_2022,W10005_0029/LH244,10.952658
OHH1_2022,W10005_0107/LH244,10.570212
OHH1_2022,W10005_0111/LH244,9.755495
OHH1_2022,W10005_0147/LH244,10.772036
OHH1_2022,W10005_0220/LH244,11.011046
OHH1_2022,W10010_0084/LH244,10.500728
OHH1_2022,W10010_0093/LH244,10.642313
OHH1_2022,W10010_0101/LH244,11.041309
OHH1_2022,W10010_0118/LH244,10.886491
OHH1_2022,W10010_0124/LH244,10.704023
OHH1_2022,W10010_0148/LH244,10.749532
OHH1_2022,W10010_0170/LH244,10.547633
OHH1_2022,W10010_0188/LH244,10.790003
OHH1_2022,W10010_0189/LH244,10.970985
OHH1_2022,W10010_0279/LH244,10.961715
OHH1_2022,W10010_0294/LH244,10.97125
OHH1_2022,W10010_0311/LH244,10.949513
OHH1_2022,W10010_0337/LH244,10.991635
OHH1_2022,W10010_0346/LH244,10.97591
OHH1_2022,W10010_0358/LH244,10.829905
OHH1_2022,W10010_0381/LH244,10.995458
OHH1_2022,W10010_0452/LH244,10.773899
OHH1_2022,W10010_0464/LH244,10.64785
SCH1_2022,B14A/H95,6.8126087
SCH1_2022,B14A/MO17,6.7342463
SCH1_2022,B14A/OH43,6.813748
SCH1_2022,B37/H95,6.726065
SCH1_2022,B37/MO17,6.9951105
SCH1_2022,B37/OH43,6.8466525
SCH1_2022,B73/MO17,7.638487
SCH1_2022,B73/PHK76,7.4222355
SCH1_2022,B73/PHM49,7.7631364
SCH1_2022,B73/PHN82,7.8117027
SCH1_2022,B73/PHZ51,6.9089723
SCH1_2022,B73/TX779,6.6892037
SCH1_2022,B97/LH244,7.1721582
SCH1_2022,BGEM-0039-N/LH244,6.8221097
SCH1_2022,BGEM-0063-N/LH244,6.7143774
SCH1_2022,BGEM-0089-N/LH244,6.986031
SCH1_2022,BGEM-0124-N/LH244,6.6601624
SCH1_2022,BGEM-0129-N/LH244,6.840167
SCH1_2022,CG119/CG108,5.554467
SCH1_2022,CG44/CGR01,6.306699
SCH1_2022,DK3IIH6/LH244,7.084491
SCH1_2022,DK78010/LH244,6.8204494
SCH1_2022,F42/H95,7.203423
SCH1_2022,F42/MO17,7.621722
SCH1_2022,F42/OH43,7.14137
SCH1_2022,GEMN-0096/LH244,7.2550154
SCH1_2022,GEMN-0096_LH212HT_0001/LH244,7.460135
SCH1_2022,GEMN-0096_LH212HT_0004/LH244,7.8014226
SCH1_2022,GEMN-0096_LH212HT_0005/LH244,7.7753177
SCH1_2022,GEMN-0096_LH212HT_0006/LH244,7.790894
SCH1_2022,GEMN-0096_LH212HT_0009/LH244,7.778858
SCH1_2022,GEMN-0096_LH212HT_0010/LH244,7.7352433
SCH1_2022,GEMN-0096_LH212HT_0011/LH244,7.4455853
SCH1_2022,GEMN-0096_LH212HT_0012/LH244,7.4867783
SCH1_2022,GEMN-0096_LH212HT_0013/LH244,7.688035
SCH1_2022,GEMN-0096_LH212HT_0017/LH244,7.757579
SCH1_2022,GEMN-0096_LH212HT_0021/LH244,7.6809506
SCH1_2022,GEMN-0096_PHJ89_0001/LH244,7.678672
SCH1_2022,GEMN-0096_PHJ89_0002/LH244,7.2015114
SCH1_2022,GEMN-0096_PHJ89_0006/LH244,7.5182376
SCH1_2022,GEMN-0096_PHJ89_0007/LH244,7.409619
SCH1_2022,GEMN-0096_PHJ89_0009/LH244,7.2557206
SCH1_2022,GEMN-0096_PHJ89_0010/LH244,7.4377685
SCH1_2022,GEMN-0096_PHJ89_0011/LH244,7.4036474
SCH1_2022,GEMN-0096_PHJ89_0012/LH244,7.2173023
SCH1_2022,GEMN-0096_PHJ89_0013/LH244,7.310655
SCH1_2022,GEMN-0096_PHJ89_0014/LH244,7.5906405
SCH1_2022,GEMN-0096_PHJ89_0016/LH244,7.214515
SCH1_2022,GEMN-0096_PHJ89_0017/LH244,7.4555087
SCH1_2022,GEMN-0096_PHK76_0001/LH244,7.7225847
SCH1_2022,GEMN-0096_PHK76_0002/LH244,7.741587
SCH1_2022,GEMN-0096_PHK76_0003/LH244,7.6818595
SCH1_2022,GEMN-0096_PHK76_0004/LH244,7.589414
SCH1_2022,GEMN-0096_PHK76_0006/LH244,7.7619863
SCH1_2022,GEMN-0096_PHK76_0007/LH244,7.6637907
SCH1_2022,GEMN-0096_PHK76_0008/LH244,7.7887936
SCH1_2022,GEMN-0096_PHK76_0009/LH244,7.7241125
SCH1_2022,GEMN-0096_PHK76_0010/LH244,7.7287908
SCH1_2022,GEMN-0096_PHK76_0013/LH244,7.658494
SCH1_2022,GEMN-0096_PHK76_0015/LH244,7.740812
SCH1_2022,GEMN-0096_PHK76_0016/LH244,7.5450006
SCH1_2022,GEMN-0096_PHN46_0001/LH244,7.205454
SCH1_2022,GEMN-0096_PHN46_0002/LH244,7.0516267
SCH1_2022,GEMN-0096_PHN46_0003/LH244,7.1816335
SCH1_2022,GEMN-0096_PHN46_0004/LH244,7.201524
SCH1_2022,GEMN-0096_PHN46_0005/LH244,7.7405915
SCH1_2022,GEMN-0096_PHN46_0007/LH244,7.3994646
SCH1_2022,GEMN-0096_PHN46_0009/LH244,7.634468
SCH1_2022,GEMN-0096_PHN46_0010/LH244,7.7139554
SCH1_2022,GEMN-0096_PHN46_0011/LH244,7.1691866
SCH1_2022,GEMN-0096_PHN46_0012/LH244,7.319334
SCH1_2022,GEMN-0096_PHN46_0013/LH244,7.2375317
SCH1_2022,GEMN-0096_PHN46_0014/LH244,7.048859
SCH1_2022,GEMN-0096_PHN46_0018/LH244,7.5917153
SCH1_2022,GEMN-0096_PHN46_0020/LH244,7.474013
SCH1_2022,GEMN-0096_PHN46_0023/LH244,6.9864087
SCH1_2022,GEMN-0096_PHP02_0001/LH244,7.401689
SCH1_2022,GEMN-0096_PHP02_0003/LH244,7.077909
SCH1_2022,GEMN-0096_PHP02_0005/LH244,7.7642303
SCH1_2022,GEMN-0096_PHP02_0006/LH244,7.605639
SCH1_2022,GEMN-0096_PHP02_0007/LH244,7.2441473
SCH1_2022,GEMN-0096_PHP02_0009/LH244,7.388681
SCH1_2022,GEMN-0096_PHP02_0010/LH244,7.750929
SCH1_2022,GEMN-0096_PHP02_0011/LH244,7.647072
SCH1_2022,GEMN-0096_PHP02_0012/LH244,7.540211
SCH1_2022,GEMN-0096_PHP02_0016/LH244,7.4637613
SCH1_2022,GEMN-0096_PHP02_0017/LH244,7.1394925
SCH1_2022,GEMN-0096_PHP02_0025/LH244,7.352507
SCH1_2022,GEMN-0096_PHP02_0030/LH244,7.4682555
SCH1_2022,GEMN-0097/LH244,7.757235
SCH1_2022,GEMN-0097_LH212HT_0002/LH244,7.777378
SCH1_2022,GEMN-0097_LH212HT_0004/LH244,7.8112435
SCH1_2022,GEMN-0097_LH212HT_0019/LH244,7.8208003
SCH1_2022,GEMN-0097_LH212HT_0020/LH244,7.801677
SCH1_2022,GEMN-0097_LH212HT_0023/LH244,7.805568
SCH1_2022,GEMN-0097_LH212HT_0026/LH244,7.565885
SCH1_2022,GEMN-0097_LH212HT_0032/LH244,7.7965274
SCH1_2022,GEMN-0097_LH212HT_0039/LH244,7.8004384
SCH1_2022,GEMN-0097_LH212HT_0047/LH244,7.8761997
SCH1_2022,GEMN-0097_LH212HT_0051/LH244,7.802789
SCH1_2022,GEMN-0097_LH212HT_0054/LH244,7.7662115
SCH1_2022,GEMN-0097_LH212HT_0058/LH244,7.7332606
SCH1_2022,GEMN-0097_LH212HT_0061/LH244,7.78182
SCH1_2022,GEMN-0097_LH212HT_0062/LH244,7.7988696
SCH1_2022,GEMN-0097_LH212HT_0069/LH244,7.801916
SCH1_2022,GEMN-0097_LH212HT_0074/LH244,7.667988
SCH1_2022,GEMN-0097_LH212HT_0085/LH244,7.8092504
SCH1_2022,GEMN-0097_LH212HT_0090/LH244,7.77575
SCH1_2022,GEMN-0097_PHJ89_0001/LH244,7.209065
SCH1_2022,GEMN-0097_PHJ89_0002/LH244,7.6693387
SCH1_2022,GEMN-0097_PHJ89_0003/LH244,7.2117906
SCH1_2022,GEMN-0097_PHJ89_0005/LH244,7.355763
SCH1_2022,GEMN-0097_PHJ89_0006/LH244,7.557207
SCH1_2022,GEMN-0097_PHJ89_0007/LH244,7.457654
SCH1_2022,GEMN-0097_PHJ89_0008/LH244,7.205059
SCH1_2022,GEMN-0097_PHJ89_0010/LH244,7.6349144
SCH1_2022,GEMN-0097_PHJ89_0011/LH244,7.2698817
SCH1_2022,GEMN-0097_PHJ89_0012/LH244,7.3438015
SCH1_2022,GEMN-0097_PHJ89_0013/LH244,7.774492
SCH1_2022,GEMN-0097_PHJ89_0016/LH244,7.499328
SCH1_2022,GEMN-0097_PHJ89_0020/LH244,7.7014256
SCH1_2022,GEMN-0097_PHJ89_0023/LH244,7.383936
SCH1_2022,GEMN-0097_PHJ89_0025/LH244,7.7792563
SCH1_2022,GEMN-0097_PHJ89_0026/LH244,7.5535464
SCH1_2022,GEMN-0097_PHJ89_0027/LH244,7.5338326
SCH1_2022,GEMN-0097_PHJ89_0028/LH244,7.4591727
SCH1_2022,GEMN-0097_PHJ89_0029/LH244,7.450224
SCH1_2022,GEMN-0097_PHJ89_0036/LH244,7.6316333
SCH1_2022,GEMN-0097_PHJ89_0039/LH244,7.4311748
SCH1_2022,GEMN-0097_PHK76_0002/LH244,7.793332
SCH1_2022,GEMN-0097_PHK76_0003/LH244,7.212159
SCH1_2022,GEMN-0097_PHK76_0007/LH244,7.5259166
SCH1_2022,GEMN-0097_PHK76_0009/LH244,7.390729
SCH1_2022,GEMN-0097_PHK76_0011/LH244,7.8340383
SCH1_2022,GEMN-0097_PHK76_0014/LH244,7.5349865
SCH1_2022,GEMN-0097_PHK76_0015/LH244,7.6934805
SCH1_2022,GEMN-0097_PHK76_0018/LH244,7.5584774
SCH1_2022,GEMN-0097_PHK76_0021/LH244,7.199935
SCH1_2022,GEMN-0097_PHK76_0036/LH244,7.435586
SCH1_2022,GEMN-0097_PHK76_0037/LH244,7.853392
SCH1_2022,GEMN-0097_PHK76_0038/LH244,7.7334867
SCH1_2022,GEMN-0097_PHK76_0039/LH244,7.1124864
SCH1_2022,GEMN-0097_PHK76_0041/LH244,7.751776
SCH1_2022,GEMN-0097_PHK76_0048/LH244,7.7237353
SCH1_2022,GEMN-0097_PHK76_0053/LH244,7.3016863
SCH1_2022,GEMN-0097_PHK76_0055/LH244,7.7718163
SCH1_2022,GEMN-0097_PHK76_0060/LH244,7.765993
SCH1_2022,GEMN-0097_PHN46_0001/LH244,7.657245
SCH1_2022,GEMN-0097_PHN46_0003/LH244,7.3363323
SCH1_2022,GEMN-0097_PHN46_0004/LH244,7.394314
SCH1_2022,GEMN-0097_PHN46_0005/LH244,7.1986256
SCH1_2022,GEMN-0097_PHN46_0007/LH244,7.4230523
SCH1_2022,GEMN-0097_PHN46_0008/LH244,7.317831
SCH1_2022,GEMN-0097_PHN46_0011/LH244,7.473566
SCH1_2022,GEMN-0097_PHN46_0013/LH244,7.763947
SCH1_2022,GEMN-0097_PHN46_0014/LH244,7.2916045
SCH1_2022,GEMN-0097_PHN46_0016/LH244,7.2692
SCH1_2022,GEMN-0097_PHN46_0018/LH244,7.3924727
SCH1_2022,GEMN-0097_PHP02_0001/LH244,7.4626923
SCH1_2022,GEMN-0097_PHP02_0002/LH244,7.042242
SCH1_2022,GEMN-0097_PHP02_0003/LH244,7.404329
SCH1_2022,GEMN-0097_PHP02_0005/LH244,7.653576
SCH1_2022,GEMN-0097_PHP02_0006/LH244,7.485564
SCH1_2022,GEMN-0097_PHP02_0007/LH244,7.045947
SCH1_2022,GEMN-0098/LH244,7.7092423
SCH1_2022,GEMN-0104/LH244,7.8546033
SCH1_2022,GEMN-0124/LH244,7.5392427
SCH1_2022,GEMN-0144/LH244,7.1852417
SCH1_2022,GEMN-0157/LH244,7.3657722
SCH1_2022,GEMN-0177/LH244,7.7953205
SCH1_2022,GEMN-0178/LH244,7.794438
SCH1_2022,GEMN-0187/LH244,7.5403066
SCH1_2022,GEMN-0192/LH244,7.295644
SCH1_2022,GEMN-0192_LH212HT_0001/LH244,7.696313
SCH1_2022,GEMN-0192_LH212HT_0006/LH244,7.3395686
SCH1_2022,GEMN-0192_LH212HT_0008/LH244,7.5428877
SCH1_2022,GEMN-0192_LH212HT_0010/LH244,7.2271256
SCH1_2022,GEMN-0192_LH212HT_0011/LH244,7.155924
SCH1_2022,GEMN-0192_LH212HT_0012/LH244,7.241039
SCH1_2022,GEMN-0192_LH212HT_0013/LH244,7.396464
SCH1_2022,GEMN-0192_LH212HT_0014/LH244,7.579116
SCH1_2022,GEMN-0192_LH212HT_0015/LH244,7.3676305
SCH1_2022,GEMN-0192_LH212HT_0018/LH244,7.7964015
SCH1_2022,GEMN-0192_LH212HT_0021/LH244,7.668338
SCH1_2022,GEMN-0192_LH212HT_0023/LH244,7.769514
SCH1_2022,GEMN-0192_PHJ89_0001/LH244,7.508581
SCH1_2022,GEMN-0192_PHJ89_0002/LH244,7.489805
SCH1_2022,GEMN-0192_PHK76_0002/LH244,7.768573
SCH1_2022,GEMN-0192_PHK76_0004/LH244,7.6428394
SCH1_2022,GEMN-0192_PHK76_0005/LH244,7.4163647
SCH1_2022,GEMN-0192_PHK76_0006/LH244,7.644241
SCH1_2022,GEMN-0192_PHK76_0007/LH244,7.3699226
SCH1_2022,GEMN-0192_PHK76_0008/LH244,7.474618
SCH1_2022,GEMN-0192_PHK76_0009/LH244,7.5232625
SCH1_2022,GEMN-0192_PHK76_0010/LH244,7.554625
SCH1_2022,GEMN-0192_PHK76_0011/LH244,7.594711
SCH1_2022,GEMN-0192_PHK76_0012/LH244,7.498672
SCH1_2022,GEMN-0192_PHK76_0013/LH244,7.4482417
SCH1_2022,GEMN-0192_PHK76_0014/LH244,7.726107
SCH1_2022,GEMN-0192_PHK76_0015/LH244,7.8098354
SCH1_2022,GEMN-0192_PHK76_0016/LH244,7.5457945
SCH1_2022,GEMN-0192_PHK76_0017/LH244,7.186088
SCH1_2022,GEMN-0192_PHK76_0019/LH244,7.635028
SCH1_2022,GEMN-0192_PHK76_0021/LH244,7.270457
SCH1_2022,GEMN-0192_PHK76_0025/LH244,7.301426
SCH1_2022,GEMN-0192_PHK76_0027/LH244,7.5872087
SCH1_2022,GEMN-0192_PHK76_0028/LH244,7.6503353
SCH1_2022,GEMN-0192_PHK76_0030/LH244,7.6557474
SCH1_2022,GEMN-0192_PHK76_0032/LH244,7.415866
SCH1_2022,GEMN-0192_PHK76_0033/LH244,7.7239857
SCH1_2022,GEMN-0192_PHK76_0035/LH244,7.2231917
SCH1_2022,GEMN-0192_PHK76_0036/LH244,7.3061676
SCH1_2022,GEMN-0192_PHK76_0037/LH244,7.8299522
SCH1_2022,GEMN-0192_PHK76_0041/LH244,7.7839823
SCH1_2022,GEMN-0192_PHK76_0044/LH244,7.5695066
SCH1_2022,GEMN-0192_PHK76_0045/LH244,7.3253183
SCH1_2022,GEMN-0192_PHN46_0001/LH244,7.143503
SCH1_2022,GEMN-0192_PHN46_0002/LH244,7.4375644
SCH1_2022,GEMN-0192_PHN46_0003/LH244,7.3051763
SCH1_2022,GEMN-0192_PHN46_0004/LH244,7.314181
SCH1_2022,GEMN-0192_PHN46_0005/LH244,6.9766107
SCH1_2022,GEMN-0192_PHN46_0006/LH244,7.6840744
SCH1_2022,GEMN-0192_PHN46_0008/LH244,7.532821
SCH1_2022,GEMN-0192_PHN46_0009/LH244,7.516952
SCH1_2022,GEMN-0192_PHN46_0010/LH244,7.2304955
SCH1_2022,GEMN-0192_PHN46_0011/LH244,7.417803
SCH1_2022,GEMN-0192_PHN46_0012/LH244,7.099735
SCH1_2022,GEMN-0192_PHN46_0014/LH244,6.982034
SCH1_2022,GEMN-0192_PHN46_0015/LH244,7.6842704
SCH1_2022,GEMN-0192_PHN46_0017/LH244,7.164601
SCH1_2022,GEMN-0192_PHN46_0018/LH244,7.4077506
SCH1_2022,GEMN-0192_PHN46_0020/LH244,7.367769
SCH1_2022,GEMN-0192_PHN46_0025/LH244,7.030934
SCH1_2022,GEMN-0192_PHP02_0001/LH244,7.401227
SCH1_2022,GEMN-0192_PHP02_0003/LH244,7.483197
SCH1_2022,GEMN-0225/LH244,7.782873
SCH1_2022,GEMN-0225_LH212HT_0002/LH244,7.8046556
SCH1_2022,GEMN-0225_LH212HT_0003/LH244,7.890159
SCH1_2022,GEMN-0225_LH212HT_0005/LH244,7.8218713
SCH1_2022,GEMN-0225_LH212HT_0006/LH244,7.862692
SCH1_2022,GEMN-0225_LH212HT_0008/LH244,7.6739388
SCH1_2022,GEMN-0225_LH212HT_0009/LH244,7.77072
SCH1_2022,GEMN-0225_LH212HT_0015/LH244,7.8227134
SCH1_2022,GEMN-0225_LH212HT_0017/LH244,7.705447
SCH1_2022,GEMN-0225_LH212HT_0024/LH244,7.5498977
SCH1_2022,GEMN-0225_LH212HT_0025/LH244,7.793894
SCH1_2022,GEMN-0225_LH212HT_0028/LH244,7.7752614
SCH1_2022,GEMN-0225_LH212HT_0029/LH244,7.8754935
SCH1_2022,GEMN-0225_LH212HT_0033/LH244,7.8159924
SCH1_2022,GEMN-0225_LH212HT_0036/LH244,7.825118
SCH1_2022,GEMN-0225_LH212HT_0040/LH244,7.814092
SCH1_2022,GEMN-0225_LH212HT_0043/LH244,7.228636
SCH1_2022,GEMN-0225_PHJ89_0001/LH244,7.5567627
SCH1_2022,GEMN-0225_PHJ89_0002/LH244,7.814345
SCH1_2022,GEMN-0225_PHJ89_0003/LH244,7.5538993
SCH1_2022,GEMN-0225_PHJ89_0004/LH244,7.6103787
SCH1_2022,GEMN-0225_PHJ89_0005/LH244,7.574559
SCH1_2022,GEMN-0225_PHJ89_0006/LH244,7.616094
SCH1_2022,GEMN-0225_PHJ89_0008/LH244,7.566961
SCH1_2022,GEMN-0225_PHJ89_0009/LH244,7.389539
SCH1_2022,GEMN-0225_PHJ89_0013/LH244,7.7761106
SCH1_2022,GEMN-0225_PHJ89_0014/LH244,7.6844172
SCH1_2022,GEMN-0225_PHJ89_0015/LH244,7.554406
SCH1_2022,GEMN-0225_PHJ89_0016/LH244,7.5538173
SCH1_2022,GEMN-0225_PHJ89_0017/LH244,7.2872977
SCH1_2022,GEMN-0225_PHJ89_0018/LH244,7.612101
SCH1_2022,GEMN-0225_PHJ89_0020/LH244,7.8074656
SCH1_2022,GEMN-0225_PHJ89_0021/LH244,7.680389
SCH1_2022,GEMN-0225_PHJ89_0022/LH244,7.4369955
SCH1_2022,GEMN-0225_PHJ89_0026/LH244,7.2148294
SCH1_2022,GEMN-0225_PHJ89_0027/LH244,7.7520423
SCH1_2022,GEMN-0225_PHJ89_0032/LH244,7.706894
SCH1_2022,GEMN-0225_PHK76_0002/LH244,7.7396812
SCH1_2022,GEMN-0225_PHK76_0003/LH244,7.808591
SCH1_2022,GEMN-0225_PHK76_0004/LH244,7.868726
SCH1_2022,GEMN-0225_PHK76_0005/LH244,7.6047606
SCH1_2022,GEMN-0225_PHK76_0007/LH244,7.855963
SCH1_2022,GEMN-0225_PHK76_0008/LH244,7.8358126
SCH1_2022,GEMN-0225_PHK76_0010/LH244,7.822929
SCH1_2022,GEMN-0225_PHK76_0012/LH244,7.8351345
SCH1_2022,GEMN-0225_PHK76_0013/LH244,7.765932
SCH1_2022,GEMN-0225_PHK76_0014/LH244,7.8503537
SCH1_2022,GEMN-0225_PHK76_0018/LH244,7.8152833
SCH1_2022,GEMN-0225_PHK76_0019/LH244,7.6606016
SCH1_2022,GEMN-0225_PHK76_0021/LH244,7.8164086
SCH1_2022,GEMN-0225_PHK76_0022/LH244,7.5302763
SCH1_2022,GEMN-0225_PHK76_0027/LH244,7.7687235
SCH1_2022,GEMN-0225_PHK76_0028/LH244,7.8194265
SCH1_2022,GEMN-0225_PHK76_0031/LH244,7.312602
SCH1_2022,GEMN-0225_PHK76_0032/LH244,7.8108234
SCH1_2022,GEMN-0225_PHN46_0001/LH244,7.842336
SCH1_2022,GEMN-0225_PHN46_0003/LH244,7.8078136
SCH1_2022,GEMN-0225_PHN46_0004/LH244,7.4823995
SCH1_2022,GEMN-0225_PHN46_0005/LH244,7.170081
SCH1_2022,GEMN-0225_PHN46_0006/LH244,7.6250367
SCH1_2022,GEMN-0225_PHN46_0009/LH244,7.7689466
SCH1_2022,GEMN-0225_PHN46_0021/LH244,7.7627892
SCH1_2022,GEMN-0225_PHP02_0001/LH244,7.668282
SCH1_2022,GEMN-0225_PHP02_0002/LH244,7.612295
SCH1_2022,GEMN-0225_PHP02_0003/LH244,7.524816
SCH1_2022,GEMN-0225_PHP02_0005/LH244,7.3057456
SCH1_2022,GEMN-0225_PHP02_0006/LH244,7.65532
SCH1_2022,GEMN-0225_PHP02_0008/LH244,7.3138094
SCH1_2022,GEMN-0225_PHP02_0009/LH244,7.752596
SCH1_2022,GEMN-0225_PHP02_0010/LH244,7.3781962
SCH1_2022,GEMN-0225_PHP02_0012/LH244,7.38279
SCH1_2022,GEMN-0225_PHP02_0013/LH244,7.6090274
SCH1_2022,GEMN-0225_PHP02_0014/LH244,7.5586586
SCH1_2022,GEMN-0225_PHP02_0015/LH244,7.4728794
SCH1_2022,GEMN-0225_PHP02_0017/LH244,7.3109927
SCH1_2022,GEMN-0238/LH244,7.7844796
SCH1_2022,GEMN-0257/LH244,7.572374
SCH1_2022,GEMN-0271/LH244,6.927194
SCH1_2022,GEMN-0287/LH244,7.7954397
SCH1_2022,LH145/LH82,5.5635056
SCH1_2022,LH185/LH244,7.716344
SCH1_2022,LH195/MO17,7.7505054
SCH1_2022,LH195/PHK76,7.585131
SCH1_2022,LH195/PHN82,7.8092194
SCH1_2022,LH195/PHZ51,6.6810274
SCH1_2022,LH216/LH244,7.6283364
SCH1_2022,LH244/MO17,7.768127
SCH1_2022,LH244/PHK76,7.820136
SCH1_2022,LH244/PHN82,7.9069915
SCH1_2022,LH244/PHZ51,7.197281
SCH1_2022,LH283/LH244,6.800284
SCH1_2022,LH287/LH244,7.803432
SCH1_2022,LH74/PHN82,7.415461
SCH1_2022,LH82/LH244,6.7832994
SCH1_2022,M162W/LH244,6.579528
SCH1_2022,MBUB/LH244,7.298973
SCH1_2022,MM501D/LH244,7.7137003
SCH1_2022,MO17_PHW30-008-(2N)-01/LH244,7.679476
SCH1_2022,MO17_PHW30-200-(2N)-02/LH244,7.800514
SCH1_2022,MO17_PHW30-309-(2N)-01/LH244,7.722303
SCH1_2022,MO44_LH145_0127/LH244,7.266193
SCH1_2022,MO44_LH145_0138/LH244,7.068664
SCH1_2022,MO44_PHG47_0072/LH244,6.870667
SCH1_2022,MO44_PHG47_0125/LH244,7.653278
SCH1_2022,MO44_PHW65_0025/LH244,7.9351854
SCH1_2022,MO44_PHW65_0035/LH244,7.869624
SCH1_2022,MOG/LH244,7.3794346
SCH1_2022,MS71/LH244,7.0736566
SCH1_2022,NC358/LH244,7.1452465
SCH1_2022,NC366/LH244,6.914009
SCH1_2022,NC374/LH244,6.98507
SCH1_2022,NC378/LH244,7.108098
SCH1_2022,NC388/LH244,7.362923
SCH1_2022,NC398/LH244,6.902355
SCH1_2022,NC426/LH244,7.2452273
SCH1_2022,NC428/LH244,7.394947
SCH1_2022,NC438/LH244,6.986363
SCH1_2022,NC458/LH244,6.873064
SCH1_2022,NC512/LH244,7.082484
SCH1_2022,NC528/LH244,7.063631
SCH1_2022,NC542/LH244,6.8729825
SCH1_2022,NC546/LH244,7.2769866
SCH1_2022,NC548/LH244,6.8812695
SCH1_2022,NKH8431/LH244,7.352001
SCH1_2022,OH43/LH244,7.2213335
SCH1_2022,OH7B/LH244,7.250549
SCH1_2022,PH207/LH244,7.3710866
SCH1_2022,PH24E/LH244,7.872596
SCH1_2022,PHAP9/LH244,7.809531
SCH1_2022,PHB47/LH244,6.4393744
SCH1_2022,PHB47/MO17,6.8392773
SCH1_2022,PHB47/PHK76,6.8735685
SCH1_2022,PHB47/PHN82,7.6353045
SCH1_2022,PHB47/PHZ51,6.62627
SCH1_2022,PHG29/PHG47,6.4802117
SCH1_2022,PHG35/LH244,7.902445
SCH1_2022,PHG39/PHN82,7.7020106
SCH1_2022,PHG47/LH244,7.3148603
SCH1_2022,PHJ40/PHAJ0,5.702455
SCH1_2022,PHJ89/LH244,7.465862
SCH1_2022,PHJ89/PH207,6.6082597
SCH1_2022,PHJ90/LH244,7.833089
SCH1_2022,PHK56/LH244,7.876302
SCH1_2022,PHKE6/LH244,7.402325
SCH1_2022,PHN11/LH244,7.809138
SCH1_2022,PHN11_LH145_0005/LH244,6.541314
SCH1_2022,PHN11_LH145_0028/LH244,6.723594
SCH1_2022,PHN11_LH145_0085/LH244,6.608724
SCH1_2022,PHN11_OH43_0001/LH244,7.153435
SCH1_2022,PHN11_OH43_0075/LH244,7.0606775
SCH1_2022,PHN11_OH43_0088/LH244,7.42306
SCH1_2022,PHN11_PHG47_0251/LH244,7.3471227
SCH1_2022,PHN11_PHG47_0287/LH244,6.997205
SCH1_2022,PHN11_PHW65_0312/LH244,7.861238
SCH1_2022,PHN11_PHW65_0323/LH244,7.9408646
SCH1_2022,PHN11_PHW65_0359/LH244,7.9384356
SCH1_2022,PHN46/LH244,7.0071034
SCH1_2022,PHP02/LH244,7.939274
SCH1_2022,PHP55/LH244,7.5794735
SCH1_2022,PHR03/LH244,7.791683
SCH1_2022,PHRE1/PHTD5,6.37737
SCH1_2022,PHW30/LH244,7.539135
SCH1_2022,PHW30_MO17-010-(2N)-01/LH244,7.388286
SCH1_2022,PHW30_MO17-032-(2N)-01/LH244,6.967915
SCH1_2022,PHW30_MO17-095-(2N)-01/LH244,7.656476
SCH1_2022,PHW30_MO17-129-(2N)-01/LH244,7.4258194
SCH1_2022,PHW30_MO17-178-(2N)-01/LH244,7.7869997
SCH1_2022,PHW30_MO17-234-(2N)-02/LH244,7.8100243
SCH1_2022,PHW52/PHM49,7.71301
SCH1_2022,PHW52/PHN82,7.7985015
SCH1_2022,PHW65_MOG_0137/LH244,7.8863015
SCH1_2022,PHW65_MOG_0176/LH244,7.8511047
SCH1_2022,PHW65_MOG_0271/LH244,7.811713
SCH1_2022,TX714/PHZ51,6.9742208
SCH1_2022,TX714/TX779,6.748393
SCH1_2022,TX777/LH195,6.7774405
SCH1_2022,TX779/LH195,7.1330357
SCH1_2022,TX951/LH195,6.7079105
SCH1_2022,W10001_0003/LH244,6.6542544
SCH1_2022,W10001_0007/LH244,6.8472853
SCH1_2022,W10001_0009/LH244,6.4935718
SCH1_2022,W10001_0010/LH244,7.1621404
SCH1_2022,W10001_0012/LH244,6.521282
SCH1_2022,W10001_0013/LH244,6.979448
SCH1_2022,W10001_0014/LH244,6.631218
SCH1_2022,W10001_0016/LH244,6.8094153
SCH1_2022,W10001_0017/LH244,6.916648
SCH1_2022,W10001_0019/LH244,6.589861
SCH1_2022,W10001_0021/LH244,6.3255277
SCH1_2022,W10001_0022/LH244,6.974937
SCH1_2022,W10001_0023/LH244,7.127754
SCH1_2022,W10001_0030/LH244,7.248975
SCH1_2022,W10001_0031/LH244,6.8873286
SCH1_2022,W10001_0033/LH244,7.791683
SCH1_2022,W10001_0040/LH244,6.646971
SCH1_2022,W10001_0047/LH244,6.929702
SCH1_2022,W10002_0002/LH244,6.9654365
SCH1_2022,W10005_0029/LH244,7.7305703
SCH1_2022,W10005_0107/LH244,7.306455
SCH1_2022,W10005_0111/LH244,6.7681074
SCH1_2022,W10005_0147/LH244,7.487561
SCH1_2022,W10005_0220/LH244,7.7818017
SCH1_2022,W10010_0032/LH244,7.4366274
SCH1_2022,W10010_0084/LH244,7.2353473
SCH1_2022,W10010_0093/LH244,7.392397
SCH1_2022,W10010_0101/LH244,7.8364964
SCH1_2022,W10010_0118/LH244,7.6978106
SCH1_2022,W10010_0124/LH244,7.47715
SCH1_2022,W10010_0148/LH244,7.5067835
SCH1_2022,W10010_0170/LH244,7.296215
SCH1_2022,W10010_0189/LH244,7.797355
SCH1_2022,W10010_0215/LH244,7.2375526
SCH1_2022,W10010_0279/LH244,7.785932
SCH1_2022,W10010_0294/LH244,7.7958097
SCH1_2022,W10010_0311/LH244,7.772843
SCH1_2022,W10010_0337/LH244,7.8314137
SCH1_2022,W10010_0346/LH244,7.79427
SCH1_2022,W10010_0358/LH244,7.621662
SCH1_2022,W10010_0452/LH244,7.5236735
TXH1_2022,B14A/OH43,6.84534
TXH1_2022,B37/H95,6.747374
TXH1_2022,B73/MO17,7.580776
TXH1_2022,B73/PHK76,7.4466753
TXH1_2022,B73/PHN82,7.7588806
TXH1_2022,B73/PHZ51,6.9535336
TXH1_2022,B73/TX779,6.7033606
TXH1_2022,B97/LH244,7.199415
TXH1_2022,BGEM-0039-N/LH244,6.8515654
TXH1_2022,BGEM-0063-N/LH244,6.735879
TXH1_2022,BGEM-0089-N/LH244,7.0238533
TXH1_2022,BGEM-0124-N/LH244,6.6763697
TXH1_2022,BGEM-0129-N/LH244,6.8714046
TXH1_2022,CG119/CG108,5.721083
TXH1_2022,CG44/CGR01,6.343989
TXH1_2022,DK3IIH6/LH244,7.125748
TXH1_2022,DK78010/LH244,6.849703
TXH1_2022,GEMN-0096/LH244,7.2792106
TXH1_2022,GEMN-0096_LH212HT_0001/LH244,7.422661
TXH1_2022,GEMN-0096_LH212HT_0004/LH244,7.726017
TXH1_2022,GEMN-0096_LH212HT_0005/LH244,7.7000256
TXH1_2022,GEMN-0096_LH212HT_0006/LH244,7.7155333
TXH1_2022,GEMN-0096_LH212HT_0009/LH244,7.7035503
TXH1_2022,GEMN-0096_LH212HT_0012/LH244,7.433922
TXH1_2022,GEMN-0096_LH212HT_0013/LH244,7.6131253
TXH1_2022,GEMN-0096_LH212HT_0017/LH244,7.682362
TXH1_2022,GEMN-0096_PHJ89_0001/LH244,7.6077485
TXH1_2022,GEMN-0096_PHJ89_0002/LH244,7.2431264
TXH1_2022,GEMN-0096_PHJ89_0006/LH244,7.492181
TXH1_2022,GEMN-0096_PHJ89_0007/LH244,7.4171753
TXH1_2022,GEMN-0096_PHJ89_0009/LH244,7.297494
TXH1_2022,GEMN-0096_PHJ89_0010/LH244,7.4272223
TXH1_2022,GEMN-0096_PHJ89_0011/LH244,7.396558
TXH1_2022,GEMN-0096_PHJ89_0012/LH244,7.258963
TXH1_2022,GEMN-0096_PHJ89_0013/LH244,7.316508
TXH1_2022,GEMN-0096_PHJ89_0014/LH244,7.547222
TXH1_2022,GEMN-0096_PHJ89_0016/LH244,7.256168
TXH1_2022,GEMN-0096_PHK76_0001/LH244,7.647523
TXH1_2022,GEMN-0096_PHK76_0002/LH244,7.666441
TXH1_2022,GEMN-0096_PHK76_0003/LH244,7.60698
TXH1_2022,GEMN-0096_PHK76_0004/LH244,7.517885
TXH1_2022,GEMN-0096_PHK76_0006/LH244,7.686751
TXH1_2022,GEMN-0096_PHK76_0007/LH244,7.588992
TXH1_2022,GEMN-0096_PHK76_0013/LH244,7.583719
TXH1_2022,GEMN-0096_PHN46_0001/LH244,7.2470794
TXH1_2022,GEMN-0096_PHN46_0002/LH244,7.092783
TXH1_2022,GEMN-0096_PHN46_0003/LH244,7.223188
TXH1_2022,GEMN-0096_PHN46_0004/LH244,7.2431383
TXH1_2022,GEMN-0096_PHN46_0005/LH244,7.6827164
TXH1_2022,GEMN-0096_PHN46_0007/LH244,7.4053264
TXH1_2022,GEMN-0096_PHN46_0010/LH244,7.6389313
TXH1_2022,GEMN-0096_PHN46_0012/LH244,7.345195
TXH1_2022,GEMN-0096_PHN46_0013/LH244,7.2792516
TXH1_2022,GEMN-0096_PHN46_0014/LH244,7.088206
TXH1_2022,GEMN-0096_PHN46_0020/LH244,7.4526014
TXH1_2022,GEMN-0096_PHP02_0001/LH244,7.3897877
TXH1_2022,GEMN-0096_PHP02_0003/LH244,7.119147
TXH1_2022,GEMN-0096_PHP02_0005/LH244,7.694374
TXH1_2022,GEMN-0096_PHP02_0006/LH244,7.5400457
TXH1_2022,GEMN-0096_PHP02_0007/LH244,7.2717605
TXH1_2022,GEMN-0096_PHP02_0011/LH244,7.579134
TXH1_2022,GEMN-0096_PHP02_0012/LH244,7.510298
TXH1_2022,GEMN-0096_PHP02_0016/LH244,7.4387646
TXH1_2022,GEMN-0096_PHP02_0025/LH244,7.3527904
TXH1_2022,GEMN-0096_PHP02_0030/LH244,7.4499745
TXH1_2022,GEMN-0097/LH244,7.685181
TXH1_2022,GEMN-0097_LH212HT_0004/LH244,7.750631
TXH1_2022,GEMN-0097_LH212HT_0019/LH244,7.753132
TXH1_2022,GEMN-0097_LH212HT_0020/LH244,7.7287517
TXH1_2022,GEMN-0097_LH212HT_0026/LH244,7.4938917
TXH1_2022,GEMN-0097_LH212HT_0032/LH244,7.7266517
TXH1_2022,GEMN-0097_LH212HT_0047/LH244,7.831134
TXH1_2022,GEMN-0097_LH212HT_0054/LH244,7.692266
TXH1_2022,GEMN-0097_LH212HT_0058/LH244,7.6617713
TXH1_2022,GEMN-0097_LH212HT_0062/LH244,7.7363524
TXH1_2022,GEMN-0097_LH212HT_0069/LH244,7.7405133
TXH1_2022,GEMN-0097_LH212HT_0085/LH244,7.745479
TXH1_2022,GEMN-0097_PHJ89_0001/LH244,7.250702
TXH1_2022,GEMN-0097_PHJ89_0002/LH244,7.594516
TXH1_2022,GEMN-0097_PHJ89_0003/LH244,7.2534347
TXH1_2022,GEMN-0097_PHJ89_0005/LH244,7.382039
TXH1_2022,GEMN-0097_PHJ89_0006/LH244,7.5026994
TXH1_2022,GEMN-0097_PHJ89_0007/LH244,7.445665
TXH1_2022,GEMN-0097_PHJ89_0008/LH244,7.2466836
TXH1_2022,GEMN-0097_PHJ89_0010/LH244,7.573147
TXH1_2022,GEMN-0097_PHJ89_0011/LH244,7.3035064
TXH1_2022,GEMN-0097_PHJ89_0012/LH244,7.3434258
TXH1_2022,GEMN-0097_PHJ89_0016/LH244,7.4907475
TXH1_2022,GEMN-0097_PHJ89_0020/LH244,7.626457
TXH1_2022,GEMN-0097_PHJ89_0025/LH244,7.7045326
TXH1_2022,GEMN-0097_PHJ89_0026/LH244,7.5006623
TXH1_2022,GEMN-0097_PHJ89_0027/LH244,7.4892774
TXH1_2022,GEMN-0097_PHJ89_0028/LH244,7.431818
TXH1_2022,GEMN-0097_PHJ89_0029/LH244,7.4334564
TXH1_2022,GEMN-0097_PHJ89_0036/LH244,7.5696087
TXH1_2022,GEMN-0097_PHK76_0003/LH244,7.2538047
TXH1_2022,GEMN-0097_PHK76_0007/LH244,7.488714
TXH1_2022,GEMN-0097_PHK76_0009/LH244,7.3742948
TXH1_2022,GEMN-0097_PHK76_0011/LH244,7.7769423
TXH1_2022,GEMN-0097_PHK76_0014/LH244,7.4892373
TXH1_2022,GEMN-0097_PHK76_0015/LH244,7.6185474
TXH1_2022,GEMN-0097_PHK76_0018/LH244,7.500213
TXH1_2022,GEMN-0097_PHK76_0021/LH244,7.2415442
TXH1_2022,GEMN-0097_PHK76_0037/LH244,7.796751
TXH1_2022,GEMN-0097_PHK76_0038/LH244,7.658376
TXH1_2022,GEMN-0097_PHK76_0039/LH244,7.1534195
TXH1_2022,GEMN-0097_PHK76_0041/LH244,7.6765857
TXH1_2022,GEMN-0097_PHK76_0048/LH244,7.6486673
TXH1_2022,GEMN-0097_PHK76_0053/LH244,7.3382673
TXH1_2022,GEMN-0097_PHK76_0055/LH244,7.6980104
TXH1_2022,GEMN-0097_PHK76_0060/LH244,7.694328
TXH1_2022,GEMN-0097_PHN46_0001/LH244,7.596159
TXH1_2022,GEMN-0097_PHN46_0003/LH244,7.352387
TXH1_2022,GEMN-0097_PHN46_0004/LH244,7.3923836
TXH1_2022,GEMN-0097_PHN46_0005/LH244,7.2402315
TXH1_2022,GEMN-0097_PHN46_0008/LH244,7.344419
TXH1_2022,GEMN-0097_PHN46_0011/LH244,7.45807
TXH1_2022,GEMN-0097_PHN46_0014/LH244,7.3263373
TXH1_2022,GEMN-0097_PHN46_0018/LH244,7.425462
TXH1_2022,GEMN-0097_PHP02_0002/LH244,7.0828686
TXH1_2022,GEMN-0097_PHP02_0005/LH244,7.58058
TXH1_2022,GEMN-0097_PHP02_0006/LH244,7.458118
TXH1_2022,GEMN-0097_PHP02_0007/LH244,7.0868144
TXH1_2022,GEMN-0098/LH244,7.63424
TXH1_2022,GEMN-0124/LH244,7.494571
TXH1_2022,GEMN-0144/LH244,7.2268076
TXH1_2022,GEMN-0157/LH244,7.3586297
TXH1_2022,GEMN-0178/LH244,7.73038
TXH1_2022,GEMN-0187/LH244,7.489284
TXH1_2022,GEMN-0192/LH244,7.310331
TXH1_2022,GEMN-0192_LH212HT_0001/LH244,7.6213675
TXH1_2022,GEMN-0192_LH212HT_0006/LH244,7.3279204
TXH1_2022,GEMN-0192_LH212HT_0011/LH244,7.181647
TXH1_2022,GEMN-0192_LH212HT_0012/LH244,7.2646394
TXH1_2022,GEMN-0192_LH212HT_0014/LH244,7.5108953
TXH1_2022,GEMN-0192_LH212HT_0018/LH244,7.721016
TXH1_2022,GEMN-0192_LH212HT_0021/LH244,7.5935187
TXH1_2022,GEMN-0192_LH212HT_0023/LH244,7.694245
TXH1_2022,GEMN-0192_PHJ89_0001/LH244,7.46702
TXH1_2022,GEMN-0192_PHK76_0002/LH244,7.6933084
TXH1_2022,GEMN-0192_PHK76_0004/LH244,7.5681353
TXH1_2022,GEMN-0192_PHK76_0005/LH244,7.403519
TXH1_2022,GEMN-0192_PHK76_0006/LH244,7.5729785
TXH1_2022,GEMN-0192_PHK76_0007/LH244,7.379481
TXH1_2022,GEMN-0192_PHK76_0008/LH244,7.451437
TXH1_2022,GEMN-0192_PHK76_0009/LH244,7.486275
TXH1_2022,GEMN-0192_PHK76_0010/LH244,7.5016193
TXH1_2022,GEMN-0192_PHK76_0011/LH244,7.5351086
TXH1_2022,GEMN-0192_PHK76_0012/LH244,7.470339
TXH1_2022,GEMN-0192_PHK76_0013/LH244,7.4090524
TXH1_2022,GEMN-0192_PHK76_0014/LH244,7.6531153
TXH1_2022,GEMN-0192_PHK76_0015/LH244,7.746084
TXH1_2022,GEMN-0192_PHK76_0016/LH244,7.515192
TXH1_2022,GEMN-0192_PHK76_0019/LH244,7.566757
TXH1_2022,GEMN-0192_PHK76_0021/LH244,7.3043027
TXH1_2022,GEMN-0192_PHK76_0025/LH244,7.3235297
TXH1_2022,GEMN-0192_PHK76_0028/LH244,7.578478
TXH1_2022,GEMN-0192_PHK76_0030/LH244,7.580985
TXH1_2022,GEMN-0192_PHK76_0032/LH244,7.3968124
TXH1_2022,GEMN-0192_PHK76_0033/LH244,7.648918
TXH1_2022,GEMN-0192_PHK76_0035/LH244,7.26487
TXH1_2022,GEMN-0192_PHK76_0036/LH244,7.3086553
TXH1_2022,GEMN-0192_PHK76_0044/LH244,7.5258045
TXH1_2022,GEMN-0192_PHK76_0045/LH244,7.3445253
TXH1_2022,GEMN-0192_PHN46_0002/LH244,7.4468136
TXH1_2022,GEMN-0192_PHN46_0003/LH244,7.3470945
TXH1_2022,GEMN-0192_PHN46_0004/LH244,7.3514504
TXH1_2022,GEMN-0192_PHN46_0005/LH244,7.0139112
TXH1_2022,GEMN-0192_PHN46_0006/LH244,7.617264
TXH1_2022,GEMN-0192_PHN46_0008/LH244,7.511283
TXH1_2022,GEMN-0192_PHN46_0009/LH244,7.491388
TXH1_2022,GEMN-0192_PHN46_0010/LH244,7.2721953
TXH1_2022,GEMN-0192_PHN46_0011/LH244,7.415516
TXH1_2022,GEMN-0192_PHN46_0012/LH244,7.1410403
TXH1_2022,GEMN-0192_PHN46_0014/LH244,7.018893
TXH1_2022,GEMN-0192_PHN46_0015/LH244,7.6284924
TXH1_2022,GEMN-0192_PHN46_0025/LH244,7.0688243
TXH1_2022,GEMN-0192_PHP02_0001/LH244,7.3929243
TXH1_2022,GEMN-0192_PHP02_0003/LH244,7.4604516
TXH1_2022,GEMN-0225/LH244,7.7105155
TXH1_2022,GEMN-0225_LH212HT_0002/LH244,7.7395067
TXH1_2022,GEMN-0225_LH212HT_0005/LH244,7.7473364
TXH1_2022,GEMN-0225_LH212HT_0006/LH244,7.80902
TXH1_2022,GEMN-0225_LH212HT_0008/LH244,7.5990944
TXH1_2022,GEMN-0225_LH212HT_0015/LH244,7.760042
TXH1_2022,GEMN-0225_LH212HT_0017/LH244,7.6304617
TXH1_2022,GEMN-0225_LH212HT_0024/LH244,7.505455
TXH1_2022,GEMN-0225_LH212HT_0029/LH244,7.8276815
TXH1_2022,GEMN-0225_LH212HT_0036/LH244,7.763769
TXH1_2022,GEMN-0225_PHJ89_0001/LH244,7.497955
TXH1_2022,GEMN-0225_PHJ89_0002/LH244,7.7571316
TXH1_2022,GEMN-0225_PHJ89_0003/LH244,7.5091453
TXH1_2022,GEMN-0225_PHJ89_0004/LH244,7.5469146
TXH1_2022,GEMN-0225_PHJ89_0005/LH244,7.5048265
TXH1_2022,GEMN-0225_PHJ89_0006/LH244,7.5533667
TXH1_2022,GEMN-0225_PHJ89_0008/LH244,7.5207176
TXH1_2022,GEMN-0225_PHJ89_0009/LH244,7.3968735
TXH1_2022,GEMN-0225_PHJ89_0013/LH244,7.700814
TXH1_2022,GEMN-0225_PHJ89_0015/LH244,7.4964905
TXH1_2022,GEMN-0225_PHJ89_0017/LH244,7.3117237
TXH1_2022,GEMN-0225_PHJ89_0020/LH244,7.7420764
TXH1_2022,GEMN-0225_PHJ89_0021/LH244,7.607206
TXH1_2022,GEMN-0225_PHJ89_0022/LH244,7.4219546
TXH1_2022,GEMN-0225_PHJ89_0026/LH244,7.250981
TXH1_2022,GEMN-0225_PHJ89_0032/LH244,7.6319017
TXH1_2022,GEMN-0225_PHK76_0002/LH244,7.664544
TXH1_2022,GEMN-0225_PHK76_0003/LH244,7.736355
TXH1_2022,GEMN-0225_PHK76_0004/LH244,7.8086977
TXH1_2022,GEMN-0225_PHK76_0005/LH244,7.5354457
TXH1_2022,GEMN-0225_PHK76_0007/LH244,7.796729
TXH1_2022,GEMN-0225_PHK76_0008/LH244,7.769458
TXH1_2022,GEMN-0225_PHK76_0012/LH244,7.779818
TXH1_2022,GEMN-0225_PHK76_0013/LH244,7.690678
TXH1_2022,GEMN-0225_PHK76_0014/LH244,7.796592
TXH1_2022,GEMN-0225_PHK76_0018/LH244,7.739818
TXH1_2022,GEMN-0225_PHK76_0019/LH244,7.585818
TXH1_2022,GEMN-0225_PHK76_0021/LH244,7.760642
TXH1_2022,GEMN-0225_PHK76_0022/LH244,7.479614
TXH1_2022,GEMN-0225_PHK76_0028/LH244,7.7588844
TXH1_2022,GEMN-0225_PHK76_0031/LH244,7.3112726
TXH1_2022,GEMN-0225_PHN46_0001/LH244,7.7888236
TXH1_2022,GEMN-0225_PHN46_0003/LH244,7.755034
TXH1_2022,GEMN-0225_PHN46_0005/LH244,7.2116013
TXH1_2022,GEMN-0225_PHN46_0006/LH244,7.565713
TXH1_2022,GEMN-0225_PHP02_0001/LH244,7.596772
TXH1_2022,GEMN-0225_PHP02_0002/LH244,7.543711
TXH1_2022,GEMN-0225_PHP02_0003/LH244,7.485319
TXH1_2022,GEMN-0225_PHP02_0005/LH244,7.3427434
TXH1_2022,GEMN-0225_PHP02_0006/LH244,7.58056
TXH1_2022,GEMN-0225_PHP02_0008/LH244,7.314494
TXH1_2022,GEMN-0225_PHP02_0009/LH244,7.677401
TXH1_2022,GEMN-0225_PHP02_0010/LH244,7.3675
TXH1_2022,GEMN-0225_PHP02_0012/LH244,7.3803816
TXH1_2022,GEMN-0225_PHP02_0013/LH244,7.5364103
TXH1_2022,GEMN-0225_PHP02_0014/LH244,7.517022
TXH1_2022,GEMN-0225_PHP02_0015/LH244,7.4302397
TXH1_2022,GEMN-0225_PHP02_0017/LH244,7.315894
TXH1_2022,GEMN-0238/LH244,7.7091475
TXH1_2022,GEMN-0271/LH244,6.965019
TXH1_2022,GEMN-0287/LH244,7.728573
TXH1_2022,LH145/LH82,5.6977987
TXH1_2022,LH195/MO17,7.6774406
TXH1_2022,LH195/PHK76,7.5623636
TXH1_2022,LH195/PHN82,7.7504416
TXH1_2022,LH195/PHZ51,6.704046
TXH1_2022,LH216/LH244,7.5563884
TXH1_2022,LH244/MO17,7.6928654
TXH1_2022,LH244/PHK76,7.763301
TXH1_2022,LH244/PHN82,7.866442
TXH1_2022,LH244/PHZ51,7.24948
TXH1_2022,LH283/LH244,6.831308
TXH1_2022,LH287/LH244,7.7357574
TXH1_2022,LH82/LH244,6.8093667
TXH1_2022,M162W/LH244,6.5956917
TXH1_2022,MBUB/LH244,7.3203244
TXH1_2022,MM501D/LH244,7.6386776
TXH1_2022,MO17_PHW30-008-(2N)-01/LH244,7.6046066
TXH1_2022,MO17_PHW30-200-(2N)-02/LH244,7.725112
TXH1_2022,MO17_PHW30-309-(2N)-01/LH244,7.647241
TXH1_2022,MO44_LH145_0127/LH244,7.2946706
TXH1_2022,MO44_LH145_0138/LH244,7.1088204
TXH1_2022,MO44_PHG47_0072/LH244,6.903091
TXH1_2022,MO44_PHG47_0125/LH244,7.5785265
TXH1_2022,MO44_PHW65_0025/LH244,7.91841
TXH1_2022,MO44_PHW65_0035/LH244,7.8273015
TXH1_2022,MOG/LH244,7.4153476
TXH1_2022,NC358/LH244,7.1866918
TXH1_2022,NC528/LH244,7.1048245
TXH1_2022,NKH8431/LH244,7.4011917
TXH1_2022,OH43/LH244,7.2630067
TXH1_2022,PH207/LH244,7.359068
TXH1_2022,PH24E/LH244,7.8163643
TXH1_2022,PHAP9/LH244,7.742198
TXH1_2022,PHB47/LH244,6.446875
TXH1_2022,PHB47/MO17,6.8711333
TXH1_2022,PHB47/PHK76,6.905664
TXH1_2022,PHB47/PHN82,7.563087
TXH1_2022,PHB47/PHZ51,6.6487865
TXH1_2022,PHG29/PHG47,6.488785
TXH1_2022,PHG39/PHN82,7.6270394
TXH1_2022,PHG47/LH244,7.331887
TXH1_2022,PHJ40/PHAJ0,5.777717
TXH1_2022,PHJ89/LH244,7.463474
TXH1_2022,PHJ89/PH207,6.6215878
TXH1_2022,PHJ90/LH244,7.7777643
TXH1_2022,PHK56/LH244,7.830653
TXH1_2022,PHKE6/LH244,7.3871927
TXH1_2022,PHN11/LH244,7.7336993
TXH1_2022,PHN11_LH145_0005/LH244,6.551345
TXH1_2022,PHN11_LH145_0028/LH244,6.7536707
TXH1_2022,PHN11_LH145_0085/LH244,6.626671
TXH1_2022,PHN11_OH43_0075/LH244,7.1006923
TXH1_2022,PHN11_OH43_0088/LH244,7.3985076
TXH1_2022,PHN11_PHG47_0251/LH244,7.351281
TXH1_2022,PHN11_PHG47_0287/LH244,7.038189
TXH1_2022,PHN11_PHW65_0312/LH244,7.807304
TXH1_2022,PHN11_PHW65_0323/LH244,7.9221044
TXH1_2022,PHN11_PHW65_0359/LH244,7.921755
TXH1_2022,PHN46/LH244,7.043555
TXH1_2022,PHP02/LH244,7.9062757
TXH1_2022,PHP55/LH244,7.507186
TXH1_2022,PHR03/LH244,7.7180543
TXH1_2022,PHRE1/PHTD5,6.393717
TXH1_2022,PHW30/LH244,7.475952
TXH1_2022,PHW30_MO17-010-(2N)-01/LH244,7.3797145
TXH1_2022,PHW30_MO17-095-(2N)-01/LH244,7.5817094
TXH1_2022,PHW30_MO17-129-(2N)-01/LH244,7.3921022
TXH1_2022,PHW30_MO17-178-(2N)-01/LH244,7.7116556
TXH1_2022,PHW30_MO17-234-(2N)-02/LH244,7.7360215
TXH1_2022,PHW52/PHM49,7.6803575
TXH1_2022,PHW65_MOG_0137/LH244,7.865876
TXH1_2022,PHW65_MOG_0176/LH244,7.8327785
TXH1_2022,PHW65_MOG_0271/LH244,7.7543297
TXH1_2022,TX714/PHZ51,7.0180435
TXH1_2022,TX777/LH195,6.8051295
TXH1_2022,TX779/LH195,7.1744423
TXH1_2022,W10001_0003/LH244,6.676005
TXH1_2022,W10001_0007/LH244,6.884294
TXH1_2022,W10001_0009/LH244,6.5043097
TXH1_2022,W10001_0012/LH244,6.531247
TXH1_2022,W10001_0014/LH244,6.648138
TXH1_2022,W10001_0016/LH244,6.8439054
TXH1_2022,W10001_0017/LH244,6.9534726
TXH1_2022,W10001_0019/LH244,6.606997
TXH1_2022,W10001_0021/LH244,6.3582954
TXH1_2022,W10001_0022/LH244,7.0127974
TXH1_2022,W10001_0023/LH244,7.169145
TXH1_2022,W10001_0031/LH244,6.923269
TXH1_2022,W10001_0040/LH244,6.665796
TXH1_2022,W10001_0047/LH244,6.9640117
TXH1_2022,W10005_0029/LH244,7.6554728
TXH1_2022,W10005_0107/LH244,7.3009815
TXH1_2022,W10005_0111/LH244,6.7994823
TXH1_2022,W10005_0147/LH244,7.431171
TXH1_2022,W10005_0220/LH244,7.7064786
TXH1_2022,W10010_0084/LH244,7.266797
TXH1_2022,W10010_0093/LH244,7.397915
TXH1_2022,W10010_0118/LH244,7.6231995
TXH1_2022,W10010_0124/LH244,7.434902
TXH1_2022,W10010_0148/LH244,7.4477043
TXH1_2022,W10010_0170/LH244,7.305934
TXH1_2022,W10010_0189/LH244,7.7316546
TXH1_2022,W10010_0279/LH244,7.7105927
TXH1_2022,W10010_0294/LH244,7.7280865
TXH1_2022,W10010_0311/LH244,7.697561
TXH1_2022,W10010_0337/LH244,7.774641
TXH1_2022,W10010_0346/LH244,7.7206917
TXH1_2022,W10010_0358/LH244,7.5642858
TXH2_2022,B14A/OH43,6.950024
TXH2_2022,B37/H95,6.8551207
TXH2_2022,B73/MO17,7.699496
TXH2_2022,B73/PHN82,7.8885493
TXH2_2022,B73/TX779,6.8152046
TXH2_2022,B97/LH244,7.315201
TXH2_2022,BGEM-0039-N/LH244,6.9579177
TXH2_2022,BGEM-0063-N/LH244,6.844633
TXH2_2022,BGEM-0089-N/LH244,7.1331267
TXH2_2022,BGEM-0129-N/LH244,6.9774284
TXH2_2022,CG119/CG108,5.7070293
TXH2_2022,CG44/CGR01,6.451258
TXH2_2022,DK3IIH6/LH244,7.238342
TXH2_2022,DK78010/LH244,6.949638
TXH2_2022,GEMN-0096/LH244,7.3956413
TXH2_2022,GEMN-0096_LH212HT_0001/LH244,7.540211
TXH2_2022,GEMN-0096_LH212HT_0004/LH244,7.849014
TXH2_2022,GEMN-0096_LH212HT_0005/LH244,7.8228397
TXH2_2022,GEMN-0096_LH212HT_0006/LH244,7.8384557
TXH2_2022,GEMN-0096_LH212HT_0009/LH244,7.8263884
TXH2_2022,GEMN-0096_LH212HT_0012/LH244,7.551558
TXH2_2022,GEMN-0096_LH212HT_0013/LH244,7.7353177
TXH2_2022,GEMN-0096_LH212HT_0017/LH244,7.8050523
TXH2_2022,GEMN-0096_PHJ89_0001/LH244,7.7295885
TXH2_2022,GEMN-0096_PHJ89_0002/LH244,7.3591337
TXH2_2022,GEMN-0096_PHJ89_0006/LH244,7.6102533
TXH2_2022,GEMN-0096_PHJ89_0007/LH244,7.534683
TXH2_2022,GEMN-0096_PHJ89_0009/LH244,7.4140716
TXH2_2022,GEMN-0096_PHJ89_0010/LH244,7.5448074
TXH2_2022,GEMN-0096_PHJ89_0011/LH244,7.513908
TXH2_2022,GEMN-0096_PHJ89_0012/LH244,7.374748
TXH2_2022,GEMN-0096_PHJ89_0013/LH244,7.433235
TXH2_2022,GEMN-0096_PHJ89_0014/LH244,7.6656995
TXH2_2022,GEMN-0096_PHJ89_0016/LH244,7.372414
TXH2_2022,GEMN-0096_PHK76_0001/LH244,7.7699637
TXH2_2022,GEMN-0096_PHK76_0002/LH244,7.7890177
TXH2_2022,GEMN-0096_PHK76_0003/LH244,7.7291255
TXH2_2022,GEMN-0096_PHK76_0004/LH244,7.6369977
TXH2_2022,GEMN-0096_PHK76_0006/LH244,7.8094716
TXH2_2022,GEMN-0096_PHK76_0007/LH244,7.7110066
TXH2_2022,GEMN-0096_PHK76_0013/LH244,7.7056956
TXH2_2022,GEMN-0096_PHK76_0016/LH244,7.60638
TXH2_2022,GEMN-0096_PHN46_0001/LH244,7.362502
TXH2_2022,GEMN-0096_PHN46_0002/LH244,7.20463
TXH2_2022,GEMN-0096_PHN46_0003/LH244,7.3390307
TXH2_2022,GEMN-0096_PHN46_0004/LH244,7.358215
TXH2_2022,GEMN-0096_PHN46_0005/LH244,7.8043175
TXH2_2022,GEMN-0096_PHN46_0007/LH244,7.522744
TXH2_2022,GEMN-0096_PHN46_0010/LH244,7.7613096
TXH2_2022,GEMN-0096_PHN46_0012/LH244,7.4621477
TXH2_2022,GEMN-0096_PHN46_0013/LH244,7.3956814
TXH2_2022,GEMN-0096_PHN46_0014/LH244,7.1987414
TXH2_2022,GEMN-0096_PHN46_0020/LH244,7.5703773
TXH2_2022,GEMN-0096_PHP02_0001/LH244,7.5070863
TXH2_2022,GEMN-0096_PHP02_0003/LH244,7.2313514
TXH2_2022,GEMN-0096_PHP02_0005/LH244,7.817149
TXH2_2022,GEMN-0096_PHP02_0006/LH244,7.659308
TXH2_2022,GEMN-0096_PHP02_0007/LH244,7.3881326
TXH2_2022,GEMN-0096_PHP02_0011/LH244,7.7007647
TXH2_2022,GEMN-0096_PHP02_0012/LH244,7.628505
TXH2_2022,GEMN-0096_PHP02_0016/LH244,7.556438
TXH2_2022,GEMN-0096_PHP02_0025/LH244,7.4698024
TXH2_2022,GEMN-0096_PHP02_0030/LH244,7.567732
TXH2_2022,GEMN-0097/LH244,7.8078895
TXH2_2022,GEMN-0097_LH212HT_0004/LH244,7.8737984
TXH2_2022,GEMN-0097_LH212HT_0019/LH244,7.876321
TXH2_2022,GEMN-0097_LH212HT_0020/LH244,7.851768
TXH2_2022,GEMN-0097_LH212HT_0026/LH244,7.6128225
TXH2_2022,GEMN-0097_LH212HT_0032/LH244,7.8496532
TXH2_2022,GEMN-0097_LH212HT_0047/LH244,7.9621587
TXH2_2022,GEMN-0097_LH212HT_0054/LH244,7.8150253
TXH2_2022,GEMN-0097_LH212HT_0058/LH244,7.7843137
TXH2_2022,GEMN-0097_LH212HT_0062/LH244,7.8594217
TXH2_2022,GEMN-0097_LH212HT_0069/LH244,7.864752
TXH2_2022,GEMN-0097_LH212HT_0085/LH244,7.8686104
TXH2_2022,GEMN-0097_PHJ89_0001/LH244,7.3669047
TXH2_2022,GEMN-0097_PHJ89_0002/LH244,7.7165713
TXH2_2022,GEMN-0097_PHJ89_0003/LH244,7.36966
TXH2_2022,GEMN-0097_PHJ89_0005/LH244,7.499277
TXH2_2022,GEMN-0097_PHJ89_0006/LH244,7.62085
TXH2_2022,GEMN-0097_PHJ89_0007/LH244,7.5633903
TXH2_2022,GEMN-0097_PHJ89_0008/LH244,7.362691
TXH2_2022,GEMN-0097_PHJ89_0010/LH244,7.6918116
TXH2_2022,GEMN-0097_PHJ89_0011/LH244,7.4201317
TXH2_2022,GEMN-0097_PHJ89_0012/LH244,7.460365
TXH2_2022,GEMN-0097_PHJ89_0013/LH244,7.828853
TXH2_2022,GEMN-0097_PHJ89_0016/LH244,7.6088095
TXH2_2022,GEMN-0097_PHJ89_0020/LH244,7.748746
TXH2_2022,GEMN-0097_PHJ89_0025/LH244,7.827379
TXH2_2022,GEMN-0097_PHJ89_0026/LH244,7.6187973
TXH2_2022,GEMN-0097_PHJ89_0027/LH244,7.607328
TXH2_2022,GEMN-0097_PHJ89_0028/LH244,7.549438
TXH2_2022,GEMN-0097_PHJ89_0029/LH244,7.551088
TXH2_2022,GEMN-0097_PHJ89_0036/LH244,7.688553
TXH2_2022,GEMN-0097_PHJ89_0039/LH244,7.5289674
TXH2_2022,GEMN-0097_PHK76_0003/LH244,7.369763
TXH2_2022,GEMN-0097_PHK76_0007/LH244,7.606761
TXH2_2022,GEMN-0097_PHK76_0009/LH244,7.491474
TXH2_2022,GEMN-0097_PHK76_0014/LH244,7.607288
TXH2_2022,GEMN-0097_PHK76_0015/LH244,7.740779
TXH2_2022,GEMN-0097_PHK76_0018/LH244,7.6183457
TXH2_2022,GEMN-0097_PHK76_0021/LH244,7.3576207
TXH2_2022,GEMN-0097_PHK76_0038/LH244,7.7808948
TXH2_2022,GEMN-0097_PHK76_0041/LH244,7.799233
TXH2_2022,GEMN-0097_PHK76_0048/LH244,7.7711167
TXH2_2022,GEMN-0097_PHK76_0053/LH244,7.4551663
TXH2_2022,GEMN-0097_PHK76_0055/LH244,7.8208113
TXH2_2022,GEMN-0097_PHK76_0060/LH244,7.817101
TXH2_2022,GEMN-0097_PHN46_0001/LH244,7.717915
TXH2_2022,GEMN-0097_PHN46_0003/LH244,7.469395
TXH2_2022,GEMN-0097_PHN46_0004/LH244,7.509702
TXH2_2022,GEMN-0097_PHN46_0005/LH244,7.3560486
TXH2_2022,GEMN-0097_PHN46_0008/LH244,7.461365
TXH2_2022,GEMN-0097_PHN46_0011/LH244,7.575888
TXH2_2022,GEMN-0097_PHN46_0014/LH244,7.4431424
TXH2_2022,GEMN-0097_PHN46_0018/LH244,7.543033
TXH2_2022,GEMN-0097_PHP02_0002/LH244,7.194015
TXH2_2022,GEMN-0097_PHP02_0003/LH244,7.524822
TXH2_2022,GEMN-0097_PHP02_0005/LH244,7.702222
TXH2_2022,GEMN-0097_PHP02_0006/LH244,7.575937
TXH2_2022,GEMN-0097_PHP02_0007/LH244,7.1981187
TXH2_2022,GEMN-0098/LH244,7.7565846
TXH2_2022,GEMN-0124/LH244,7.6126614
TXH2_2022,GEMN-0144/LH244,7.3427095
TXH2_2022,GEMN-0157/LH244,7.475688
TXH2_2022,GEMN-0177/LH244,7.8583097
TXH2_2022,GEMN-0178/LH244,7.853408
TXH2_2022,GEMN-0187/LH244,7.6073356
TXH2_2022,GEMN-0192/LH244,7.4270096
TXH2_2022,GEMN-0192_LH212HT_0001/LH244,7.743619
TXH2_2022,GEMN-0192_LH212HT_0006/LH244,7.444737
TXH2_2022,GEMN-0192_LH212HT_0011/LH244,7.297286
TXH2_2022,GEMN-0192_LH212HT_0012/LH244,7.3809547
TXH2_2022,GEMN-0192_LH212HT_0013/LH244,7.489827
TXH2_2022,GEMN-0192_LH212HT_0014/LH244,7.629429
TXH2_2022,GEMN-0192_LH212HT_0018/LH244,7.843979
TXH2_2022,GEMN-0192_LH212HT_0021/LH244,7.715568
TXH2_2022,GEMN-0192_LH212HT_0023/LH244,7.817019
TXH2_2022,GEMN-0192_PHJ89_0001/LH244,7.584905
TXH2_2022,GEMN-0192_PHJ89_0002/LH244,7.591046
TXH2_2022,GEMN-0192_PHK76_0002/LH244,7.816076
TXH2_2022,GEMN-0192_PHK76_0004/LH244,7.689996
TXH2_2022,GEMN-0192_PHK76_0005/LH244,7.520923
TXH2_2022,GEMN-0192_PHK76_0006/LH244,7.6945653
TXH2_2022,GEMN-0192_PHK76_0007/LH244,7.496701
TXH2_2022,GEMN-0192_PHK76_0008/LH244,7.569205
TXH2_2022,GEMN-0192_PHK76_0009/LH244,7.604305
TXH2_2022,GEMN-0192_PHK76_0010/LH244,7.619761
TXH2_2022,GEMN-0192_PHK76_0011/LH244,7.6534967
TXH2_2022,GEMN-0192_PHK76_0012/LH244,7.588249
TXH2_2022,GEMN-0192_PHK76_0013/LH244,7.526499
TXH2_2022,GEMN-0192_PHK76_0014/LH244,7.7755957
TXH2_2022,GEMN-0192_PHK76_0015/LH244,7.869659
TXH2_2022,GEMN-0192_PHK76_0016/LH244,7.633435
TXH2_2022,GEMN-0192_PHK76_0019/LH244,7.688297
TXH2_2022,GEMN-0192_PHK76_0021/LH244,7.4209347
TXH2_2022,GEMN-0192_PHK76_0025/LH244,7.440314
TXH2_2022,GEMN-0192_PHK76_0028/LH244,7.700105
TXH2_2022,GEMN-0192_PHK76_0030/LH244,7.7029405
TXH2_2022,GEMN-0192_PHK76_0032/LH244,7.5141644
TXH2_2022,GEMN-0192_PHK76_0033/LH244,7.7713675
TXH2_2022,GEMN-0192_PHK76_0035/LH244,7.380768
TXH2_2022,GEMN-0192_PHK76_0036/LH244,7.4253206
TXH2_2022,GEMN-0192_PHK76_0044/LH244,7.6441255
TXH2_2022,GEMN-0192_PHK76_0045/LH244,7.461474
TXH2_2022,GEMN-0192_PHN46_0002/LH244,7.564548
TXH2_2022,GEMN-0192_PHN46_0003/LH244,7.464063
TXH2_2022,GEMN-0192_PHN46_0004/LH244,7.468453
TXH2_2022,GEMN-0192_PHN46_0005/LH244,7.1228714
TXH2_2022,GEMN-0192_PHN46_0006/LH244,7.7391744
TXH2_2022,GEMN-0192_PHN46_0008/LH244,7.629497
TXH2_2022,GEMN-0192_PHN46_0009/LH244,7.6094556
TXH2_2022,GEMN-0192_PHN46_0010/LH244,7.38857
TXH2_2022,GEMN-0192_PHN46_0011/LH244,7.5330114
TXH2_2022,GEMN-0192_PHN46_0012/LH244,7.2539887
TXH2_2022,GEMN-0192_PHN46_0014/LH244,7.127533
TXH2_2022,GEMN-0192_PHN46_0015/LH244,7.7504845
TXH2_2022,GEMN-0192_PHN46_0025/LH244,7.17853
TXH2_2022,GEMN-0192_PHP02_0001/LH244,7.5102477
TXH2_2022,GEMN-0192_PHP02_0003/LH244,7.578288
TXH2_2022,GEMN-0225/LH244,7.8334036
TXH2_2022,GEMN-0225_LH212HT_0002/LH244,7.8625975
TXH2_2022,GEMN-0225_LH212HT_0005/LH244,7.8704805
TXH2_2022,GEMN-0225_LH212HT_0008/LH244,7.7211833
TXH2_2022,GEMN-0225_LH212HT_0015/LH244,7.8839993
TXH2_2022,GEMN-0225_LH212HT_0017/LH244,7.752779
TXH2_2022,GEMN-0225_LH212HT_0024/LH244,7.623626
TXH2_2022,GEMN-0225_LH212HT_0029/LH244,7.9586444
TXH2_2022,GEMN-0225_LH212HT_0036/LH244,7.887727
TXH2_2022,GEMN-0225_LH212HT_0043/LH244,7.3883295
TXH2_2022,GEMN-0225_PHJ89_0001/LH244,7.6160717
TXH2_2022,GEMN-0225_PHJ89_0002/LH244,7.882251
TXH2_2022,GEMN-0225_PHJ89_0003/LH244,7.6273437
TXH2_2022,GEMN-0225_PHJ89_0004/LH244,7.665534
TXH2_2022,GEMN-0225_PHJ89_0005/LH244,7.6233163
TXH2_2022,GEMN-0225_PHJ89_0006/LH244,7.671887
TXH2_2022,GEMN-0225_PHJ89_0008/LH244,7.639
TXH2_2022,GEMN-0225_PHJ89_0013/LH244,7.8236337
TXH2_2022,GEMN-0225_PHJ89_0015/LH244,7.614594
TXH2_2022,GEMN-0225_PHJ89_0016/LH244,7.6302524
TXH2_2022,GEMN-0225_PHJ89_0017/LH244,7.4284134
TXH2_2022,GEMN-0225_PHJ89_0020/LH244,7.865185
TXH2_2022,GEMN-0225_PHJ89_0021/LH244,7.729354
TXH2_2022,GEMN-0225_PHJ89_0022/LH244,7.5395007
TXH2_2022,GEMN-0225_PHJ89_0026/LH244,7.3671856
TXH2_2022,GEMN-0225_PHJ89_0032/LH244,7.754229
TXH2_2022,GEMN-0225_PHK76_0002/LH244,7.787107
TXH2_2022,GEMN-0225_PHK76_0003/LH244,7.859423
TXH2_2022,GEMN-0225_PHK76_0004/LH244,7.9372506
TXH2_2022,GEMN-0225_PHK76_0005/LH244,7.653837
TXH2_2022,GEMN-0225_PHK76_0007/LH244,7.9248476
TXH2_2022,GEMN-0225_PHK76_0008/LH244,7.894525
TXH2_2022,GEMN-0225_PHK76_0012/LH244,7.907561
TXH2_2022,GEMN-0225_PHK76_0014/LH244,7.9273505
TXH2_2022,GEMN-0225_PHK76_0018/LH244,7.862911
TXH2_2022,GEMN-0225_PHK76_0019/LH244,7.7078094
TXH2_2022,GEMN-0225_PHK76_0021/LH244,7.8866696
TXH2_2022,GEMN-0225_PHK76_0022/LH244,7.5975943
TXH2_2022,GEMN-0225_PHK76_0028/LH244,7.884048
TXH2_2022,GEMN-0225_PHK76_0031/LH244,7.42796
TXH2_2022,GEMN-0225_PHN46_0001/LH244,7.9193177
TXH2_2022,GEMN-0225_PHN46_0003/LH244,7.881462
TXH2_2022,GEMN-0225_PHN46_0005/LH244,7.3263526
TXH2_2022,GEMN-0225_PHN46_0006/LH244,7.684841
TXH2_2022,GEMN-0225_PHN46_0021/LH244,7.835917
TXH2_2022,GEMN-0225_PHP02_0001/LH244,7.718533
TXH2_2022,GEMN-0225_PHP02_0002/LH244,7.6650815
TXH2_2022,GEMN-0225_PHP02_0003/LH244,7.603342
TXH2_2022,GEMN-0225_PHP02_0005/LH244,7.459678
TXH2_2022,GEMN-0225_PHP02_0006/LH244,7.7025127
TXH2_2022,GEMN-0225_PHP02_0008/LH244,7.431206
TXH2_2022,GEMN-0225_PHP02_0009/LH244,7.8000555
TXH2_2022,GEMN-0225_PHP02_0010/LH244,7.484627
TXH2_2022,GEMN-0225_PHP02_0013/LH244,7.6565666
TXH2_2022,GEMN-0225_PHP02_0014/LH244,7.635278
TXH2_2022,GEMN-0225_PHP02_0015/LH244,7.5478477
TXH2_2022,GEMN-0225_PHP02_0017/LH244,7.4326167
TXH2_2022,GEMN-0238/LH244,7.832025
TXH2_2022,GEMN-0271/LH244,7.073745
TXH2_2022,GEMN-0287/LH244,7.851587
TXH2_2022,LH195/PHZ51,6.802601
TXH2_2022,LH216/LH244,7.676134
TXH2_2022,LH244/PHK76,7.89028
TXH2_2022,LH244/PHZ51,7.362491
TXH2_2022,LH283/LH244,6.9356055
TXH2_2022,LH287/LH244,7.8588214
TXH2_2022,LH82/LH244,6.9181604
TXH2_2022,M162W/LH244,6.7063894
TXH2_2022,MBUB/LH244,7.4370823
TXH2_2022,MM501D/LH244,7.7610545
TXH2_2022,MO17_PHW30-008-(2N)-01/LH244,7.726737
TXH2_2022,MO17_PHW30-200-(2N)-02/LH244,7.8481026
TXH2_2022,MO17_PHW30-309-(2N)-01/LH244,7.76968
TXH2_2022,MO44_LH145_0127/LH244,7.411225
TXH2_2022,MO44_LH145_0138/LH244,7.220089
TXH2_2022,MO44_PHG47_0072/LH244,7.0086694
TXH2_2022,MO44_PHG47_0125/LH244,7.700464
TXH2_2022,MO44_PHW65_0025/LH244,8.031113
TXH2_2022,MO44_PHW65_0035/LH244,7.9581513
TXH2_2022,MOG/LH244,7.5328417
TXH2_2022,NC358/LH244,7.3017654
TXH2_2022,NC528/LH244,7.2181144
TXH2_2022,NKH8431/LH244,7.518578
TXH2_2022,OH43/LH244,7.379308
TXH2_2022,PH207/LH244,7.4761286
TXH2_2022,PH24E/LH244,7.947054
TXH2_2022,PHAP9/LH244,7.865307
TXH2_2022,PHB47/LH244,6.5431786
TXH2_2022,PHB47/PHN82,7.6826773
TXH2_2022,PHB47/PHZ51,6.7452087
TXH2_2022,PHG29/PHG47,6.5984125
TXH2_2022,PHG39/PHN82,7.7493334
TXH2_2022,PHG47/LH244,7.4487348
TXH2_2022,PHJ40/PHAJ0,5.8491774
TXH2_2022,PHJ89/LH244,7.581332
TXH2_2022,PHJ90/LH244,7.9059353
TXH2_2022,PHK56/LH244,7.961869
TXH2_2022,PHKE6/LH244,7.5044713
TXH2_2022,PHN11/LH244,7.856749
TXH2_2022,PHN11_LH145_0005/LH244,6.661602
TXH2_2022,PHN11_LH145_0028/LH244,6.859832
TXH2_2022,PHN11_LH145_0085/LH244,6.7376714
TXH2_2022,PHN11_OH43_0075/LH244,7.2117043
TXH2_2022,PHN11_OH43_0088/LH244,7.5158734
TXH2_2022,PHN11_PHG47_0251/LH244,7.4682813
TXH2_2022,PHN11_PHG47_0287/LH244,7.1493807
TXH2_2022,PHN11_PHW65_0312/LH244,7.9365635
TXH2_2022,PHN11_PHW65_0323/LH244,8.036618
TXH2_2022,PHN11_PHW65_0359/LH244,8.034329
TXH2_2022,PHN46/LH244,7.1523395
TXH2_2022,PHP02/LH244,8.034344
TXH2_2022,PHP55/LH244,7.626451
TXH2_2022,PHR03/LH244,7.8409963
TXH2_2022,PHRE1/PHTD5,6.5005445
TXH2_2022,PHW30/LH244,7.5961847
TXH2_2022,PHW30_MO17-032-(2N)-01/LH244,7.1187477
TXH2_2022,PHW30_MO17-095-(2N)-01/LH244,7.7036715
TXH2_2022,PHW30_MO17-129-(2N)-01/LH244,7.5094185
TXH2_2022,PHW30_MO17-178-(2N)-01/LH244,7.8345504
TXH2_2022,PHW30_MO17-234-(2N)-02/LH244,7.8590875
TXH2_2022,PHW52/PHM49,7.791078
TXH2_2022,PHW65_MOG_0137/LH244,7.980994
TXH2_2022,PHW65_MOG_0176/LH244,7.9470897
TXH2_2022,PHW65_MOG_0271/LH244,7.8785315
TXH2_2022,TX777/LH195,6.913206
TXH2_2022,TX779/LH195,7.288875
TXH2_2022,W10001_0003/LH244,6.7844
TXH2_2022,W10001_0007/LH244,6.9919662
TXH2_2022,W10001_0009/LH244,6.614094
TXH2_2022,W10001_0012/LH244,6.641303
TXH2_2022,W10001_0013/LH244,7.128498
TXH2_2022,W10001_0014/LH244,6.759348
TXH2_2022,W10001_0016/LH244,6.9498844
TXH2_2022,W10001_0017/LH244,7.061606
TXH2_2022,W10001_0019/LH244,6.7178044
TXH2_2022,W10001_0021/LH244,6.464728
TXH2_2022,W10001_0022/LH244,7.1219516
TXH2_2022,W10001_0031/LH244,7.0306883
TXH2_2022,W10001_0040/LH244,6.776408
TXH2_2022,W10001_0047/LH244,7.0620074
TXH2_2022,W10005_0029/LH244,7.7779703
TXH2_2022,W10005_0107/LH244,7.4175878
TXH2_2022,W10005_0111/LH244,6.9035487
TXH2_2022,W10005_0147/LH244,7.5487857
TXH2_2022,W10005_0220/LH244,7.8293405
TXH2_2022,W10010_0118/LH244,7.7454653
TXH2_2022,W10010_0124/LH244,7.552545
TXH2_2022,W10010_0148/LH244,7.565445
TXH2_2022,W10010_0170/LH244,7.4225774
TXH2_2022,W10010_0189/LH244,7.85469
TXH2_2022,W10010_0279/LH244,7.833482
TXH2_2022,W10010_0294/LH244,7.8510976
TXH2_2022,W10010_0311/LH244,7.820358
TXH2_2022,W10010_0337/LH244,7.8991446
TXH2_2022,W10010_0346/LH244,7.8436503
TXH2_2022,W10010_0358/LH244,7.682886
TXH3_2022,B14A/OH43,6.1751304
TXH3_2022,B37/H95,6.099109
TXH3_2022,B73/MO17,6.8841023
TXH3_2022,B73/PHK76,6.7501473
TXH3_2022,B73/PHN82,7.026473
TXH3_2022,B73/PHZ51,6.311958
TXH3_2022,B73/TX779,6.072052
TXH3_2022,B97/LH244,6.514488
TXH3_2022,BGEM-0039-N/LH244,6.182549
TXH3_2022,BGEM-0063-N/LH244,6.092312
TXH3_2022,BGEM-0089-N/LH244,6.343051
TXH3_2022,BGEM-0124-N/LH244,6.0471754
TXH3_2022,BGEM-0129-N/LH244,6.2003255
TXH3_2022,CG119/CG108,5.3508916
TXH3_2022,CG44/CGR01,5.804051
TXH3_2022,DK3IIH6/LH244,6.4396167
TXH3_2022,DK78010/LH244,6.1792297
TXH3_2022,GEMN-0096/LH244,6.5903444
TXH3_2022,GEMN-0096_LH212HT_0001/LH244,6.731764
TXH3_2022,GEMN-0096_LH212HT_0004/LH244,6.9617195
TXH3_2022,GEMN-0096_LH212HT_0005/LH244,6.9447746
TXH3_2022,GEMN-0096_LH212HT_0006/LH244,6.9510245
TXH3_2022,GEMN-0096_LH212HT_0009/LH244,6.9463143
TXH3_2022,GEMN-0096_LH212HT_0012/LH244,6.743391
TXH3_2022,GEMN-0096_LH212HT_0013/LH244,6.890668
TXH3_2022,GEMN-0096_LH212HT_0017/LH244,6.9332633
TXH3_2022,GEMN-0096_PHJ89_0001/LH244,6.9090166
TXH3_2022,GEMN-0096_PHJ89_0002/LH244,6.5539823
TXH3_2022,GEMN-0096_PHJ89_0006/LH244,6.79711
TXH3_2022,GEMN-0096_PHJ89_0007/LH244,6.723122
TXH3_2022,GEMN-0096_PHJ89_0009/LH244,6.606359
TXH3_2022,GEMN-0096_PHJ89_0010/LH244,6.7339387
TXH3_2022,GEMN-0096_PHJ89_0011/LH244,6.7042885
TXH3_2022,GEMN-0096_PHJ89_0012/LH244,6.568126
TXH3_2022,GEMN-0096_PHJ89_0013/LH244,6.6271152
TXH3_2022,GEMN-0096_PHJ89_0014/LH244,6.850933
TXH3_2022,GEMN-0096_PHJ89_0016/LH244,6.566823
TXH3_2022,GEMN-0096_PHK76_0001/LH244,6.9167385
TXH3_2022,GEMN-0096_PHK76_0002/LH244,6.9196315
TXH3_2022,GEMN-0096_PHK76_0003/LH244,6.8773384
TXH3_2022,GEMN-0096_PHK76_0004/LH244,6.824278
TXH3_2022,GEMN-0096_PHK76_0006/LH244,6.9373326
TXH3_2022,GEMN-0096_PHK76_0007/LH244,6.873743
TXH3_2022,GEMN-0096_PHK76_0013/LH244,6.8778505
TXH3_2022,GEMN-0096_PHK76_0016/LH244,6.795366
TXH3_2022,GEMN-0096_PHN46_0001/LH244,6.5563912
TXH3_2022,GEMN-0096_PHN46_0002/LH244,6.4082417
TXH3_2022,GEMN-0096_PHN46_0003/LH244,6.535372
TXH3_2022,GEMN-0096_PHN46_0004/LH244,6.5520034
TXH3_2022,GEMN-0096_PHN46_0007/LH244,6.711667
TXH3_2022,GEMN-0096_PHN46_0010/LH244,6.9251924
TXH3_2022,GEMN-0096_PHN46_0012/LH244,6.65262
TXH3_2022,GEMN-0096_PHN46_0013/LH244,6.5882006
TXH3_2022,GEMN-0096_PHN46_0020/LH244,6.7583675
TXH3_2022,GEMN-0096_PHP02_0001/LH244,6.6981344
TXH3_2022,GEMN-0096_PHP02_0003/LH244,6.4331937
TXH3_2022,GEMN-0096_PHP02_0005/LH244,6.962841
TXH3_2022,GEMN-0096_PHP02_0006/LH244,6.845083
TXH3_2022,GEMN-0096_PHP02_0007/LH244,6.582936
TXH3_2022,GEMN-0096_PHP02_0011/LH244,6.8807364
TXH3_2022,GEMN-0096_PHP02_0012/LH244,6.8145494
TXH3_2022,GEMN-0096_PHP02_0016/LH244,6.7460747
TXH3_2022,GEMN-0096_PHP02_0025/LH244,6.6619487
TXH3_2022,GEMN-0096_PHP02_0030/LH244,6.75608
TXH3_2022,GEMN-0097/LH244,6.9576983
TXH3_2022,GEMN-0097_LH212HT_0004/LH244,7.003832
TXH3_2022,GEMN-0097_LH212HT_0019/LH244,6.9852796
TXH3_2022,GEMN-0097_LH212HT_0020/LH244,6.968119
TXH3_2022,GEMN-0097_LH212HT_0026/LH244,6.799804
TXH3_2022,GEMN-0097_LH212HT_0032/LH244,6.974039
TXH3_2022,GEMN-0097_LH212HT_0047/LH244,7.073825
TXH3_2022,GEMN-0097_LH212HT_0054/LH244,6.9588823
TXH3_2022,GEMN-0097_LH212HT_0058/LH244,6.9393044
TXH3_2022,GEMN-0097_LH212HT_0062/LH244,6.99518
TXH3_2022,GEMN-0097_LH212HT_0069/LH244,6.9942
TXH3_2022,GEMN-0097_LH212HT_0085/LH244,6.9949694
TXH3_2022,GEMN-0097_PHJ89_0001/LH244,6.561336
TXH3_2022,GEMN-0097_PHJ89_0002/LH244,6.884014
TXH3_2022,GEMN-0097_PHJ89_0003/LH244,6.5643716
TXH3_2022,GEMN-0097_PHJ89_0005/LH244,6.6875396
TXH3_2022,GEMN-0097_PHJ89_0006/LH244,6.809335
TXH3_2022,GEMN-0097_PHJ89_0007/LH244,6.75166
TXH3_2022,GEMN-0097_PHJ89_0008/LH244,6.5573535
TXH3_2022,GEMN-0097_PHJ89_0010/LH244,6.876843
TXH3_2022,GEMN-0097_PHJ89_0011/LH244,6.612698
TXH3_2022,GEMN-0097_PHJ89_0012/LH244,6.6529517
TXH3_2022,GEMN-0097_PHJ89_0013/LH244,6.9711494
TXH3_2022,GEMN-0097_PHJ89_0016/LH244,6.794871
TXH3_2022,GEMN-0097_PHJ89_0020/LH244,6.9039984
TXH3_2022,GEMN-0097_PHJ89_0025/LH244,6.9577193
TXH3_2022,GEMN-0097_PHJ89_0026/LH244,6.807156
TXH3_2022,GEMN-0097_PHJ89_0027/LH244,6.795451
TXH3_2022,GEMN-0097_PHJ89_0028/LH244,6.7395797
TXH3_2022,GEMN-0097_PHJ89_0029/LH244,6.7402577
TXH3_2022,GEMN-0097_PHJ89_0036/LH244,6.8733244
TXH3_2022,GEMN-0097_PHJ89_0039/LH244,6.719708
TXH3_2022,GEMN-0097_PHK76_0003/LH244,6.5638328
TXH3_2022,GEMN-0097_PHK76_0007/LH244,6.7944016
TXH3_2022,GEMN-0097_PHK76_0009/LH244,6.6836
TXH3_2022,GEMN-0097_PHK76_0011/LH244,7.021844
TXH3_2022,GEMN-0097_PHK76_0014/LH244,6.7955427
TXH3_2022,GEMN-0097_PHK76_0015/LH244,6.906021
TXH3_2022,GEMN-0097_PHK76_0018/LH244,6.8066936
TXH3_2022,GEMN-0097_PHK76_0021/LH244,6.552753
TXH3_2022,GEMN-0097_PHK76_0037/LH244,7.0334888
TXH3_2022,GEMN-0097_PHK76_0038/LH244,6.9246426
TXH3_2022,GEMN-0097_PHK76_0039/LH244,6.4652295
TXH3_2022,GEMN-0097_PHK76_0041/LH244,6.9424157
TXH3_2022,GEMN-0097_PHK76_0048/LH244,6.906286
TXH3_2022,GEMN-0097_PHK76_0053/LH244,6.645168
TXH3_2022,GEMN-0097_PHK76_0055/LH244,6.9593234
TXH3_2022,GEMN-0097_PHK76_0060/LH244,6.9582715
TXH3_2022,GEMN-0097_PHN46_0001/LH244,6.896712
TXH3_2022,GEMN-0097_PHN46_0003/LH244,6.6601305
TXH3_2022,GEMN-0097_PHN46_0004/LH244,6.6997757
TXH3_2022,GEMN-0097_PHN46_0005/LH244,6.5509515
TXH3_2022,GEMN-0097_PHN46_0008/LH244,6.651987
TXH3_2022,GEMN-0097_PHN46_0011/LH244,6.763329
TXH3_2022,GEMN-0097_PHN46_0014/LH244,6.6340413
TXH3_2022,GEMN-0097_PHN46_0018/LH244,6.7294216
TXH3_2022,GEMN-0097_PHP02_0002/LH244,6.398671
TXH3_2022,GEMN-0097_PHP02_0003/LH244,6.7138896
TXH3_2022,GEMN-0097_PHP02_0005/LH244,6.8827186
TXH3_2022,GEMN-0097_PHP02_0006/LH244,6.764395
TXH3_2022,GEMN-0097_PHP02_0007/LH244,6.4023933
TXH3_2022,GEMN-0098/LH244,6.915466
TXH3_2022,GEMN-0124/LH244,6.800228
TXH3_2022,GEMN-0144/LH244,6.538616
TXH3_2022,GEMN-0157/LH244,6.6682754
TXH3_2022,GEMN-0177/LH244,6.999279
TXH3_2022,GEMN-0178/LH244,6.9880166
TXH3_2022,GEMN-0187/LH244,6.796014
TXH3_2022,GEMN-0192/LH244,6.620696
TXH3_2022,GEMN-0192_LH212HT_0001/LH244,6.888126
TXH3_2022,GEMN-0192_LH212HT_0006/LH244,6.6393795
TXH3_2022,GEMN-0192_LH212HT_0010/LH244,6.5541515
TXH3_2022,GEMN-0192_LH212HT_0011/LH244,6.4975324
TXH3_2022,GEMN-0192_LH212HT_0012/LH244,6.5765176
TXH3_2022,GEMN-0192_LH212HT_0013/LH244,6.682763
TXH3_2022,GEMN-0192_LH212HT_0018/LH244,6.9483185
TXH3_2022,GEMN-0192_LH212HT_0021/LH244,6.849869
TXH3_2022,GEMN-0192_LH212HT_0023/LH244,6.943114
TXH3_2022,GEMN-0192_PHJ89_0001/LH244,6.774128
TXH3_2022,GEMN-0192_PHJ89_0002/LH244,6.7782903
TXH3_2022,GEMN-0192_PHK76_0002/LH244,6.9413133
TXH3_2022,GEMN-0192_PHK76_0004/LH244,6.8677597
TXH3_2022,GEMN-0192_PHK76_0005/LH244,6.711233
TXH3_2022,GEMN-0192_PHK76_0006/LH244,6.8759265
TXH3_2022,GEMN-0192_PHK76_0007/LH244,6.686692
TXH3_2022,GEMN-0192_PHK76_0008/LH244,6.757757
TXH3_2022,GEMN-0192_PHK76_0009/LH244,6.7916775
TXH3_2022,GEMN-0192_PHK76_0010/LH244,6.8074727
TXH3_2022,GEMN-0192_PHK76_0011/LH244,6.840284
TXH3_2022,GEMN-0192_PHK76_0012/LH244,6.7761636
TXH3_2022,GEMN-0192_PHK76_0013/LH244,6.7183113
TXH3_2022,GEMN-0192_PHK76_0014/LH244,6.9330735
TXH3_2022,GEMN-0192_PHK76_0015/LH244,6.991907
TXH3_2022,GEMN-0192_PHK76_0016/LH244,6.8189607
TXH3_2022,GEMN-0192_PHK76_0019/LH244,6.870283
TXH3_2022,GEMN-0192_PHK76_0021/LH244,6.6133666
TXH3_2022,GEMN-0192_PHK76_0028/LH244,6.8792615
TXH3_2022,GEMN-0192_PHK76_0030/LH244,6.8696427
TXH3_2022,GEMN-0192_PHK76_0033/LH244,6.921524
TXH3_2022,GEMN-0192_PHK76_0036/LH244,6.619805
TXH3_2022,GEMN-0192_PHK76_0044/LH244,6.830395
TXH3_2022,GEMN-0192_PHK76_0045/LH244,6.6526694
TXH3_2022,GEMN-0192_PHN46_0002/LH244,6.751611
TXH3_2022,GEMN-0192_PHN46_0004/LH244,6.6579404
TXH3_2022,GEMN-0192_PHN46_0005/LH244,6.3336887
TXH3_2022,GEMN-0192_PHN46_0006/LH244,6.913319
TXH3_2022,GEMN-0192_PHN46_0008/LH244,6.8151712
TXH3_2022,GEMN-0192_PHN46_0009/LH244,6.795848
TXH3_2022,GEMN-0192_PHN46_0010/LH244,6.581975
TXH3_2022,GEMN-0192_PHN46_0011/LH244,6.7218366
TXH3_2022,GEMN-0192_PHN46_0014/LH244,6.338379
TXH3_2022,GEMN-0192_PHN46_0015/LH244,6.925385
TXH3_2022,GEMN-0192_PHN46_0025/LH244,6.385429
TXH3_2022,GEMN-0192_PHP02_0001/LH244,6.7006884
TXH3_2022,GEMN-0192_PHP02_0003/LH244,6.7663674
TXH3_2022,GEMN-0225/LH244,6.9633403
TXH3_2022,GEMN-0225_LH212HT_0002/LH244,6.9891405
TXH3_2022,GEMN-0225_LH212HT_0005/LH244,6.970358
TXH3_2022,GEMN-0225_LH212HT_0008/LH244,6.880988
TXH3_2022,GEMN-0225_LH212HT_0015/LH244,6.9998264
TXH3_2022,GEMN-0225_LH212HT_0017/LH244,6.8988023
TXH3_2022,GEMN-0225_LH212HT_0024/LH244,6.811141
TXH3_2022,GEMN-0225_LH212HT_0029/LH244,7.066911
TXH3_2022,GEMN-0225_LH212HT_0036/LH244,7.004656
TXH3_2022,GEMN-0225_LH212HT_0043/LH244,6.580782
TXH3_2022,GEMN-0225_PHJ89_0001/LH244,6.804703
TXH3_2022,GEMN-0225_PHJ89_0002/LH244,7.0115466
TXH3_2022,GEMN-0225_PHJ89_0003/LH244,6.8144193
TXH3_2022,GEMN-0225_PHJ89_0004/LH244,6.8516097
TXH3_2022,GEMN-0225_PHJ89_0005/LH244,6.809034
TXH3_2022,GEMN-0225_PHJ89_0008/LH244,6.8254924
TXH3_2022,GEMN-0225_PHJ89_0009/LH244,6.7033887
TXH3_2022,GEMN-0225_PHJ89_0013/LH244,6.950738
TXH3_2022,GEMN-0225_PHJ89_0015/LH244,6.8034472
TXH3_2022,GEMN-0225_PHJ89_0016/LH244,6.8176665
TXH3_2022,GEMN-0225_PHJ89_0017/LH244,6.621164
TXH3_2022,GEMN-0225_PHJ89_0020/LH244,6.9871354
TXH3_2022,GEMN-0225_PHJ89_0021/LH244,6.9064837
TXH3_2022,GEMN-0225_PHJ89_0022/LH244,6.7289042
TXH3_2022,GEMN-0225_PHJ89_0026/LH244,6.5627203
TXH3_2022,GEMN-0225_PHJ89_0032/LH244,6.9062953
TXH3_2022,GEMN-0225_PHK76_0002/LH244,6.9223433
TXH3_2022,GEMN-0225_PHK76_0003/LH244,6.970018
TXH3_2022,GEMN-0225_PHK76_0004/LH244,7.030811
TXH3_2022,GEMN-0225_PHK76_0005/LH244,6.840987
TXH3_2022,GEMN-0225_PHK76_0007/LH244,7.0258136
TXH3_2022,GEMN-0225_PHK76_0008/LH244,6.9938016
TXH3_2022,GEMN-0225_PHK76_0012/LH244,7.027384
TXH3_2022,GEMN-0225_PHK76_0013/LH244,6.9332733
TXH3_2022,GEMN-0225_PHK76_0014/LH244,7.041989
TXH3_2022,GEMN-0225_PHK76_0018/LH244,6.963934
TXH3_2022,GEMN-0225_PHK76_0019/LH244,6.87501
TXH3_2022,GEMN-0225_PHK76_0021/LH244,7.0177526
TXH3_2022,GEMN-0225_PHK76_0028/LH244,7.003765
TXH3_2022,GEMN-0225_PHK76_0031/LH244,6.622538
TXH3_2022,GEMN-0225_PHN46_0001/LH244,7.038501
TXH3_2022,GEMN-0225_PHN46_0003/LH244,7.0230393
TXH3_2022,GEMN-0225_PHN46_0005/LH244,6.522137
TXH3_2022,GEMN-0225_PHN46_0006/LH244,6.8692884
TXH3_2022,GEMN-0225_PHN46_0021/LH244,7.0046053
TXH3_2022,GEMN-0225_PHP02_0001/LH244,6.8980565
TXH3_2022,GEMN-0225_PHP02_0002/LH244,6.848482
TXH3_2022,GEMN-0225_PHP02_0003/LH244,6.7911787
TXH3_2022,GEMN-0225_PHP02_0005/LH244,6.649738
TXH3_2022,GEMN-0225_PHP02_0006/LH244,6.882275
TXH3_2022,GEMN-0225_PHP02_0008/LH244,6.6256547
TXH3_2022,GEMN-0225_PHP02_0009/LH244,6.9424095
TXH3_2022,GEMN-0225_PHP02_0010/LH244,6.676857
TXH3_2022,GEMN-0225_PHP02_0012/LH244,6.688454
TXH3_2022,GEMN-0225_PHP02_0013/LH244,6.841903
TXH3_2022,GEMN-0225_PHP02_0014/LH244,6.8218474
TXH3_2022,GEMN-0225_PHP02_0015/LH244,6.739004
TXH3_2022,GEMN-0225_PHP02_0017/LH244,6.62654
TXH3_2022,GEMN-0238/LH244,6.9534044
TXH3_2022,GEMN-0271/LH244,6.2876573
TXH3_2022,GEMN-0287/LH244,6.980776
TXH3_2022,LH145/LH82,5.3213654
TXH3_2022,LH195/MO17,6.9501486
TXH3_2022,LH195/PHK76,6.863789
TXH3_2022,LH195/PHN82,7.0070066
TXH3_2022,LH195/PHZ51,6.127672
TXH3_2022,LH216/LH244,6.860903
TXH3_2022,LH244/MO17,6.9361367
TXH3_2022,LH244/PHK76,7.016476
TXH3_2022,LH244/PHN82,7.09555
TXH3_2022,LH244/PHZ51,6.5559735
TXH3_2022,LH283/LH244,6.1619525
TXH3_2022,LH287/LH244,6.9830794
TXH3_2022,LH82/LH244,6.146147
TXH3_2022,M162W/LH244,6.004938
TXH3_2022,MBUB/LH244,6.6296515
TXH3_2022,MM501D/LH244,6.9060163
TXH3_2022,MO17_PHW30-008-(2N)-01/LH244,6.864964
TXH3_2022,MO17_PHW30-200-(2N)-02/LH244,6.9426546
TXH3_2022,MO17_PHW30-309-(2N)-01/LH244,6.8882327
TXH3_2022,MO44_LH145_0127/LH244,6.6041584
TXH3_2022,MO44_LH145_0138/LH244,6.4231467
TXH3_2022,MO44_PHG47_0072/LH244,6.2294035
TXH3_2022,MO44_PHG47_0125/LH244,6.8636127
TXH3_2022,MO44_PHW65_0025/LH244,7.162086
TXH3_2022,MO44_PHW65_0035/LH244,7.076412
TXH3_2022,MOG/LH244,6.720049
TXH3_2022,NC358/LH244,6.5000825
TXH3_2022,NC528/LH244,6.4204335
TXH3_2022,NKH8431/LH244,6.703998
TXH3_2022,OH43/LH244,6.573375
TXH3_2022,PH207/LH244,6.668602
TXH3_2022,PH24E/LH244,7.0454774
TXH3_2022,PHB47/LH244,5.923665
TXH3_2022,PHB47/MO17,6.201366
TXH3_2022,PHB47/PHK76,6.231822
TXH3_2022,PHB47/PHN82,6.8672733
TXH3_2022,PHB47/PHZ51,6.102844
TXH3_2022,PHG29/PHG47,5.9352975
TXH3_2022,PHG39/PHN82,6.885653
TXH3_2022,PHG47/LH244,6.6409464
TXH3_2022,PHJ40/PHAJ0,5.4025555
TXH3_2022,PHJ89/LH244,6.768125
TXH3_2022,PHJ89/PH207,6.0209637
TXH3_2022,PHJ90/LH244,7.026641
TXH3_2022,PHK56/LH244,7.0734286
TXH3_2022,PHKE6/LH244,6.695767
TXH3_2022,PHN11/LH244,6.9578185
TXH3_2022,PHN11_LH145_0005/LH244,5.969966
TXH3_2022,PHN11_LH145_0028/LH244,6.114919
TXH3_2022,PHN11_LH145_0085/LH244,6.024412
TXH3_2022,PHN11_OH43_0075/LH244,6.415479
TXH3_2022,PHN11_OH43_0088/LH244,6.706888
TXH3_2022,PHN11_PHG47_0251/LH244,6.6598725
TXH3_2022,PHN11_PHG47_0287/LH244,6.3567414
TXH3_2022,PHN11_PHW65_0312/LH244,7.043659
TXH3_2022,PHN11_PHW65_0323/LH244,7.159641
TXH3_2022,PHN11_PHW65_0359/LH244,7.163646
TXH3_2022,PHN46/LH244,6.3616157
TXH3_2022,PHP02/LH244,7.1248765
TXH3_2022,PHP55/LH244,6.8132696
TXH3_2022,PHR03/LH244,6.960943
TXH3_2022,PHRE1/PHTD5,5.850962
TXH3_2022,PHW30/LH244,6.7831335
TXH3_2022,PHW30_MO17-010-(2N)-01/LH244,6.6881313
TXH3_2022,PHW30_MO17-032-(2N)-01/LH244,6.3285007
TXH3_2022,PHW30_MO17-095-(2N)-01/LH244,6.8567877
TXH3_2022,PHW30_MO17-129-(2N)-01/LH244,6.701734
TXH3_2022,PHW30_MO17-178-(2N)-01/LH244,6.9403477
TXH3_2022,PHW30_MO17-234-(2N)-02/LH244,6.966595
TXH3_2022,PHW52/PHM49,6.9739757
TXH3_2022,PHW65_MOG_0137/LH244,7.136028
TXH3_2022,PHW65_MOG_0176/LH244,7.108524
TXH3_2022,PHW65_MOG_0271/LH244,7.0126715
TXH3_2022,TX714/PHZ51,6.3375797
TXH3_2022,TX777/LH195,6.1452165
TXH3_2022,TX779/LH195,6.486822
TXH3_2022,W10001_0003/LH244,6.05711
TXH3_2022,W10001_0007/LH244,6.2117333
TXH3_2022,W10001_0009/LH244,5.937411
TXH3_2022,W10001_0013/LH244,6.3381495
TXH3_2022,W10001_0014/LH244,6.0384274
TXH3_2022,W10001_0016/LH244,6.1783442
TXH3_2022,W10001_0017/LH244,6.2767916
TXH3_2022,W10001_0019/LH244,6.0105624
TXH3_2022,W10001_0021/LH244,5.8175445
TXH3_2022,W10001_0022/LH244,6.3326387
TXH3_2022,W10001_0023/LH244,6.48092
TXH3_2022,W10001_0031/LH244,6.2483773
TXH3_2022,W10001_0040/LH244,6.046692
TXH3_2022,W10001_0047/LH244,6.28671
TXH3_2022,W10005_0029/LH244,6.9149723
TXH3_2022,W10005_0107/LH244,6.6130676
TXH3_2022,W10005_0111/LH244,6.141886
TXH3_2022,W10005_0147/LH244,6.74054
TXH3_2022,W10005_0220/LH244,6.9422894
TXH3_2022,W10010_0084/LH244,6.577769
TXH3_2022,W10010_0093/LH244,6.7047057
TXH3_2022,W10010_0118/LH244,6.9130263
TXH3_2022,W10010_0124/LH244,6.7438107
TXH3_2022,W10010_0148/LH244,6.757106
TXH3_2022,W10010_0170/LH244,6.616783
TXH3_2022,W10010_0189/LH244,6.984166
TXH3_2022,W10010_0279/LH244,6.9616475
TXH3_2022,W10010_0294/LH244,6.9787283
TXH3_2022,W10010_0311/LH244,6.9549017
TXH3_2022,W10010_0337/LH244,7.0200057
TXH3_2022,W10010_0346/LH244,6.96712
TXH3_2022,W10010_0358/LH244,6.867853
WIH1_2022,B14A/OH43,10.262343
WIH1_2022,B37/H95,10.09118
WIH1_2022,B73/MO17,11.1752825
WIH1_2022,B73/PHN82,11.2046175
WIH1_2022,B73/TX779,9.982935
WIH1_2022,B97/LH244,10.829435
WIH1_2022,BGEM-0039-N/LH244,10.241405
WIH1_2022,BGEM-0063-N/LH244,10.074851
WIH1_2022,BGEM-0089-N/LH244,10.551511
WIH1_2022,BGEM-0124-N/LH244,9.946625
WIH1_2022,BGEM-0129-N/LH244,10.272983
WIH1_2022,CG119/CG108,8.219965
WIH1_2022,CG44/CGR01,9.36654
WIH1_2022,DK3IIH6/LH244,10.72309
WIH1_2022,DK78010/LH244,10.241577
WIH1_2022,GEMN-0096/LH244,10.938362
WIH1_2022,GEMN-0096_LH212HT_0001/LH244,11.134068
WIH1_2022,GEMN-0096_LH212HT_0002/LH244,11.204087
WIH1_2022,GEMN-0096_LH212HT_0003/LH244,11.194234
WIH1_2022,GEMN-0096_LH212HT_0004/LH244,11.20365
WIH1_2022,GEMN-0096_LH212HT_0005/LH244,11.2046995
WIH1_2022,GEMN-0096_LH212HT_0006/LH244,11.203976
WIH1_2022,GEMN-0096_LH212HT_0009/LH244,11.203924
WIH1_2022,GEMN-0096_LH212HT_0010/LH244,11.193334
WIH1_2022,GEMN-0096_LH212HT_0012/LH244,11.178052
WIH1_2022,GEMN-0096_LH212HT_0013/LH244,11.19736
WIH1_2022,GEMN-0096_LH212HT_0017/LH244,11.20073
WIH1_2022,GEMN-0096_LH212HT_0020/LH244,11.134875
WIH1_2022,GEMN-0096_LH212HT_0021/LH244,11.199901
WIH1_2022,GEMN-0096_PHJ89_0001/LH244,11.193515
WIH1_2022,GEMN-0096_PHJ89_0002/LH244,10.880558
WIH1_2022,GEMN-0096_PHJ89_0006/LH244,11.115327
WIH1_2022,GEMN-0096_PHJ89_0007/LH244,11.04404
WIH1_2022,GEMN-0096_PHJ89_0009/LH244,10.931937
WIH1_2022,GEMN-0096_PHJ89_0010/LH244,11.080026
WIH1_2022,GEMN-0096_PHJ89_0011/LH244,11.077537
WIH1_2022,GEMN-0096_PHJ89_0012/LH244,10.894968
WIH1_2022,GEMN-0096_PHJ89_0013/LH244,11.003445
WIH1_2022,GEMN-0096_PHJ89_0014/LH244,11.151637
WIH1_2022,GEMN-0096_PHJ89_0016/LH244,10.907282
WIH1_2022,GEMN-0096_PHJ89_0017/LH244,11.09839
WIH1_2022,GEMN-0096_PHK76_0001/LH244,11.204161
WIH1_2022,GEMN-0096_PHK76_0002/LH244,11.205875
WIH1_2022,GEMN-0096_PHK76_0003/LH244,11.208982
WIH1_2022,GEMN-0096_PHK76_0004/LH244,11.204001
WIH1_2022,GEMN-0096_PHK76_0006/LH244,11.206742
WIH1_2022,GEMN-0096_PHK76_0007/LH244,11.205138
WIH1_2022,GEMN-0096_PHK76_0008/LH244,11.203347
WIH1_2022,GEMN-0096_PHK76_0009/LH244,11.204996
WIH1_2022,GEMN-0096_PHK76_0010/LH244,11.201411
WIH1_2022,GEMN-0096_PHK76_0013/LH244,11.203001
WIH1_2022,GEMN-0096_PHK76_0015/LH244,11.203065
WIH1_2022,GEMN-0096_PHK76_0016/LH244,11.197294
WIH1_2022,GEMN-0096_PHN46_0001/LH244,10.875917
WIH1_2022,GEMN-0096_PHN46_0002/LH244,10.660372
WIH1_2022,GEMN-0096_PHN46_0003/LH244,10.885168
WIH1_2022,GEMN-0096_PHN46_0004/LH244,10.8691225
WIH1_2022,GEMN-0096_PHN46_0005/LH244,11.19418
WIH1_2022,GEMN-0096_PHN46_0007/LH244,11.051474
WIH1_2022,GEMN-0096_PHN46_0009/LH244,11.184906
WIH1_2022,GEMN-0096_PHN46_0010/LH244,11.207704
WIH1_2022,GEMN-0096_PHN46_0011/LH244,10.835598
WIH1_2022,GEMN-0096_PHN46_0012/LH244,11.012187
WIH1_2022,GEMN-0096_PHN46_0013/LH244,10.905153
WIH1_2022,GEMN-0096_PHN46_0014/LH244,10.663226
WIH1_2022,GEMN-0096_PHN46_0018/LH244,11.160753
WIH1_2022,GEMN-0096_PHN46_0020/LH244,11.148738
WIH1_2022,GEMN-0096_PHN46_0023/LH244,10.570616
WIH1_2022,GEMN-0096_PHP02_0001/LH244,11.089616
WIH1_2022,GEMN-0096_PHP02_0003/LH244,10.708098
WIH1_2022,GEMN-0096_PHP02_0005/LH244,11.205287
WIH1_2022,GEMN-0096_PHP02_0006/LH244,11.20147
WIH1_2022,GEMN-0096_PHP02_0007/LH244,10.93295
WIH1_2022,GEMN-0096_PHP02_0009/LH244,11.056233
WIH1_2022,GEMN-0096_PHP02_0011/LH244,11.202435
WIH1_2022,GEMN-0096_PHP02_0012/LH244,11.129472
WIH1_2022,GEMN-0096_PHP02_0015/LH244,10.794017
WIH1_2022,GEMN-0096_PHP02_0016/LH244,11.112585
WIH1_2022,GEMN-0096_PHP02_0017/LH244,10.810129
WIH1_2022,GEMN-0096_PHP02_0025/LH244,11.051724
WIH1_2022,GEMN-0096_PHP02_0030/LH244,11.109579
WIH1_2022,GEMN-0097/LH244,11.198067
WIH1_2022,GEMN-0097_LH212HT_0002/LH244,11.20242
WIH1_2022,GEMN-0097_LH212HT_0004/LH244,11.203523
WIH1_2022,GEMN-0097_LH212HT_0019/LH244,11.197011
WIH1_2022,GEMN-0097_LH212HT_0020/LH244,11.2024765
WIH1_2022,GEMN-0097_LH212HT_0026/LH244,11.201198
WIH1_2022,GEMN-0097_LH212HT_0032/LH244,11.202611
WIH1_2022,GEMN-0097_LH212HT_0047/LH244,11.202678
WIH1_2022,GEMN-0097_LH212HT_0051/LH244,11.201295
WIH1_2022,GEMN-0097_LH212HT_0054/LH244,11.198698
WIH1_2022,GEMN-0097_LH212HT_0058/LH244,11.193847
WIH1_2022,GEMN-0097_LH212HT_0061/LH244,11.2045
WIH1_2022,GEMN-0097_LH212HT_0062/LH244,11.204391
WIH1_2022,GEMN-0097_LH212HT_0069/LH244,11.204342
WIH1_2022,GEMN-0097_LH212HT_0074/LH244,11.2020445
WIH1_2022,GEMN-0097_LH212HT_0078/LH244,11.20275
WIH1_2022,GEMN-0097_LH212HT_0085/LH244,11.203466
WIH1_2022,GEMN-0097_LH212HT_0090/LH244,11.200617
WIH1_2022,GEMN-0097_PHJ89_0001/LH244,10.882672
WIH1_2022,GEMN-0097_PHJ89_0002/LH244,11.204988
WIH1_2022,GEMN-0097_PHJ89_0003/LH244,10.902592
WIH1_2022,GEMN-0097_PHJ89_0005/LH244,11.028245
WIH1_2022,GEMN-0097_PHJ89_0006/LH244,11.177451
WIH1_2022,GEMN-0097_PHJ89_0007/LH244,11.082033
WIH1_2022,GEMN-0097_PHJ89_0008/LH244,10.898578
WIH1_2022,GEMN-0097_PHJ89_0010/LH244,11.17835
WIH1_2022,GEMN-0097_PHJ89_0011/LH244,10.956113
WIH1_2022,GEMN-0097_PHJ89_0012/LH244,11.054161
WIH1_2022,GEMN-0097_PHJ89_0013/LH244,11.203037
WIH1_2022,GEMN-0097_PHJ89_0016/LH244,11.079358
WIH1_2022,GEMN-0097_PHJ89_0020/LH244,11.197475
WIH1_2022,GEMN-0097_PHJ89_0023/LH244,11.044736
WIH1_2022,GEMN-0097_PHJ89_0025/LH244,11.204114
WIH1_2022,GEMN-0097_PHJ89_0026/LH244,11.179316
WIH1_2022,GEMN-0097_PHJ89_0027/LH244,11.175878
WIH1_2022,GEMN-0097_PHJ89_0028/LH244,11.119876
WIH1_2022,GEMN-0097_PHJ89_0029/LH244,11.101461
WIH1_2022,GEMN-0097_PHJ89_0036/LH244,11.182995
WIH1_2022,GEMN-0097_PHJ89_0039/LH244,11.09336
WIH1_2022,GEMN-0097_PHK76_0002/LH244,11.203491
WIH1_2022,GEMN-0097_PHK76_0003/LH244,10.907466
WIH1_2022,GEMN-0097_PHK76_0007/LH244,11.1567
WIH1_2022,GEMN-0097_PHK76_0009/LH244,11.099034
WIH1_2022,GEMN-0097_PHK76_0011/LH244,11.202535
WIH1_2022,GEMN-0097_PHK76_0014/LH244,11.178267
WIH1_2022,GEMN-0097_PHK76_0015/LH244,11.203368
WIH1_2022,GEMN-0097_PHK76_0017/LH244,11.203679
WIH1_2022,GEMN-0097_PHK76_0018/LH244,11.199655
WIH1_2022,GEMN-0097_PHK76_0021/LH244,10.897062
WIH1_2022,GEMN-0097_PHK76_0036/LH244,11.114125
WIH1_2022,GEMN-0097_PHK76_0037/LH244,11.20168
WIH1_2022,GEMN-0097_PHK76_0038/LH244,11.199972
WIH1_2022,GEMN-0097_PHK76_0039/LH244,10.714639
WIH1_2022,GEMN-0097_PHK76_0041/LH244,11.20734
WIH1_2022,GEMN-0097_PHK76_0048/LH244,11.205135
WIH1_2022,GEMN-0097_PHK76_0053/LH244,10.986714
WIH1_2022,GEMN-0097_PHK76_0055/LH244,11.201533
WIH1_2022,GEMN-0097_PHK76_0060/LH244,11.204762
WIH1_2022,GEMN-0097_PHN46_0001/LH244,11.186895
WIH1_2022,GEMN-0097_PHN46_0003/LH244,11.038118
WIH1_2022,GEMN-0097_PHN46_0004/LH244,11.075451
WIH1_2022,GEMN-0097_PHN46_0005/LH244,10.886736
WIH1_2022,GEMN-0097_PHN46_0007/LH244,11.07688
WIH1_2022,GEMN-0097_PHN46_0008/LH244,10.999415
WIH1_2022,GEMN-0097_PHN46_0011/LH244,11.121142
WIH1_2022,GEMN-0097_PHN46_0013/LH244,11.199712
WIH1_2022,GEMN-0097_PHN46_0014/LH244,10.985316
WIH1_2022,GEMN-0097_PHN46_0016/LH244,10.982423
WIH1_2022,GEMN-0097_PHN46_0018/LH244,10.999313
WIH1_2022,GEMN-0097_PHP02_0001/LH244,11.112638
WIH1_2022,GEMN-0097_PHP02_0002/LH244,10.650411
WIH1_2022,GEMN-0097_PHP02_0003/LH244,11.052482
WIH1_2022,GEMN-0097_PHP02_0005/LH244,11.200918
WIH1_2022,GEMN-0097_PHP02_0006/LH244,11.141844
WIH1_2022,GEMN-0097_PHP02_0007/LH244,10.655766
WIH1_2022,GEMN-0098/LH244,11.203736
WIH1_2022,GEMN-0104/LH244,11.204758
WIH1_2022,GEMN-0124/LH244,11.179738
WIH1_2022,GEMN-0144/LH244,10.861408
WIH1_2022,GEMN-0157/LH244,11.052692
WIH1_2022,GEMN-0177/LH244,11.202902
WIH1_2022,GEMN-0178/LH244,11.204381
WIH1_2022,GEMN-0187/LH244,11.18368
WIH1_2022,GEMN-0192/LH244,10.9781885
WIH1_2022,GEMN-0192_LH212HT_0001/LH244,11.206653
WIH1_2022,GEMN-0192_LH212HT_0006/LH244,11.027729
WIH1_2022,GEMN-0192_LH212HT_0008/LH244,11.200637
WIH1_2022,GEMN-0192_LH212HT_0010/LH244,10.920964
WIH1_2022,GEMN-0192_LH212HT_0011/LH244,10.823512
WIH1_2022,GEMN-0192_LH212HT_0012/LH244,10.924867
WIH1_2022,GEMN-0192_LH212HT_0013/LH244,11.097489
WIH1_2022,GEMN-0192_LH212HT_0014/LH244,11.197746
WIH1_2022,GEMN-0192_LH212HT_0015/LH244,11.053343
WIH1_2022,GEMN-0192_LH212HT_0018/LH244,11.196423
WIH1_2022,GEMN-0192_LH212HT_0021/LH244,11.193702
WIH1_2022,GEMN-0192_LH212HT_0023/LH244,11.2032385
WIH1_2022,GEMN-0192_PHJ89_0001/LH244,11.16108
WIH1_2022,GEMN-0192_PHJ89_0002/LH244,11.094676
WIH1_2022,GEMN-0192_PHK76_0002/LH244,11.20354
WIH1_2022,GEMN-0192_PHK76_0004/LH244,11.204252
WIH1_2022,GEMN-0192_PHK76_0005/LH244,11.100257
WIH1_2022,GEMN-0192_PHK76_0006/LH244,11.201162
WIH1_2022,GEMN-0192_PHK76_0007/LH244,11.040723
WIH1_2022,GEMN-0192_PHK76_0008/LH244,11.129744
WIH1_2022,GEMN-0192_PHK76_0009/LH244,11.165631
WIH1_2022,GEMN-0192_PHK76_0010/LH244,11.192794
WIH1_2022,GEMN-0192_PHK76_0011/LH244,11.189326
WIH1_2022,GEMN-0192_PHK76_0012/LH244,11.140158
WIH1_2022,GEMN-0192_PHK76_0013/LH244,11.155916
WIH1_2022,GEMN-0192_PHK76_0014/LH244,11.194955
WIH1_2022,GEMN-0192_PHK76_0015/LH244,11.202646
WIH1_2022,GEMN-0192_PHK76_0016/LH244,11.138393
WIH1_2022,GEMN-0192_PHK76_0019/LH244,11.201779
WIH1_2022,GEMN-0192_PHK76_0021/LH244,10.962571
WIH1_2022,GEMN-0192_PHK76_0025/LH244,10.994302
WIH1_2022,GEMN-0192_PHK76_0027/LH244,11.197772
WIH1_2022,GEMN-0192_PHK76_0028/LH244,11.203747
WIH1_2022,GEMN-0192_PHK76_0030/LH244,11.207145
WIH1_2022,GEMN-0192_PHK76_0032/LH244,11.115399
WIH1_2022,GEMN-0192_PHK76_0033/LH244,11.20352
WIH1_2022,GEMN-0192_PHK76_0035/LH244,10.913941
WIH1_2022,GEMN-0192_PHK76_0036/LH244,11.004509
WIH1_2022,GEMN-0192_PHK76_0037/LH244,11.196949
WIH1_2022,GEMN-0192_PHK76_0041/LH244,11.204363
WIH1_2022,GEMN-0192_PHK76_0044/LH244,11.155098
WIH1_2022,GEMN-0192_PHK76_0045/LH244,11.01261
WIH1_2022,GEMN-0192_PHN46_0001/LH244,10.814983
WIH1_2022,GEMN-0192_PHN46_0002/LH244,11.041259
WIH1_2022,GEMN-0192_PHN46_0003/LH244,10.980143
WIH1_2022,GEMN-0192_PHN46_0004/LH244,10.970064
WIH1_2022,GEMN-0192_PHN46_0005/LH244,10.529439
WIH1_2022,GEMN-0192_PHN46_0006/LH244,11.202392
WIH1_2022,GEMN-0192_PHN46_0008/LH244,11.110483
WIH1_2022,GEMN-0192_PHN46_0009/LH244,11.137037
WIH1_2022,GEMN-0192_PHN46_0010/LH244,10.932466
WIH1_2022,GEMN-0192_PHN46_0011/LH244,11.082412
WIH1_2022,GEMN-0192_PHN46_0012/LH244,10.744728
WIH1_2022,GEMN-0192_PHN46_0014/LH244,10.573026
WIH1_2022,GEMN-0192_PHN46_0015/LH244,11.177062
WIH1_2022,GEMN-0192_PHN46_0017/LH244,10.84497
WIH1_2022,GEMN-0192_PHN46_0018/LH244,11.038821
WIH1_2022,GEMN-0192_PHN46_0019/LH244,11.030281
WIH1_2022,GEMN-0192_PHN46_0020/LH244,11.022745
WIH1_2022,GEMN-0192_PHN46_0021/LH244,11.064436
WIH1_2022,GEMN-0192_PHN46_0025/LH244,10.611429
WIH1_2022,GEMN-0192_PHP02_0001/LH244,11.094162
WIH1_2022,GEMN-0192_PHP02_0003/LH244,11.122805
WIH1_2022,GEMN-0225/LH244,11.205
WIH1_2022,GEMN-0225_LH212HT_0002/LH244,11.204497
WIH1_2022,GEMN-0225_LH212HT_0003/LH244,11.199344
WIH1_2022,GEMN-0225_LH212HT_0005/LH244,11.192823
WIH1_2022,GEMN-0225_LH212HT_0006/LH244,11.203594
WIH1_2022,GEMN-0225_LH212HT_0008/LH244,11.206754
WIH1_2022,GEMN-0225_LH212HT_0015/LH244,11.202627
WIH1_2022,GEMN-0225_LH212HT_0017/LH244,11.207066
WIH1_2022,GEMN-0225_LH212HT_0021/LH244,11.203998
WIH1_2022,GEMN-0225_LH212HT_0023/LH244,11.202797
WIH1_2022,GEMN-0225_LH212HT_0024/LH244,11.154504
WIH1_2022,GEMN-0225_LH212HT_0025/LH244,11.191977
WIH1_2022,GEMN-0225_LH212HT_0029/LH244,11.201764
WIH1_2022,GEMN-0225_LH212HT_0033/LH244,11.20049
WIH1_2022,GEMN-0225_LH212HT_0036/LH244,11.203984
WIH1_2022,GEMN-0225_LH212HT_0038/LH244,11.204311
WIH1_2022,GEMN-0225_LH212HT_0040/LH244,11.198651
WIH1_2022,GEMN-0225_LH212HT_0043/LH244,10.867435
WIH1_2022,GEMN-0225_PHJ89_0001/LH244,11.198701
WIH1_2022,GEMN-0225_PHJ89_0002/LH244,11.206263
WIH1_2022,GEMN-0225_PHJ89_0003/LH244,11.166851
WIH1_2022,GEMN-0225_PHJ89_0004/LH244,11.195548
WIH1_2022,GEMN-0225_PHJ89_0005/LH244,11.201176
WIH1_2022,GEMN-0225_PHJ89_0006/LH244,11.18721
WIH1_2022,GEMN-0225_PHJ89_0008/LH244,11.168505
WIH1_2022,GEMN-0225_PHJ89_0009/LH244,11.052968
WIH1_2022,GEMN-0225_PHJ89_0013/LH244,11.205335
WIH1_2022,GEMN-0225_PHJ89_0015/LH244,11.194462
WIH1_2022,GEMN-0225_PHJ89_0016/LH244,11.137005
WIH1_2022,GEMN-0225_PHJ89_0017/LH244,10.979171
WIH1_2022,GEMN-0225_PHJ89_0018/LH244,11.193152
WIH1_2022,GEMN-0225_PHJ89_0020/LH244,11.203385
WIH1_2022,GEMN-0225_PHJ89_0021/LH244,11.193686
WIH1_2022,GEMN-0225_PHJ89_0022/LH244,11.113321
WIH1_2022,GEMN-0225_PHJ89_0026/LH244,10.888815
WIH1_2022,GEMN-0225_PHJ89_0032/LH244,11.200407
WIH1_2022,GEMN-0225_PHK76_0001/LH244,11.206389
WIH1_2022,GEMN-0225_PHK76_0002/LH244,11.205508
WIH1_2022,GEMN-0225_PHK76_0003/LH244,11.199307
WIH1_2022,GEMN-0225_PHK76_0004/LH244,11.191892
WIH1_2022,GEMN-0225_PHK76_0005/LH244,11.199366
WIH1_2022,GEMN-0225_PHK76_0007/LH244,11.198041
WIH1_2022,GEMN-0225_PHK76_0008/LH244,11.192538
WIH1_2022,GEMN-0225_PHK76_0010/LH244,11.201961
WIH1_2022,GEMN-0225_PHK76_0012/LH244,11.2036705
WIH1_2022,GEMN-0225_PHK76_0013/LH244,11.203877
WIH1_2022,GEMN-0225_PHK76_0014/LH244,11.203699
WIH1_2022,GEMN-0225_PHK76_0018/LH244,11.193003
WIH1_2022,GEMN-0225_PHK76_0019/LH244,11.205925
WIH1_2022,GEMN-0225_PHK76_0021/LH244,11.20469
WIH1_2022,GEMN-0225_PHK76_0022/LH244,11.19154
WIH1_2022,GEMN-0225_PHK76_0027/LH244,11.202918
WIH1_2022,GEMN-0225_PHK76_0028/LH244,11.204611
WIH1_2022,GEMN-0225_PHK76_0031/LH244,11.014256
WIH1_2022,GEMN-0225_PHK76_0032/LH244,11.203462
WIH1_2022,GEMN-0225_PHN46_0001/LH244,11.204531
WIH1_2022,GEMN-0225_PHN46_0003/LH244,11.206301
WIH1_2022,GEMN-0225_PHN46_0004/LH244,11.122622
WIH1_2022,GEMN-0225_PHN46_0005/LH244,10.827391
WIH1_2022,GEMN-0225_PHN46_0006/LH244,11.17904
WIH1_2022,GEMN-0225_PHN46_0014/LH244,11.205594
WIH1_2022,GEMN-0225_PHN46_0021/LH244,11.200885
WIH1_2022,GEMN-0225_PHP02_0001/LH244,11.197309
WIH1_2022,GEMN-0225_PHP02_0002/LH244,11.204179
WIH1_2022,GEMN-0225_PHP02_0003/LH244,11.167342
WIH1_2022,GEMN-0225_PHP02_0005/LH244,10.9645815
WIH1_2022,GEMN-0225_PHP02_0006/LH244,11.199671
WIH1_2022,GEMN-0225_PHP02_0008/LH244,11.001062
WIH1_2022,GEMN-0225_PHP02_0009/LH244,11.198099
WIH1_2022,GEMN-0225_PHP02_0010/LH244,11.074457
WIH1_2022,GEMN-0225_PHP02_0012/LH244,11.067165
WIH1_2022,GEMN-0225_PHP02_0013/LH244,11.203378
WIH1_2022,GEMN-0225_PHP02_0014/LH244,11.154904
WIH1_2022,GEMN-0225_PHP02_0015/LH244,11.164242
WIH1_2022,GEMN-0225_PHP02_0017/LH244,11.007464
WIH1_2022,GEMN-0232/LH244,11.195776
WIH1_2022,GEMN-0238/LH244,11.201628
WIH1_2022,GEMN-0257/LH244,11.1937685
WIH1_2022,GEMN-0271/LH244,10.478629
WIH1_2022,GEMN-0287/LH244,11.204118
WIH1_2022,LH185/LH244,11.200855
WIH1_2022,LH195/PHZ51,9.9476595
WIH1_2022,LH216/LH244,11.198514
WIH1_2022,LH244/PHK76,11.20393
WIH1_2022,LH244/PHZ51,10.715177
WIH1_2022,LH283/LH244,10.242073
WIH1_2022,LH287/LH244,11.205542
WIH1_2022,LH82/LH244,10.171192
WIH1_2022,M162W/LH244,9.893758
WIH1_2022,MBUB/LH244,10.983434
WIH1_2022,MM501D/LH244,11.207739
WIH1_2022,MO17_PHW30-008-(2N)-01/LH244,11.201398
WIH1_2022,MO17_PHW30-200-(2N)-02/LH244,11.178765
WIH1_2022,MO17_PHW30-309-(2N)-01/LH244,11.19579
WIH1_2022,MO44_LH145_0127/LH244,10.987748
WIH1_2022,MO44_LH145_0138/LH244,10.649695
WIH1_2022,MO44_PHG47_0072/LH244,10.3702545
WIH1_2022,MO44_PHG47_0125/LH244,11.211689
WIH1_2022,MO44_PHW65_0025/LH244,11.206617
WIH1_2022,MO44_PHW65_0035/LH244,11.203053
WIH1_2022,MOG/LH244,10.981919
WIH1_2022,MS71/LH244,10.674985
WIH1_2022,NC358/LH244,10.844599
WIH1_2022,NC366/LH244,10.471435
WIH1_2022,NC374/LH244,10.509525
WIH1_2022,NC388/LH244,11.050856
WIH1_2022,NC398/LH244,10.465213
WIH1_2022,NC426/LH244,10.920906
WIH1_2022,NC428/LH244,11.088429
WIH1_2022,NC458/LH244,10.390778
WIH1_2022,NC512/LH244,10.727592
WIH1_2022,NC528/LH244,10.689005
WIH1_2022,NC542/LH244,10.401588
WIH1_2022,NC546/LH244,10.958614
WIH1_2022,NC548/LH244,10.389779
WIH1_2022,NKH8431/LH244,10.911611
WIH1_2022,OH43/LH244,10.907281
WIH1_2022,PH207/LH244,11.089893
WIH1_2022,PH24E/LH244,11.192431
WIH1_2022,PHAP9/LH244,11.20185
WIH1_2022,PHB47/LH244,9.518234
WIH1_2022,PHB47/PHN82,11.197163
WIH1_2022,PHB47/PHZ51,9.807597
WIH1_2022,PHG29/PHG47,9.704433
WIH1_2022,PHG47/LH244,11.002933
WIH1_2022,PHJ40/PHAJ0,8.397981
WIH1_2022,PHJ89/LH244,11.065986
WIH1_2022,PHJ90/LH244,11.203894
WIH1_2022,PHK56/LH244,11.203715
WIH1_2022,PHKE6/LH244,11.10358
WIH1_2022,PHN11/LH244,11.188953
WIH1_2022,PHN11_LH145_0005/LH244,9.774848
WIH1_2022,PHN11_LH145_0028/LH244,10.160884
WIH1_2022,PHN11_LH145_0085/LH244,9.944313
WIH1_2022,PHN11_OH43_0001/LH244,10.859823
WIH1_2022,PHN11_OH43_0075/LH244,10.670081
WIH1_2022,PHN11_OH43_0088/LH244,11.138796
WIH1_2022,PHN11_PHG47_0251/LH244,11.062616
WIH1_2022,PHN11_PHG47_0287/LH244,10.598152
WIH1_2022,PHN11_PHW65_0312/LH244,11.203257
WIH1_2022,PHN11_PHW65_0323/LH244,11.207641
WIH1_2022,PHN11_PHW65_0359/LH244,11.206752
WIH1_2022,PHP02/LH244,11.196325
WIH1_2022,PHP55/LH244,11.203852
WIH1_2022,PHR03/LH244,11.203679
WIH1_2022,PHRE1/PHTD5,9.467572
WIH1_2022,PHW30/LH244,11.205394
WIH1_2022,PHW30_MO17-010-(2N)-01/LH244,11.089044
WIH1_2022,PHW30_MO17-032-(2N)-01/LH244,10.573326
WIH1_2022,PHW30_MO17-095-(2N)-01/LH244,11.203551
WIH1_2022,PHW30_MO17-129-(2N)-01/LH244,11.140966
WIH1_2022,PHW30_MO17-178-(2N)-01/LH244,11.200004
WIH1_2022,PHW30_MO17-234-(2N)-02/LH244,11.196511
WIH1_2022,PHW52/PHM49,11.181146
WIH1_2022,PHW52/PHN82,11.203629
WIH1_2022,PHW65/LH244,11.203899
WIH1_2022,PHW65_MOG_0137/LH244,11.190141
WIH1_2022,PHW65_MOG_0176/LH244,11.188296
WIH1_2022,PHW65_MOG_0271/LH244,11.200923
WIH1_2022,TX777/LH195,10.19647
WIH1_2022,TX779/LH195,10.75592
WIH1_2022,W10001_0003/LH244,10.020678
WIH1_2022,W10001_0007/LH244,10.340413
WIH1_2022,W10001_0009/LH244,9.72978
WIH1_2022,W10001_0012/LH244,9.760804
WIH1_2022,W10001_0013/LH244,10.577625
WIH1_2022,W10001_0014/LH244,9.947431
WIH1_2022,W10001_0016/LH244,10.303928
WIH1_2022,W10001_0017/LH244,10.456332
WIH1_2022,W10001_0019/LH244,9.903677
WIH1_2022,W10001_0021/LH244,9.449518
WIH1_2022,W10001_0022/LH244,10.559403
WIH1_2022,W10001_0023/LH244,10.790885
WIH1_2022,W10001_0030/LH244,10.93267
WIH1_2022,W10001_0031/LH244,10.410531
WIH1_2022,W10001_0033/LH244,11.203679
WIH1_2022,W10001_0036/LH244,10.562541
WIH1_2022,W10001_0040/LH244,9.98584
WIH1_2022,W10001_0047/LH244,10.410933
WIH1_2022,W10002_0002/LH244,10.508219
WIH1_2022,W10005_0029/LH244,11.206531
WIH1_2022,W10005_0107/LH244,11.00688
WIH1_2022,W10005_0111/LH244,10.23278
WIH1_2022,W10005_0147/LH244,11.182194
WIH1_2022,W10005_0220/LH244,11.19314
WIH1_2022,W10010_0032/LH244,11.116624
WIH1_2022,W10010_0084/LH244,10.933931
WIH1_2022,W10010_0093/LH244,11.043657
WIH1_2022,W10010_0118/LH244,11.196424
WIH1_2022,W10010_0124/LH244,11.146491
WIH1_2022,W10010_0148/LH244,11.188802
WIH1_2022,W10010_0170/LH244,10.986163
WIH1_2022,W10010_0189/LH244,11.2046585
WIH1_2022,W10010_0215/LH244,10.94666
WIH1_2022,W10010_0279/LH244,11.203499
WIH1_2022,W10010_0294/LH244,11.206023
WIH1_2022,W10010_0311/LH244,11.200418
WIH1_2022,W10010_0337/LH244,11.206587
WIH1_2022,W10010_0346/LH244,11.20326
WIH1_2022,W10010_0358/LH244,11.172188
WIH1_2022,W10010_0381/LH244,11.205746
WIH1_2022,W10010_0452/LH244,11.185788
WIH2_2022,B14A/H95,9.563223
WIH2_2022,B14A/MO17,9.458476
WIH2_2022,B14A/OH43,9.593369
WIH2_2022,B37/H95,9.380079
WIH2_2022,B37/MO17,9.92298
WIH2_2022,B37/OH43,9.627399
WIH2_2022,B73/MO17,10.5734215
WIH2_2022,B73/PHK76,10.398304
WIH2_2022,B73/PHM49,10.560257
WIH2_2022,B73/PHN82,10.645707
WIH2_2022,B73/PHZ51,9.515548
WIH2_2022,B73/TX779,9.304812
WIH2_2022,B97/LH244,10.239451
WIH2_2022,BGEM-0039-N/LH244,9.547974
WIH2_2022,BGEM-0063-N/LH244,9.3856735
WIH2_2022,BGEM-0089-N/LH244,9.899549
WIH2_2022,BGEM-0124-N/LH244,9.254821
WIH2_2022,BGEM-0129-N/LH244,9.584603
WIH2_2022,CG119/CG108,7.9964695
WIH2_2022,CG44/CGR01,8.872296
WIH2_2022,DK3IIH6/LH244,10.083965
WIH2_2022,DK78010/LH244,9.5157385
WIH2_2022,F42/H95,10.1261835
WIH2_2022,F42/OH43,10.074209
WIH2_2022,GEMN-0096/LH244,10.319599
WIH2_2022,GEMN-0096_LH212HT_0001/LH244,10.511997
WIH2_2022,GEMN-0096_LH212HT_0002/LH244,10.735897
WIH2_2022,GEMN-0096_LH212HT_0003/LH244,10.647294
WIH2_2022,GEMN-0096_LH212HT_0004/LH244,10.739557
WIH2_2022,GEMN-0096_LH212HT_0005/LH244,10.711444
WIH2_2022,GEMN-0096_LH212HT_0006/LH244,10.737945
WIH2_2022,GEMN-0096_LH212HT_0008/LH244,10.224803
WIH2_2022,GEMN-0096_LH212HT_0009/LH244,10.71898
WIH2_2022,GEMN-0096_LH212HT_0010/LH244,10.652829
WIH2_2022,GEMN-0096_LH212HT_0011/LH244,10.530912
WIH2_2022,GEMN-0096_LH212HT_0012/LH244,10.570869
WIH2_2022,GEMN-0096_LH212HT_0013/LH244,10.653853
WIH2_2022,GEMN-0096_LH212HT_0014/LH244,10.625159
WIH2_2022,GEMN-0096_LH212HT_0017/LH244,10.701407
WIH2_2022,GEMN-0096_LH212HT_0020/LH244,10.525364
WIH2_2022,GEMN-0096_LH212HT_0021/LH244,10.669653
WIH2_2022,GEMN-0096_PHJ89_0001/LH244,10.593705
WIH2_2022,GEMN-0096_PHJ89_0002/LH244,10.244138
WIH2_2022,GEMN-0096_PHJ89_0006/LH244,10.5049095
WIH2_2022,GEMN-0096_PHJ89_0007/LH244,10.425103
WIH2_2022,GEMN-0096_PHJ89_0009/LH244,10.285512
WIH2_2022,GEMN-0096_PHJ89_0010/LH244,10.463711
WIH2_2022,GEMN-0096_PHJ89_0011/LH244,10.4652815
WIH2_2022,GEMN-0096_PHJ89_0012/LH244,10.2383
WIH2_2022,GEMN-0096_PHJ89_0013/LH244,10.393943
WIH2_2022,GEMN-0096_PHJ89_0014/LH244,10.5485735
WIH2_2022,GEMN-0096_PHJ89_0016/LH244,10.27532
WIH2_2022,GEMN-0096_PHJ89_0017/LH244,10.482267
WIH2_2022,GEMN-0096_PHK76_0001/LH244,10.673953
WIH2_2022,GEMN-0096_PHK76_0002/LH244,10.705359
WIH2_2022,GEMN-0096_PHK76_0003/LH244,10.689994
WIH2_2022,GEMN-0096_PHK76_0004/LH244,10.6160345
WIH2_2022,GEMN-0096_PHK76_0006/LH244,10.704784
WIH2_2022,GEMN-0096_PHK76_0007/LH244,10.655003
WIH2_2022,GEMN-0096_PHK76_0008/LH244,10.719152
WIH2_2022,GEMN-0096_PHK76_0009/LH244,10.68208
WIH2_2022,GEMN-0096_PHK76_0010/LH244,10.672854
WIH2_2022,GEMN-0096_PHK76_0013/LH244,10.632399
WIH2_2022,GEMN-0096_PHK76_0015/LH244,10.681216
WIH2_2022,GEMN-0096_PHK76_0016/LH244,10.58632
WIH2_2022,GEMN-0096_PHN46_0001/LH244,10.218782
WIH2_2022,GEMN-0096_PHN46_0002/LH244,10.028348
WIH2_2022,GEMN-0096_PHN46_0003/LH244,10.274949
WIH2_2022,GEMN-0096_PHN46_0004/LH244,10.20442
WIH2_2022,GEMN-0096_PHN46_0005/LH244,10.610846
WIH2_2022,GEMN-0096_PHN46_0007/LH244,10.437493
WIH2_2022,GEMN-0096_PHN46_0008/LH244,10.4363575
WIH2_2022,GEMN-0096_PHN46_0009/LH244,10.580281
WIH2_2022,GEMN-0096_PHN46_0010/LH244,10.636461
WIH2_2022,GEMN-0096_PHN46_0011/LH244,10.203118
WIH2_2022,GEMN-0096_PHN46_0012/LH244,10.389642
WIH2_2022,GEMN-0096_PHN46_0013/LH244,10.249898
WIH2_2022,GEMN-0096_PHN46_0014/LH244,10.004918
WIH2_2022,GEMN-0096_PHN46_0018/LH244,10.559312
WIH2_2022,GEMN-0096_PHN46_0020/LH244,10.54
WIH2_2022,GEMN-0096_PHN46_0023/LH244,9.921423
WIH2_2022,GEMN-0096_PHP02_0001/LH244,10.48029
WIH2_2022,GEMN-0096_PHP02_0002/LH244,10.167877
WIH2_2022,GEMN-0096_PHP02_0003/LH244,10.07041
WIH2_2022,GEMN-0096_PHP02_0004/LH244,10.450833
WIH2_2022,GEMN-0096_PHP02_0005/LH244,10.652911
WIH2_2022,GEMN-0096_PHP02_0006/LH244,10.597033
WIH2_2022,GEMN-0096_PHP02_0007/LH244,10.31226
WIH2_2022,GEMN-0096_PHP02_0009/LH244,10.444033
WIH2_2022,GEMN-0096_PHP02_0010/LH244,10.6354265
WIH2_2022,GEMN-0096_PHP02_0011/LH244,10.602286
WIH2_2022,GEMN-0096_PHP02_0012/LH244,10.522642
WIH2_2022,GEMN-0096_PHP02_0015/LH244,10.156268
WIH2_2022,GEMN-0096_PHP02_0016/LH244,10.495082
WIH2_2022,GEMN-0096_PHP02_0017/LH244,10.20402
WIH2_2022,GEMN-0096_PHP02_0022/LH244,10.646875
WIH2_2022,GEMN-0096_PHP02_0025/LH244,10.4392185
WIH2_2022,GEMN-0096_PHP02_0030/LH244,10.494351
WIH2_2022,GEMN-0097/LH244,10.636994
WIH2_2022,GEMN-0097_LH212HT_0002/LH244,10.691666
WIH2_2022,GEMN-0097_LH212HT_0004/LH244,10.692098
WIH2_2022,GEMN-0097_LH212HT_0018/LH244,10.701395
WIH2_2022,GEMN-0097_LH212HT_0019/LH244,10.753522
WIH2_2022,GEMN-0097_LH212HT_0020/LH244,10.730305
WIH2_2022,GEMN-0097_LH212HT_0023/LH244,10.738562
WIH2_2022,GEMN-0097_LH212HT_0026/LH244,10.633411
WIH2_2022,GEMN-0097_LH212HT_0032/LH244,10.707144
WIH2_2022,GEMN-0097_LH212HT_0034/LH244,10.648229
WIH2_2022,GEMN-0097_LH212HT_0039/LH244,10.695136
WIH2_2022,GEMN-0097_LH212HT_0047/LH244,10.728914
WIH2_2022,GEMN-0097_LH212HT_0051/LH244,10.727554
WIH2_2022,GEMN-0097_LH212HT_0054/LH244,10.659685
WIH2_2022,GEMN-0097_LH212HT_0058/LH244,10.635121
WIH2_2022,GEMN-0097_LH212HT_0061/LH244,10.718889
WIH2_2022,GEMN-0097_LH212HT_0062/LH244,10.674223
WIH2_2022,GEMN-0097_LH212HT_0069/LH244,10.685656
WIH2_2022,GEMN-0097_LH212HT_0074/LH244,10.678456
WIH2_2022,GEMN-0097_LH212HT_0078/LH244,10.726155
WIH2_2022,GEMN-0097_LH212HT_0085/LH244,10.702149
WIH2_2022,GEMN-0097_LH212HT_0090/LH244,10.6587515
WIH2_2022,GEMN-0097_PHJ89_0001/LH244,10.240537
WIH2_2022,GEMN-0097_PHJ89_0002/LH244,10.645266
WIH2_2022,GEMN-0097_PHJ89_0003/LH244,10.271178
WIH2_2022,GEMN-0097_PHJ89_0004/LH244,10.51953
WIH2_2022,GEMN-0097_PHJ89_0005/LH244,10.417222
WIH2_2022,GEMN-0097_PHJ89_0006/LH244,10.562239
WIH2_2022,GEMN-0097_PHJ89_0007/LH244,10.464629
WIH2_2022,GEMN-0097_PHJ89_0008/LH244,10.267757
WIH2_2022,GEMN-0097_PHJ89_0010/LH244,10.571543
WIH2_2022,GEMN-0097_PHJ89_0011/LH244,10.316408
WIH2_2022,GEMN-0097_PHJ89_0012/LH244,10.4492235
WIH2_2022,GEMN-0097_PHJ89_0013/LH244,10.652052
WIH2_2022,GEMN-0097_PHJ89_0016/LH244,10.4673815
WIH2_2022,GEMN-0097_PHJ89_0020/LH244,10.647936
WIH2_2022,GEMN-0097_PHJ89_0023/LH244,10.432446
WIH2_2022,GEMN-0097_PHJ89_0025/LH244,10.687859
WIH2_2022,GEMN-0097_PHJ89_0026/LH244,10.5636015
WIH2_2022,GEMN-0097_PHJ89_0027/LH244,10.563068
WIH2_2022,GEMN-0097_PHJ89_0028/LH244,10.503327
WIH2_2022,GEMN-0097_PHJ89_0029/LH244,10.486983
WIH2_2022,GEMN-0097_PHJ89_0033/LH244,10.676269
WIH2_2022,GEMN-0097_PHJ89_0036/LH244,10.580077
WIH2_2022,GEMN-0097_PHJ89_0039/LH244,10.477202
WIH2_2022,GEMN-0097_PHK76_0002/LH244,10.717771
WIH2_2022,GEMN-0097_PHK76_0003/LH244,10.269881
WIH2_2022,GEMN-0097_PHK76_0007/LH244,10.545588
WIH2_2022,GEMN-0097_PHK76_0009/LH244,10.495155
WIH2_2022,GEMN-0097_PHK76_0010/LH244,10.517453
WIH2_2022,GEMN-0097_PHK76_0011/LH244,10.715486
WIH2_2022,GEMN-0097_PHK76_0012/LH244,10.593006
WIH2_2022,GEMN-0097_PHK76_0014/LH244,10.56654
WIH2_2022,GEMN-0097_PHK76_0015/LH244,10.642496
WIH2_2022,GEMN-0097_PHK76_0016/LH244,10.677898
WIH2_2022,GEMN-0097_PHK76_0017/LH244,10.716379
WIH2_2022,GEMN-0097_PHK76_0018/LH244,10.591443
WIH2_2022,GEMN-0097_PHK76_0021/LH244,10.272096
WIH2_2022,GEMN-0097_PHK76_0023/LH244,10.478299
WIH2_2022,GEMN-0097_PHK76_0029/LH244,10.716379
WIH2_2022,GEMN-0097_PHK76_0032/LH244,10.698486
WIH2_2022,GEMN-0097_PHK76_0036/LH244,10.506715
WIH2_2022,GEMN-0097_PHK76_0037/LH244,10.744933
WIH2_2022,GEMN-0097_PHK76_0038/LH244,10.673656
WIH2_2022,GEMN-0097_PHK76_0039/LH244,10.038824
WIH2_2022,GEMN-0097_PHK76_0041/LH244,10.673921
WIH2_2022,GEMN-0097_PHK76_0048/LH244,10.702213
WIH2_2022,GEMN-0097_PHK76_0050/LH244,10.738198
WIH2_2022,GEMN-0097_PHK76_0052/LH244,10.635846
WIH2_2022,GEMN-0097_PHK76_0053/LH244,10.362298
WIH2_2022,GEMN-0097_PHK76_0055/LH244,10.669241
WIH2_2022,GEMN-0097_PHK76_0060/LH244,10.673475
WIH2_2022,GEMN-0097_PHN46_0001/LH244,10.587683
WIH2_2022,GEMN-0097_PHN46_0003/LH244,10.424938
WIH2_2022,GEMN-0097_PHN46_0004/LH244,10.4663105
WIH2_2022,GEMN-0097_PHN46_0005/LH244,10.251943
WIH2_2022,GEMN-0097_PHN46_0006/LH244,10.5331955
WIH2_2022,GEMN-0097_PHN46_0007/LH244,10.464786
WIH2_2022,GEMN-0097_PHN46_0008/LH244,10.371834
WIH2_2022,GEMN-0097_PHN46_0009/LH244,10.332915
WIH2_2022,GEMN-0097_PHN46_0010/LH244,10.716379
WIH2_2022,GEMN-0097_PHN46_0011/LH244,10.5099
WIH2_2022,GEMN-0097_PHN46_0013/LH244,10.634924
WIH2_2022,GEMN-0097_PHN46_0014/LH244,10.353556
WIH2_2022,GEMN-0097_PHN46_0016/LH244,10.372373
WIH2_2022,GEMN-0097_PHN46_0018/LH244,10.374373
WIH2_2022,GEMN-0097_PHP02_0001/LH244,10.499232
WIH2_2022,GEMN-0097_PHP02_0002/LH244,10.011285
WIH2_2022,GEMN-0097_PHP02_0003/LH244,10.438386
WIH2_2022,GEMN-0097_PHP02_0005/LH244,10.607709
WIH2_2022,GEMN-0097_PHP02_0006/LH244,10.528088
WIH2_2022,GEMN-0097_PHP02_0007/LH244,10.018004
WIH2_2022,GEMN-0098/LH244,10.65221
WIH2_2022,GEMN-0104/LH244,10.695168
WIH2_2022,GEMN-0124/LH244,10.571638
WIH2_2022,GEMN-0135/LH244,10.546423
WIH2_2022,GEMN-0144/LH244,10.229319
WIH2_2022,GEMN-0157/LH244,10.440244
WIH2_2022,GEMN-0177/LH244,10.661146
WIH2_2022,GEMN-0178/LH244,10.675881
WIH2_2022,GEMN-0187/LH244,10.569185
WIH2_2022,GEMN-0192/LH244,10.358862
WIH2_2022,GEMN-0192_LH212HT_0001/LH244,10.689488
WIH2_2022,GEMN-0192_LH212HT_0002/LH244,10.527113
WIH2_2022,GEMN-0192_LH212HT_0006/LH244,10.428631
WIH2_2022,GEMN-0192_LH212HT_0007/LH244,10.378092
WIH2_2022,GEMN-0192_LH212HT_0008/LH244,10.605328
WIH2_2022,GEMN-0192_LH212HT_0009/LH244,10.724219
WIH2_2022,GEMN-0192_LH212HT_0010/LH244,10.339615
WIH2_2022,GEMN-0192_LH212HT_0011/LH244,10.244973
WIH2_2022,GEMN-0192_LH212HT_0012/LH244,10.31238
WIH2_2022,GEMN-0192_LH212HT_0013/LH244,10.493052
WIH2_2022,GEMN-0192_LH212HT_0014/LH244,10.617995
WIH2_2022,GEMN-0192_LH212HT_0015/LH244,10.452361
WIH2_2022,GEMN-0192_LH212HT_0016/LH244,10.323213
WIH2_2022,GEMN-0192_LH212HT_0018/LH244,10.761794
WIH2_2022,GEMN-0192_LH212HT_0021/LH244,10.72161
WIH2_2022,GEMN-0192_LH212HT_0023/LH244,10.703932
WIH2_2022,GEMN-0192_LH212HT_0026/LH244,10.57082
WIH2_2022,GEMN-0192_PHJ89_0001/LH244,10.543289
WIH2_2022,GEMN-0192_PHJ89_0002/LH244,10.481136
WIH2_2022,GEMN-0192_PHK76_0002/LH244,10.705245
WIH2_2022,GEMN-0192_PHK76_0004/LH244,10.628738
WIH2_2022,GEMN-0192_PHK76_0005/LH244,10.493848
WIH2_2022,GEMN-0192_PHK76_0006/LH244,10.605537
WIH2_2022,GEMN-0192_PHK76_0007/LH244,10.425911
WIH2_2022,GEMN-0192_PHK76_0008/LH244,10.516077
WIH2_2022,GEMN-0192_PHK76_0009/LH244,10.555741
WIH2_2022,GEMN-0192_PHK76_0010/LH244,10.585972
WIH2_2022,GEMN-0192_PHK76_0011/LH244,10.580412
WIH2_2022,GEMN-0192_PHK76_0012/LH244,10.528397
WIH2_2022,GEMN-0192_PHK76_0013/LH244,10.567042
WIH2_2022,GEMN-0192_PHK76_0014/LH244,10.632072
WIH2_2022,GEMN-0192_PHK76_0015/LH244,10.711435
WIH2_2022,GEMN-0192_PHK76_0016/LH244,10.533656
WIH2_2022,GEMN-0192_PHK76_0017/LH244,10.268736
WIH2_2022,GEMN-0192_PHK76_0018/LH244,10.716388
WIH2_2022,GEMN-0192_PHK76_0019/LH244,10.600319
WIH2_2022,GEMN-0192_PHK76_0021/LH244,10.322147
WIH2_2022,GEMN-0192_PHK76_0025/LH244,10.361587
WIH2_2022,GEMN-0192_PHK76_0027/LH244,10.590691
WIH2_2022,GEMN-0192_PHK76_0028/LH244,10.617681
WIH2_2022,GEMN-0192_PHK76_0030/LH244,10.652461
WIH2_2022,GEMN-0192_PHK76_0032/LH244,10.513032
WIH2_2022,GEMN-0192_PHK76_0033/LH244,10.665108
WIH2_2022,GEMN-0192_PHK76_0035/LH244,10.269878
WIH2_2022,GEMN-0192_PHK76_0036/LH244,10.405408
WIH2_2022,GEMN-0192_PHK76_0037/LH244,10.743927
WIH2_2022,GEMN-0192_PHK76_0041/LH244,10.683937
WIH2_2022,GEMN-0192_PHK76_0044/LH244,10.548305
WIH2_2022,GEMN-0192_PHK76_0045/LH244,10.387764
WIH2_2022,GEMN-0192_PHN46_0001/LH244,10.1806965
WIH2_2022,GEMN-0192_PHN46_0002/LH244,10.419714
WIH2_2022,GEMN-0192_PHN46_0003/LH244,10.3577175
WIH2_2022,GEMN-0192_PHN46_0004/LH244,10.340982
WIH2_2022,GEMN-0192_PHN46_0005/LH244,9.873811
WIH2_2022,GEMN-0192_PHN46_0006/LH244,10.602067
WIH2_2022,GEMN-0192_PHN46_0008/LH244,10.5026245
WIH2_2022,GEMN-0192_PHN46_0009/LH244,10.530153
WIH2_2022,GEMN-0192_PHN46_0010/LH244,10.297005
WIH2_2022,GEMN-0192_PHN46_0011/LH244,10.471699
WIH2_2022,GEMN-0192_PHN46_0012/LH244,10.105261
WIH2_2022,GEMN-0192_PHN46_0014/LH244,9.915628
WIH2_2022,GEMN-0192_PHN46_0015/LH244,10.576993
WIH2_2022,GEMN-0192_PHN46_0017/LH244,10.211813
WIH2_2022,GEMN-0192_PHN46_0018/LH244,10.420889
WIH2_2022,GEMN-0192_PHN46_0019/LH244,10.414466
WIH2_2022,GEMN-0192_PHN46_0020/LH244,10.3999
WIH2_2022,GEMN-0192_PHN46_0025/LH244,9.941446
WIH2_2022,GEMN-0192_PHP02_0001/LH244,10.490083
WIH2_2022,GEMN-0192_PHP02_0003/LH244,10.510011
WIH2_2022,GEMN-0225/LH244,10.687384
WIH2_2022,GEMN-0225_LH212HT_0002/LH244,10.699255
WIH2_2022,GEMN-0225_LH212HT_0003/LH244,10.769972
WIH2_2022,GEMN-0225_LH212HT_0005/LH244,10.779395
WIH2_2022,GEMN-0225_LH212HT_0006/LH244,10.742078
WIH2_2022,GEMN-0225_LH212HT_0008/LH244,10.664548
WIH2_2022,GEMN-0225_LH212HT_0009/LH244,10.733827
WIH2_2022,GEMN-0225_LH212HT_0015/LH244,10.730187
WIH2_2022,GEMN-0225_LH212HT_0017/LH244,10.684148
WIH2_2022,GEMN-0225_LH212HT_0021/LH244,10.721746
WIH2_2022,GEMN-0225_LH212HT_0022/LH244,10.771634
WIH2_2022,GEMN-0225_LH212HT_0023/LH244,10.736899
WIH2_2022,GEMN-0225_LH212HT_0024/LH244,10.542099
WIH2_2022,GEMN-0225_LH212HT_0025/LH244,10.772059
WIH2_2022,GEMN-0225_LH212HT_0028/LH244,10.746858
WIH2_2022,GEMN-0225_LH212HT_0029/LH244,10.740539
WIH2_2022,GEMN-0225_LH212HT_0033/LH244,10.752905
WIH2_2022,GEMN-0225_LH212HT_0036/LH244,10.725851
WIH2_2022,GEMN-0225_LH212HT_0038/LH244,10.68902
WIH2_2022,GEMN-0225_LH212HT_0040/LH244,10.761792
WIH2_2022,GEMN-0225_LH212HT_0043/LH244,10.197706
WIH2_2022,GEMN-0225_PHJ89_0001/LH244,10.588293
WIH2_2022,GEMN-0225_PHJ89_0002/LH244,10.683164
WIH2_2022,GEMN-0225_PHJ89_0003/LH244,10.557284
WIH2_2022,GEMN-0225_PHJ89_0004/LH244,10.588995
WIH2_2022,GEMN-0225_PHJ89_0005/LH244,10.61444
WIH2_2022,GEMN-0225_PHJ89_0006/LH244,10.580243
WIH2_2022,GEMN-0225_PHJ89_0008/LH244,10.561716
WIH2_2022,GEMN-0225_PHJ89_0009/LH244,10.442327
WIH2_2022,GEMN-0225_PHJ89_0013/LH244,10.7049
WIH2_2022,GEMN-0225_PHJ89_0014/LH244,10.659281
WIH2_2022,GEMN-0225_PHJ89_0015/LH244,10.581573
WIH2_2022,GEMN-0225_PHJ89_0016/LH244,10.52483
WIH2_2022,GEMN-0225_PHJ89_0017/LH244,10.347799
WIH2_2022,GEMN-0225_PHJ89_0018/LH244,10.587332
WIH2_2022,GEMN-0225_PHJ89_0019/LH244,10.530279
WIH2_2022,GEMN-0225_PHJ89_0020/LH244,10.712368
WIH2_2022,GEMN-0225_PHJ89_0021/LH244,10.599839
WIH2_2022,GEMN-0225_PHJ89_0022/LH244,10.505358
WIH2_2022,GEMN-0225_PHJ89_0025/LH244,10.567658
WIH2_2022,GEMN-0225_PHJ89_0026/LH244,10.260815
WIH2_2022,GEMN-0225_PHJ89_0027/LH244,10.651886
WIH2_2022,GEMN-0225_PHJ89_0032/LH244,10.661912
WIH2_2022,GEMN-0225_PHK76_0001/LH244,10.6500635
WIH2_2022,GEMN-0225_PHK76_0002/LH244,10.69725
WIH2_2022,GEMN-0225_PHK76_0003/LH244,10.746394
WIH2_2022,GEMN-0225_PHK76_0004/LH244,10.792314
WIH2_2022,GEMN-0225_PHK76_0005/LH244,10.602479
WIH2_2022,GEMN-0225_PHK76_0007/LH244,10.766731
WIH2_2022,GEMN-0225_PHK76_0008/LH244,10.775359
WIH2_2022,GEMN-0225_PHK76_0010/LH244,10.745721
WIH2_2022,GEMN-0225_PHK76_0012/LH244,10.707262
WIH2_2022,GEMN-0225_PHK76_0013/LH244,10.72016
WIH2_2022,GEMN-0225_PHK76_0014/LH244,10.71963
WIH2_2022,GEMN-0225_PHK76_0018/LH244,10.773248
WIH2_2022,GEMN-0225_PHK76_0019/LH244,10.6497135
WIH2_2022,GEMN-0225_PHK76_0021/LH244,10.678333
WIH2_2022,GEMN-0225_PHK76_0022/LH244,10.581553
WIH2_2022,GEMN-0225_PHK76_0027/LH244,10.692742
WIH2_2022,GEMN-0225_PHK76_0028/LH244,10.711545
WIH2_2022,GEMN-0225_PHK76_0031/LH244,10.4188175
WIH2_2022,GEMN-0225_PHK76_0032/LH244,10.710422
WIH2_2022,GEMN-0225_PHK76_0039/LH244,10.661794
WIH2_2022,GEMN-0225_PHN46_0001/LH244,10.704037
WIH2_2022,GEMN-0225_PHN46_0002/LH244,10.627848
WIH2_2022,GEMN-0225_PHN46_0003/LH244,10.6438055
WIH2_2022,GEMN-0225_PHN46_0004/LH244,10.509904
WIH2_2022,GEMN-0225_PHN46_0005/LH244,10.173709
WIH2_2022,GEMN-0225_PHN46_0006/LH244,10.576773
WIH2_2022,GEMN-0225_PHN46_0008/LH244,10.630526
WIH2_2022,GEMN-0225_PHN46_0009/LH244,10.639896
WIH2_2022,GEMN-0225_PHN46_0014/LH244,10.681223
WIH2_2022,GEMN-0225_PHN46_0021/LH244,10.605924
WIH2_2022,GEMN-0225_PHP02_0001/LH244,10.6023855
WIH2_2022,GEMN-0225_PHP02_0002/LH244,10.610932
WIH2_2022,GEMN-0225_PHP02_0003/LH244,10.55547
WIH2_2022,GEMN-0225_PHP02_0005/LH244,10.331031
WIH2_2022,GEMN-0225_PHP02_0006/LH244,10.609883
WIH2_2022,GEMN-0225_PHP02_0007/LH244,10.607776
WIH2_2022,GEMN-0225_PHP02_0008/LH244,10.397784
WIH2_2022,GEMN-0225_PHP02_0009/LH244,10.662243
WIH2_2022,GEMN-0225_PHP02_0010/LH244,10.463082
WIH2_2022,GEMN-0225_PHP02_0012/LH244,10.454145
WIH2_2022,GEMN-0225_PHP02_0013/LH244,10.613617
WIH2_2022,GEMN-0225_PHP02_0014/LH244,10.547382
WIH2_2022,GEMN-0225_PHP02_0015/LH244,10.557135
WIH2_2022,GEMN-0225_PHP02_0017/LH244,10.4016695
WIH2_2022,GEMN-0232/LH244,10.661645
WIH2_2022,GEMN-0238/LH244,10.729459
WIH2_2022,GEMN-0257/LH244,10.583714
WIH2_2022,GEMN-0270/LH244,9.911716
WIH2_2022,GEMN-0271/LH244,9.852389
WIH2_2022,GEMN-0287/LH244,10.691071
WIH2_2022,LH145/LH82,7.979826
WIH2_2022,LH185/LH244,10.676663
WIH2_2022,LH195/MO17,10.640103
WIH2_2022,LH195/PHK76,10.5071
WIH2_2022,LH195/PHN82,10.679722
WIH2_2022,LH195/PHZ51,9.183623
WIH2_2022,LH212HT/LH244,10.7047205
WIH2_2022,LH213/LH244,10.639605
WIH2_2022,LH216/LH244,10.604911
WIH2_2022,LH244/MO17,10.721767
WIH2_2022,LH244/PHK76,10.6893215
WIH2_2022,LH244/PHN82,10.758855
WIH2_2022,LH244/PHZ51,10.009919
WIH2_2022,LH283/LH244,9.566885
WIH2_2022,LH287/LH244,10.704557
WIH2_2022,LH74/PHN82,10.494391
WIH2_2022,LH82/LH244,9.46786
WIH2_2022,M162W/LH244,9.26225
WIH2_2022,M37W/LH244,9.622599
WIH2_2022,MBUB/LH244,10.353455
WIH2_2022,MM501D/LH244,10.689152
WIH2_2022,MO17_PHW30-008-(2N)-01/LH244,10.716266
WIH2_2022,MO17_PHW30-200-(2N)-02/LH244,10.78897
WIH2_2022,MO17_PHW30-309-(2N)-01/LH244,10.746843
WIH2_2022,MO44/LH244,10.619748
WIH2_2022,MO44_LH145_0127/LH244,10.372228
WIH2_2022,MO44_LH145_0138/LH244,9.975998
WIH2_2022,MO44_PHG47_0072/LH244,9.690052
WIH2_2022,MO44_PHG47_0125/LH244,10.666492
WIH2_2022,MO44_PHW65_0025/LH244,10.702854
WIH2_2022,MO44_PHW65_0035/LH244,10.7066965
WIH2_2022,MOG/LH244,10.354471
WIH2_2022,MS71/LH244,10.027597
WIH2_2022,NC350/LH244,10.002904
WIH2_2022,NC358/LH244,10.242962
WIH2_2022,NC366/LH244,9.840182
WIH2_2022,NC374/LH244,9.784073
WIH2_2022,NC378/LH244,10.101462
WIH2_2022,NC388/LH244,10.433003
WIH2_2022,NC398/LH244,9.840556
WIH2_2022,NC426/LH244,10.327348
WIH2_2022,NC428/LH244,10.48744
WIH2_2022,NC438/LH244,10.014333
WIH2_2022,NC454/LH244,10.144524
WIH2_2022,NC456/LH244,9.948938
WIH2_2022,NC458/LH244,9.757739
WIH2_2022,NC512/LH244,10.099861
WIH2_2022,NC524/LH244,9.63551
WIH2_2022,NC528/LH244,10.063006
WIH2_2022,NC540/LH244,10.279681
WIH2_2022,NC542/LH244,9.76366
WIH2_2022,NC546/LH244,10.360959
WIH2_2022,NC548/LH244,9.760121
WIH2_2022,NKH8431/LH244,10.274313
WIH2_2022,OH43/LH244,10.27284
WIH2_2022,PH207/LH244,10.492638
WIH2_2022,PH24E/LH244,10.771849
WIH2_2022,PHAP9/LH244,10.728509
WIH2_2022,PHB47/LH244,8.909656
WIH2_2022,PHB47/MO17,9.604849
WIH2_2022,PHB47/PHK76,9.633473
WIH2_2022,PHB47/PHN82,10.600397
WIH2_2022,PHB47/PHZ51,9.094826
WIH2_2022,PHG29/PHG47,9.129037
WIH2_2022,PHG35/LH244,10.722675
WIH2_2022,PHG47/LH244,10.372814
WIH2_2022,PHJ40/PHAJ0,8.180639
WIH2_2022,PHJ89/LH244,10.44956
WIH2_2022,PHJ89/PH207,9.226341
WIH2_2022,PHJ90/LH244,10.702401
WIH2_2022,PHK56/LH244,10.728948
WIH2_2022,PHKE6/LH244,10.499803
WIH2_2022,PHN11/LH244,10.777593
WIH2_2022,PHN11_LH145_0005/LH244,9.138295
WIH2_2022,PHN11_LH145_0028/LH244,9.49781
WIH2_2022,PHN11_LH145_0085/LH244,9.289993
WIH2_2022,PHN11_OH43_0001/LH244,10.261949
WIH2_2022,PHN11_OH43_0075/LH244,10.014725
WIH2_2022,PHN11_OH43_0088/LH244,10.559664
WIH2_2022,PHN11_PHG47_0251/LH244,10.463864
WIH2_2022,PHN11_PHG47_0287/LH244,9.986322
WIH2_2022,PHN11_PHW65_0312/LH244,10.74488
WIH2_2022,PHN11_PHW65_0323/LH244,10.71957
WIH2_2022,PHN11_PHW65_0359/LH244,10.707312
WIH2_2022,PHP02/LH244,10.776409
WIH2_2022,PHP55/LH244,10.623614
WIH2_2022,PHR03/LH244,10.716379
WIH2_2022,PHRE1/PHTD5,8.915369
WIH2_2022,PHW30/LH244,10.624421
WIH2_2022,PHW30_MO17-010-(2N)-01/LH244,10.484791
WIH2_2022,PHW30_MO17-032-(2N)-01/LH244,9.9649935
WIH2_2022,PHW30_MO17-095-(2N)-01/LH244,10.680968
WIH2_2022,PHW30_MO17-129-(2N)-01/LH244,10.550464
WIH2_2022,PHW30_MO17-178-(2N)-01/LH244,10.756455
WIH2_2022,PHW30_MO17-234-(2N)-02/LH244,10.7569275
WIH2_2022,PHW30_MO17-299-(2N)-01/LH244,10.687991
WIH2_2022,PHW52/PHM49,10.578887
WIH2_2022,PHW52/PHN82,10.709822
WIH2_2022,PHW65/LH244,10.66394
WIH2_2022,PHW65_MOG_0137/LH244,10.626749
WIH2_2022,PHW65_MOG_0176/LH244,10.610312
WIH2_2022,PHW65_MOG_0271/LH244,10.682181
WIH2_2022,TX714/PHZ51,9.655793
WIH2_2022,TX714/TX779,9.447588
WIH2_2022,TX777/LH195,9.529714
WIH2_2022,TX779/LH195,10.092024
WIH2_2022,TX951/LH195,9.403248
WIH2_2022,W10001_0003/LH244,9.35091
WIH2_2022,W10001_0007/LH244,9.71943
WIH2_2022,W10001_0008/LH244,9.385695
WIH2_2022,W10001_0009/LH244,9.119935
WIH2_2022,W10001_0010/LH244,10.202241
WIH2_2022,W10001_0011/LH244,8.794864
WIH2_2022,W10001_0012/LH244,9.1571
WIH2_2022,W10001_0013/LH244,9.944973
WIH2_2022,W10001_0014/LH244,9.283955
WIH2_2022,W10001_0016/LH244,9.663882
WIH2_2022,W10001_0017/LH244,9.822499
WIH2_2022,W10001_0018/LH244,9.300903
WIH2_2022,W10001_0019/LH244,9.261605
WIH2_2022,W10001_0021/LH244,8.923892
WIH2_2022,W10001_0022/LH244,9.911174
WIH2_2022,W10001_0023/LH244,10.14699
WIH2_2022,W10001_0029/LH244,9.999703
WIH2_2022,W10001_0030/LH244,10.33435
WIH2_2022,W10001_0031/LH244,9.77995
WIH2_2022,W10001_0033/LH244,10.716379
WIH2_2022,W10001_0036/LH244,9.936016
WIH2_2022,W10001_0040/LH244,9.3084135
WIH2_2022,W10001_0042/LH244,10.121834
WIH2_2022,W10001_0047/LH244,9.669423
WIH2_2022,W10002_0002/LH244,9.87111
WIH2_2022,W10002_0004/LH244,10.207235
WIH2_2022,W10005_0029/LH244,10.699439
WIH2_2022,W10005_0107/LH244,10.419648
WIH2_2022,W10005_0111/LH244,9.567907
WIH2_2022,W10005_0147/LH244,10.6110115
WIH2_2022,W10005_0220/LH244,10.758717
WIH2_2022,W10010_0018/LH244,10.606613
WIH2_2022,W10010_0032/LH244,10.505237
WIH2_2022,W10010_0084/LH244,10.314124
WIH2_2022,W10010_0093/LH244,10.42839
WIH2_2022,W10010_0101/LH244,10.77622
WIH2_2022,W10010_0118/LH244,10.623832
WIH2_2022,W10010_0124/LH244,10.524683
WIH2_2022,W10010_0148/LH244,10.574447
WIH2_2022,W10010_0170/LH244,10.376991
WIH2_2022,W10010_0188/LH244,10.547598
WIH2_2022,W10010_0189/LH244,10.689494
WIH2_2022,W10010_0215/LH244,10.332771
WIH2_2022,W10010_0239/LH244,10.595771
WIH2_2022,W10010_0279/LH244,10.699006
WIH2_2022,W10010_0294/LH244,10.692714
WIH2_2022,W10010_0310/LH244,10.686155
WIH2_2022,W10010_0311/LH244,10.687476
WIH2_2022,W10010_0337/LH244,10.71137
WIH2_2022,W10010_0346/LH244,10.71129
WIH2_2022,W10010_0358/LH244,10.569182
WIH2_2022,W10010_0366/LH244,10.492232
WIH2_2022,W10010_0381/LH244,10.707618
WIH2_2022,W10010_0452/LH244,10.572896
WIH2_2022,W10010_0464/LH244,10.452916
WIH2_2022,W22/LH244,10.043163
WIH3_2022,B14A/H95,9.980625
WIH3_2022,B14A/OH43,9.999267
WIH3_2022,B37/H95,9.820681
WIH3_2022,B37/MO17,10.268215
WIH3_2022,B37/OH43,10.02721
WIH3_2022,B73/MO17,10.721363
WIH3_2022,B73/PHK76,10.566465
WIH3_2022,B73/PHM49,10.726212
WIH3_2022,B73/PHN82,10.804946
WIH3_2022,B73/PHZ51,9.91716
WIH3_2022,B73/TX779,9.760455
WIH3_2022,B97/LH244,10.511341
WIH3_2022,BGEM-0039-N/LH244,9.966302
WIH3_2022,BGEM-0063-N/LH244,9.820847
WIH3_2022,BGEM-0089-N/LH244,10.264531
WIH3_2022,BGEM-0124-N/LH244,9.705619
WIH3_2022,BGEM-0129-N/LH244,10.002082
WIH3_2022,CG119/CG108,8.372046
WIH3_2022,CG44/CGR01,9.172385
WIH3_2022,DK3IIH6/LH244,10.408535
WIH3_2022,DK78010/LH244,9.938837
WIH3_2022,F42/H95,10.395922
WIH3_2022,F42/OH43,10.370233
WIH3_2022,GEMN-0096/LH244,10.567505
WIH3_2022,GEMN-0096_LH212HT_0001/LH244,10.681601
WIH3_2022,GEMN-0096_LH212HT_0002/LH244,10.886427
WIH3_2022,GEMN-0096_LH212HT_0004/LH244,10.893864
WIH3_2022,GEMN-0096_LH212HT_0005/LH244,10.86588
WIH3_2022,GEMN-0096_LH212HT_0006/LH244,10.895497
WIH3_2022,GEMN-0096_LH212HT_0009/LH244,10.872532
WIH3_2022,GEMN-0096_LH212HT_0010/LH244,10.79832
WIH3_2022,GEMN-0096_LH212HT_0012/LH244,10.733373
WIH3_2022,GEMN-0096_LH212HT_0013/LH244,10.803954
WIH3_2022,GEMN-0096_LH212HT_0017/LH244,10.848163
WIH3_2022,GEMN-0096_LH212HT_0021/LH244,10.821501
WIH3_2022,GEMN-0096_PHJ89_0001/LH244,10.741012
WIH3_2022,GEMN-0096_PHJ89_0002/LH244,10.519683
WIH3_2022,GEMN-0096_PHJ89_0006/LH244,10.6622305
WIH3_2022,GEMN-0096_PHJ89_0007/LH244,10.596706
WIH3_2022,GEMN-0096_PHJ89_0009/LH244,10.524852
WIH3_2022,GEMN-0096_PHJ89_0010/LH244,10.632712
WIH3_2022,GEMN-0096_PHJ89_0011/LH244,10.639517
WIH3_2022,GEMN-0096_PHJ89_0012/LH244,10.497276
WIH3_2022,GEMN-0096_PHJ89_0013/LH244,10.608751
WIH3_2022,GEMN-0096_PHJ89_0014/LH244,10.698239
WIH3_2022,GEMN-0096_PHJ89_0016/LH244,10.537581
WIH3_2022,GEMN-0096_PHJ89_0017/LH244,10.646537
WIH3_2022,GEMN-0096_PHK76_0001/LH244,10.825987
WIH3_2022,GEMN-0096_PHK76_0002/LH244,10.8581085
WIH3_2022,GEMN-0096_PHK76_0003/LH244,10.847351
WIH3_2022,GEMN-0096_PHK76_0004/LH244,10.777163
WIH3_2022,GEMN-0096_PHK76_0006/LH244,10.863756
WIH3_2022,GEMN-0096_PHK76_0007/LH244,10.811946
WIH3_2022,GEMN-0096_PHK76_0008/LH244,10.88156
WIH3_2022,GEMN-0096_PHK76_0009/LH244,10.83439
WIH3_2022,GEMN-0096_PHK76_0010/LH244,10.823353
WIH3_2022,GEMN-0096_PHK76_0013/LH244,10.78754
WIH3_2022,GEMN-0096_PHK76_0015/LH244,10.833308
WIH3_2022,GEMN-0096_PHK76_0016/LH244,10.748626
WIH3_2022,GEMN-0096_PHN46_0001/LH244,10.48656
WIH3_2022,GEMN-0096_PHN46_0002/LH244,10.358024
WIH3_2022,GEMN-0096_PHN46_0003/LH244,10.55101
WIH3_2022,GEMN-0096_PHN46_0004/LH244,10.473193
WIH3_2022,GEMN-0096_PHN46_0005/LH244,10.760893
WIH3_2022,GEMN-0096_PHN46_0007/LH244,10.607952
WIH3_2022,GEMN-0096_PHN46_0009/LH244,10.729324
WIH3_2022,GEMN-0096_PHN46_0010/LH244,10.795025
WIH3_2022,GEMN-0096_PHN46_0011/LH244,10.493274
WIH3_2022,GEMN-0096_PHN46_0012/LH244,10.588695
WIH3_2022,GEMN-0096_PHN46_0013/LH244,10.504001
WIH3_2022,GEMN-0096_PHN46_0014/LH244,10.341047
WIH3_2022,GEMN-0096_PHN46_0018/LH244,10.709653
WIH3_2022,GEMN-0096_PHN46_0020/LH244,10.703344
WIH3_2022,GEMN-0096_PHN46_0023/LH244,10.287178
WIH3_2022,GEMN-0096_PHP02_0001/LH244,10.656634
WIH3_2022,GEMN-0096_PHP02_0003/LH244,10.399611
WIH3_2022,GEMN-0096_PHP02_0004/LH244,10.617155
WIH3_2022,GEMN-0096_PHP02_0005/LH244,10.815389
WIH3_2022,GEMN-0096_PHP02_0006/LH244,10.754854
WIH3_2022,GEMN-0096_PHP02_0007/LH244,10.563568
WIH3_2022,GEMN-0096_PHP02_0009/LH244,10.618297
WIH3_2022,GEMN-0096_PHP02_0011/LH244,10.754161
WIH3_2022,GEMN-0096_PHP02_0012/LH244,10.677623
WIH3_2022,GEMN-0096_PHP02_0016/LH244,10.661515
WIH3_2022,GEMN-0096_PHP02_0017/LH244,10.495623
WIH3_2022,GEMN-0096_PHP02_0025/LH244,10.633106
WIH3_2022,GEMN-0096_PHP02_0030/LH244,10.658372
WIH3_2022,GEMN-0097/LH244,10.789283
WIH3_2022,GEMN-0097_LH212HT_0002/LH244,10.8439455
WIH3_2022,GEMN-0097_LH212HT_0004/LH244,10.848918
WIH3_2022,GEMN-0097_LH212HT_0019/LH244,10.9017
WIH3_2022,GEMN-0097_LH212HT_0020/LH244,10.893126
WIH3_2022,GEMN-0097_LH212HT_0026/LH244,10.795566
WIH3_2022,GEMN-0097_LH212HT_0032/LH244,10.869975
WIH3_2022,GEMN-0097_LH212HT_0039/LH244,10.85534
WIH3_2022,GEMN-0097_LH212HT_0047/LH244,10.877874
WIH3_2022,GEMN-0097_LH212HT_0051/LH244,10.889419
WIH3_2022,GEMN-0097_LH212HT_0054/LH244,10.809012
WIH3_2022,GEMN-0097_LH212HT_0058/LH244,10.782462
WIH3_2022,GEMN-0097_LH212HT_0061/LH244,10.875213
WIH3_2022,GEMN-0097_LH212HT_0062/LH244,10.833038
WIH3_2022,GEMN-0097_LH212HT_0069/LH244,10.847218
WIH3_2022,GEMN-0097_LH212HT_0074/LH244,10.831393
WIH3_2022,GEMN-0097_LH212HT_0085/LH244,10.860277
WIH3_2022,GEMN-0097_PHJ89_0001/LH244,10.517677
WIH3_2022,GEMN-0097_PHJ89_0002/LH244,10.799664
WIH3_2022,GEMN-0097_PHJ89_0003/LH244,10.539239
WIH3_2022,GEMN-0097_PHJ89_0005/LH244,10.596431
WIH3_2022,GEMN-0097_PHJ89_0006/LH244,10.718347
WIH3_2022,GEMN-0097_PHJ89_0007/LH244,10.632691
WIH3_2022,GEMN-0097_PHJ89_0008/LH244,10.536454
WIH3_2022,GEMN-0097_PHJ89_0010/LH244,10.728097
WIH3_2022,GEMN-0097_PHJ89_0011/LH244,10.547857
WIH3_2022,GEMN-0097_PHJ89_0012/LH244,10.6485615
WIH3_2022,GEMN-0097_PHJ89_0013/LH244,10.812198
WIH3_2022,GEMN-0097_PHJ89_0016/LH244,10.630179
WIH3_2022,GEMN-0097_PHJ89_0020/LH244,10.798196
WIH3_2022,GEMN-0097_PHJ89_0023/LH244,10.606781
WIH3_2022,GEMN-0097_PHJ89_0025/LH244,10.845
WIH3_2022,GEMN-0097_PHJ89_0026/LH244,10.72342
WIH3_2022,GEMN-0097_PHJ89_0027/LH244,10.724511
WIH3_2022,GEMN-0097_PHJ89_0028/LH244,10.668697
WIH3_2022,GEMN-0097_PHJ89_0029/LH244,10.652574
WIH3_2022,GEMN-0097_PHJ89_0036/LH244,10.729651
WIH3_2022,GEMN-0097_PHJ89_0039/LH244,10.649606
WIH3_2022,GEMN-0097_PHK76_0003/LH244,10.53248
WIH3_2022,GEMN-0097_PHK76_0007/LH244,10.7055855
WIH3_2022,GEMN-0097_PHK76_0009/LH244,10.678398
WIH3_2022,GEMN-0097_PHK76_0011/LH244,10.871301
WIH3_2022,GEMN-0097_PHK76_0014/LH244,10.726895
WIH3_2022,GEMN-0097_PHK76_0015/LH244,10.792943
WIH3_2022,GEMN-0097_PHK76_0018/LH244,10.752643
WIH3_2022,GEMN-0097_PHK76_0021/LH244,10.542899
WIH3_2022,GEMN-0097_PHK76_0036/LH244,10.674211
WIH3_2022,GEMN-0097_PHK76_0037/LH244,10.898907
WIH3_2022,GEMN-0097_PHK76_0038/LH244,10.822966
WIH3_2022,GEMN-0097_PHK76_0039/LH244,10.357952
WIH3_2022,GEMN-0097_PHK76_0041/LH244,10.834704
WIH3_2022,GEMN-0097_PHK76_0048/LH244,10.853482
WIH3_2022,GEMN-0097_PHK76_0053/LH244,10.56703
WIH3_2022,GEMN-0097_PHK76_0055/LH244,10.823926
WIH3_2022,GEMN-0097_PHK76_0060/LH244,10.837694
WIH3_2022,GEMN-0097_PHN46_0001/LH244,10.735412
WIH3_2022,GEMN-0097_PHN46_0003/LH244,10.619265
WIH3_2022,GEMN-0097_PHN46_0004/LH244,10.640709
WIH3_2022,GEMN-0097_PHN46_0005/LH244,10.523003
WIH3_2022,GEMN-0097_PHN46_0007/LH244,10.633903
WIH3_2022,GEMN-0097_PHN46_0008/LH244,10.572566
WIH3_2022,GEMN-0097_PHN46_0011/LH244,10.673819
WIH3_2022,GEMN-0097_PHN46_0013/LH244,10.790338
WIH3_2022,GEMN-0097_PHN46_0014/LH244,10.565038
WIH3_2022,GEMN-0097_PHN46_0016/LH244,10.609569
WIH3_2022,GEMN-0097_PHN46_0018/LH244,10.549068
WIH3_2022,GEMN-0097_PHP02_0001/LH244,10.663985
WIH3_2022,GEMN-0097_PHP02_0002/LH244,10.35464
WIH3_2022,GEMN-0097_PHP02_0003/LH244,10.609296
WIH3_2022,GEMN-0097_PHP02_0005/LH244,10.760014
WIH3_2022,GEMN-0097_PHP02_0006/LH244,10.692149
WIH3_2022,GEMN-0097_PHP02_0007/LH244,10.35895
WIH3_2022,GEMN-0098/LH244,10.80347
WIH3_2022,GEMN-0104/LH244,10.844661
WIH3_2022,GEMN-0124/LH244,10.730719
WIH3_2022,GEMN-0144/LH244,10.511745
WIH3_2022,GEMN-0157/LH244,10.631575
WIH3_2022,GEMN-0177/LH244,10.820912
WIH3_2022,GEMN-0178/LH244,10.83709
WIH3_2022,GEMN-0187/LH244,10.73157
WIH3_2022,GEMN-0192/LH244,10.584994
WIH3_2022,GEMN-0192_LH212HT_0001/LH244,10.844102
WIH3_2022,GEMN-0192_LH212HT_0006/LH244,10.639872
WIH3_2022,GEMN-0192_LH212HT_0008/LH244,10.767689
WIH3_2022,GEMN-0192_LH212HT_0009/LH244,10.870183
WIH3_2022,GEMN-0192_LH212HT_0010/LH244,10.594244
WIH3_2022,GEMN-0192_LH212HT_0011/LH244,10.514339
WIH3_2022,GEMN-0192_LH212HT_0012/LH244,10.570355
WIH3_2022,GEMN-0192_LH212HT_0013/LH244,10.677614
WIH3_2022,GEMN-0192_LH212HT_0014/LH244,10.775061
WIH3_2022,GEMN-0192_LH212HT_0015/LH244,10.653738
WIH3_2022,GEMN-0192_LH212HT_0016/LH244,10.567656
WIH3_2022,GEMN-0192_LH212HT_0018/LH244,10.902334
WIH3_2022,GEMN-0192_LH212HT_0021/LH244,10.878446
WIH3_2022,GEMN-0192_LH212HT_0023/LH244,10.855474
WIH3_2022,GEMN-0192_PHJ89_0001/LH244,10.706411
WIH3_2022,GEMN-0192_PHJ89_0002/LH244,10.6434965
WIH3_2022,GEMN-0192_PHK76_0002/LH244,10.856991
WIH3_2022,GEMN-0192_PHK76_0004/LH244,10.784062
WIH3_2022,GEMN-0192_PHK76_0005/LH244,10.66355
WIH3_2022,GEMN-0192_PHK76_0006/LH244,10.758492
WIH3_2022,GEMN-0192_PHK76_0007/LH244,10.60701
WIH3_2022,GEMN-0192_PHK76_0008/LH244,10.67853
WIH3_2022,GEMN-0192_PHK76_0009/LH244,10.717755
WIH3_2022,GEMN-0192_PHK76_0010/LH244,10.746904
WIH3_2022,GEMN-0192_PHK76_0011/LH244,10.735976
WIH3_2022,GEMN-0192_PHK76_0012/LH244,10.689565
WIH3_2022,GEMN-0192_PHK76_0013/LH244,10.738621
WIH3_2022,GEMN-0192_PHK76_0014/LH244,10.779894
WIH3_2022,GEMN-0192_PHK76_0015/LH244,10.872087
WIH3_2022,GEMN-0192_PHK76_0016/LH244,10.688411
WIH3_2022,GEMN-0192_PHK76_0017/LH244,10.542666
WIH3_2022,GEMN-0192_PHK76_0019/LH244,10.753921
WIH3_2022,GEMN-0192_PHK76_0021/LH244,10.550112
WIH3_2022,GEMN-0192_PHK76_0025/LH244,10.575224
WIH3_2022,GEMN-0192_PHK76_0027/LH244,10.749667
WIH3_2022,GEMN-0192_PHK76_0028/LH244,10.769773
WIH3_2022,GEMN-0192_PHK76_0030/LH244,10.810767
WIH3_2022,GEMN-0192_PHK76_0032/LH244,10.686784
WIH3_2022,GEMN-0192_PHK76_0033/LH244,10.816666
WIH3_2022,GEMN-0192_PHK76_0035/LH244,10.522957
WIH3_2022,GEMN-0192_PHK76_0036/LH244,10.625348
WIH3_2022,GEMN-0192_PHK76_0041/LH244,10.841269
WIH3_2022,GEMN-0192_PHK76_0044/LH244,10.702017
WIH3_2022,GEMN-0192_PHK76_0045/LH244,10.587607
WIH3_2022,GEMN-0192_PHN46_0001/LH244,10.473129
WIH3_2022,GEMN-0192_PHN46_0002/LH244,10.593163
WIH3_2022,GEMN-0192_PHN46_0003/LH244,10.557926
WIH3_2022,GEMN-0192_PHN46_0004/LH244,10.539292
WIH3_2022,GEMN-0192_PHN46_0005/LH244,10.244731
WIH3_2022,GEMN-0192_PHN46_0006/LH244,10.753878
WIH3_2022,GEMN-0192_PHN46_0008/LH244,10.6578245
WIH3_2022,GEMN-0192_PHN46_0009/LH244,10.688786
WIH3_2022,GEMN-0192_PHN46_0010/LH244,10.545902
WIH3_2022,GEMN-0192_PHN46_0011/LH244,10.640584
WIH3_2022,GEMN-0192_PHN46_0012/LH244,10.4175005
WIH3_2022,GEMN-0192_PHN46_0014/LH244,10.291079
WIH3_2022,GEMN-0192_PHN46_0015/LH244,10.726683
WIH3_2022,GEMN-0192_PHN46_0017/LH244,10.495335
WIH3_2022,GEMN-0192_PHN46_0018/LH244,10.591147
WIH3_2022,GEMN-0192_PHN46_0020/LH244,10.58966
WIH3_2022,GEMN-0192_PHN46_0025/LH244,10.285056
WIH3_2022,GEMN-0192_PHP02_0001/LH244,10.663679
WIH3_2022,GEMN-0192_PHP02_0003/LH244,10.671916
WIH3_2022,GEMN-0225/LH244,10.849289
WIH3_2022,GEMN-0225_LH212HT_0002/LH244,10.858796
WIH3_2022,GEMN-0225_LH212HT_0005/LH244,10.90549
WIH3_2022,GEMN-0225_LH212HT_0006/LH244,10.893702
WIH3_2022,GEMN-0225_LH212HT_0008/LH244,10.820939
WIH3_2022,GEMN-0225_LH212HT_0009/LH244,10.881985
WIH3_2022,GEMN-0225_LH212HT_0015/LH244,10.887933
WIH3_2022,GEMN-0225_LH212HT_0017/LH244,10.838885
WIH3_2022,GEMN-0225_LH212HT_0023/LH244,10.888688
WIH3_2022,GEMN-0225_LH212HT_0024/LH244,10.70138
WIH3_2022,GEMN-0225_LH212HT_0025/LH244,10.902892
WIH3_2022,GEMN-0225_LH212HT_0029/LH244,10.891384
WIH3_2022,GEMN-0225_LH212HT_0033/LH244,10.898797
WIH3_2022,GEMN-0225_LH212HT_0036/LH244,10.882044
WIH3_2022,GEMN-0225_LH212HT_0040/LH244,10.902065
WIH3_2022,GEMN-0225_LH212HT_0043/LH244,10.47
WIH3_2022,GEMN-0225_PHJ89_0001/LH244,10.749478
WIH3_2022,GEMN-0225_PHJ89_0002/LH244,10.840008
WIH3_2022,GEMN-0225_PHJ89_0003/LH244,10.715497
WIH3_2022,GEMN-0225_PHJ89_0004/LH244,10.744329
WIH3_2022,GEMN-0225_PHJ89_0005/LH244,10.775502
WIH3_2022,GEMN-0225_PHJ89_0006/LH244,10.734433
WIH3_2022,GEMN-0225_PHJ89_0008/LH244,10.716557
WIH3_2022,GEMN-0225_PHJ89_0009/LH244,10.614749
WIH3_2022,GEMN-0225_PHJ89_0013/LH244,10.869178
WIH3_2022,GEMN-0225_PHJ89_0015/LH244,10.741538
WIH3_2022,GEMN-0225_PHJ89_0016/LH244,10.689142
WIH3_2022,GEMN-0225_PHJ89_0017/LH244,10.570457
WIH3_2022,GEMN-0225_PHJ89_0018/LH244,10.741719
WIH3_2022,GEMN-0225_PHJ89_0019/LH244,10.692673
WIH3_2022,GEMN-0225_PHJ89_0020/LH244,10.873521
WIH3_2022,GEMN-0225_PHJ89_0021/LH244,10.747697
WIH3_2022,GEMN-0225_PHJ89_0022/LH244,10.67284
WIH3_2022,GEMN-0225_PHJ89_0026/LH244,10.534929
WIH3_2022,GEMN-0225_PHJ89_0027/LH244,10.800816
WIH3_2022,GEMN-0225_PHJ89_0032/LH244,10.812639
WIH3_2022,GEMN-0225_PHK76_0002/LH244,10.849571
WIH3_2022,GEMN-0225_PHK76_0003/LH244,10.899852
WIH3_2022,GEMN-0225_PHK76_0004/LH244,10.914582
WIH3_2022,GEMN-0225_PHK76_0005/LH244,10.759882
WIH3_2022,GEMN-0225_PHK76_0007/LH244,10.906712
WIH3_2022,GEMN-0225_PHK76_0008/LH244,10.909718
WIH3_2022,GEMN-0225_PHK76_0010/LH244,10.899006
WIH3_2022,GEMN-0225_PHK76_0012/LH244,10.861407
WIH3_2022,GEMN-0225_PHK76_0013/LH244,10.868412
WIH3_2022,GEMN-0225_PHK76_0014/LH244,10.873408
WIH3_2022,GEMN-0225_PHK76_0018/LH244,10.906569
WIH3_2022,GEMN-0225_PHK76_0019/LH244,10.805999
WIH3_2022,GEMN-0225_PHK76_0021/LH244,10.834663
WIH3_2022,GEMN-0225_PHK76_0022/LH244,10.744142
WIH3_2022,GEMN-0225_PHK76_0027/LH244,10.847092
WIH3_2022,GEMN-0225_PHK76_0028/LH244,10.869964
WIH3_2022,GEMN-0225_PHK76_0031/LH244,10.638138
WIH3_2022,GEMN-0225_PHK76_0032/LH244,10.870745
WIH3_2022,GEMN-0225_PHN46_0001/LH244,10.85853
WIH3_2022,GEMN-0225_PHN46_0003/LH244,10.800061
WIH3_2022,GEMN-0225_PHN46_0004/LH244,10.671589
WIH3_2022,GEMN-0225_PHN46_0005/LH244,10.45976
WIH3_2022,GEMN-0225_PHN46_0006/LH244,10.726647
WIH3_2022,GEMN-0225_PHN46_0008/LH244,10.778913
WIH3_2022,GEMN-0225_PHN46_0014/LH244,10.833607
WIH3_2022,GEMN-0225_PHN46_0021/LH244,10.766729
WIH3_2022,GEMN-0225_PHP02_0001/LH244,10.749706
WIH3_2022,GEMN-0225_PHP02_0002/LH244,10.767729
WIH3_2022,GEMN-0225_PHP02_0003/LH244,10.71808
WIH3_2022,GEMN-0225_PHP02_0005/LH244,10.537414
WIH3_2022,GEMN-0225_PHP02_0006/LH244,10.762463
WIH3_2022,GEMN-0225_PHP02_0008/LH244,10.616117
WIH3_2022,GEMN-0225_PHP02_0009/LH244,10.812126
WIH3_2022,GEMN-0225_PHP02_0010/LH244,10.649132
WIH3_2022,GEMN-0225_PHP02_0012/LH244,10.635535
WIH3_2022,GEMN-0225_PHP02_0013/LH244,10.773407
WIH3_2022,GEMN-0225_PHP02_0014/LH244,10.702332
WIH3_2022,GEMN-0225_PHP02_0015/LH244,10.722151
WIH3_2022,GEMN-0225_PHP02_0017/LH244,10.616882
WIH3_2022,GEMN-0232/LH244,10.808093
WIH3_2022,GEMN-0238/LH244,10.895201
WIH3_2022,GEMN-0257/LH244,10.744081
WIH3_2022,GEMN-0271/LH244,10.212364
WIH3_2022,GEMN-0287/LH244,10.853262
WIH3_2022,LH145/LH82,8.347087
WIH3_2022,LH185/LH244,10.827657
WIH3_2022,LH195/MO17,10.788936
WIH3_2022,LH195/PHK76,10.661079
WIH3_2022,LH195/PHN82,10.841577
WIH3_2022,LH195/PHZ51,9.6652975
WIH3_2022,LH213/LH244,10.798353
WIH3_2022,LH216/LH244,10.759437
WIH3_2022,LH244/MO17,10.865761
WIH3_2022,LH244/PHK76,10.846821
WIH3_2022,LH244/PHN82,10.91573
WIH3_2022,LH244/PHZ51,10.313293
WIH3_2022,LH283/LH244,9.97411
WIH3_2022,LH287/LH244,10.864172
WIH3_2022,LH74/PHN82,10.665084
WIH3_2022,LH82/LH244,9.900471
WIH3_2022,M162W/LH244,9.678469
WIH3_2022,MBUB/LH244,10.574445
WIH3_2022,MM501D/LH244,10.84276
WIH3_2022,MO17_PHW30-008-(2N)-01/LH244,10.87138
WIH3_2022,MO17_PHW30-200-(2N)-02/LH244,10.910713
WIH3_2022,MO17_PHW30-309-(2N)-01/LH244,10.90015
WIH3_2022,MO44_LH145_0127/LH244,10.606262
WIH3_2022,MO44_LH145_0138/LH244,10.32045
WIH3_2022,MO44_PHG47_0072/LH244,10.100129
WIH3_2022,MO44_PHG47_0125/LH244,10.827994
WIH3_2022,MO44_PHW65_0025/LH244,10.852549
WIH3_2022,MO44_PHW65_0035/LH244,10.857152
WIH3_2022,MOG/LH244,10.541102
WIH3_2022,MS71/LH244,10.361333
WIH3_2022,NC358/LH244,10.534884
WIH3_2022,NC366/LH244,10.209163
WIH3_2022,NC388/LH244,10.621713
WIH3_2022,NC398/LH244,10.206113
WIH3_2022,NC426/LH244,10.583312
WIH3_2022,NC438/LH244,10.329217
WIH3_2022,NC458/LH244,10.131912
WIH3_2022,NC512/LH244,10.424315
WIH3_2022,NC528/LH244,10.387985
WIH3_2022,NC542/LH244,10.147823
WIH3_2022,NC546/LH244,10.602217
WIH3_2022,NC548/LH244,10.12919
WIH3_2022,NKH8431/LH244,10.464952
WIH3_2022,OH43/LH244,10.5370245
WIH3_2022,PH207/LH244,10.685772
WIH3_2022,PH24E/LH244,10.91603
WIH3_2022,PHAP9/LH244,10.89079
WIH3_2022,PHB47/LH244,9.347091
WIH3_2022,PHB47/MO17,10.000707
WIH3_2022,PHB47/PHK76,10.033948
WIH3_2022,PHB47/PHN82,10.754236
WIH3_2022,PHB47/PHZ51,9.587292
WIH3_2022,PHG29/PHG47,9.500751
WIH3_2022,PHG47/LH244,10.583924
WIH3_2022,PHJ40/PHAJ0,8.5730915
WIH3_2022,PHJ89/LH244,10.615878
WIH3_2022,PHJ89/PH207,9.680087
WIH3_2022,PHJ90/LH244,10.8574705
WIH3_2022,PHK56/LH244,10.876826
WIH3_2022,PHKE6/LH244,10.67756
WIH3_2022,PHN11/LH244,10.906638
WIH3_2022,PHN11_LH145_0005/LH244,9.572768
WIH3_2022,PHN11_LH145_0028/LH244,9.906818
WIH3_2022,PHN11_LH145_0085/LH244,9.71796
WIH3_2022,PHN11_OH43_0001/LH244,10.54607
WIH3_2022,PHN11_OH43_0075/LH244,10.348447
WIH3_2022,PHN11_OH43_0088/LH244,10.735972
WIH3_2022,PHN11_PHG47_0251/LH244,10.658537
WIH3_2022,PHN11_PHG47_0287/LH244,10.319285
WIH3_2022,PHN11_PHW65_0312/LH244,10.894396
WIH3_2022,PHN11_PHW65_0323/LH244,10.868953
WIH3_2022,PHN11_PHW65_0359/LH244,10.856324
WIH3_2022,PHP02/LH244,10.915926
WIH3_2022,PHP55/LH244,10.785866
WIH3_2022,PHR03/LH244,10.882154
WIH3_2022,PHRE1/PHTD5,9.285655
WIH3_2022,PHW30/LH244,10.796037
WIH3_2022,PHW30_MO17-010-(2N)-01/LH244,10.665126
WIH3_2022,PHW30_MO17-032-(2N)-01/LH244,10.29698
WIH3_2022,PHW30_MO17-095-(2N)-01/LH244,10.837164
WIH3_2022,PHW30_MO17-129-(2N)-01/LH244,10.72896
WIH3_2022,PHW30_MO17-178-(2N)-01/LH244,10.898119
WIH3_2022,PHW30_MO17-234-(2N)-02/LH244,10.901739
WIH3_2022,PHW52/PHM49,10.724766
WIH3_2022,PHW52/PHN82,10.872712
WIH3_2022,PHW65_MOG_0137/LH244,10.772648
WIH3_2022,PHW65_MOG_0176/LH244,10.759458
WIH3_2022,PHW65_MOG_0271/LH244,10.838366
WIH3_2022,TX714/PHZ51,10.042441
WIH3_2022,TX714/TX779,9.872789
WIH3_2022,TX777/LH195,9.939261
WIH3_2022,TX779/LH195,10.41261
WIH3_2022,TX951/LH195,9.835926
WIH3_2022,W10001_0003/LH244,9.780129
WIH3_2022,W10001_0007/LH244,10.079259
WIH3_2022,W10001_0009/LH244,9.513184
WIH3_2022,W10001_0012/LH244,9.557708
WIH3_2022,W10001_0013/LH244,10.308213
WIH3_2022,W10001_0014/LH244,9.728114
WIH3_2022,W10001_0016/LH244,10.042893
WIH3_2022,W10001_0017/LH244,10.191247
WIH3_2022,W10001_0019/LH244,9.68302
WIH3_2022,W10001_0021/LH244,9.234457
WIH3_2022,W10001_0022/LH244,10.290281
WIH3_2022,W10001_0023/LH244,10.443592
WIH3_2022,W10001_0030/LH244,10.588885
WIH3_2022,W10001_0031/LH244,10.148537
WIH3_2022,W10001_0033/LH244,10.882154
WIH3_2022,W10001_0036/LH244,10.282985
WIH3_2022,W10001_0040/LH244,9.748111
WIH3_2022,W10001_0047/LH244,10.048741
WIH3_2022,W10002_0002/LH244,10.23202
WIH3_2022,W10005_0029/LH244,10.852554
WIH3_2022,W10005_0107/LH244,10.646722
WIH3_2022,W10005_0111/LH244,9.966638
WIH3_2022,W10005_0147/LH244,10.780634
WIH3_2022,W10005_0220/LH244,10.907386
WIH3_2022,W10010_0018/LH244,10.767907
WIH3_2022,W10010_0032/LH244,10.672172
WIH3_2022,W10010_0084/LH244,10.567205
WIH3_2022,W10010_0093/LH244,10.602586
WIH3_2022,W10010_0118/LH244,10.771206
WIH3_2022,W10010_0124/LH244,10.690402
WIH3_2022,W10010_0148/LH244,10.735359
WIH3_2022,W10010_0170/LH244,10.600223
WIH3_2022,W10010_0188/LH244,10.701746
WIH3_2022,W10010_0189/LH244,10.851094
WIH3_2022,W10010_0279/LH244,10.851166
WIH3_2022,W10010_0294/LH244,10.854619
WIH3_2022,W10010_0310/LH244,10.8378525
WIH3_2022,W10010_0311/LH244,10.835966
WIH3_2022,W10010_0337/LH244,10.863521
WIH3_2022,W10010_0346/LH244,10.866835
WIH3_2022,W10010_0358/LH244,10.720293
WIH3_2022,W10010_0381/LH244,10.8577795
WIH3_2022,W10010_0452/LH244,10.734605
